j,"S_th(0,0)","S_exp(0,0)-M","S_exp(0,0)-SD","S_th(-10,10)","S_exp(-10,10)-M","S_exp(-10,10)-SD","S_th(15,-15)","S_exp(15,-15)-M","S_exp(15,-15)-SD",j_subfigure,"S_subfigure(0,0)","S_subfigure(-10,10)","S_subfigure(15,-15)"
1 ,0.00000 ,0.00000 ,0.00000 ,0.18735 ,0.16214 ,0.00908 ,0.41328 ,0.48571 ,0.01444 ,1,0.00000 ,0.16674 ,0.47846 
10001 ,0.08266 ,0.09114 ,0.01600 ,0.26450 ,0.26327 ,0.00943 ,0.49594 ,0.57441 ,0.01968 ,2,0.00886 ,0.18236 ,0.48121 
20001 ,0.10470 ,0.12050 ,0.01817 ,0.29205 ,0.29123 ,0.00450 ,0.51798 ,0.58335 ,0.02747 ,3,0.01132 ,0.19279 ,0.49096 
30001 ,0.12674 ,0.11032 ,0.00468 ,0.30858 ,0.29310 ,0.01434 ,0.54002 ,0.56411 ,0.01402 ,4,-0.00372 ,0.19417 ,0.48399 
40001 ,0.14327 ,0.13422 ,0.01078 ,0.32512 ,0.30839 ,0.00532 ,0.55655 ,0.58735 ,0.01640 ,5,0.00989 ,0.18004 ,0.49852 
50001 ,0.15429 ,0.13500 ,0.00922 ,0.33614 ,0.32586 ,0.01881 ,0.56757 ,0.66645 ,0.01325 ,6,0.01414 ,0.19047 ,0.49054 
60001 ,0.16531 ,0.13710 ,0.02039 ,0.34716 ,0.32662 ,0.01317 ,0.57859 ,0.64182 ,0.02044 ,7,-0.00236 ,0.19186 ,0.48209 
70001 ,0.17633 ,0.14744 ,0.00721 ,0.35818 ,0.33922 ,0.00283 ,0.58961 ,0.64253 ,0.00535 ,8,0.00011 ,0.18595 ,0.48460 
80001 ,0.18735 ,0.17669 ,0.01109 ,0.36920 ,0.33850 ,0.00890 ,0.60063 ,0.64577 ,0.01275 ,9,-0.01494 ,0.17653 ,0.48080 
90001 ,0.19286 ,0.20408 ,0.00832 ,0.38022 ,0.35850 ,0.01084 ,0.60614 ,0.65473 ,0.00822 ,10,-0.00132 ,0.16766 ,0.48357 
100001 ,0.20388 ,0.22078 ,0.01087 ,0.38573 ,0.34321 ,0.00169 ,0.61716 ,0.67662 ,0.01703 ,11,0.00134 ,0.16106 ,0.49810 
110001 ,0.20940 ,0.23744 ,0.01634 ,0.39675 ,0.38964 ,0.00793 ,0.62268 ,0.69154 ,0.00043 ,12,0.00380 ,0.17668 ,0.46341 
120001 ,0.22042 ,0.22804 ,0.00591 ,0.40226 ,0.38795 ,0.01210 ,0.63370 ,0.72289 ,0.02699 ,13,-0.01124 ,0.18711 ,0.47316 
130001 ,0.22593 ,0.23414 ,0.02137 ,0.40777 ,0.38236 ,0.00282 ,0.63921 ,0.72395 ,0.00873 ,14,0.01749 ,0.18849 ,0.46619 
140001 ,0.23144 ,0.21021 ,0.00453 ,0.41328 ,0.42930 ,0.01983 ,0.65023 ,0.73126 ,0.03264 ,15,0.01995 ,0.18457 ,0.47235 
150001 ,0.23695 ,0.21244 ,0.00514 ,0.42430 ,0.39525 ,0.00682 ,0.65574 ,0.73559 ,0.01592 ,16,0.00653 ,0.16351 ,0.47878 
160001 ,0.24246 ,0.27377 ,0.02263 ,0.42981 ,0.41693 ,0.00871 ,0.66125 ,0.77398 ,0.02489 ,17,0.01683 ,0.17881 ,0.48538 
170001 ,0.25348 ,0.23501 ,0.01376 ,0.43532 ,0.41971 ,0.01183 ,0.66676 ,0.71764 ,0.01967 ,18,0.00071 ,0.17826 ,0.48750 
180001 ,0.25899 ,0.26479 ,0.00380 ,0.44083 ,0.41174 ,0.01013 ,0.67227 ,0.77154 ,0.00885 ,19,0.01030 ,0.17853 ,0.48079 
190001 ,0.25899 ,0.23544 ,0.01506 ,0.44634 ,0.42082 ,0.02060 ,0.67778 ,0.75802 ,0.02733 ,20,0.00297 ,0.16919 ,0.48130 
200001 ,0.27001 ,0.25593 ,0.01736 ,0.45185 ,0.44925 ,0.01090 ,0.68329 ,0.73235 ,0.00299 ,21,0.00175 ,0.18877 ,0.47845 
210001 ,0.27552 ,0.25384 ,0.01447 ,0.45736 ,0.45025 ,0.01419 ,0.69431 ,0.80307 ,0.02542 ,22,0.01134 ,0.18481 ,0.46970 
220001 ,0.27552 ,0.27246 ,0.02005 ,0.46287 ,0.45354 ,0.00842 ,0.69982 ,0.70971 ,0.00666 ,23,-0.00189 ,0.18452 ,0.47769 
230001 ,0.28654 ,0.27724 ,0.00808 ,0.46838 ,0.46844 ,0.00331 ,0.69982 ,0.77352 ,0.00745 ,24,-0.00463 ,0.19391 ,0.47097 
240001 ,0.28654 ,0.30404 ,0.01375 ,0.47390 ,0.41803 ,0.01144 ,0.70533 ,0.79328 ,0.01880 ,25,-0.00585 ,0.18449 ,0.48581 
250001 ,0.29205 ,0.29906 ,0.00499 ,0.47941 ,0.47481 ,0.00390 ,0.71635 ,0.73828 ,0.02096 ,26,0.00374 ,0.17413 ,0.47857 
260001 ,0.29756 ,0.32226 ,0.00187 ,0.47941 ,0.49705 ,0.01253 ,0.71635 ,0.77876 ,0.00912 ,27,0.00511 ,0.18645 ,0.46983 
270001 ,0.30307 ,0.30191 ,0.00943 ,0.48492 ,0.45274 ,0.01903 ,0.72186 ,0.80152 ,0.00828 ,28,0.00109 ,0.18249 ,0.47781 
280001 ,0.30858 ,0.34116 ,0.00747 ,0.49043 ,0.51948 ,0.01379 ,0.72737 ,0.82237 ,0.01484 ,29,-0.00165 ,0.18221 ,0.47109 
290001 ,0.30858 ,0.29531 ,0.00682 ,0.49594 ,0.46041 ,0.00614 ,0.73288 ,0.78237 ,0.00721 ,30,-0.00287 ,0.17821 ,0.47332 
300001 ,0.31409 ,0.33077 ,0.00358 ,0.50145 ,0.50974 ,0.01661 ,0.73840 ,0.74917 ,0.02600 ,31,0.00672 ,0.18428 ,0.47458 
310001 ,0.31961 ,0.35246 ,0.01763 ,0.50145 ,0.51826 ,0.01112 ,0.74391 ,0.78621 ,0.01514 ,32,0.00427 ,0.19156 ,0.47912 
320001 ,0.32512 ,0.32072 ,0.00474 ,0.50696 ,0.49837 ,0.00880 ,0.74942 ,0.82359 ,0.02313 ,33,0.00633 ,0.17457 ,0.48323 
330001 ,0.32512 ,0.30337 ,0.01484 ,0.51247 ,0.54181 ,0.01540 ,0.75493 ,0.80281 ,0.01683 ,34,0.00880 ,0.18034 ,0.49297 
340001 ,0.33063 ,0.33392 ,0.00288 ,0.51247 ,0.48080 ,0.00556 ,0.75493 ,0.82870 ,0.01693 ,35,0.00999 ,0.18298 ,0.48600 
350001 ,0.33614 ,0.34863 ,0.00698 ,0.51798 ,0.51023 ,0.01214 ,0.76044 ,0.87195 ,0.02838 ,36,0.01245 ,0.17573 ,0.47915 
360001 ,0.33614 ,0.33499 ,0.01996 ,0.52349 ,0.52076 ,0.01234 ,0.76595 ,0.82255 ,0.02823 ,37,-0.00259 ,0.17735 ,0.49091 
370001 ,0.34165 ,0.32848 ,0.02124 ,0.52349 ,0.48495 ,0.01211 ,0.77146 ,0.86589 ,0.03631 ,38,0.00220 ,0.16336 ,0.50215 
380001 ,0.34716 ,0.33629 ,0.00662 ,0.52900 ,0.49627 ,0.01107 ,0.77146 ,0.86574 ,0.01715 ,39,0.00426 ,0.16105 ,0.50544 
390001 ,0.35267 ,0.33225 ,0.00657 ,0.53451 ,0.49233 ,0.01218 ,0.78248 ,0.82787 ,0.03546 ,40,0.00673 ,0.16063 ,0.50756 
400001 ,0.35267 ,0.39511 ,0.00897 ,0.53451 ,0.48629 ,0.01662 ,0.78248 ,0.87384 ,0.01060 ,41,0.01752 ,0.17542 ,0.46956 
410001 ,0.35818 ,0.36128 ,0.02081 ,0.54002 ,0.54326 ,0.00871 ,0.78799 ,0.86297 ,0.01935 ,42,0.00281 ,0.17311 ,0.47930 
420001 ,0.35818 ,0.39942 ,0.01156 ,0.54553 ,0.53381 ,0.01522 ,0.78799 ,0.88954 ,0.02444 ,43,0.01311 ,0.17407 ,0.47233 
430001 ,0.36369 ,0.34170 ,0.00685 ,0.54553 ,0.58123 ,0.01420 ,0.79350 ,0.83564 ,0.00467 ,44,0.02738 ,0.17011 ,0.47849 
440001 ,0.36920 ,0.37072 ,0.01254 ,0.55104 ,0.56140 ,0.02437 ,0.79901 ,0.83575 ,0.00434 ,45,0.02985 ,0.18251 ,0.48823 
450001 ,0.36920 ,0.35026 ,0.01071 ,0.55104 ,0.50650 ,0.00707 ,0.80452 ,0.91402 ,0.01350 ,46,0.01642 ,0.18547 ,0.48492 
460001 ,0.37471 ,0.37219 ,0.00593 ,0.55655 ,0.55399 ,0.01747 ,0.80452 ,0.85120 ,0.03643 ,47,0.02672 ,0.19590 ,0.49152 
470001 ,0.37471 ,0.38078 ,0.00569 ,0.56206 ,0.59255 ,0.01381 ,0.81003 ,0.88215 ,0.02233 ,48,0.01061 ,0.19728 ,0.49365 
480001 ,0.38022 ,0.39925 ,0.03188 ,0.56206 ,0.53671 ,0.03010 ,0.81554 ,0.83392 ,0.01742 ,49,0.02020 ,0.16882 ,0.48693 
490001 ,0.38573 ,0.37591 ,0.00455 ,0.56757 ,0.53107 ,0.00590 ,0.82105 ,0.83235 ,0.00741 ,50,0.01548 ,0.16651 ,0.48744 
500001 ,0.38573 ,0.40041 ,0.00279 ,0.56757 ,0.58296 ,0.01659 ,0.82105 ,0.88010 ,0.00969 ,51,0.01794 ,0.16747 ,0.50174 
510001 ,0.39124 ,0.39451 ,0.02035 ,0.57308 ,0.52549 ,0.00469 ,0.82656 ,0.88525 ,0.02377 ,52,0.00290 ,0.17453 ,0.48208 
520001 ,0.39124 ,0.36703 ,0.01104 ,0.57859 ,0.52959 ,0.01680 ,0.83207 ,0.92196 ,0.02201 ,53,0.03163 ,0.17592 ,0.47077 
530001 ,0.39675 ,0.38325 ,0.01544 ,0.57859 ,0.61368 ,0.02100 ,0.83207 ,0.90274 ,0.01092 ,54,0.03410 ,0.18309 ,0.48051 
540001 ,0.39675 ,0.46802 ,0.03124 ,0.58411 ,0.56975 ,0.02193 ,0.83758 ,0.92665 ,0.00607 ,55,0.02067 ,0.17913 ,0.47354 
550001 ,0.40226 ,0.44262 ,0.02171 ,0.58411 ,0.54856 ,0.01403 ,0.84309 ,0.89597 ,0.00088 ,56,0.03097 ,0.17884 ,0.47970 
560001 ,0.40226 ,0.49162 ,0.02202 ,0.58961 ,0.54776 ,0.00887 ,0.84309 ,0.90938 ,0.00795 ,57,0.01485 ,0.18684 ,0.48945 
570001 ,0.40777 ,0.43191 ,0.01361 ,0.58961 ,0.55005 ,0.02902 ,0.84860 ,0.91939 ,0.03566 ,58,0.02445 ,0.18822 ,0.48614 
580001 ,0.40777 ,0.44220 ,0.00462 ,0.59512 ,0.58008 ,0.00206 ,0.85411 ,0.93794 ,0.01718 ,59,0.01711 ,0.18177 ,0.49273 
590001 ,0.41328 ,0.40601 ,0.00875 ,0.59512 ,0.55599 ,0.00660 ,0.85411 ,0.91087 ,0.02296 ,60,0.01589 ,0.19220 ,0.49486 
600001 ,0.41879 ,0.40577 ,0.02256 ,0.60063 ,0.55795 ,0.01780 ,0.85962 ,0.90150 ,0.03176 ,61,0.02548 ,0.19358 ,0.48814 
610001 ,0.41879 ,0.37690 ,0.02678 ,0.60063 ,0.61644 ,0.01339 ,0.86513 ,0.92704 ,0.01736 ,62,-0.00902 ,0.18630 ,0.48866 
620001 ,0.41879 ,0.39477 ,0.02169 ,0.60614 ,0.57740 ,0.00815 ,0.86513 ,0.98939 ,0.01646 ,63,-0.00695 ,0.18768 ,0.48220 
630001 ,0.42430 ,0.39524 ,0.01154 ,0.60614 ,0.59693 ,0.02248 ,0.87064 ,0.93445 ,0.02866 ,64,-0.00448 ,0.17450 ,0.48549 
640001 ,0.42430 ,0.41795 ,0.00972 ,0.61165 ,0.65616 ,0.00924 ,0.87064 ,0.88727 ,0.02064 ,65,0.00631 ,0.17220 ,0.48762 
650001 ,0.42981 ,0.41757 ,0.02434 ,0.61165 ,0.64639 ,0.01276 ,0.87615 ,0.93193 ,0.00876 ,66,-0.00841 ,0.17315 ,0.47015 
660001 ,0.42981 ,0.47457 ,0.02415 ,0.61716 ,0.59641 ,0.00746 ,0.88166 ,0.92594 ,0.01632 ,67,0.00189 ,0.18021 ,0.47675 
670001 ,0.43532 ,0.41785 ,0.01258 ,0.61716 ,0.62138 ,0.00940 ,0.88166 ,0.90137 ,0.00783 ,68,0.01617 ,0.18160 ,0.48030 
680001 ,0.43532 ,0.48675 ,0.02713 ,0.62268 ,0.64214 ,0.01103 ,0.88718 ,0.89846 ,0.00643 ,69,0.01864 ,0.19252 ,0.49740 
690001 ,0.44083 ,0.42689 ,0.02371 ,0.62268 ,0.66405 ,0.02650 ,0.88718 ,0.99034 ,0.01419 ,70,0.00521 ,0.18010 ,0.46983 
700001 ,0.44083 ,0.46264 ,0.02026 ,0.62819 ,0.63543 ,0.01872 ,0.89269 ,0.98528 ,0.02286 ,71,0.01551 ,0.18261 ,0.47782 
710001 ,0.44083 ,0.45154 ,0.01268 ,0.62819 ,0.58763 ,0.00235 ,0.89820 ,1.00071 ,0.00781 ,72,-0.00061 ,0.18399 ,0.47110 
720001 ,0.44634 ,0.45384 ,0.01953 ,0.63370 ,0.63248 ,0.00711 ,0.89820 ,0.99320 ,0.01072 ,73,0.00899 ,0.18649 ,0.49202 
730001 ,0.45185 ,0.41781 ,0.02165 ,0.63370 ,0.61089 ,0.00576 ,0.90371 ,0.97066 ,0.01828 ,74,0.01000 ,0.19692 ,0.48530 
740001 ,0.45185 ,0.48289 ,0.01746 ,0.63921 ,0.61462 ,0.02362 ,0.90371 ,0.96884 ,0.01431 ,75,-0.00471 ,0.19830 ,0.49147 
750001 ,0.45185 ,0.46005 ,0.00862 ,0.63921 ,0.62311 ,0.00335 ,0.90922 ,0.94492 ,0.02324 ,76,0.00559 ,0.19102 ,0.47518 
760001 ,0.45736 ,0.51333 ,0.01376 ,0.64472 ,0.61973 ,0.01054 ,0.91473 ,1.02857 ,0.01758 ,77,0.00950 ,0.19240 ,0.46938 
770001 ,0.45736 ,0.46054 ,0.02518 ,0.64472 ,0.62585 ,0.00905 ,0.91473 ,0.99041 ,0.00639 ,78,0.01980 ,0.18376 ,0.47521 
780001 ,0.45736 ,0.52576 ,0.02797 ,0.65023 ,0.61695 ,0.01020 ,0.91473 ,1.01145 ,0.02217 ,79,0.00531 ,0.18515 ,0.46941 
790001 ,0.46287 ,0.46978 ,0.01127 ,0.65023 ,0.64484 ,0.01612 ,0.92024 ,1.04245 ,0.01379 ,80,0.01560 ,0.18150 ,0.48365 
800001 ,0.46838 ,0.44631 ,0.01378 ,0.65023 ,0.69722 ,0.02098 ,0.92024 ,0.99893 ,0.03902 ,81,0.01806 ,0.18113 ,0.48431 
810001 ,0.46838 ,0.47855 ,0.01398 ,0.65574 ,0.61323 ,0.00247 ,0.92575 ,0.99350 ,0.01611 ,82,0.00464 ,0.17772 ,0.49241 
820001 ,0.46838 ,0.45358 ,0.01511 ,0.65574 ,0.60682 ,0.00924 ,0.93126 ,1.05374 ,0.01387 ,83,0.01494 ,0.17542 ,0.49884 
830001 ,0.47390 ,0.54226 ,0.01369 ,0.66125 ,0.67489 ,0.01559 ,0.93126 ,0.98891 ,0.00903 ,84,-0.00118 ,0.17670 ,0.50085 
840001 ,0.47390 ,0.49477 ,0.01178 ,0.66125 ,0.64611 ,0.01274 ,0.93677 ,1.04654 ,0.01657 ,85,0.00841 ,0.17440 ,0.47946 
850001 ,0.47941 ,0.48783 ,0.01197 ,0.66676 ,0.61782 ,0.01158 ,0.93677 ,1.01566 ,0.00882 ,86,0.00190 ,0.16859 ,0.48072 
860001 ,0.47941 ,0.56654 ,0.00851 ,0.66676 ,0.71520 ,0.02247 ,0.94228 ,1.01040 ,0.01902 ,87,0.01220 ,0.16629 ,0.47480 
870001 ,0.48492 ,0.46125 ,0.01545 ,0.67227 ,0.66673 ,0.01388 ,0.94228 ,1.09313 ,0.03201 ,88,-0.00229 ,0.18659 ,0.46900 
880001 ,0.48492 ,0.46609 ,0.00592 ,0.67227 ,0.66798 ,0.01798 ,0.94779 ,1.00048 ,0.01617 ,89,0.00923 ,0.18048 ,0.47874 
890001 ,0.48492 ,0.52419 ,0.01084 ,0.67227 ,0.68106 ,0.01586 ,0.94779 ,1.05424 ,0.01784 ,90,0.01882 ,0.18655 ,0.48324 
900001 ,0.49043 ,0.54137 ,0.00872 ,0.67778 ,0.65919 ,0.00528 ,0.95330 ,1.02467 ,0.01039 ,91,0.01258 ,0.17994 ,0.48390 
910001 ,0.49043 ,0.50493 ,0.02605 ,0.67778 ,0.66381 ,0.01932 ,0.95330 ,1.03010 ,0.01719 ,92,0.00645 ,0.18601 ,0.49050 
920001 ,0.49043 ,0.47825 ,0.02826 ,0.68329 ,0.66678 ,0.01585 ,0.95881 ,0.97870 ,0.02674 ,93,0.00891 ,0.17424 ,0.49200 
930001 ,0.49594 ,0.51604 ,0.00185 ,0.68329 ,0.63823 ,0.01143 ,0.96432 ,1.02042 ,0.02132 ,94,-0.00613 ,0.17193 ,0.49843 
940001 ,0.49594 ,0.54911 ,0.01883 ,0.68329 ,0.63772 ,0.01285 ,0.96432 ,1.00611 ,0.00516 ,95,0.02260 ,0.18630 ,0.50503 
950001 ,0.50145 ,0.47347 ,0.01028 ,0.68880 ,0.66833 ,0.00931 ,0.96432 ,1.02181 ,0.01839 ,96,0.02506 ,0.18399 ,0.50715 
960001 ,0.50145 ,0.50838 ,0.01089 ,0.68880 ,0.69410 ,0.01346 ,0.96983 ,0.98490 ,0.02675 ,97,0.01164 ,0.18494 ,0.50043 
970001 ,0.50145 ,0.49320 ,0.01868 ,0.69431 ,0.63894 ,0.01423 ,0.96983 ,1.02662 ,0.00422 ,98,0.02194 ,0.18098 ,0.47311 
980001 ,0.50696 ,0.52579 ,0.00375 ,0.69431 ,0.69402 ,0.01247 ,0.97534 ,1.05541 ,0.02765 ,99,0.00582 ,0.19339 ,0.48537 
990001 ,0.50696 ,0.52595 ,0.00230 ,0.69982 ,0.66666 ,0.01620 ,0.98085 ,1.06509 ,0.02300 ,100,0.01541 ,0.17428 ,0.48749 
1000001 ,0.50696 ,0.48533 ,0.02080 ,0.69982 ,0.66763 ,0.01224 ,0.98085 ,1.03666 ,0.00046 ,101,0.00808 ,0.17197 ,0.47003 
1010001 ,0.51247 ,0.50255 ,0.02252 ,0.69982 ,0.68567 ,0.01382 ,0.98636 ,1.03042 ,0.02421 ,102,0.00686 ,0.17155 ,0.47663 
1020001 ,0.51247 ,0.55143 ,0.02567 ,0.70533 ,0.67874 ,0.01066 ,0.98636 ,1.06527 ,0.02616 ,103,0.01645 ,0.19258 ,0.48018 
1030001 ,0.51798 ,0.52004 ,0.01335 ,0.70533 ,0.68042 ,0.00380 ,0.98636 ,1.08427 ,0.00856 ,104,0.01858 ,0.19027 ,0.49728 
1040001 ,0.51798 ,0.50418 ,0.01857 ,0.70533 ,0.65596 ,0.01406 ,0.99187 ,0.99247 ,0.01687 ,105,0.02104 ,0.20569 ,0.46585 
1050001 ,0.51798 ,0.53454 ,0.02481 ,0.71084 ,0.68752 ,0.01740 ,0.99739 ,1.02094 ,0.01223 ,106,0.00762 ,0.20300 ,0.46651 
1060001 ,0.52349 ,0.51325 ,0.02578 ,0.71084 ,0.66552 ,0.01530 ,0.99739 ,1.04931 ,0.01778 ,107,0.01792 ,0.18620 ,0.47364 
1070001 ,0.52349 ,0.61303 ,0.01175 ,0.71635 ,0.67797 ,0.00392 ,1.00290 ,1.03802 ,0.00545 ,108,0.00180 ,0.19227 ,0.48024 
1080001 ,0.52349 ,0.50973 ,0.01352 ,0.71635 ,0.68744 ,0.00702 ,1.00290 ,1.07926 ,0.03175 ,109,0.01139 ,0.18616 ,0.48379 
1090001 ,0.52900 ,0.51116 ,0.02056 ,0.71635 ,0.77474 ,0.01790 ,1.00290 ,1.07317 ,0.03264 ,110,0.00488 ,0.19223 ,0.47234 
1100001 ,0.52900 ,0.52129 ,0.01554 ,0.72186 ,0.66764 ,0.00366 ,1.00841 ,1.10710 ,0.01364 ,111,0.01518 ,0.18189 ,0.47877 
1110001 ,0.53451 ,0.59481 ,0.01193 ,0.72186 ,0.69310 ,0.00984 ,1.00841 ,1.08422 ,0.00892 ,112,0.00069 ,0.17958 ,0.48078 
1120001 ,0.53451 ,0.56804 ,0.01942 ,0.72737 ,0.73097 ,0.01400 ,1.01392 ,1.03890 ,0.01700 ,113,0.01221 ,0.18053 ,0.49056 
1130001 ,0.53451 ,0.53691 ,0.00363 ,0.72737 ,0.70667 ,0.00456 ,1.01392 ,1.08989 ,0.02186 ,114,0.02180 ,0.17657 ,0.49672 
1140001 ,0.53451 ,0.53598 ,0.01279 ,0.72737 ,0.71654 ,0.01492 ,1.01943 ,1.04270 ,0.01686 ,115,0.01556 ,0.18898 ,0.48067 
1150001 ,0.54002 ,0.52943 ,0.01101 ,0.73288 ,0.70660 ,0.01182 ,1.01943 ,1.08947 ,0.01638 ,116,0.01042 ,0.19026 ,0.48194 
1160001 ,0.54002 ,0.53785 ,0.01402 ,0.73288 ,0.69710 ,0.02224 ,1.02494 ,1.11653 ,0.01716 ,117,0.00920 ,0.18795 ,0.47246 
1170001 ,0.54002 ,0.51287 ,0.00861 ,0.73840 ,0.76501 ,0.02155 ,1.03045 ,1.10945 ,0.01013 ,118,0.01879 ,0.20337 ,0.47890 
1180001 ,0.54553 ,0.55399 ,0.00767 ,0.73840 ,0.76265 ,0.01089 ,1.03045 ,1.10998 ,0.01734 ,119,0.01793 ,0.20068 ,0.48090 
1190001 ,0.54553 ,0.62778 ,0.01444 ,0.73840 ,0.72106 ,0.01214 ,1.03045 ,1.09084 ,0.02137 ,120,0.02753 ,0.18388 ,0.49068 
1200001 ,0.55104 ,0.54816 ,0.01138 ,0.74391 ,0.78148 ,0.00376 ,1.03596 ,1.10235 ,0.01615 ,121,0.02128 ,0.18995 ,0.49685 
1210001 ,0.55104 ,0.54908 ,0.00608 ,0.74391 ,0.73442 ,0.00692 ,1.03596 ,1.11843 ,0.01962 ,122,0.00320 ,0.19747 ,0.47386 
1220001 ,0.55104 ,0.56586 ,0.01225 ,0.74391 ,0.76530 ,0.00547 ,1.04147 ,1.06873 ,0.01720 ,123,0.00527 ,0.19478 ,0.47797 
1230001 ,0.55104 ,0.55354 ,0.01352 ,0.74942 ,0.67996 ,0.01094 ,1.04147 ,1.04580 ,0.01767 ,124,0.00774 ,0.18851 ,0.48771 
1240001 ,0.55655 ,0.54245 ,0.01171 ,0.74942 ,0.76456 ,0.00642 ,1.04698 ,1.08186 ,0.01849 ,125,0.00893 ,0.19768 ,0.48074 
1250001 ,0.55655 ,0.53349 ,0.00728 ,0.74942 ,0.78965 ,0.02139 ,1.04698 ,1.11137 ,0.01795 ,126,0.01139 ,0.20737 ,0.47682 
1260001 ,0.55655 ,0.52544 ,0.01302 ,0.75493 ,0.74947 ,0.01794 ,1.04698 ,1.05911 ,0.03518 ,127,-0.00365 ,0.19324 ,0.48656 
1270001 ,0.56206 ,0.55601 ,0.01275 ,0.75493 ,0.69328 ,0.02799 ,1.05249 ,1.13373 ,0.00940 ,128,0.01521 ,0.19931 ,0.47959 
1280001 ,0.56206 ,0.58869 ,0.00367 ,0.76044 ,0.73767 ,0.02717 ,1.05249 ,1.12271 ,0.02743 ,129,0.01768 ,0.20272 ,0.49412 
1290001 ,0.56757 ,0.57828 ,0.01886 ,0.76044 ,0.73931 ,0.01994 ,1.05800 ,1.12047 ,0.00586 ,130,0.00263 ,0.21188 ,0.48671 
1300001 ,0.56757 ,0.56095 ,0.00526 ,0.76044 ,0.70963 ,0.01466 ,1.05800 ,1.19133 ,0.01095 ,131,0.01625 ,0.18596 ,0.48673 
1310001 ,0.56757 ,0.57452 ,0.01099 ,0.76595 ,0.83291 ,0.01482 ,1.06351 ,1.11854 ,0.01487 ,132,-0.00197 ,0.19639 ,0.49518 
1320001 ,0.56757 ,0.57720 ,0.00941 ,0.76595 ,0.77281 ,0.02480 ,1.06351 ,1.09588 ,0.01121 ,133,0.00034 ,0.19777 ,0.48381 
1330001 ,0.57308 ,0.62320 ,0.01397 ,0.76595 ,0.79372 ,0.01394 ,1.06902 ,1.14011 ,0.01646 ,134,0.00531 ,0.17625 ,0.49785 
1340001 ,0.57308 ,0.57438 ,0.02324 ,0.77146 ,0.76031 ,0.01277 ,1.06902 ,1.15150 ,0.02035 ,135,0.00940 ,0.18232 ,0.49575 
1350001 ,0.57308 ,0.63727 ,0.00446 ,0.77146 ,0.70807 ,0.00862 ,1.06902 ,1.13106 ,0.00568 ,136,0.01866 ,0.19615 ,0.48612 
1360001 ,0.57308 ,0.64893 ,0.01819 ,0.77146 ,0.77187 ,0.01588 ,1.07453 ,1.14315 ,0.04312 ,137,0.00394 ,0.18202 ,0.47738 
1370001 ,0.57859 ,0.56965 ,0.00761 ,0.77697 ,0.79377 ,0.01945 ,1.07453 ,1.13467 ,0.04788 ,138,0.01424 ,0.18808 ,0.48536 
1380001 ,0.57859 ,0.59206 ,0.01925 ,0.77697 ,0.83711 ,0.01226 ,1.08004 ,1.12625 ,0.02313 ,139,0.01681 ,0.19149 ,0.47864 
1390001 ,0.58411 ,0.63933 ,0.02102 ,0.78248 ,0.78944 ,0.02758 ,1.08004 ,1.09383 ,0.00724 ,140,-0.00173 ,0.20066 ,0.49477 
1400001 ,0.58411 ,0.57227 ,0.01491 ,0.78248 ,0.77484 ,0.01425 ,1.08555 ,1.10695 ,0.00975 ,141,0.00324 ,0.18466 ,0.49183 
1410001 ,0.58411 ,0.57699 ,0.01006 ,0.78248 ,0.75325 ,0.00425 ,1.08555 ,1.16342 ,0.02110 ,142,0.00734 ,0.19073 ,0.50603 
1420001 ,0.58961 ,0.57849 ,0.00341 ,0.78799 ,0.73328 ,0.01302 ,1.09106 ,1.11488 ,0.02745 ,143,0.01360 ,0.18712 ,0.50548 
1430001 ,0.58961 ,0.60633 ,0.01156 ,0.78799 ,0.77898 ,0.02038 ,1.09106 ,1.16182 ,0.01535 ,144,0.01856 ,0.19755 ,0.46992 
1440001 ,0.58961 ,0.60477 ,0.00610 ,0.78799 ,0.83298 ,0.01935 ,1.09657 ,1.17599 ,0.02696 ,145,0.01413 ,0.19893 ,0.46412 
1450001 ,0.58961 ,0.60427 ,0.00829 ,0.78799 ,0.80999 ,0.01413 ,1.09657 ,1.19431 ,0.03993 ,146,0.02802 ,0.17740 ,0.46452 
1460001 ,0.59512 ,0.61106 ,0.00406 ,0.79350 ,0.77706 ,0.00746 ,1.09657 ,1.15946 ,0.04045 ,147,0.01524 ,0.18347 ,0.46811 
1470001 ,0.59512 ,0.65325 ,0.02330 ,0.79350 ,0.76185 ,0.01530 ,1.10208 ,1.14128 ,0.00887 ,148,0.02484 ,0.19730 ,0.47881 
1480001 ,0.59512 ,0.60066 ,0.01484 ,0.79901 ,0.74094 ,0.01205 ,1.10208 ,1.25427 ,0.01394 ,149,0.01480 ,0.18317 ,0.48567 
1490001 ,0.60063 ,0.59001 ,0.02225 ,0.79901 ,0.76894 ,0.01141 ,1.10208 ,1.16106 ,0.01058 ,150,0.01357 ,0.18924 ,0.48633 
1500001 ,0.60063 ,0.60000 ,0.02028 ,0.79901 ,0.76503 ,0.01092 ,1.10759 ,1.22312 ,0.03862 ,151,0.02317 ,0.19265 ,0.49292 
1510001 ,0.60063 ,0.55797 ,0.01508 ,0.80452 ,0.77475 ,0.02622 ,1.11310 ,1.12760 ,0.02413 ,152,0.02414 ,0.20181 ,0.50495 
1520001 ,0.60063 ,0.66136 ,0.02051 ,0.80452 ,0.83876 ,0.00932 ,1.11310 ,1.20877 ,0.02208 ,153,0.00943 ,0.17499 ,0.46813 
1530001 ,0.60614 ,0.63004 ,0.02176 ,0.80452 ,0.79472 ,0.00937 ,1.11310 ,1.22100 ,0.01090 ,154,0.01973 ,0.18240 ,0.47884 
1540001 ,0.60614 ,0.62701 ,0.01595 ,0.81003 ,0.75601 ,0.00991 ,1.11861 ,1.18734 ,0.01765 ,155,0.02364 ,0.17305 ,0.47658 
1550001 ,0.60614 ,0.62920 ,0.02525 ,0.81003 ,0.79236 ,0.01149 ,1.11861 ,1.17227 ,0.00106 ,156,0.03394 ,0.17074 ,0.48904 
1560001 ,0.61165 ,0.57842 ,0.00321 ,0.81003 ,0.79396 ,0.00864 ,1.11861 ,1.13102 ,0.02234 ,157,0.01945 ,0.17032 ,0.49688 
1570001 ,0.61165 ,0.58302 ,0.01537 ,0.81554 ,0.80528 ,0.01973 ,1.12412 ,1.17877 ,0.01344 ,158,0.01689 ,0.18511 ,0.50487 
1580001 ,0.61165 ,0.60124 ,0.00468 ,0.81554 ,0.82212 ,0.01458 ,1.12412 ,1.18970 ,0.01148 ,159,0.01416 ,0.18281 ,0.49815 
1590001 ,0.61716 ,0.61148 ,0.00945 ,0.81554 ,0.81285 ,0.01296 ,1.12963 ,1.16712 ,0.00145 ,160,0.01293 ,0.18376 ,0.47200 
1600001 ,0.61716 ,0.61021 ,0.01663 ,0.81554 ,0.88136 ,0.01218 ,1.12963 ,1.13259 ,0.02077 ,161,0.02252 ,0.17980 ,0.47266 
1610001 ,0.61716 ,0.61812 ,0.01060 ,0.82105 ,0.80565 ,0.01520 ,1.13514 ,1.19468 ,0.03523 ,162,0.00016 ,0.19221 ,0.47925 
1620001 ,0.61716 ,0.69309 ,0.02864 ,0.82105 ,0.79417 ,0.00990 ,1.13514 ,1.14089 ,0.01286 ,163,0.00223 ,0.19516 ,0.47978 
1630001 ,0.62268 ,0.56884 ,0.02221 ,0.82656 ,0.75881 ,0.01215 ,1.13514 ,1.20204 ,0.00760 ,164,0.00469 ,0.20559 ,0.48638 
1640001 ,0.62268 ,0.68393 ,0.00345 ,0.82656 ,0.81899 ,0.00755 ,1.14065 ,1.24571 ,0.02310 ,165,0.00589 ,0.20697 ,0.48993 
1650001 ,0.62268 ,0.62936 ,0.01013 ,0.82656 ,0.81272 ,0.00347 ,1.14065 ,1.23311 ,0.01525 ,166,0.00835 ,0.17483 ,0.48305 
1660001 ,0.62268 ,0.70685 ,0.01812 ,0.83207 ,0.79624 ,0.01386 ,1.14616 ,1.23020 ,0.02091 ,167,-0.00669 ,0.19045 ,0.48716 
1670001 ,0.62819 ,0.63468 ,0.01631 ,0.83207 ,0.83549 ,0.00346 ,1.14616 ,1.23617 ,0.01433 ,168,-0.01294 ,0.20088 ,0.49690 
1680001 ,0.62819 ,0.62793 ,0.02601 ,0.83207 ,0.78779 ,0.01978 ,1.14616 ,1.16014 ,0.01954 ,169,-0.00798 ,0.20226 ,0.48993 
1690001 ,0.62819 ,0.61705 ,0.01747 ,0.83758 ,0.79734 ,0.02153 ,1.15168 ,1.22575 ,0.03598 ,170,-0.00388 ,0.17397 ,0.46772 
1700001 ,0.63370 ,0.65523 ,0.01507 ,0.83758 ,0.79100 ,0.01586 ,1.15168 ,1.23653 ,0.04746 ,171,0.00239 ,0.18138 ,0.48632 
1710001 ,0.63370 ,0.61671 ,0.00868 ,0.83758 ,0.86817 ,0.02578 ,1.15719 ,1.24266 ,0.01017 ,172,0.00735 ,0.17011 ,0.47842 
1720001 ,0.63370 ,0.63465 ,0.02213 ,0.83758 ,0.78465 ,0.01602 ,1.15719 ,1.28404 ,0.01796 ,173,0.00292 ,0.16308 ,0.47617 
1730001 ,0.63370 ,0.69986 ,0.02050 ,0.84309 ,0.79966 ,0.02481 ,1.16270 ,1.21148 ,0.02762 ,174,0.01681 ,0.19188 ,0.48340 
1740001 ,0.63921 ,0.63171 ,0.01956 ,0.84309 ,0.78861 ,0.00232 ,1.16270 ,1.25616 ,0.00374 ,175,0.00403 ,0.18792 ,0.49743 
1750001 ,0.63921 ,0.63987 ,0.00999 ,0.84309 ,0.80807 ,0.00576 ,1.16270 ,1.21681 ,0.00772 ,176,0.01362 ,0.18763 ,0.49534 
1760001 ,0.63921 ,0.63823 ,0.02173 ,0.84860 ,0.82643 ,0.00728 ,1.16821 ,1.28447 ,0.02005 ,177,0.00359 ,0.16586 ,0.48862 
1770001 ,0.63921 ,0.69178 ,0.00984 ,0.84860 ,0.82229 ,0.01432 ,1.16821 ,1.25989 ,0.01457 ,178,0.00236 ,0.18690 ,0.49647 
1780001 ,0.64472 ,0.64786 ,0.01004 ,0.84860 ,0.85856 ,0.03184 ,1.16821 ,1.23653 ,0.00324 ,179,0.01195 ,0.18459 ,0.50446 
1790001 ,0.64472 ,0.63338 ,0.01616 ,0.85411 ,0.85197 ,0.02473 ,1.17372 ,1.23712 ,0.01807 ,180,0.00169 ,0.20001 ,0.49774 
1800001 ,0.64472 ,0.66601 ,0.01125 ,0.85411 ,0.91999 ,0.02656 ,1.17372 ,1.25315 ,0.00718 ,181,0.00376 ,0.19732 ,0.46758 
1810001 ,0.65023 ,0.64659 ,0.00786 ,0.85411 ,0.86898 ,0.01384 ,1.17923 ,1.24559 ,0.00958 ,182,0.00622 ,0.18052 ,0.46178 
1820001 ,0.65023 ,0.70716 ,0.01684 ,0.85962 ,0.81194 ,0.02355 ,1.17923 ,1.22055 ,0.03004 ,183,0.00608 ,0.18237 ,0.47152 
1830001 ,0.65023 ,0.65448 ,0.01678 ,0.85962 ,0.83913 ,0.02569 ,1.17923 ,1.22776 ,0.00696 ,184,0.01104 ,0.17585 ,0.47738 
1840001 ,0.65023 ,0.64545 ,0.01726 ,0.85962 ,0.84950 ,0.01834 ,1.18474 ,1.24373 ,0.01077 ,185,0.00661 ,0.18818 ,0.46601 
1850001 ,0.65574 ,0.66193 ,0.00625 ,0.86513 ,0.83729 ,0.02124 ,1.18474 ,1.31994 ,0.01952 ,186,0.02050 ,0.18422 ,0.48005 
1860001 ,0.65574 ,0.62606 ,0.00813 ,0.86513 ,0.87959 ,0.01400 ,1.18474 ,1.24607 ,0.01330 ,187,0.00773 ,0.18393 ,0.47795 
1870001 ,0.65574 ,0.69171 ,0.01940 ,0.86513 ,0.85479 ,0.03063 ,1.19025 ,1.26231 ,0.00560 ,188,0.01732 ,0.18183 ,0.48441 
1880001 ,0.65574 ,0.68010 ,0.02087 ,0.86513 ,0.93758 ,0.02119 ,1.19025 ,1.22154 ,0.00617 ,189,0.02757 ,0.19329 ,0.47495 
1890001 ,0.65574 ,0.66105 ,0.01994 ,0.87064 ,0.84451 ,0.01157 ,1.19576 ,1.27239 ,0.03040 ,190,0.02276 ,0.17151 ,0.48898 
1900001 ,0.66125 ,0.65089 ,0.01072 ,0.87064 ,0.87221 ,0.00556 ,1.19576 ,1.28181 ,0.02443 ,191,0.03666 ,0.19201 ,0.49164 
1910001 ,0.66125 ,0.68613 ,0.00759 ,0.87064 ,0.92553 ,0.01366 ,1.20127 ,1.23538 ,0.01399 ,192,0.01210 ,0.19635 ,0.50165 
1920001 ,0.66676 ,0.65442 ,0.00985 ,0.87615 ,0.86936 ,0.00330 ,1.20127 ,1.28817 ,0.00230 ,193,0.00647 ,0.20678 ,0.48768 
1930001 ,0.66676 ,0.64001 ,0.01523 ,0.87615 ,0.82194 ,0.01058 ,1.20127 ,1.31230 ,0.02785 ,194,0.02294 ,0.20816 ,0.48578 
1940001 ,0.66676 ,0.64498 ,0.02216 ,0.87615 ,0.85796 ,0.01424 ,1.20678 ,1.34668 ,0.03979 ,195,0.02455 ,0.18805 ,0.49968 
1950001 ,0.66676 ,0.69962 ,0.01322 ,0.88166 ,0.84671 ,0.01891 ,1.20678 ,1.23488 ,0.00767 ,196,0.02702 ,0.18760 ,0.47297 
1960001 ,0.67227 ,0.73237 ,0.00497 ,0.88166 ,0.88487 ,0.01208 ,1.20678 ,1.30382 ,0.02286 ,197,0.01313 ,0.18651 ,0.48271 
1970001 ,0.67227 ,0.74153 ,0.03712 ,0.88166 ,0.91590 ,0.01612 ,1.21229 ,1.35363 ,0.02320 ,198,0.00751 ,0.18255 ,0.47574 
1980001 ,0.67227 ,0.69241 ,0.01262 ,0.88166 ,0.91089 ,0.03821 ,1.21229 ,1.27492 ,0.01342 ,199,0.00288 ,0.20599 ,0.47243 
1990001 ,0.67227 ,0.65278 ,0.00455 ,0.88718 ,0.88149 ,0.00866 ,1.21780 ,1.28387 ,0.01327 ,200,-0.00479 ,0.17813 ,0.48217 
2000001 ,0.67227 ,0.78939 ,0.00247 ,0.88718 ,0.89620 ,0.01802 ,1.21780 ,1.28979 ,0.02871 ,201,0.01748 ,0.17879 ,0.48183 
2010001 ,0.67778 ,0.71359 ,0.01371 ,0.89269 ,0.82824 ,0.01508 ,1.21780 ,1.30919 ,0.01654 ,202,0.02707 ,0.19441 ,0.48687 
2020001 ,0.67778 ,0.69121 ,0.00626 ,0.89269 ,0.85949 ,0.00941 ,1.22331 ,1.26165 ,0.01733 ,203,0.02083 ,0.20485 ,0.48793 
2030001 ,0.67778 ,0.69155 ,0.00394 ,0.89269 ,0.94778 ,0.02076 ,1.22331 ,1.24670 ,0.02132 ,204,0.00171 ,0.20623 ,0.49612 
2040001 ,0.68329 ,0.71585 ,0.00456 ,0.89269 ,0.90813 ,0.00524 ,1.22882 ,1.32470 ,0.01645 ,205,0.00418 ,0.18057 ,0.50341 
2050001 ,0.68329 ,0.65840 ,0.00584 ,0.89820 ,0.88833 ,0.00924 ,1.22882 ,1.28998 ,0.01523 ,206,-0.01087 ,0.19290 ,0.50448 
2060001 ,0.68329 ,0.70074 ,0.01432 ,0.89820 ,0.87277 ,0.01879 ,1.22882 ,1.24618 ,0.02225 ,207,0.01695 ,0.18894 ,0.47977 
2070001 ,0.68329 ,0.67359 ,0.01266 ,0.89820 ,0.94166 ,0.01446 ,1.22882 ,1.35187 ,0.02036 ,208,0.01942 ,0.18865 ,0.49397 
2080001 ,0.68329 ,0.70123 ,0.01427 ,0.89820 ,0.95934 ,0.03909 ,1.23433 ,1.25815 ,0.00122 ,209,0.00553 ,0.18655 ,0.49342 
2090001 ,0.68880 ,0.68044 ,0.01324 ,0.90371 ,0.91232 ,0.01699 ,1.23433 ,1.30028 ,0.04373 ,210,-0.00009 ,0.19801 ,0.48763 
2100001 ,0.68880 ,0.74579 ,0.01568 ,0.90371 ,0.88132 ,0.00894 ,1.23984 ,1.31970 ,0.02416 ,211,-0.00472 ,0.17929 ,0.49738 
2110001 ,0.68880 ,0.67237 ,0.01893 ,0.90371 ,0.90023 ,0.01819 ,1.23984 ,1.29144 ,0.02702 ,212,-0.01239 ,0.18558 ,0.49041 
2120001 ,0.68880 ,0.70592 ,0.02709 ,0.90922 ,0.86783 ,0.01512 ,1.24535 ,1.33983 ,0.02136 ,213,0.01697 ,0.19083 ,0.50494 
2130001 ,0.69431 ,0.65167 ,0.00679 ,0.90922 ,0.94239 ,0.01717 ,1.24535 ,1.27549 ,0.02349 ,214,0.01015 ,0.16704 ,0.47321 
2140001 ,0.69431 ,0.72867 ,0.01400 ,0.90922 ,0.91653 ,0.00927 ,1.24535 ,1.26375 ,0.01820 ,215,0.00248 ,0.19476 ,0.47387 
2150001 ,0.69431 ,0.70475 ,0.01042 ,0.91473 ,0.88709 ,0.01510 ,1.25086 ,1.35645 ,0.01515 ,216,0.01143 ,0.19592 ,0.48046 
2160001 ,0.69982 ,0.67840 ,0.01105 ,0.91473 ,0.92769 ,0.00647 ,1.25086 ,1.36888 ,0.00900 ,217,0.01021 ,0.17728 ,0.48100 
2170001 ,0.69982 ,0.67815 ,0.01917 ,0.91473 ,0.91076 ,0.02024 ,1.25086 ,1.33726 ,0.01567 ,218,0.01980 ,0.19258 ,0.48759 
2180001 ,0.69982 ,0.70112 ,0.01229 ,0.92024 ,0.89725 ,0.01466 ,1.25086 ,1.26797 ,0.01434 ,219,0.01894 ,0.17830 ,0.49114 
2190001 ,0.69982 ,0.73398 ,0.03691 ,0.92024 ,0.87904 ,0.02209 ,1.25637 ,1.31281 ,0.01321 ,220,0.02854 ,0.20104 ,0.47309 
2200001 ,0.69982 ,0.69423 ,0.00745 ,0.92024 ,0.92389 ,0.01486 ,1.25637 ,1.31518 ,0.03349 ,221,0.02229 ,0.18103 ,0.48283 
2210001 ,0.70533 ,0.77438 ,0.00589 ,0.92024 ,0.90549 ,0.00489 ,1.26189 ,1.27778 ,0.01040 ,222,0.01340 ,0.17400 ,0.47587 
2220001 ,0.70533 ,0.70065 ,0.01078 ,0.92575 ,0.92231 ,0.02454 ,1.26189 ,1.37147 ,0.00244 ,223,0.01586 ,0.20542 ,0.47256 
2230001 ,0.70533 ,0.69981 ,0.01199 ,0.92575 ,0.89661 ,0.01511 ,1.26740 ,1.38533 ,0.01675 ,224,0.00082 ,0.20273 ,0.48230 
2240001 ,0.70533 ,0.76766 ,0.03540 ,0.92575 ,0.89231 ,0.00698 ,1.26740 ,1.33892 ,0.03797 ,225,0.01443 ,0.19646 ,0.48195 
2250001 ,0.70533 ,0.68485 ,0.00865 ,0.92575 ,0.89683 ,0.00082 ,1.26740 ,1.31120 ,0.00780 ,226,0.01511 ,0.20563 ,0.49196 
2260001 ,0.71084 ,0.72198 ,0.01287 ,0.93126 ,0.90825 ,0.01687 ,1.26740 ,1.35588 ,0.02424 ,227,0.00040 ,0.19237 ,0.48699 
2270001 ,0.71084 ,0.72423 ,0.00891 ,0.93126 ,0.93407 ,0.02660 ,1.27291 ,1.33216 ,0.01048 ,228,0.01070 ,0.18841 ,0.48806 
2280001 ,0.71635 ,0.69977 ,0.01259 ,0.93126 ,0.88956 ,0.00892 ,1.27291 ,1.28328 ,0.01052 ,229,0.01461 ,0.18812 ,0.49624 
2290001 ,0.71635 ,0.68982 ,0.00243 ,0.93677 ,0.89325 ,0.01509 ,1.27842 ,1.30847 ,0.02594 ,230,0.02491 ,0.19981 ,0.50354 
2300001 ,0.71635 ,0.70726 ,0.01349 ,0.93677 ,1.00893 ,0.02038 ,1.27842 ,1.42504 ,0.02407 ,231,0.01042 ,0.20278 ,0.50460 
2310001 ,0.71635 ,0.76082 ,0.00890 ,0.93677 ,0.99668 ,0.02942 ,1.27842 ,1.36271 ,0.02883 ,232,0.00469 ,0.21195 ,0.48998 
2320001 ,0.71635 ,0.72416 ,0.00262 ,0.94228 ,0.92540 ,0.02989 ,1.28393 ,1.37449 ,0.00899 ,233,0.00715 ,0.18124 ,0.47016 
2330001 ,0.72186 ,0.69799 ,0.02194 ,0.94228 ,0.93084 ,0.00731 ,1.28393 ,1.34932 ,0.04905 ,234,-0.00789 ,0.19654 ,0.47675 
2340001 ,0.72186 ,0.79739 ,0.04375 ,0.94228 ,1.00050 ,0.02774 ,1.28393 ,1.31525 ,0.01587 ,235,0.01993 ,0.18302 ,0.48030 
2350001 ,0.72186 ,0.71392 ,0.01457 ,0.94228 ,0.96989 ,0.02093 ,1.28944 ,1.30542 ,0.02275 ,236,0.02240 ,0.20576 ,0.49086 
2360001 ,0.72186 ,0.69215 ,0.02087 ,0.94779 ,0.92047 ,0.02524 ,1.28944 ,1.37155 ,0.02142 ,237,0.00851 ,0.19353 ,0.49816 
2370001 ,0.72186 ,0.79557 ,0.01551 ,0.94779 ,0.98688 ,0.01330 ,1.29495 ,1.38889 ,0.00620 ,238,0.00289 ,0.18957 ,0.49922 
2380001 ,0.72737 ,0.81257 ,0.02395 ,0.94779 ,0.91250 ,0.00439 ,1.29495 ,1.31613 ,0.01991 ,239,-0.00174 ,0.18928 ,0.49854 
2390001 ,0.72737 ,0.78427 ,0.00836 ,0.94779 ,1.00739 ,0.03243 ,1.29495 ,1.33710 ,0.03664 ,240,-0.00941 ,0.20097 ,0.49755 
2400001 ,0.72737 ,0.70948 ,0.01674 ,0.95330 ,0.92313 ,0.01833 ,1.29495 ,1.34590 ,0.00812 ,241,0.01995 ,0.20394 ,0.48881 
2410001 ,0.72737 ,0.76097 ,0.01078 ,0.95330 ,0.94670 ,0.01594 ,1.30046 ,1.39186 ,0.03349 ,242,0.01313 ,0.21311 ,0.49679 
2420001 ,0.73288 ,0.72155 ,0.02835 ,0.95330 ,0.99281 ,0.01612 ,1.30046 ,1.37279 ,0.02242 ,243,0.00546 ,0.18806 ,0.49007 
2430001 ,0.73288 ,0.72096 ,0.00836 ,0.95881 ,0.92088 ,0.02192 ,1.30597 ,1.30263 ,0.01429 ,244,0.01411 ,0.19333 ,0.48384 
2440001 ,0.73288 ,0.79557 ,0.01126 ,0.95881 ,0.93122 ,0.00045 ,1.30597 ,1.37391 ,0.02677 ,245,0.01695 ,0.19521 ,0.48511 
2450001 ,0.73288 ,0.75276 ,0.00494 ,0.95881 ,0.97250 ,0.01100 ,1.30597 ,1.37861 ,0.01041 ,246,0.02725 ,0.19818 ,0.49931 
2460001 ,0.73840 ,0.77565 ,0.01021 ,0.96432 ,0.90951 ,0.01594 ,1.31148 ,1.34848 ,0.03038 ,247,0.01276 ,0.20735 ,0.47911 
2470001 ,0.73840 ,0.75345 ,0.00438 ,0.96432 ,0.92616 ,0.03228 ,1.31148 ,1.35381 ,0.02257 ,248,0.02567 ,0.16567 ,0.47331 
2480001 ,0.73840 ,0.74322 ,0.01909 ,0.96432 ,1.00918 ,0.00845 ,1.31148 ,1.38069 ,0.00520 ,249,0.01885 ,0.16763 ,0.45878 
2490001 ,0.73840 ,0.78266 ,0.01824 ,0.96432 ,0.96253 ,0.02893 ,1.31699 ,1.32830 ,0.03751 ,250,0.01118 ,0.16532 ,0.47123 
2500001 ,0.73840 ,0.76067 ,0.01652 ,0.96983 ,0.93264 ,0.01357 ,1.31699 ,1.39398 ,0.01097 ,251,0.03168 ,0.18448 ,0.47604 
2510001 ,0.74391 ,0.81920 ,0.01912 ,0.96983 ,1.02332 ,0.01729 ,1.31699 ,1.40210 ,0.00525 ,252,0.01772 ,0.18140 ,0.48544 
2520001 ,0.74391 ,0.75567 ,0.02991 ,0.96983 ,0.95339 ,0.00553 ,1.32250 ,1.38957 ,0.01022 ,253,0.01498 ,0.17744 ,0.49545 
2530001 ,0.74391 ,0.73273 ,0.00998 ,0.96983 ,0.95523 ,0.01967 ,1.32250 ,1.34984 ,0.03058 ,254,0.01376 ,0.19016 ,0.49048 
2540001 ,0.74942 ,0.82573 ,0.02584 ,0.97534 ,0.93623 ,0.01514 ,1.32801 ,1.39934 ,0.02030 ,255,0.02335 ,0.18786 ,0.49155 
2550001 ,0.74942 ,0.74180 ,0.01549 ,0.97534 ,1.00019 ,0.01987 ,1.32801 ,1.33721 ,0.01214 ,256,0.02007 ,0.18881 ,0.49296 
2560001 ,0.74942 ,0.85990 ,0.01221 ,0.97534 ,0.93179 ,0.02215 ,1.32801 ,1.36465 ,0.01116 ,257,0.01885 ,0.18485 ,0.49912 
2570001 ,0.74942 ,0.80730 ,0.02311 ,0.97534 ,0.95124 ,0.00712 ,1.33352 ,1.41260 ,0.00102 ,258,0.02844 ,0.19726 ,0.49184 
2580001 ,0.74942 ,0.72757 ,0.01508 ,0.98085 ,0.95141 ,0.01677 ,1.33352 ,1.43502 ,0.00915 ,259,0.02758 ,0.17981 ,0.47178 
2590001 ,0.75493 ,0.78928 ,0.01908 ,0.98085 ,0.97433 ,0.01742 ,1.33352 ,1.36320 ,0.02005 ,260,0.03718 ,0.17277 ,0.47305 
2600001 ,0.75493 ,0.80508 ,0.01654 ,0.98085 ,1.03866 ,0.01714 ,1.33352 ,1.44591 ,0.01338 ,261,0.03093 ,0.20157 ,0.48725 
2610001 ,0.75493 ,0.76385 ,0.01388 ,0.98636 ,0.95583 ,0.00744 ,1.33903 ,1.44314 ,0.00620 ,262,-0.00407 ,0.19761 ,0.49776 
2620001 ,0.75493 ,0.78408 ,0.01717 ,0.98636 ,0.96015 ,0.01745 ,1.33903 ,1.34745 ,0.01784 ,263,-0.00013 ,0.19732 ,0.48522 
2630001 ,0.75493 ,0.78586 ,0.02930 ,0.98636 ,0.95738 ,0.01049 ,1.33903 ,1.45986 ,0.02190 ,264,0.00194 ,0.18259 ,0.48145 
2640001 ,0.76044 ,0.75241 ,0.02283 ,0.98636 ,0.96862 ,0.01273 ,1.34454 ,1.42418 ,0.00572 ,265,0.00440 ,0.18028 ,0.47476 
2650001 ,0.76044 ,0.80652 ,0.01202 ,0.99187 ,0.98320 ,0.01851 ,1.34454 ,1.42773 ,0.00219 ,266,-0.00303 ,0.18124 ,0.48652 
2660001 ,0.76044 ,0.74071 ,0.02179 ,0.99187 ,1.02040 ,0.03590 ,1.34454 ,1.37077 ,0.02115 ,267,-0.00295 ,0.18830 ,0.50105 
2670001 ,0.76595 ,0.79457 ,0.04351 ,0.99187 ,0.96163 ,0.01635 ,1.35005 ,1.36474 ,0.02712 ,268,0.00099 ,0.18969 ,0.50317 
2680001 ,0.76595 ,0.75803 ,0.01167 ,0.99187 ,1.04501 ,0.03344 ,1.35005 ,1.40006 ,0.01812 ,269,0.00306 ,0.19686 ,0.48765 
2690001 ,0.76595 ,0.74815 ,0.01629 ,0.99739 ,0.97658 ,0.02511 ,1.35005 ,1.42372 ,0.00942 ,270,0.00552 ,0.19290 ,0.49365 
2700001 ,0.76595 ,0.81218 ,0.02789 ,0.99739 ,0.95393 ,0.01230 ,1.35556 ,1.46063 ,0.00398 ,271,0.01279 ,0.19261 ,0.47071 
2710001 ,0.76595 ,0.83739 ,0.03095 ,0.99739 ,1.02623 ,0.00445 ,1.35556 ,1.46219 ,0.00832 ,272,0.01696 ,0.20061 ,0.47871 
2720001 ,0.77146 ,0.76331 ,0.01888 ,1.00290 ,0.98995 ,0.00315 ,1.36107 ,1.40397 ,0.00892 ,273,-0.00589 ,0.20199 ,0.47604 
2730001 ,0.77146 ,0.71479 ,0.02108 ,1.00290 ,1.02790 ,0.01412 ,1.36107 ,1.39966 ,0.01922 ,274,-0.00093 ,0.16466 ,0.47964 
2740001 ,0.77146 ,0.77396 ,0.02097 ,1.00290 ,1.02750 ,0.00856 ,1.36107 ,1.43424 ,0.02377 ,275,0.01349 ,0.16661 ,0.49719 
2750001 ,0.77146 ,0.87974 ,0.01253 ,1.00290 ,0.96504 ,0.01591 ,1.36107 ,1.40484 ,0.02539 ,276,0.01596 ,0.16430 ,0.48583 
2760001 ,0.77146 ,0.84995 ,0.02150 ,1.00841 ,0.97916 ,0.00432 ,1.36658 ,1.45959 ,0.00778 ,277,0.03156 ,0.18346 ,0.49986 
2770001 ,0.77146 ,0.80228 ,0.00786 ,1.00841 ,0.98335 ,0.00504 ,1.36658 ,1.47198 ,0.01764 ,278,0.03572 ,0.18038 ,0.49777 
2780001 ,0.77697 ,0.82612 ,0.00930 ,1.00841 ,1.02197 ,0.02836 ,1.36658 ,1.38285 ,0.01764 ,279,0.00386 ,0.17642 ,0.50858 
2790001 ,0.77697 ,0.78127 ,0.01331 ,1.00841 ,1.02089 ,0.01928 ,1.37209 ,1.39864 ,0.02835 ,280,0.02949 ,0.18914 ,0.47372 
2800001 ,0.77697 ,0.77871 ,0.00417 ,1.01392 ,1.00770 ,0.02258 ,1.37209 ,1.45309 ,0.01181 ,281,0.03365 ,0.18684 ,0.46792 
2810001 ,0.78248 ,0.76506 ,0.01675 ,1.01392 ,1.04222 ,0.01639 ,1.37760 ,1.41404 ,0.00735 ,282,0.03747 ,0.18779 ,0.47766 
2820001 ,0.78248 ,0.77866 ,0.00485 ,1.01392 ,1.05499 ,0.01763 ,1.37760 ,1.38161 ,0.02146 ,283,0.03266 ,0.18383 ,0.48352 
2830001 ,0.78248 ,0.78769 ,0.01134 ,1.01392 ,1.03024 ,0.02970 ,1.37760 ,1.47027 ,0.00681 ,284,0.04655 ,0.19624 ,0.47216 
2840001 ,0.78248 ,0.78522 ,0.00368 ,1.01943 ,0.98187 ,0.02402 ,1.38311 ,1.40134 ,0.01838 ,285,0.02199 ,0.17673 ,0.48619 
2850001 ,0.78248 ,0.79854 ,0.01520 ,1.01943 ,1.06652 ,0.02458 ,1.38311 ,1.44864 ,0.01444 ,286,0.01637 ,0.17530 ,0.48410 
2860001 ,0.78799 ,0.85557 ,0.01271 ,1.01943 ,1.01232 ,0.00738 ,1.38311 ,1.47456 ,0.01530 ,287,0.03283 ,0.17721 ,0.49055 
2870001 ,0.78799 ,0.77941 ,0.02566 ,1.01943 ,1.05327 ,0.02409 ,1.38311 ,1.37664 ,0.01083 ,288,0.01583 ,0.17270 ,0.48109 
2880001 ,0.78799 ,0.82912 ,0.01852 ,1.02494 ,1.00971 ,0.02431 ,1.38862 ,1.47599 ,0.02480 ,289,0.01790 ,0.18390 ,0.49512 
2890001 ,0.78799 ,0.79943 ,0.00886 ,1.02494 ,1.04992 ,0.01177 ,1.38862 ,1.46434 ,0.02984 ,290,0.02036 ,0.19403 ,0.49778 
2900001 ,0.78799 ,0.80224 ,0.02702 ,1.02494 ,1.06554 ,0.01064 ,1.39413 ,1.47931 ,0.04269 ,291,0.02022 ,0.19134 ,0.50780 
2910001 ,0.79350 ,0.76926 ,0.01965 ,1.03045 ,0.99703 ,0.02084 ,1.39413 ,1.44143 ,0.01449 ,292,0.02518 ,0.18010 ,0.49382 
2920001 ,0.79350 ,0.79598 ,0.01186 ,1.03045 ,1.02008 ,0.01477 ,1.39413 ,1.46632 ,0.02038 ,293,0.02075 ,0.19568 ,0.49193 
2930001 ,0.79350 ,0.81899 ,0.00528 ,1.03045 ,1.05764 ,0.02747 ,1.39964 ,1.39347 ,0.01852 ,294,0.03464 ,0.19338 ,0.50582 
2940001 ,0.79350 ,0.84168 ,0.02958 ,1.03045 ,1.02680 ,0.01428 ,1.39964 ,1.43901 ,0.01204 ,295,0.02187 ,0.20880 ,0.48975 
2950001 ,0.79901 ,0.88540 ,0.03451 ,1.03596 ,1.01441 ,0.03186 ,1.39964 ,1.51018 ,0.03338 ,296,0.03146 ,0.20611 ,0.49304 
2960001 ,0.79901 ,0.74955 ,0.00801 ,1.03596 ,1.06580 ,0.02746 ,1.39964 ,1.46881 ,0.00694 ,297,0.04172 ,0.18931 ,0.49517 
2970001 ,0.79901 ,0.81918 ,0.01931 ,1.03596 ,0.98499 ,0.01430 ,1.40515 ,1.48667 ,0.02731 ,298,0.03691 ,0.19538 ,0.47770 
2980001 ,0.79901 ,0.81703 ,0.00498 ,1.03596 ,1.03359 ,0.01894 ,1.40515 ,1.42499 ,0.01692 ,299,0.05080 ,0.20340 ,0.48430 
2990001 ,0.79901 ,0.80657 ,0.00449 ,1.04147 ,1.01389 ,0.00947 ,1.40515 ,1.45561 ,0.01979 ,300,0.02624 ,0.19398 ,0.48785 
3000001 ,0.80452 ,0.78340 ,0.02272 ,1.04147 ,0.98594 ,0.00611 ,1.41067 ,1.42112 ,0.02464 ,301,0.02062 ,0.17535 ,0.50495 
3010001 ,0.80452 ,0.80176 ,0.03178 ,1.04147 ,1.08342 ,0.00686 ,1.41067 ,1.44571 ,0.01470 ,302,0.03708 ,0.17227 ,0.48557 
3020001 ,0.80452 ,0.84863 ,0.00566 ,1.04147 ,1.09577 ,0.02560 ,1.41067 ,1.43912 ,0.01106 ,303,0.03869 ,0.16831 ,0.49733 
3030001 ,0.80452 ,0.79472 ,0.01586 ,1.04698 ,0.98888 ,0.00230 ,1.41618 ,1.44402 ,0.02801 ,304,0.04116 ,0.17391 ,0.50857 
3040001 ,0.80452 ,0.81374 ,0.01103 ,1.04698 ,1.07325 ,0.02328 ,1.41618 ,1.50202 ,0.01607 ,305,0.02727 ,0.18268 ,0.51186 
3050001 ,0.81003 ,0.79262 ,0.01507 ,1.04698 ,1.09842 ,0.03820 ,1.41618 ,1.47351 ,0.01778 ,306,0.02165 ,0.17816 ,0.51399 
3060001 ,0.81003 ,0.79715 ,0.02829 ,1.05249 ,1.00122 ,0.01034 ,1.42169 ,1.48310 ,0.01413 ,307,0.01702 ,0.18743 ,0.47494 
3070001 ,0.81003 ,0.84539 ,0.01103 ,1.05249 ,1.02060 ,0.02111 ,1.42169 ,1.44659 ,0.00662 ,308,0.00935 ,0.18474 ,0.46914 
3080001 ,0.81003 ,0.75539 ,0.00265 ,1.05249 ,1.03049 ,0.00958 ,1.42169 ,1.44950 ,0.01643 ,309,0.03162 ,0.17350 ,0.47888 
3090001 ,0.81554 ,0.81661 ,0.02854 ,1.05249 ,1.04946 ,0.01684 ,1.42720 ,1.52152 ,0.03875 ,310,0.04121 ,0.18878 ,0.48473 
3100001 ,0.81554 ,0.83113 ,0.02499 ,1.05800 ,1.00740 ,0.01387 ,1.42720 ,1.53854 ,0.02696 ,311,0.03497 ,0.18482 ,0.47337 
3110001 ,0.81554 ,0.80097 ,0.02005 ,1.05800 ,1.01683 ,0.00606 ,1.42720 ,1.57653 ,0.01436 ,312,-0.00607 ,0.19974 ,0.48740 
3120001 ,0.81554 ,0.86501 ,0.00479 ,1.05800 ,1.05938 ,0.00906 ,1.43271 ,1.50167 ,0.01172 ,313,-0.00735 ,0.19705 ,0.48531 
3130001 ,0.81554 ,0.83067 ,0.01898 ,1.05800 ,1.06283 ,0.01600 ,1.43271 ,1.45324 ,0.01999 ,314,0.01827 ,0.19078 ,0.49177 
3140001 ,0.81554 ,0.82565 ,0.00917 ,1.05800 ,1.04533 ,0.01520 ,1.43271 ,1.50527 ,0.00616 ,315,0.02244 ,0.19995 ,0.48230 
3150001 ,0.82105 ,0.79932 ,0.04097 ,1.06351 ,1.05196 ,0.01183 ,1.43271 ,1.53476 ,0.00735 ,316,0.02626 ,0.19557 ,0.49634 
3160001 ,0.82105 ,0.87251 ,0.01474 ,1.06351 ,1.07689 ,0.00871 ,1.43822 ,1.52239 ,0.01587 ,317,0.02145 ,0.18362 ,0.49900 
3170001 ,0.82105 ,0.91159 ,0.00738 ,1.06351 ,1.03932 ,0.00465 ,1.43822 ,1.51753 ,0.00925 ,318,0.03534 ,0.18131 ,0.50901 
3180001 ,0.82105 ,0.79159 ,0.02400 ,1.06902 ,1.05866 ,0.02485 ,1.44373 ,1.56192 ,0.00386 ,319,0.01078 ,0.18226 ,0.49503 
3190001 ,0.82656 ,0.79833 ,0.00257 ,1.06902 ,1.03056 ,0.01916 ,1.44373 ,1.53179 ,0.02462 ,320,0.00516 ,0.18933 ,0.49314 
3200001 ,0.82656 ,0.78566 ,0.01438 ,1.06902 ,1.07948 ,0.01312 ,1.44373 ,1.59768 ,0.02191 ,321,0.02162 ,0.19071 ,0.50703 
3210001 ,0.82656 ,0.87404 ,0.00837 ,1.06902 ,1.11589 ,0.03113 ,1.44373 ,1.58715 ,0.02693 ,322,0.02568 ,0.19199 ,0.48279 
3220001 ,0.82656 ,0.92313 ,0.02515 ,1.07453 ,1.04479 ,0.03296 ,1.44924 ,1.52948 ,0.02669 ,323,0.02087 ,0.18968 ,0.49361 
3230001 ,0.83207 ,0.78847 ,0.02480 ,1.07453 ,1.04889 ,0.02009 ,1.44924 ,1.55304 ,0.02694 ,324,0.03476 ,0.20510 ,0.49690 
3240001 ,0.83207 ,0.81535 ,0.02242 ,1.07453 ,1.08282 ,0.02723 ,1.44924 ,1.47838 ,0.01650 ,325,0.01020 ,0.20241 ,0.49903 
3250001 ,0.83207 ,0.82538 ,0.01600 ,1.07453 ,1.11671 ,0.01837 ,1.44924 ,1.45357 ,0.02226 ,326,0.00458 ,0.18561 ,0.47256 
3260001 ,0.83207 ,0.82873 ,0.01482 ,1.08004 ,1.09346 ,0.01566 ,1.45475 ,1.49131 ,0.02080 ,327,0.02105 ,0.19168 ,0.48230 
3270001 ,0.83207 ,0.86534 ,0.01320 ,1.08004 ,1.07384 ,0.02166 ,1.45475 ,1.52150 ,0.00556 ,328,0.01759 ,0.18824 ,0.48195 
3280001 ,0.83758 ,0.83800 ,0.01303 ,1.08004 ,1.04839 ,0.02961 ,1.46026 ,1.53224 ,0.03646 ,329,-0.00308 ,0.18428 ,0.48700 
3290001 ,0.83758 ,0.89100 ,0.01494 ,1.08004 ,1.10118 ,0.01839 ,1.46026 ,1.50598 ,0.03824 ,330,0.02395 ,0.19920 ,0.48806 
3300001 ,0.83758 ,0.81745 ,0.00970 ,1.08555 ,1.06891 ,0.00694 ,1.46026 ,1.46984 ,0.02701 ,331,0.03269 ,0.19651 ,0.49119 
3310001 ,0.83758 ,0.86597 ,0.01621 ,1.08555 ,1.04754 ,0.01967 ,1.46577 ,1.50161 ,0.03045 ,332,0.00680 ,0.19024 ,0.49779 
3320001 ,0.83758 ,0.79906 ,0.01937 ,1.08555 ,1.11105 ,0.00634 ,1.46577 ,1.48779 ,0.02145 ,333,0.00887 ,0.19941 ,0.49616 
3330001 ,0.83758 ,0.88789 ,0.00333 ,1.08555 ,1.10421 ,0.00191 ,1.46577 ,1.49597 ,0.01848 ,334,0.01133 ,0.20910 ,0.50488 
3340001 ,0.84309 ,0.84701 ,0.00451 ,1.09106 ,1.06561 ,0.00456 ,1.46577 ,1.52378 ,0.00977 ,335,0.01119 ,0.19497 ,0.50825 
3350001 ,0.84309 ,0.85513 ,0.01627 ,1.09106 ,1.12117 ,0.02470 ,1.47128 ,1.54632 ,0.03429 ,336,0.01615 ,0.20444 ,0.50586 
3360001 ,0.84309 ,0.85389 ,0.01597 ,1.09106 ,1.04335 ,0.00673 ,1.47128 ,1.54348 ,0.01981 ,337,0.01172 ,0.21361 ,0.50118 
3370001 ,0.84309 ,0.90148 ,0.00370 ,1.09106 ,1.12100 ,0.00644 ,1.47128 ,1.55456 ,0.00721 ,338,0.02561 ,0.18567 ,0.50399 
3380001 ,0.84860 ,0.80983 ,0.01278 ,1.09657 ,1.12294 ,0.02187 ,1.47679 ,1.51050 ,0.01730 ,339,0.01284 ,0.19144 ,0.50487 
3390001 ,0.84860 ,0.84750 ,0.00228 ,1.09657 ,1.09652 ,0.02708 ,1.47679 ,1.55411 ,0.02475 ,340,0.02243 ,0.18099 ,0.51217 
3400001 ,0.84860 ,0.84501 ,0.02349 ,1.09657 ,1.10899 ,0.01439 ,1.47679 ,1.55792 ,0.01453 ,341,0.03268 ,0.17792 ,0.51323 
3410001 ,0.84860 ,0.83693 ,0.01491 ,1.09657 ,1.11383 ,0.02577 ,1.48230 ,1.56622 ,0.01939 ,342,0.02787 ,0.17396 ,0.47035 
3420001 ,0.84860 ,0.93419 ,0.03067 ,1.10208 ,1.10592 ,0.01490 ,1.48230 ,1.47776 ,0.01465 ,343,0.04177 ,0.20276 ,0.48128 
3430001 ,0.85411 ,0.85878 ,0.02272 ,1.10208 ,1.13414 ,0.03380 ,1.48230 ,1.55853 ,0.00544 ,344,0.01720 ,0.19880 ,0.47548 
3440001 ,0.85411 ,0.89989 ,0.01409 ,1.10208 ,1.09238 ,0.01961 ,1.48781 ,1.55949 ,0.03348 ,345,0.01158 ,0.19851 ,0.45926 
3450001 ,0.85411 ,0.87122 ,0.01647 ,1.10208 ,1.07520 ,0.01917 ,1.48781 ,1.57039 ,0.01317 ,346,0.02805 ,0.17796 ,0.46285 
3460001 ,0.85411 ,0.85676 ,0.01199 ,1.10759 ,1.10868 ,0.02166 ,1.48781 ,1.54058 ,0.02757 ,347,0.02966 ,0.17959 ,0.47355 
3470001 ,0.85411 ,0.86863 ,0.04195 ,1.10759 ,1.09851 ,0.01597 ,1.49332 ,1.49663 ,0.03282 ,348,0.03213 ,0.18836 ,0.48041 
3480001 ,0.85411 ,0.85798 ,0.01589 ,1.10759 ,1.06268 ,0.00892 ,1.49332 ,1.54304 ,0.01936 ,349,0.01824 ,0.18384 ,0.48107 
3490001 ,0.85962 ,0.90870 ,0.00446 ,1.10759 ,1.08695 ,0.00784 ,1.49332 ,1.50171 ,0.02440 ,350,0.01262 ,0.19311 ,0.48767 
3500001 ,0.85962 ,0.87445 ,0.01949 ,1.11310 ,1.06994 ,0.02065 ,1.49332 ,1.61412 ,0.00358 ,351,0.00799 ,0.19042 ,0.49969 
3510001 ,0.85962 ,0.91230 ,0.02327 ,1.11310 ,1.05967 ,0.00744 ,1.49883 ,1.53021 ,0.00691 ,352,0.00032 ,0.17919 ,0.47082 
3520001 ,0.85962 ,0.87622 ,0.01417 ,1.11310 ,1.07572 ,0.01741 ,1.49883 ,1.55905 ,0.00723 ,353,0.02259 ,0.19446 ,0.46502 
3530001 ,0.86513 ,0.78273 ,0.01992 ,1.11310 ,1.07245 ,0.01113 ,1.49883 ,1.56272 ,0.02186 ,354,0.03218 ,0.19050 ,0.47926 
3540001 ,0.86513 ,0.93429 ,0.00600 ,1.11861 ,1.09734 ,0.03518 ,1.50434 ,1.57976 ,0.01250 ,355,0.02594 ,0.20125 ,0.47992 
3550001 ,0.86513 ,0.87182 ,0.01970 ,1.11861 ,1.11538 ,0.02234 ,1.50434 ,1.56838 ,0.01376 ,356,0.02866 ,0.18454 ,0.48802 
3560001 ,0.86513 ,0.92300 ,0.02871 ,1.11861 ,1.15710 ,0.01993 ,1.50434 ,1.58558 ,0.00528 ,357,0.02385 ,0.18058 ,0.49445 
3570001 ,0.86513 ,0.88677 ,0.00439 ,1.11861 ,1.12515 ,0.01246 ,1.50985 ,1.58746 ,0.01947 ,358,0.03774 ,0.19550 ,0.49645 
3580001 ,0.87064 ,0.84478 ,0.02577 ,1.12412 ,1.09635 ,0.02206 ,1.50985 ,1.61972 ,0.04611 ,359,0.01318 ,0.19281 ,0.47878 
3590001 ,0.87064 ,0.87162 ,0.02939 ,1.12412 ,1.15710 ,0.01750 ,1.50985 ,1.55974 ,0.00607 ,360,0.00756 ,0.18655 ,0.48971 
3600001 ,0.87064 ,0.92206 ,0.02469 ,1.12412 ,1.14534 ,0.03047 ,1.50985 ,1.60101 ,0.02203 ,361,0.02403 ,0.19571 ,0.48391 
3610001 ,0.87064 ,0.82646 ,0.01299 ,1.12412 ,1.18943 ,0.03536 ,1.51536 ,1.51544 ,0.01195 ,362,0.02057 ,0.19343 ,0.45744 
3620001 ,0.87064 ,0.89668 ,0.01416 ,1.12412 ,1.14068 ,0.00399 ,1.51536 ,1.58643 ,0.00249 ,363,-0.00010 ,0.18656 ,0.46990 
3630001 ,0.87064 ,0.97461 ,0.01827 ,1.12963 ,1.06878 ,0.01579 ,1.51536 ,1.55890 ,0.02367 ,364,0.02693 ,0.18425 ,0.47676 
3640001 ,0.87615 ,0.92588 ,0.00121 ,1.12963 ,1.09283 ,0.00221 ,1.52087 ,1.53107 ,0.02929 ,365,0.02629 ,0.18520 ,0.48476 
3650001 ,0.87615 ,0.84226 ,0.00840 ,1.12963 ,1.14924 ,0.00957 ,1.52087 ,1.65579 ,0.00976 ,366,0.00562 ,0.19227 ,0.47198 
3660001 ,0.87615 ,0.86723 ,0.03134 ,1.12963 ,1.21018 ,0.01657 ,1.52087 ,1.62421 ,0.00780 ,367,0.03854 ,0.19365 ,0.48601 
3670001 ,0.87615 ,0.89483 ,0.03482 ,1.13514 ,1.16439 ,0.03292 ,1.52639 ,1.55987 ,0.00949 ,368,0.04813 ,0.20082 ,0.47913 
3680001 ,0.88166 ,0.89733 ,0.01893 ,1.13514 ,1.10295 ,0.01749 ,1.52639 ,1.61360 ,0.01372 ,369,0.02925 ,0.19686 ,0.48573 
3690001 ,0.88166 ,0.92898 ,0.01708 ,1.13514 ,1.12076 ,0.00993 ,1.52639 ,1.56542 ,0.00907 ,370,0.02158 ,0.19658 ,0.47859 
3700001 ,0.88166 ,0.91958 ,0.02095 ,1.14065 ,1.13836 ,0.01869 ,1.53189 ,1.55961 ,0.02426 ,371,0.03815 ,0.20458 ,0.49105 
3710001 ,0.88166 ,0.88931 ,0.02618 ,1.14065 ,1.12807 ,0.01384 ,1.53189 ,1.55488 ,0.02344 ,372,0.01748 ,0.20596 ,0.49884 
3720001 ,0.88166 ,0.94878 ,0.00625 ,1.14065 ,1.11843 ,0.01598 ,1.53189 ,1.55177 ,0.01891 ,373,0.02234 ,0.18834 ,0.50527 
3730001 ,0.88166 ,0.82569 ,0.01480 ,1.14065 ,1.15590 ,0.03266 ,1.53189 ,1.67153 ,0.02186 ,374,0.03193 ,0.18603 ,0.51187 
3740001 ,0.88718 ,0.88742 ,0.02074 ,1.14065 ,1.10369 ,0.00492 ,1.53740 ,1.65652 ,0.03329 ,375,0.02568 ,0.18698 ,0.51399 
3750001 ,0.88718 ,0.94441 ,0.02299 ,1.14616 ,1.17920 ,0.03141 ,1.53740 ,1.57829 ,0.02143 ,376,0.03297 ,0.19405 ,0.50728 
3760001 ,0.88718 ,0.84544 ,0.02269 ,1.14616 ,1.13319 ,0.02386 ,1.53740 ,1.60169 ,0.01154 ,377,0.04133 ,0.19543 ,0.47082 
3770001 ,0.88718 ,0.87074 ,0.02834 ,1.14616 ,1.15725 ,0.03220 ,1.54291 ,1.65301 ,0.01819 ,378,0.03286 ,0.19671 ,0.47679 
3780001 ,0.88718 ,0.89407 ,0.01681 ,1.14616 ,1.10268 ,0.01282 ,1.54291 ,1.60898 ,0.01389 ,379,0.04245 ,0.19440 ,0.48479 
3790001 ,0.89269 ,0.94730 ,0.01932 ,1.15168 ,1.10273 ,0.00744 ,1.54291 ,1.63225 ,0.01103 ,380,0.03620 ,0.20982 ,0.47201 
3800001 ,0.89269 ,0.93876 ,0.01821 ,1.15168 ,1.13110 ,0.01680 ,1.54291 ,1.59519 ,0.02373 ,381,0.04349 ,0.20713 ,0.48604 
3810001 ,0.89269 ,0.94284 ,0.00948 ,1.15168 ,1.10478 ,0.01408 ,1.54842 ,1.56156 ,0.01578 ,382,-0.00072 ,0.19033 ,0.47916 
3820001 ,0.89269 ,0.87897 ,0.02216 ,1.15168 ,1.20545 ,0.00638 ,1.54842 ,1.60179 ,0.01750 ,383,0.00424 ,0.19640 ,0.48576 
3830001 ,0.89820 ,0.92049 ,0.03305 ,1.15719 ,1.09916 ,0.02564 ,1.54842 ,1.61627 ,0.01404 ,384,0.00834 ,0.19296 ,0.50447 
3840001 ,0.89820 ,0.90813 ,0.00327 ,1.15719 ,1.17335 ,0.00554 ,1.55393 ,1.57795 ,0.01991 ,385,0.01759 ,0.18900 ,0.49501 
3850001 ,0.89820 ,0.90923 ,0.01797 ,1.15719 ,1.17694 ,0.00136 ,1.55393 ,1.62031 ,0.02250 ,386,0.00288 ,0.20392 ,0.50904 
3860001 ,0.89820 ,0.84547 ,0.01019 ,1.15719 ,1.16595 ,0.02153 ,1.55393 ,1.63160 ,0.02334 ,387,0.01318 ,0.20123 ,0.51170 
3870001 ,0.89820 ,0.93384 ,0.02003 ,1.16270 ,1.11716 ,0.01617 ,1.55944 ,1.63962 ,0.01351 ,388,0.01574 ,0.19496 ,0.52172 
3880001 ,0.89820 ,0.84522 ,0.00176 ,1.16270 ,1.17291 ,0.00731 ,1.55944 ,1.66383 ,0.03681 ,389,0.00856 ,0.20413 ,0.50774 
3890001 ,0.90371 ,0.90163 ,0.02742 ,1.16270 ,1.17212 ,0.02092 ,1.55944 ,1.63960 ,0.02192 ,390,0.01062 ,0.21382 ,0.49721 
3900001 ,0.90371 ,0.92343 ,0.02463 ,1.16270 ,1.11327 ,0.01996 ,1.55944 ,1.59910 ,0.01717 ,391,0.01309 ,0.19969 ,0.50381 
3910001 ,0.90371 ,0.94767 ,0.03976 ,1.16821 ,1.21743 ,0.01494 ,1.56496 ,1.60777 ,0.01031 ,392,0.02388 ,0.20916 ,0.50736 
3920001 ,0.90371 ,0.90645 ,0.01600 ,1.16821 ,1.14048 ,0.01453 ,1.56496 ,1.59388 ,0.01503 ,393,0.00916 ,0.21833 ,0.46492 
3930001 ,0.90371 ,0.96937 ,0.01697 ,1.16821 ,1.11823 ,0.00787 ,1.56496 ,1.63924 ,0.02072 ,394,0.01946 ,0.18570 ,0.47738 
3940001 ,0.90371 ,0.87335 ,0.00551 ,1.16821 ,1.16221 ,0.01282 ,1.56496 ,1.65215 ,0.02078 ,395,0.03374 ,0.18174 ,0.48219 
3950001 ,0.90922 ,0.95158 ,0.04505 ,1.16821 ,1.16376 ,0.02019 ,1.57047 ,1.67777 ,0.02482 ,396,0.03621 ,0.19666 ,0.49158 
3960001 ,0.90922 ,0.84232 ,0.01113 ,1.17372 ,1.17680 ,0.00480 ,1.57047 ,1.61028 ,0.01626 ,397,0.02278 ,0.19397 ,0.49662 
3970001 ,0.90922 ,0.85529 ,0.01458 ,1.17372 ,1.13968 ,0.00811 ,1.57598 ,1.62165 ,0.02069 ,398,0.03308 ,0.18770 ,0.49769 
3980001 ,0.90922 ,0.98451 ,0.00412 ,1.17372 ,1.22061 ,0.01167 ,1.57598 ,1.66842 ,0.02862 ,399,0.01697 ,0.19687 ,0.50526 
3990001 ,0.91473 ,0.99889 ,0.02232 ,1.17372 ,1.20569 ,0.01702 ,1.57598 ,1.60483 ,0.03188 ,400,0.02656 ,0.19610 ,0.48001 
4000001 ,0.91473 ,0.85801 ,0.01002 ,1.17923 ,1.17194 ,0.02117 ,1.57598 ,1.68711 ,0.02740 ,401,0.02799 ,0.19748 ,0.48645 
4010001 ,0.91473 ,0.97907 ,0.00755 ,1.17923 ,1.15185 ,0.02391 ,1.58149 ,1.63309 ,0.00655 ,402,0.01161 ,0.20139 ,0.48845 
4020001 ,0.91473 ,0.83994 ,0.00853 ,1.17923 ,1.25243 ,0.01648 ,1.58149 ,1.69419 ,0.03081 ,403,0.02550 ,0.18726 ,0.49823 
4030001 ,0.91473 ,1.00026 ,0.02454 ,1.17923 ,1.20156 ,0.02154 ,1.58149 ,1.61790 ,0.02306 ,404,0.01593 ,0.19673 ,0.50440 
4040001 ,0.92024 ,0.90395 ,0.01944 ,1.18474 ,1.12199 ,0.02310 ,1.58149 ,1.64266 ,0.00086 ,405,0.02623 ,0.20590 ,0.49064 
4050001 ,0.92024 ,0.97709 ,0.00888 ,1.18474 ,1.16048 ,0.01864 ,1.58700 ,1.68677 ,0.01704 ,406,0.01473 ,0.20043 ,0.47040 
4060001 ,0.92024 ,0.98571 ,0.01383 ,1.18474 ,1.18819 ,0.02590 ,1.58700 ,1.63680 ,0.04384 ,407,0.01970 ,0.20620 ,0.47638 
4070001 ,0.92024 ,1.00304 ,0.02383 ,1.18474 ,1.12063 ,0.00433 ,1.58700 ,1.64629 ,0.01086 ,408,0.01526 ,0.20109 ,0.48437 
4080001 ,0.92024 ,0.95991 ,0.01406 ,1.19025 ,1.12783 ,0.01020 ,1.59251 ,1.65713 ,0.03904 ,409,0.02916 ,0.19588 ,0.47160 
4090001 ,0.92024 ,0.91449 ,0.01936 ,1.19025 ,1.14059 ,0.01929 ,1.59251 ,1.62162 ,0.01367 ,410,0.01638 ,0.17673 ,0.48563 
4100001 ,0.92024 ,0.93210 ,0.01531 ,1.19025 ,1.17918 ,0.01781 ,1.59251 ,1.65153 ,0.02859 ,411,0.02597 ,0.19486 ,0.47875 
4110001 ,0.92575 ,0.93982 ,0.01087 ,1.19025 ,1.14998 ,0.02015 ,1.59802 ,1.67857 ,0.03309 ,412,0.03429 ,0.16180 ,0.48535 
4120001 ,0.92575 ,0.90533 ,0.01444 ,1.19025 ,1.26064 ,0.03318 ,1.59802 ,1.66769 ,0.03039 ,413,0.03676 ,0.16375 ,0.50406 
4130001 ,0.92575 ,0.96679 ,0.01189 ,1.19576 ,1.19166 ,0.01786 ,1.59802 ,1.64079 ,0.03394 ,414,0.02334 ,0.16145 ,0.49460 
4140001 ,0.92575 ,0.97461 ,0.01922 ,1.19576 ,1.16718 ,0.00767 ,1.59802 ,1.60811 ,0.01858 ,415,0.03363 ,0.18251 ,0.50863 
4150001 ,0.92575 ,0.87987 ,0.00736 ,1.19576 ,1.16233 ,0.01189 ,1.60353 ,1.67844 ,0.01083 ,416,0.01752 ,0.18050 ,0.51129 
4160001 ,0.93126 ,0.91485 ,0.01339 ,1.19576 ,1.14463 ,0.02397 ,1.60353 ,1.70971 ,0.02361 ,417,0.02711 ,0.18928 ,0.52130 
4170001 ,0.93126 ,0.99092 ,0.01734 ,1.20127 ,1.21812 ,0.01363 ,1.60353 ,1.66717 ,0.02355 ,418,0.00954 ,0.18476 ,0.50732 
4180001 ,0.93126 ,0.92142 ,0.03002 ,1.20127 ,1.17020 ,0.01164 ,1.60904 ,1.69424 ,0.05230 ,419,0.02343 ,0.20202 ,0.49680 
4190001 ,0.93126 ,1.01583 ,0.02218 ,1.20127 ,1.15734 ,0.00398 ,1.60904 ,1.70072 ,0.00434 ,420,0.01387 ,0.20772 ,0.50339 
4200001 ,0.93126 ,0.97565 ,0.01394 ,1.20127 ,1.22439 ,0.02270 ,1.60904 ,1.69486 ,0.01543 ,421,0.02417 ,0.19370 ,0.50694 
4210001 ,0.93677 ,0.90338 ,0.02096 ,1.20678 ,1.16089 ,0.02621 ,1.60904 ,1.68634 ,0.01520 ,422,0.02133 ,0.19509 ,0.46051 
4220001 ,0.93677 ,0.95040 ,0.00862 ,1.20678 ,1.20957 ,0.01749 ,1.61455 ,1.61958 ,0.01689 ,423,0.03163 ,0.21244 ,0.47911 
4230001 ,0.93677 ,1.04383 ,0.00965 ,1.20678 ,1.26975 ,0.02999 ,1.61455 ,1.69969 ,0.00484 ,424,0.01714 ,0.20001 ,0.47121 
4240001 ,0.93677 ,0.99878 ,0.03527 ,1.20678 ,1.21008 ,0.01834 ,1.61455 ,1.62354 ,0.01794 ,425,0.03438 ,0.20847 ,0.47734 
4250001 ,0.93677 ,0.92388 ,0.02295 ,1.20678 ,1.22617 ,0.01450 ,1.62006 ,1.73060 ,0.03127 ,426,0.03685 ,0.20985 ,0.49594 
4260001 ,0.94228 ,0.92632 ,0.01319 ,1.21229 ,1.17947 ,0.01042 ,1.62006 ,1.67292 ,0.02262 ,427,0.02342 ,0.20037 ,0.49015 
4270001 ,0.94228 ,0.92979 ,0.01718 ,1.21229 ,1.19281 ,0.02872 ,1.62006 ,1.70457 ,0.01356 ,428,0.03372 ,0.18237 ,0.50390 
4280001 ,0.94228 ,0.96013 ,0.02048 ,1.21229 ,1.19622 ,0.01982 ,1.62557 ,1.69815 ,0.00690 ,429,0.01761 ,0.18006 ,0.49437 
4290001 ,0.94228 ,1.00444 ,0.00924 ,1.21229 ,1.24533 ,0.01420 ,1.62557 ,1.66545 ,0.03469 ,430,0.02720 ,0.20036 ,0.49543 
4300001 ,0.94228 ,0.97763 ,0.00724 ,1.21780 ,1.18482 ,0.02590 ,1.62557 ,1.68924 ,0.01798 ,431,0.02069 ,0.19425 ,0.48266 
4310001 ,0.94779 ,0.96430 ,0.00910 ,1.21780 ,1.16330 ,0.01487 ,1.62557 ,1.67974 ,0.00895 ,432,0.03099 ,0.20032 ,0.49193 
4320001 ,0.94779 ,0.96609 ,0.02073 ,1.21780 ,1.19624 ,0.01465 ,1.63108 ,1.65942 ,0.01677 ,433,0.01650 ,0.18125 ,0.49282 
4330001 ,0.94779 ,0.98471 ,0.01590 ,1.21780 ,1.22818 ,0.02289 ,1.63108 ,1.72004 ,0.00637 ,434,0.02802 ,0.19443 ,0.50011 
4340001 ,0.94779 ,1.01250 ,0.01158 ,1.22331 ,1.19838 ,0.02905 ,1.63108 ,1.67283 ,0.01977 ,435,0.03761 ,0.19212 ,0.50118 
4350001 ,0.94779 ,0.95068 ,0.00353 ,1.22331 ,1.19736 ,0.02609 ,1.63108 ,1.77330 ,0.01393 ,436,0.03137 ,0.19911 ,0.50865 
4360001 ,0.94779 ,0.97004 ,0.02424 ,1.22331 ,1.19100 ,0.00486 ,1.63659 ,1.70562 ,0.02298 ,437,-0.00376 ,0.20491 ,0.49144 
4370001 ,0.95330 ,0.97413 ,0.02659 ,1.22331 ,1.25119 ,0.00618 ,1.63659 ,1.65824 ,0.02716 ,438,0.00120 ,0.20222 ,0.49788 
4380001 ,0.95330 ,0.92455 ,0.00679 ,1.22882 ,1.20568 ,0.02014 ,1.63659 ,1.64982 ,0.02139 ,439,0.00530 ,0.19098 ,0.50447 
4390001 ,0.95330 ,0.97795 ,0.02098 ,1.22882 ,1.19330 ,0.02418 ,1.64210 ,1.72463 ,0.02568 ,440,0.01455 ,0.20626 ,0.50660 
4400001 ,0.95330 ,0.96336 ,0.02956 ,1.22882 ,1.24937 ,0.04485 ,1.64210 ,1.72962 ,0.01522 ,441,-0.00016 ,0.20486 ,0.49988 
4410001 ,0.95330 ,0.98097 ,0.01517 ,1.22882 ,1.16075 ,0.01817 ,1.64210 ,1.65086 ,0.01884 ,442,0.01014 ,0.18765 ,0.48913 
4420001 ,0.95330 ,0.94506 ,0.01670 ,1.22882 ,1.26323 ,0.02204 ,1.64210 ,1.69802 ,0.02194 ,443,0.01270 ,0.18622 ,0.49573 
4430001 ,0.95330 ,1.00296 ,0.01839 ,1.23433 ,1.29706 ,0.01036 ,1.64761 ,1.76039 ,0.05154 ,444,-0.00167 ,0.18813 ,0.49928 
4440001 ,0.95881 ,0.96389 ,0.01264 ,1.23433 ,1.20775 ,0.01008 ,1.64761 ,1.73913 ,0.02669 ,445,0.01222 ,0.18361 ,0.51638 
4450001 ,0.95881 ,0.88824 ,0.02924 ,1.23433 ,1.24124 ,0.02567 ,1.64761 ,1.72184 ,0.01135 ,446,0.00265 ,0.19481 ,0.51583 
4460001 ,0.95881 ,0.95562 ,0.01341 ,1.23433 ,1.29577 ,0.01990 ,1.64761 ,1.73318 ,0.05070 ,447,0.01295 ,0.18693 ,0.48417 
4470001 ,0.96432 ,0.97226 ,0.02649 ,1.23984 ,1.26171 ,0.02231 ,1.65312 ,1.71905 ,0.00486 ,448,0.01012 ,0.20786 ,0.49076 
4480001 ,0.96432 ,1.04187 ,0.01517 ,1.23984 ,1.21951 ,0.02939 ,1.65312 ,1.68552 ,0.02254 ,449,0.02042 ,0.20714 ,0.49431 
4490001 ,0.96432 ,0.98643 ,0.02063 ,1.23984 ,1.23808 ,0.01592 ,1.65312 ,1.67745 ,0.01772 ,450,0.00593 ,0.20245 ,0.51255 
4500001 ,0.96432 ,1.01689 ,0.01170 ,1.23984 ,1.25080 ,0.01114 ,1.65863 ,1.67431 ,0.02358 ,451,-0.00223 ,0.21162 ,0.50980 
4510001 ,0.96432 ,0.97639 ,0.00983 ,1.23984 ,1.22431 ,0.01642 ,1.65863 ,1.74086 ,0.00849 ,452,0.00273 ,0.20900 ,0.50308 
4520001 ,0.96432 ,1.00479 ,0.03431 ,1.24535 ,1.19007 ,0.01964 ,1.65863 ,1.64830 ,0.01346 ,453,0.00683 ,0.20050 ,0.50925 
4530001 ,0.96432 ,0.94397 ,0.00578 ,1.24535 ,1.21416 ,0.02038 ,1.66414 ,1.74665 ,0.02346 ,454,0.02365 ,0.19781 ,0.51243 
4540001 ,0.96983 ,1.00424 ,0.01040 ,1.24535 ,1.24512 ,0.01400 ,1.66414 ,1.67212 ,0.02313 ,455,0.02861 ,0.18657 ,0.50159 
4550001 ,0.96983 ,1.01287 ,0.02337 ,1.24535 ,1.20716 ,0.02926 ,1.66414 ,1.72362 ,0.01764 ,456,0.01682 ,0.20554 ,0.49910 
4560001 ,0.96983 ,0.98771 ,0.00619 ,1.25086 ,1.27382 ,0.02366 ,1.66414 ,1.77510 ,0.01553 ,457,0.01732 ,0.20482 ,0.46845 
4570001 ,0.96983 ,1.01601 ,0.01523 ,1.25086 ,1.22599 ,0.00818 ,1.66414 ,1.73533 ,0.01690 ,458,0.02051 ,0.20013 ,0.47204 
4580001 ,0.96983 ,0.96415 ,0.01327 ,1.25086 ,1.18904 ,0.02017 ,1.66965 ,1.80904 ,0.03585 ,459,0.01284 ,0.20930 ,0.48274 
4590001 ,0.96983 ,1.00658 ,0.02043 ,1.25086 ,1.25430 ,0.01299 ,1.66965 ,1.73438 ,0.00767 ,460,0.02522 ,0.20782 ,0.48960 
4600001 ,0.97534 ,0.98105 ,0.00955 ,1.25637 ,1.29700 ,0.02796 ,1.67517 ,1.74440 ,0.02677 ,461,0.01840 ,0.21889 ,0.49026 
4610001 ,0.97534 ,1.00503 ,0.01227 ,1.25637 ,1.27412 ,0.01589 ,1.67517 ,1.75014 ,0.01923 ,462,0.01073 ,0.21620 ,0.49686 
4620001 ,0.97534 ,0.98520 ,0.01193 ,1.25637 ,1.21788 ,0.01176 ,1.67517 ,1.80254 ,0.03826 ,463,0.01038 ,0.21486 ,0.50888 
4630001 ,0.97534 ,0.97093 ,0.01266 ,1.25637 ,1.20423 ,0.02012 ,1.67517 ,1.71933 ,0.02225 ,464,-0.00434 ,0.22202 ,0.49852 
4640001 ,0.98085 ,0.97699 ,0.00752 ,1.25637 ,1.25584 ,0.01772 ,1.68068 ,1.75509 ,0.01603 ,465,0.00596 ,0.20969 ,0.50581 
4650001 ,0.98085 ,1.00440 ,0.00362 ,1.26189 ,1.28646 ,0.01547 ,1.68068 ,1.75173 ,0.00656 ,466,0.02350 ,0.21266 ,0.50688 
4660001 ,0.98085 ,0.99461 ,0.01100 ,1.26189 ,1.28790 ,0.01497 ,1.68068 ,1.70284 ,0.02924 ,467,0.03380 ,0.22183 ,0.47541 
4670001 ,0.98085 ,1.00827 ,0.03986 ,1.26189 ,1.19568 ,0.01995 ,1.68068 ,1.75849 ,0.01427 ,468,0.02062 ,0.19618 ,0.47607 
4680001 ,0.98085 ,1.03015 ,0.02514 ,1.26189 ,1.31119 ,0.02950 ,1.68619 ,1.73788 ,0.02444 ,469,0.01499 ,0.19387 ,0.48440 
4690001 ,0.98085 ,1.05044 ,0.01434 ,1.26740 ,1.26316 ,0.02460 ,1.68619 ,1.82524 ,0.01729 ,470,0.01512 ,0.20929 ,0.47494 
4700001 ,0.98636 ,1.01048 ,0.00779 ,1.26740 ,1.25183 ,0.01206 ,1.68619 ,1.73423 ,0.00992 ,471,0.01796 ,0.20660 ,0.48897 
4710001 ,0.98636 ,1.01336 ,0.02050 ,1.26740 ,1.25563 ,0.03846 ,1.69170 ,1.73335 ,0.01747 ,472,0.02826 ,0.18980 ,0.49163 
4720001 ,0.98636 ,0.96003 ,0.01593 ,1.26740 ,1.27389 ,0.01647 ,1.69170 ,1.76602 ,0.03389 ,473,0.01377 ,0.19587 ,0.50164 
4730001 ,0.98636 ,1.08188 ,0.02116 ,1.27291 ,1.25371 ,0.00656 ,1.69170 ,1.73019 ,0.01944 ,474,0.02668 ,0.20766 ,0.48767 
4740001 ,0.98636 ,1.03160 ,0.02009 ,1.27291 ,1.28575 ,0.02718 ,1.69170 ,1.71316 ,0.03044 ,475,0.01986 ,0.20497 ,0.49645 
4750001 ,0.98636 ,0.94178 ,0.00443 ,1.27291 ,1.19990 ,0.00957 ,1.69721 ,1.78568 ,0.03779 ,476,0.01219 ,0.20364 ,0.50304 
4760001 ,0.98636 ,1.01824 ,0.01274 ,1.27291 ,1.25653 ,0.03046 ,1.69721 ,1.73030 ,0.01981 ,477,0.00674 ,0.21079 ,0.50141 
4770001 ,0.99187 ,1.00335 ,0.02488 ,1.27291 ,1.27496 ,0.00705 ,1.69721 ,1.72302 ,0.00606 ,478,0.00880 ,0.20149 ,0.51143 
4780001 ,0.99187 ,1.01228 ,0.01430 ,1.27842 ,1.27948 ,0.02611 ,1.69721 ,1.76351 ,0.03302 ,479,0.01127 ,0.20756 ,0.51013 
4790001 ,0.99187 ,1.01554 ,0.02457 ,1.27842 ,1.34214 ,0.02231 ,1.70272 ,1.71760 ,0.02471 ,480,0.02206 ,0.20974 ,0.51351 
4800001 ,0.99187 ,1.01896 ,0.01694 ,1.27842 ,1.28388 ,0.01133 ,1.70272 ,1.72726 ,0.03234 ,481,0.00735 ,0.19592 ,0.50086 
4810001 ,0.99187 ,1.03728 ,0.01671 ,1.27842 ,1.31361 ,0.03055 ,1.70272 ,1.71998 ,0.03284 ,482,0.01765 ,0.20118 ,0.47211 
4820001 ,0.99739 ,1.02025 ,0.01379 ,1.27842 ,1.29217 ,0.01023 ,1.70823 ,1.80699 ,0.00973 ,483,0.03192 ,0.20307 ,0.47871 
4830001 ,0.99739 ,1.01541 ,0.00970 ,1.28393 ,1.25543 ,0.03186 ,1.70823 ,1.76433 ,0.02721 ,484,0.03439 ,0.20604 ,0.48226 
4840001 ,0.99739 ,1.00639 ,0.01414 ,1.28393 ,1.25909 ,0.02285 ,1.70823 ,1.77447 ,0.01011 ,485,0.02096 ,0.21520 ,0.50049 
4850001 ,0.99739 ,0.99248 ,0.02004 ,1.28393 ,1.28887 ,0.01376 ,1.70823 ,1.74963 ,0.01797 ,486,0.03126 ,0.18633 ,0.48163 
4860001 ,0.99739 ,1.06084 ,0.01273 ,1.28393 ,1.23432 ,0.03954 ,1.71374 ,1.82724 ,0.01412 ,487,0.01515 ,0.18402 ,0.47583 
4870001 ,1.00290 ,0.99338 ,0.02331 ,1.28944 ,1.29803 ,0.02566 ,1.71374 ,1.78593 ,0.02287 ,488,0.02474 ,0.20432 ,0.49007 
4880001 ,1.00290 ,1.04483 ,0.01099 ,1.28944 ,1.26935 ,0.02039 ,1.71374 ,1.77779 ,0.03118 ,489,0.01335 ,0.19822 ,0.49073 
4890001 ,1.00290 ,1.01834 ,0.02889 ,1.28944 ,1.29706 ,0.03369 ,1.71374 ,1.71132 ,0.02335 ,490,-0.00136 ,0.20429 ,0.49883 
4900001 ,1.00290 ,0.93886 ,0.01210 ,1.28944 ,1.28616 ,0.00704 ,1.71925 ,1.82190 ,0.06026 ,491,0.00894 ,0.19734 ,0.50526 
4910001 ,1.00290 ,1.00306 ,0.01563 ,1.29495 ,1.24804 ,0.02667 ,1.71925 ,1.77569 ,0.00461 ,492,0.02648 ,0.19503 ,0.50727 
4920001 ,1.00290 ,0.99419 ,0.02352 ,1.29495 ,1.26121 ,0.01727 ,1.71925 ,1.83962 ,0.01096 ,493,0.03678 ,0.21045 ,0.46613 
4930001 ,1.00290 ,1.07614 ,0.02456 ,1.29495 ,1.28160 ,0.02059 ,1.72476 ,1.80407 ,0.03088 ,494,0.02359 ,0.20776 ,0.47859 
4940001 ,1.00841 ,1.03395 ,0.02232 ,1.29495 ,1.32429 ,0.01559 ,1.72476 ,1.78688 ,0.00842 ,495,0.01797 ,0.19096 ,0.48340 
4950001 ,1.00841 ,1.01574 ,0.02523 ,1.29495 ,1.29201 ,0.00607 ,1.72476 ,1.74704 ,0.00457 ,496,0.03160 ,0.19703 ,0.49279 
4960001 ,1.00841 ,1.02089 ,0.01110 ,1.30046 ,1.28949 ,0.02246 ,1.72476 ,1.79879 ,0.02478 ,497,0.03407 ,0.20882 ,0.50281 
4970001 ,1.00841 ,1.06818 ,0.00814 ,1.30046 ,1.26014 ,0.02843 ,1.73027 ,1.78779 ,0.02429 ,498,0.02064 ,0.20613 ,0.49784 
4980001 ,1.01392 ,1.00556 ,0.02247 ,1.30046 ,1.26358 ,0.02264 ,1.73027 ,1.76092 ,0.01855 ,499,0.03094 ,0.20479 ,0.49890 
4990001 ,1.01392 ,1.01029 ,0.01146 ,1.30046 ,1.32466 ,0.00582 ,1.73027 ,1.74618 ,0.02410 ,500,0.01482 ,0.21195 ,0.50031 
5000001 ,1.01392 ,1.03787 ,0.00353 ,1.30597 ,1.29359 ,0.01725 ,1.73027 ,1.81738 ,0.01331 ,501,0.02442 ,0.20265 ,0.50648 
5010001 ,1.01392 ,1.08078 ,0.01340 ,1.30597 ,1.29187 ,0.03165 ,1.73578 ,1.74864 ,0.01494 ,502,0.03200 ,0.20872 ,0.47553 
5020001 ,1.01392 ,1.04917 ,0.02356 ,1.30597 ,1.27280 ,0.01862 ,1.73578 ,1.78670 ,0.00981 ,503,0.03447 ,0.21090 ,0.47619 
5030001 ,1.01392 ,1.08215 ,0.01434 ,1.30597 ,1.26548 ,0.01715 ,1.73578 ,1.81022 ,0.01300 ,504,0.02058 ,0.18974 ,0.48452 
5040001 ,1.01943 ,0.97919 ,0.03183 ,1.30597 ,1.34955 ,0.01691 ,1.74129 ,1.80461 ,0.01241 ,505,0.01496 ,0.19581 ,0.47506 
5050001 ,1.01943 ,0.99552 ,0.01867 ,1.31148 ,1.39204 ,0.02583 ,1.74129 ,1.82776 ,0.01970 ,506,0.01033 ,0.19689 ,0.48909 
5060001 ,1.01943 ,1.06862 ,0.02002 ,1.31148 ,1.34342 ,0.01534 ,1.74129 ,1.86645 ,0.03080 ,507,0.00266 ,0.20296 ,0.49175 
5070001 ,1.01943 ,1.11356 ,0.00400 ,1.31148 ,1.31109 ,0.02084 ,1.74129 ,1.79067 ,0.01221 ,508,0.03220 ,0.20514 ,0.50177 
5080001 ,1.01943 ,1.05732 ,0.01776 ,1.31148 ,1.28934 ,0.01473 ,1.74680 ,1.77813 ,0.00996 ,509,0.04250 ,0.20357 ,0.48779 
5090001 ,1.01943 ,0.99455 ,0.00545 ,1.31699 ,1.27973 ,0.00636 ,1.74680 ,1.76060 ,0.01932 ,510,0.02932 ,0.20884 ,0.49657 
5100001 ,1.02494 ,0.98888 ,0.01010 ,1.31699 ,1.34880 ,0.02636 ,1.74680 ,1.82298 ,0.01254 ,511,0.02370 ,0.21072 ,0.50317 
5110001 ,1.02494 ,1.06202 ,0.02444 ,1.31699 ,1.33891 ,0.00775 ,1.75231 ,1.81063 ,0.01736 ,512,0.03077 ,0.21369 ,0.50154 
5120001 ,1.02494 ,1.02634 ,0.02332 ,1.31699 ,1.31499 ,0.01747 ,1.75231 ,1.77225 ,0.02726 ,513,0.03521 ,0.22286 ,0.51155 
5130001 ,1.02494 ,1.03658 ,0.00994 ,1.31699 ,1.25706 ,0.01732 ,1.75231 ,1.84985 ,0.01373 ,514,0.03767 ,0.18249 ,0.51026 
5140001 ,1.03045 ,1.04987 ,0.01257 ,1.32250 ,1.29206 ,0.00720 ,1.75231 ,1.82180 ,0.02199 ,515,0.02425 ,0.18018 ,0.51363 
5150001 ,1.03045 ,1.09894 ,0.02746 ,1.32250 ,1.33365 ,0.00669 ,1.75782 ,1.84432 ,0.01524 ,516,0.03455 ,0.17976 ,0.50098 
5160001 ,1.03045 ,1.08876 ,0.01757 ,1.32250 ,1.35834 ,0.01857 ,1.75782 ,1.87826 ,0.01429 ,517,0.01843 ,0.18717 ,0.48387 
5170001 ,1.03045 ,1.03044 ,0.03128 ,1.32250 ,1.30048 ,0.01475 ,1.75782 ,1.83432 ,0.00431 ,518,0.02802 ,0.18718 ,0.49031 
5180001 ,1.03045 ,1.01681 ,0.01321 ,1.32250 ,1.28454 ,0.01449 ,1.75782 ,1.74209 ,0.01131 ,519,0.02151 ,0.18145 ,0.49231 
5190001 ,1.03045 ,1.07886 ,0.02571 ,1.32801 ,1.30576 ,0.01642 ,1.76333 ,1.85397 ,0.01821 ,520,0.03181 ,0.18340 ,0.49197 
5200001 ,1.03045 ,1.09496 ,0.00252 ,1.32801 ,1.29768 ,0.01198 ,1.76333 ,1.83619 ,0.01079 ,521,0.01732 ,0.18109 ,0.50617 
5210001 ,1.03045 ,1.06711 ,0.01516 ,1.32801 ,1.28449 ,0.00190 ,1.76333 ,1.89391 ,0.02300 ,522,0.02884 ,0.19529 ,0.49914 
5220001 ,1.03596 ,1.04728 ,0.01535 ,1.32801 ,1.32188 ,0.01613 ,1.76333 ,1.79692 ,0.03625 ,523,0.03843 ,0.19298 ,0.50523 
5230001 ,1.03596 ,1.09644 ,0.02009 ,1.33352 ,1.35882 ,0.00814 ,1.76884 ,1.78548 ,0.00937 ,524,0.03219 ,0.19256 ,0.50630 
5240001 ,1.03596 ,1.04450 ,0.01711 ,1.33352 ,1.33038 ,0.01826 ,1.76884 ,1.77276 ,0.01043 ,525,0.02376 ,0.17230 ,0.50762 
5250001 ,1.03596 ,1.07792 ,0.01997 ,1.33352 ,1.32735 ,0.03519 ,1.76884 ,1.88645 ,0.02324 ,526,0.02660 ,0.17086 ,0.51099 
5260001 ,1.03596 ,1.03018 ,0.01438 ,1.33352 ,1.42398 ,0.02514 ,1.77435 ,1.84394 ,0.01296 ,527,0.03690 ,0.17362 ,0.49725 
5270001 ,1.03596 ,1.01233 ,0.00598 ,1.33903 ,1.30781 ,0.01250 ,1.77435 ,1.84696 ,0.02493 ,528,0.02241 ,0.19110 ,0.49054 
5280001 ,1.03596 ,1.04397 ,0.01575 ,1.33903 ,1.29954 ,0.00463 ,1.77435 ,1.77870 ,0.02245 ,529,0.03532 ,0.18966 ,0.49670 
5290001 ,1.04147 ,1.07387 ,0.01562 ,1.33903 ,1.30237 ,0.02398 ,1.77435 ,1.88455 ,0.02652 ,530,0.02850 ,0.19158 ,0.49989 
5300001 ,1.04147 ,1.06155 ,0.02118 ,1.33903 ,1.32222 ,0.02820 ,1.77986 ,1.82666 ,0.02540 ,531,0.02083 ,0.18706 ,0.50966 
5310001 ,1.04147 ,1.06390 ,0.02704 ,1.33903 ,1.39699 ,0.02770 ,1.77986 ,1.79558 ,0.01214 ,532,0.01069 ,0.19688 ,0.49129 
5320001 ,1.04147 ,0.98843 ,0.01577 ,1.34454 ,1.32159 ,0.02490 ,1.77986 ,1.85308 ,0.01213 ,533,0.01485 ,0.19826 ,0.47655 
5330001 ,1.04698 ,1.06923 ,0.00326 ,1.34454 ,1.33140 ,0.00897 ,1.77986 ,1.85039 ,0.04332 ,534,-0.00799 ,0.20799 ,0.48454 
5340001 ,1.04698 ,1.05915 ,0.02947 ,1.34454 ,1.31642 ,0.02571 ,1.77986 ,1.89554 ,0.01920 ,535,-0.00303 ,0.21842 ,0.48188 
5350001 ,1.04698 ,0.99900 ,0.00782 ,1.34454 ,1.34027 ,0.02252 ,1.78537 ,1.83608 ,0.01170 ,536,0.01139 ,0.21980 ,0.48547 
5360001 ,1.04698 ,1.03607 ,0.01585 ,1.34454 ,1.37907 ,0.00423 ,1.78537 ,1.86691 ,0.01401 ,537,0.01385 ,0.18643 ,0.47421 
5370001 ,1.04698 ,1.08873 ,0.00479 ,1.35005 ,1.31617 ,0.01925 ,1.79088 ,1.81844 ,0.02545 ,538,-0.00405 ,0.18499 ,0.49281 
5380001 ,1.04698 ,1.07467 ,0.00486 ,1.35005 ,1.32010 ,0.00762 ,1.79088 ,1.86100 ,0.01830 ,539,0.00091 ,0.18691 ,0.48491 
5390001 ,1.05249 ,1.03862 ,0.02055 ,1.35005 ,1.32813 ,0.01004 ,1.79088 ,1.86055 ,0.01683 ,540,0.00501 ,0.18239 ,0.50669 
5400001 ,1.05249 ,1.02406 ,0.01663 ,1.35005 ,1.36030 ,0.00915 ,1.79088 ,1.88881 ,0.01430 ,541,0.01419 ,0.19359 ,0.46545 
5410001 ,1.05249 ,1.04713 ,0.02758 ,1.35556 ,1.31218 ,0.01109 ,1.79639 ,1.85984 ,0.01265 ,542,0.01665 ,0.20372 ,0.47345 
5420001 ,1.05249 ,1.05854 ,0.02011 ,1.35556 ,1.38670 ,0.03993 ,1.79639 ,1.84333 ,0.02972 ,543,0.00161 ,0.20103 ,0.47078 
5430001 ,1.05249 ,1.11571 ,0.01490 ,1.35556 ,1.36421 ,0.01443 ,1.79639 ,1.84640 ,0.01176 ,544,0.01173 ,0.18980 ,0.47438 
5440001 ,1.05249 ,1.13934 ,0.00860 ,1.35556 ,1.33781 ,0.02152 ,1.79639 ,1.79343 ,0.00562 ,545,0.01590 ,0.20538 ,0.49194 
5450001 ,1.05800 ,1.07201 ,0.01110 ,1.36107 ,1.34532 ,0.02947 ,1.79639 ,1.92197 ,0.00957 ,546,-0.00695 ,0.20307 ,0.48057 
5460001 ,1.05800 ,1.04259 ,0.00916 ,1.36107 ,1.29918 ,0.00148 ,1.80190 ,1.91226 ,0.02126 ,547,-0.00199 ,0.21849 ,0.49460 
5470001 ,1.05800 ,1.10410 ,0.01400 ,1.36107 ,1.34987 ,0.02884 ,1.80190 ,1.90014 ,0.02532 ,548,0.01243 ,0.21580 ,0.49251 
5480001 ,1.05800 ,0.98770 ,0.01445 ,1.36107 ,1.34651 ,0.03218 ,1.80190 ,1.86679 ,0.00662 ,549,0.01490 ,0.19900 ,0.50332 
5490001 ,1.05800 ,1.06398 ,0.02919 ,1.36107 ,1.30443 ,0.01591 ,1.80741 ,1.89043 ,0.01438 ,550,0.03049 ,0.20507 ,0.46374 
5500001 ,1.06351 ,1.10839 ,0.00631 ,1.36107 ,1.39582 ,0.01356 ,1.80741 ,1.89047 ,0.03535 ,551,0.03466 ,0.21310 ,0.48234 
5510001 ,1.06351 ,1.02341 ,0.00683 ,1.36658 ,1.37295 ,0.01395 ,1.80741 ,1.89622 ,0.04027 ,552,0.01597 ,0.20368 ,0.47444 
5520001 ,1.06351 ,1.09921 ,0.02479 ,1.36658 ,1.36981 ,0.01839 ,1.80741 ,1.92486 ,0.03249 ,553,0.01251 ,0.17964 ,0.47219 
5530001 ,1.06351 ,1.12972 ,0.01259 ,1.36658 ,1.38025 ,0.01816 ,1.81292 ,1.89225 ,0.00972 ,554,0.01497 ,0.20067 ,0.49079 
5540001 ,1.06351 ,1.08410 ,0.01328 ,1.36658 ,1.32793 ,0.01838 ,1.81292 ,1.93342 ,0.00650 ,555,0.01531 ,0.19836 ,0.47942 
5550001 ,1.06351 ,1.08625 ,0.01523 ,1.36658 ,1.36173 ,0.01693 ,1.81292 ,1.80342 ,0.01317 ,556,0.01777 ,0.21378 ,0.49345 
5560001 ,1.06351 ,1.10455 ,0.01543 ,1.37209 ,1.33559 ,0.01020 ,1.81292 ,1.87580 ,0.02112 ,557,0.00273 ,0.21109 ,0.49136 
5570001 ,1.06902 ,1.02542 ,0.03228 ,1.37209 ,1.40626 ,0.02160 ,1.81843 ,1.87815 ,0.00359 ,558,0.02279 ,0.19429 ,0.48464 
5580001 ,1.06902 ,1.09290 ,0.02875 ,1.37209 ,1.31676 ,0.01433 ,1.81843 ,1.88620 ,0.02095 ,559,0.01932 ,0.19614 ,0.49249 
5590001 ,1.06902 ,1.11444 ,0.02437 ,1.37209 ,1.37420 ,0.02001 ,1.81843 ,1.89638 ,0.01084 ,560,0.02179 ,0.20464 ,0.50048 
5600001 ,1.06902 ,1.07779 ,0.00933 ,1.37760 ,1.35505 ,0.01251 ,1.82395 ,1.84331 ,0.01266 ,561,0.04708 ,0.21507 ,0.49376 
5610001 ,1.06902 ,1.08696 ,0.02839 ,1.37760 ,1.39085 ,0.03392 ,1.82395 ,1.86521 ,0.04424 ,562,0.00869 ,0.21645 ,0.47261 
5620001 ,1.06902 ,1.05376 ,0.02456 ,1.37760 ,1.39629 ,0.01334 ,1.82395 ,1.96144 ,0.02374 ,563,0.01286 ,0.21055 ,0.48235 
5630001 ,1.07453 ,1.11778 ,0.02291 ,1.37760 ,1.41087 ,0.01943 ,1.82395 ,1.82678 ,0.01490 ,564,-0.00999 ,0.20113 ,0.47539 
5640001 ,1.07453 ,1.09661 ,0.01831 ,1.38311 ,1.34426 ,0.01710 ,1.82946 ,1.95276 ,0.01089 ,565,-0.00503 ,0.17128 ,0.48155 
5650001 ,1.07453 ,1.08688 ,0.02267 ,1.38311 ,1.33660 ,0.01267 ,1.82946 ,1.93561 ,0.04165 ,566,0.00939 ,0.16984 ,0.48798 
5660001 ,1.07453 ,1.10904 ,0.00592 ,1.38311 ,1.40990 ,0.01733 ,1.82946 ,1.90166 ,0.02603 ,567,0.01185 ,0.17260 ,0.49458 
5670001 ,1.07453 ,1.07851 ,0.00814 ,1.38311 ,1.36830 ,0.01411 ,1.82946 ,1.86812 ,0.00764 ,568,0.02745 ,0.19008 ,0.49670 
5680001 ,1.08004 ,1.09753 ,0.02021 ,1.38311 ,1.35578 ,0.02242 ,1.83497 ,1.88065 ,0.02673 ,569,0.03162 ,0.18865 ,0.48998 
5690001 ,1.08004 ,1.12968 ,0.00844 ,1.38862 ,1.41495 ,0.03957 ,1.83497 ,1.92260 ,0.03339 ,570,0.01158 ,0.19056 ,0.49050 
5700001 ,1.08004 ,1.06158 ,0.01180 ,1.38862 ,1.34868 ,0.00546 ,1.83497 ,1.92208 ,0.04233 ,571,0.00811 ,0.18604 ,0.48497 
5710001 ,1.08004 ,1.09158 ,0.01213 ,1.38862 ,1.36352 ,0.02176 ,1.84048 ,1.84236 ,0.03086 ,572,0.01057 ,0.19586 ,0.49297 
5720001 ,1.08004 ,1.09897 ,0.01317 ,1.38862 ,1.34781 ,0.03396 ,1.84048 ,1.93104 ,0.01374 ,573,0.03587 ,0.19724 ,0.49030 
5730001 ,1.08004 ,1.15410 ,0.00399 ,1.38862 ,1.41164 ,0.02102 ,1.84048 ,1.92554 ,0.03028 ,574,0.02898 ,0.20697 ,0.49390 
5740001 ,1.08004 ,1.18225 ,0.01894 ,1.39413 ,1.38008 ,0.02174 ,1.84048 ,1.84755 ,0.00231 ,575,0.03315 ,0.21740 ,0.48264 
5750001 ,1.08555 ,1.08524 ,0.01287 ,1.39413 ,1.46958 ,0.02377 ,1.84048 ,1.84823 ,0.00859 ,576,0.03956 ,0.21878 ,0.50124 
5760001 ,1.08555 ,1.15912 ,0.00506 ,1.39413 ,1.39698 ,0.02803 ,1.84599 ,1.90682 ,0.01176 ,577,0.02680 ,0.19315 ,0.49334 
5770001 ,1.08555 ,1.12235 ,0.01164 ,1.39413 ,1.36513 ,0.02580 ,1.84599 ,1.93158 ,0.01491 ,578,0.02584 ,0.19243 ,0.51512 
5780001 ,1.08555 ,1.13804 ,0.01861 ,1.39413 ,1.40564 ,0.00541 ,1.84599 ,1.86881 ,0.02662 ,579,0.00517 ,0.18178 ,0.48064 
5790001 ,1.08555 ,1.11759 ,0.01090 ,1.39964 ,1.34854 ,0.01694 ,1.84599 ,1.91134 ,0.00518 ,580,0.01920 ,0.18785 ,0.49038 
5800001 ,1.08555 ,1.13493 ,0.01807 ,1.39964 ,1.40180 ,0.01106 ,1.85150 ,1.96680 ,0.01722 ,581,0.03081 ,0.19566 ,0.48342 
5810001 ,1.09106 ,1.06990 ,0.02307 ,1.39964 ,1.33542 ,0.01700 ,1.85150 ,1.87776 ,0.00462 ,582,0.04040 ,0.20173 ,0.48011 
5820001 ,1.09106 ,1.15726 ,0.03136 ,1.39964 ,1.37071 ,0.01351 ,1.85150 ,1.85967 ,0.00900 ,583,0.03042 ,0.18197 ,0.48985 
5830001 ,1.09106 ,1.15951 ,0.01811 ,1.40515 ,1.34162 ,0.02041 ,1.85701 ,1.91296 ,0.00825 ,584,0.02730 ,0.18054 ,0.48950 
5840001 ,1.09106 ,1.13059 ,0.02524 ,1.40515 ,1.39175 ,0.00988 ,1.85701 ,1.86891 ,0.03215 ,585,0.00663 ,0.18245 ,0.49454 
5850001 ,1.09106 ,1.15417 ,0.01467 ,1.40515 ,1.40013 ,0.02717 ,1.85701 ,1.93312 ,0.02691 ,586,0.03955 ,0.17793 ,0.49561 
5860001 ,1.09657 ,1.20172 ,0.01566 ,1.40515 ,1.35232 ,0.01836 ,1.85701 ,1.86513 ,0.03092 ,587,0.04914 ,0.18775 ,0.50335 
5870001 ,1.09657 ,1.06361 ,0.01420 ,1.40515 ,1.38767 ,0.02721 ,1.86252 ,1.88708 ,0.02869 ,588,0.03026 ,0.18913 ,0.51228 
5880001 ,1.09657 ,1.04132 ,0.01243 ,1.41067 ,1.40750 ,0.02237 ,1.86252 ,1.92287 ,0.02922 ,589,0.02259 ,0.18053 ,0.50762 
5890001 ,1.09657 ,1.18026 ,0.01217 ,1.41067 ,1.38475 ,0.00331 ,1.86252 ,1.96353 ,0.01077 ,590,0.03916 ,0.17909 ,0.51091 
5900001 ,1.09657 ,1.12302 ,0.00633 ,1.41067 ,1.39048 ,0.01714 ,1.86252 ,1.92415 ,0.02246 ,591,0.01849 ,0.18655 ,0.51304 
5910001 ,1.09657 ,1.11960 ,0.02379 ,1.41067 ,1.41983 ,0.01341 ,1.86252 ,1.93533 ,0.01175 ,592,0.02218 ,0.18583 ,0.49631 
5920001 ,1.10208 ,1.10370 ,0.01098 ,1.41067 ,1.43227 ,0.02210 ,1.86803 ,1.95195 ,0.00337 ,593,0.03379 ,0.17518 ,0.50520 
5930001 ,1.10208 ,1.17588 ,0.02017 ,1.41618 ,1.39705 ,0.02204 ,1.86803 ,1.92088 ,0.01906 ,594,0.04338 ,0.20075 ,0.51180 
5940001 ,1.10208 ,1.08371 ,0.02570 ,1.41618 ,1.39734 ,0.01421 ,1.86803 ,1.97723 ,0.02810 ,595,0.03340 ,0.19623 ,0.51017 
5950001 ,1.10208 ,1.13615 ,0.02312 ,1.41618 ,1.39332 ,0.02199 ,1.87354 ,1.89610 ,0.03537 ,596,0.01916 ,0.20217 ,0.51889 
5960001 ,1.10208 ,1.05826 ,0.01090 ,1.41618 ,1.41743 ,0.01543 ,1.87354 ,1.98068 ,0.02517 ,597,0.01794 ,0.20145 ,0.52226 
5970001 ,1.10208 ,1.13733 ,0.01168 ,1.42169 ,1.47451 ,0.01153 ,1.87354 ,1.89457 ,0.01968 ,598,0.02753 ,0.19677 ,0.46328 
5980001 ,1.10208 ,1.15736 ,0.00250 ,1.42169 ,1.40302 ,0.02830 ,1.87354 ,1.95676 ,0.01689 ,599,0.03983 ,0.20594 ,0.47573 
5990001 ,1.10759 ,1.13435 ,0.01299 ,1.42169 ,1.43307 ,0.01397 ,1.87905 ,1.99361 ,0.02879 ,600,0.04943 ,0.21138 ,0.49695 
6000001 ,1.10759 ,1.17559 ,0.00971 ,1.42169 ,1.39864 ,0.00902 ,1.87905 ,1.89225 ,0.02834 ,601,0.03945 ,0.19725 ,0.49972 
6010001 ,1.10759 ,1.10401 ,0.01281 ,1.42169 ,1.46010 ,0.02801 ,1.87905 ,1.93953 ,0.00725 ,602,0.03595 ,0.20332 ,0.45218 
6020001 ,1.10759 ,1.15978 ,0.02172 ,1.42720 ,1.38100 ,0.01324 ,1.87905 ,2.00271 ,0.00433 ,603,0.01527 ,0.20672 ,0.46464 
6030001 ,1.11310 ,1.10469 ,0.01290 ,1.42720 ,1.40431 ,0.02179 ,1.88456 ,1.96694 ,0.03505 ,604,0.04819 ,0.21589 ,0.47151 
6040001 ,1.11310 ,1.09327 ,0.01065 ,1.42720 ,1.43140 ,0.01781 ,1.88456 ,1.96854 ,0.01371 ,605,0.05778 ,0.19706 ,0.47950 
6050001 ,1.11310 ,1.12310 ,0.02996 ,1.42720 ,1.39783 ,0.02056 ,1.88456 ,1.94694 ,0.03112 ,606,0.03890 ,0.20749 ,0.46672 
6060001 ,1.11310 ,1.11379 ,0.01845 ,1.42720 ,1.46376 ,0.00704 ,1.89007 ,1.92502 ,0.01947 ,607,0.03123 ,0.20887 ,0.48075 
6070001 ,1.11310 ,1.10961 ,0.02702 ,1.43271 ,1.43464 ,0.02010 ,1.89007 ,1.92195 ,0.01766 ,608,0.04780 ,0.18735 ,0.47388 
6080001 ,1.11310 ,1.12903 ,0.00558 ,1.43271 ,1.42146 ,0.01273 ,1.89007 ,1.97377 ,0.02087 ,609,0.02713 ,0.19341 ,0.48047 
6090001 ,1.11310 ,1.15109 ,0.01501 ,1.43271 ,1.44334 ,0.01870 ,1.89007 ,1.91195 ,0.01531 ,610,0.02968 ,0.20724 ,0.47334 
6100001 ,1.11861 ,1.08568 ,0.01173 ,1.43271 ,1.41585 ,0.01874 ,1.89007 ,1.96751 ,0.02230 ,611,0.02846 ,0.19311 ,0.48579 
6110001 ,1.11861 ,1.09528 ,0.02926 ,1.43271 ,1.46655 ,0.02767 ,1.89558 ,1.98975 ,0.03053 ,612,0.03805 ,0.19918 ,0.49358 
6120001 ,1.11861 ,1.20412 ,0.03071 ,1.43822 ,1.43446 ,0.01750 ,1.89558 ,1.93631 ,0.02890 ,613,0.04059 ,0.20259 ,0.50001 
6130001 ,1.11861 ,1.13611 ,0.03165 ,1.43822 ,1.44072 ,0.01808 ,1.89558 ,1.94171 ,0.02998 ,614,0.03377 ,0.21176 ,0.50661 
6140001 ,1.11861 ,1.11871 ,0.02041 ,1.43822 ,1.38790 ,0.00227 ,1.89558 ,1.98726 ,0.01507 ,615,0.02610 ,0.19170 ,0.50874 
6150001 ,1.11861 ,1.16418 ,0.00686 ,1.43822 ,1.45872 ,0.01477 ,1.90109 ,1.96174 ,0.01421 ,616,0.05035 ,0.17268 ,0.50202 
6160001 ,1.11861 ,1.14135 ,0.00443 ,1.44373 ,1.42137 ,0.01927 ,1.90109 ,1.94503 ,0.01582 ,617,0.05995 ,0.17463 ,0.48251 
6170001 ,1.11861 ,1.14620 ,0.02771 ,1.44373 ,1.46145 ,0.00482 ,1.90109 ,1.99624 ,0.01993 ,618,0.04107 ,0.17232 ,0.48378 
6180001 ,1.12412 ,1.09836 ,0.02631 ,1.44373 ,1.40712 ,0.02053 ,1.90660 ,1.99847 ,0.03326 ,619,0.03340 ,0.18761 ,0.47170 
6190001 ,1.12412 ,1.10155 ,0.01060 ,1.44373 ,1.43563 ,0.01953 ,1.90660 ,2.00690 ,0.00826 ,620,0.04997 ,0.18618 ,0.48416 
6200001 ,1.12412 ,1.16364 ,0.02948 ,1.44373 ,1.50473 ,0.02953 ,1.90660 ,1.96035 ,0.01183 ,621,0.02929 ,0.18809 ,0.50538 
6210001 ,1.12412 ,1.11921 ,0.01513 ,1.44924 ,1.45767 ,0.01820 ,1.90660 ,1.99109 ,0.02233 ,622,0.01055 ,0.18357 ,0.50815 
6220001 ,1.12412 ,1.16596 ,0.00323 ,1.44924 ,1.48017 ,0.02682 ,1.91211 ,1.96415 ,0.00987 ,623,0.02444 ,0.19339 ,0.47701 
6230001 ,1.12963 ,1.19791 ,0.00546 ,1.44924 ,1.42374 ,0.01932 ,1.91211 ,1.93089 ,0.02163 ,624,0.01487 ,0.19477 ,0.48501 
6240001 ,1.12963 ,1.09546 ,0.01432 ,1.44924 ,1.40311 ,0.02111 ,1.91211 ,1.94653 ,0.03669 ,625,0.02517 ,0.19138 ,0.46374 
6250001 ,1.12963 ,1.19854 ,0.01204 ,1.44924 ,1.43924 ,0.02544 ,1.91211 ,1.91874 ,0.02312 ,626,0.01367 ,0.20015 ,0.48234 
6260001 ,1.12963 ,1.15838 ,0.01854 ,1.45475 ,1.47030 ,0.02007 ,1.91211 ,1.99126 ,0.02372 ,627,0.01863 ,0.19564 ,0.47620 
6270001 ,1.12963 ,1.20851 ,0.02106 ,1.45475 ,1.43708 ,0.03188 ,1.91762 ,1.93916 ,0.02507 ,628,0.01420 ,0.20656 ,0.48594 
6280001 ,1.12963 ,1.14728 ,0.02448 ,1.45475 ,1.42556 ,0.03050 ,1.91762 ,2.00635 ,0.01838 ,629,0.02809 ,0.20425 ,0.49228 
6290001 ,1.13514 ,1.12090 ,0.03139 ,1.45475 ,1.50297 ,0.01223 ,1.91762 ,1.97724 ,0.01041 ,630,0.01532 ,0.21968 ,0.50027 
6300001 ,1.13514 ,1.16734 ,0.01767 ,1.45475 ,1.47171 ,0.02273 ,1.92313 ,1.95608 ,0.03288 ,631,0.02491 ,0.21698 ,0.49568 
6310001 ,1.13514 ,1.19020 ,0.00556 ,1.46026 ,1.47664 ,0.01383 ,1.92313 ,1.93866 ,0.03215 ,632,0.03323 ,0.20019 ,0.50944 
6320001 ,1.13514 ,1.14870 ,0.04173 ,1.46026 ,1.43756 ,0.01528 ,1.92313 ,2.03199 ,0.04778 ,633,0.03570 ,0.21290 ,0.49989 
6330001 ,1.13514 ,1.15567 ,0.01204 ,1.46026 ,1.45936 ,0.03541 ,1.92313 ,2.03541 ,0.01125 ,634,0.02227 ,0.21428 ,0.50990 
6340001 ,1.13514 ,1.15736 ,0.01477 ,1.46026 ,1.43394 ,0.01642 ,1.92864 ,1.97302 ,0.01392 ,635,0.03257 ,0.19343 ,0.49740 
6350001 ,1.14065 ,1.10746 ,0.02834 ,1.46577 ,1.39634 ,0.00957 ,1.92864 ,1.96912 ,0.01110 ,636,0.01646 ,0.18621 ,0.51600 
6360001 ,1.14065 ,1.13025 ,0.03021 ,1.46577 ,1.51533 ,0.02725 ,1.92864 ,1.94026 ,0.01597 ,637,0.02605 ,0.18477 ,0.51021 
6370001 ,1.14065 ,1.15902 ,0.01970 ,1.46577 ,1.48133 ,0.01437 ,1.92864 ,1.94655 ,0.00732 ,638,0.00463 ,0.19223 ,0.52397 
6380001 ,1.14065 ,1.20418 ,0.03568 ,1.46577 ,1.49018 ,0.01883 ,1.93415 ,2.03250 ,0.02345 ,639,0.00960 ,0.19151 ,0.51443 
6390001 ,1.14065 ,1.26869 ,0.01311 ,1.46577 ,1.44708 ,0.03060 ,1.93415 ,1.99327 ,0.02378 ,640,0.01369 ,0.18086 ,0.51549 
6400001 ,1.14616 ,1.11387 ,0.01324 ,1.47128 ,1.43584 ,0.01569 ,1.93415 ,1.95619 ,0.03248 ,641,0.01996 ,0.20643 ,0.49961 
6410001 ,1.14616 ,1.13430 ,0.01953 ,1.47128 ,1.43860 ,0.02259 ,1.93415 ,1.94435 ,0.00456 ,642,0.02492 ,0.20191 ,0.50935 
6420001 ,1.14616 ,1.18969 ,0.01945 ,1.47128 ,1.44290 ,0.01436 ,1.93967 ,2.02242 ,0.00593 ,643,0.02049 ,0.21706 ,0.50901 
6430001 ,1.14616 ,1.21574 ,0.02801 ,1.47128 ,1.43959 ,0.01097 ,1.93967 ,1.99896 ,0.04013 ,644,0.03438 ,0.20293 ,0.51405 
6440001 ,1.14616 ,1.18362 ,0.01258 ,1.47128 ,1.47024 ,0.01119 ,1.93967 ,1.96885 ,0.02632 ,645,0.02160 ,0.21240 ,0.51511 
6450001 ,1.14616 ,1.15384 ,0.01363 ,1.47679 ,1.51680 ,0.02263 ,1.93967 ,2.02605 ,0.01420 ,646,0.03119 ,0.22157 ,0.46665 
6460001 ,1.14616 ,1.22039 ,0.01770 ,1.47679 ,1.47696 ,0.02726 ,1.94518 ,2.03971 ,0.00743 ,647,0.02116 ,0.18700 ,0.48525 
6470001 ,1.14616 ,1.16307 ,0.01924 ,1.47679 ,1.45430 ,0.01973 ,1.94518 ,1.99232 ,0.01177 ,648,0.01993 ,0.18469 ,0.47735 
6480001 ,1.15168 ,1.10931 ,0.04299 ,1.47679 ,1.52666 ,0.01782 ,1.94518 ,1.95661 ,0.02853 ,649,0.02952 ,0.18427 ,0.48348 
6490001 ,1.15168 ,1.20607 ,0.04413 ,1.47679 ,1.44197 ,0.00480 ,1.94518 ,2.04317 ,0.02386 ,650,0.02933 ,0.18697 ,0.50208 
6500001 ,1.15168 ,1.14825 ,0.01756 ,1.48230 ,1.46942 ,0.02092 ,1.95069 ,2.06678 ,0.01185 ,651,0.03179 ,0.19574 ,0.49629 
6510001 ,1.15168 ,1.22823 ,0.02806 ,1.48230 ,1.43085 ,0.02513 ,1.95069 ,2.01956 ,0.00875 ,652,0.01675 ,0.19123 ,0.51005 
6520001 ,1.15168 ,1.17022 ,0.01377 ,1.48230 ,1.53141 ,0.01828 ,1.95069 ,2.00406 ,0.00276 ,653,0.04548 ,0.20411 ,0.50051 
6530001 ,1.15168 ,1.18525 ,0.01489 ,1.48230 ,1.48792 ,0.02796 ,1.95069 ,1.99181 ,0.03114 ,654,0.04794 ,0.19960 ,0.50158 
6540001 ,1.15719 ,1.20533 ,0.01790 ,1.48230 ,1.47351 ,0.02620 ,1.95620 ,2.02258 ,0.03641 ,655,0.03452 ,0.19687 ,0.50466 
6550001 ,1.15719 ,1.15579 ,0.01756 ,1.48781 ,1.46498 ,0.00752 ,1.95620 ,2.07534 ,0.04955 ,656,0.04482 ,0.19457 ,0.51196 
6560001 ,1.15719 ,1.19016 ,0.00350 ,1.48781 ,1.46871 ,0.01756 ,1.95620 ,1.96800 ,0.03253 ,657,0.02870 ,0.19557 ,0.51302 
6570001 ,1.15719 ,1.18149 ,0.04493 ,1.48781 ,1.49919 ,0.00736 ,1.95620 ,2.00154 ,0.01455 ,658,0.03829 ,0.20066 ,0.49951 
6580001 ,1.16270 ,1.19225 ,0.01607 ,1.48781 ,1.54619 ,0.01622 ,1.96171 ,2.00565 ,0.02215 ,659,0.03096 ,0.20805 ,0.50379 
6590001 ,1.16270 ,1.15156 ,0.01829 ,1.49332 ,1.44724 ,0.03027 ,1.96171 ,2.05021 ,0.02766 ,660,0.02973 ,0.20787 ,0.51109 
6600001 ,1.16270 ,1.17477 ,0.02397 ,1.49332 ,1.46346 ,0.02498 ,1.96171 ,1.99424 ,0.02172 ,661,0.03932 ,0.18826 ,0.51215 
6610001 ,1.16270 ,1.23309 ,0.02650 ,1.49332 ,1.44835 ,0.00880 ,1.96171 ,2.03931 ,0.01285 ,662,0.01181 ,0.19683 ,0.47464 
6620001 ,1.16270 ,1.20825 ,0.02073 ,1.49332 ,1.53889 ,0.03510 ,1.96722 ,2.01573 ,0.02552 ,663,-0.00687 ,0.19665 ,0.48264 
6630001 ,1.16270 ,1.16516 ,0.01324 ,1.49332 ,1.56240 ,0.00731 ,1.96722 ,2.01679 ,0.00919 ,664,-0.00191 ,0.20395 ,0.47997 
6640001 ,1.16270 ,1.16643 ,0.02610 ,1.49883 ,1.46487 ,0.01600 ,1.96722 ,1.98397 ,0.01078 ,665,-0.00293 ,0.20533 ,0.48357 
6650001 ,1.16821 ,1.12742 ,0.02266 ,1.49883 ,1.51218 ,0.03912 ,1.97273 ,2.06561 ,0.03165 ,666,0.00203 ,0.20924 ,0.50112 
6660001 ,1.16821 ,1.21820 ,0.00685 ,1.49883 ,1.49463 ,0.02370 ,1.97273 ,2.02878 ,0.01112 ,667,0.00613 ,0.19511 ,0.48976 
6670001 ,1.16821 ,1.17891 ,0.01382 ,1.49883 ,1.55164 ,0.01579 ,1.97273 ,1.98405 ,0.01208 ,668,0.01862 ,0.20459 ,0.50379 
6680001 ,1.16821 ,1.18275 ,0.03023 ,1.49883 ,1.53995 ,0.02515 ,1.97273 ,2.05917 ,0.01810 ,669,-0.00006 ,0.21375 ,0.50170 
6690001 ,1.16821 ,1.12968 ,0.00694 ,1.50434 ,1.56631 ,0.01042 ,1.97273 ,2.06727 ,0.01755 ,670,0.00490 ,0.19414 ,0.51251 
6700001 ,1.16821 ,1.26159 ,0.02974 ,1.50434 ,1.42581 ,0.00540 ,1.97824 ,1.99875 ,0.04067 ,671,0.04291 ,0.18360 ,0.47660 
6710001 ,1.16821 ,1.23113 ,0.01754 ,1.50434 ,1.50547 ,0.02148 ,1.97824 ,1.99170 ,0.01228 ,672,0.02663 ,0.20463 ,0.48459 
6720001 ,1.16821 ,1.22797 ,0.01503 ,1.50434 ,1.52963 ,0.02723 ,1.97824 ,1.99458 ,0.01273 ,673,0.02101 ,0.20232 ,0.46333 
6730001 ,1.17372 ,1.17270 ,0.04772 ,1.50434 ,1.52516 ,0.01883 ,1.97824 ,1.99054 ,0.00785 ,674,0.03638 ,0.21774 ,0.48193 
6740001 ,1.17372 ,1.22930 ,0.02017 ,1.50985 ,1.49312 ,0.01599 ,1.97824 ,2.02708 ,0.03543 ,675,0.03885 ,0.21505 ,0.47579 
6750001 ,1.17372 ,1.22327 ,0.02340 ,1.50985 ,1.47822 ,0.00304 ,1.98375 ,2.03281 ,0.02550 ,676,0.02496 ,0.19825 ,0.48553 
6760001 ,1.17372 ,1.17108 ,0.00062 ,1.50985 ,1.49387 ,0.00776 ,1.98375 ,2.00266 ,0.02159 ,677,0.01934 ,0.20011 ,0.49186 
6770001 ,1.17372 ,1.20917 ,0.00689 ,1.50985 ,1.56825 ,0.02529 ,1.98375 ,2.02009 ,0.00676 ,678,0.01471 ,0.18942 ,0.49986 
6780001 ,1.17923 ,1.16519 ,0.04745 ,1.50985 ,1.47350 ,0.01049 ,1.98926 ,2.07814 ,0.01999 ,679,0.00704 ,0.19798 ,0.49526 
6790001 ,1.17923 ,1.20630 ,0.01901 ,1.51536 ,1.48304 ,0.02897 ,1.98926 ,2.09767 ,0.01027 ,680,0.02050 ,0.19780 ,0.50902 
6800001 ,1.17923 ,1.22368 ,0.01240 ,1.51536 ,1.49084 ,0.03796 ,1.98926 ,2.11437 ,0.02306 ,681,0.02296 ,0.19163 ,0.49948 
6810001 ,1.17923 ,1.20819 ,0.01886 ,1.51536 ,1.49326 ,0.01439 ,1.98926 ,1.99097 ,0.00662 ,682,0.00792 ,0.21127 ,0.50949 
6820001 ,1.17923 ,1.11259 ,0.01068 ,1.51536 ,1.57853 ,0.03073 ,1.99477 ,2.06613 ,0.00585 ,683,0.03574 ,0.22170 ,0.49698 
6830001 ,1.17923 ,1.24777 ,0.02167 ,1.51536 ,1.55755 ,0.02143 ,1.99477 ,2.04254 ,0.00480 ,684,0.03820 ,0.22308 ,0.51558 
6840001 ,1.18474 ,1.16533 ,0.01656 ,1.52087 ,1.50046 ,0.02045 ,1.99477 ,2.08828 ,0.02968 ,685,0.02431 ,0.21718 ,0.50979 
6850001 ,1.18474 ,1.17216 ,0.02612 ,1.52087 ,1.51850 ,0.00857 ,1.99477 ,2.06544 ,0.02366 ,686,0.01869 ,0.20776 ,0.52355 
6860001 ,1.18474 ,1.21526 ,0.01000 ,1.52087 ,1.50809 ,0.01438 ,1.99477 ,2.04149 ,0.02692 ,687,0.01407 ,0.21182 ,0.51402 
6870001 ,1.18474 ,1.22912 ,0.01163 ,1.52087 ,1.47678 ,0.01194 ,2.00028 ,2.10022 ,0.03130 ,688,0.00640 ,0.22226 ,0.51508 
6880001 ,1.18474 ,1.18554 ,0.01991 ,1.52087 ,1.48252 ,0.00764 ,2.00028 ,2.09021 ,0.01801 ,689,0.03576 ,0.22364 ,0.49920 
6890001 ,1.18474 ,1.19122 ,0.00218 ,1.52639 ,1.48869 ,0.01908 ,2.00028 ,2.02371 ,0.01782 ,690,0.02894 ,0.20211 ,0.50894 
6900001 ,1.18474 ,1.16894 ,0.02062 ,1.52639 ,1.56865 ,0.02793 ,2.00579 ,2.08102 ,0.01357 ,691,0.02127 ,0.20818 ,0.50859 
6910001 ,1.19025 ,1.21415 ,0.00897 ,1.52639 ,1.50084 ,0.02075 ,2.00579 ,2.00772 ,0.00258 ,692,0.00750 ,0.22201 ,0.51364 
6920001 ,1.19025 ,1.19248 ,0.02492 ,1.52639 ,1.53444 ,0.03042 ,2.00579 ,1.98912 ,0.00861 ,693,0.02140 ,0.20788 ,0.51470 
6930001 ,1.19025 ,1.22281 ,0.01748 ,1.53189 ,1.48025 ,0.01458 ,2.00579 ,2.03262 ,0.03082 ,694,0.01183 ,0.21395 ,0.46438 
6940001 ,1.19025 ,1.22234 ,0.01387 ,1.53189 ,1.55577 ,0.02316 ,2.01130 ,2.07067 ,0.02415 ,695,0.02213 ,0.21735 ,0.47841 
6950001 ,1.19025 ,1.11857 ,0.00562 ,1.53189 ,1.52024 ,0.02623 ,2.01130 ,2.11854 ,0.01339 ,696,0.01063 ,0.22652 ,0.47813 
6960001 ,1.19576 ,1.21732 ,0.02279 ,1.53189 ,1.52989 ,0.03923 ,2.01130 ,2.06006 ,0.01021 ,697,0.01559 ,0.21161 ,0.49164 
6970001 ,1.19576 ,1.20417 ,0.02321 ,1.53189 ,1.50747 ,0.02061 ,2.01130 ,2.08818 ,0.01077 ,698,0.01116 ,0.21299 ,0.48693 
6980001 ,1.19576 ,1.17879 ,0.03711 ,1.53740 ,1.54198 ,0.03048 ,2.01681 ,2.05567 ,0.01703 ,699,0.02505 ,0.21690 ,0.47557 
6990001 ,1.19576 ,1.21040 ,0.01401 ,1.53740 ,1.51036 ,0.01416 ,2.01681 ,2.04753 ,0.01386 ,700,0.01228 ,0.20277 ,0.48960 
7000001 ,1.19576 ,1.22006 ,0.02136 ,1.53740 ,1.54050 ,0.01606 ,2.01681 ,2.11948 ,0.01660 ,701,0.02187 ,0.21224 ,0.48751 
7010001 ,1.19576 ,1.21234 ,0.01488 ,1.53740 ,1.49509 ,0.00262 ,2.02232 ,2.07454 ,0.01338 ,702,0.03019 ,0.22141 ,0.47732 
7020001 ,1.19576 ,1.22548 ,0.01191 ,1.53740 ,1.58247 ,0.02450 ,2.02232 ,2.10697 ,0.01810 ,703,0.03266 ,0.17150 ,0.49593 
7030001 ,1.20127 ,1.25576 ,0.02451 ,1.54291 ,1.55182 ,0.01627 ,2.02232 ,2.08776 ,0.02359 ,704,0.01923 ,0.17345 ,0.49013 
7040001 ,1.20127 ,1.17805 ,0.02802 ,1.54291 ,1.52908 ,0.00840 ,2.02232 ,2.06899 ,0.01402 ,705,0.02953 ,0.17114 ,0.50389 
7050001 ,1.20127 ,1.23470 ,0.03629 ,1.54291 ,1.55711 ,0.01852 ,2.02232 ,2.07632 ,0.01735 ,706,0.01342 ,0.19221 ,0.49436 
7060001 ,1.20127 ,1.28733 ,0.01130 ,1.54291 ,1.48491 ,0.01676 ,2.02783 ,2.10154 ,0.02786 ,707,0.02301 ,0.19020 ,0.49542 
7070001 ,1.20127 ,1.24514 ,0.02545 ,1.54291 ,1.56996 ,0.01895 ,2.02783 ,2.04830 ,0.02546 ,708,0.00741 ,0.19897 ,0.47503 
7080001 ,1.20127 ,1.22340 ,0.00490 ,1.54842 ,1.47872 ,0.00183 ,2.02783 ,2.14305 ,0.03088 ,709,-0.01127 ,0.19445 ,0.48906 
7090001 ,1.20127 ,1.23619 ,0.01187 ,1.54842 ,1.48228 ,0.00876 ,2.02783 ,2.11946 ,0.01124 ,710,-0.00631 ,0.21171 ,0.48139 
7100001 ,1.20678 ,1.19739 ,0.01488 ,1.54842 ,1.60452 ,0.02716 ,2.02783 ,2.09365 ,0.01679 ,711,0.03170 ,0.20917 ,0.49515 
7110001 ,1.20678 ,1.18649 ,0.04010 ,1.54842 ,1.54113 ,0.01995 ,2.03334 ,2.05289 ,0.01596 ,712,0.01541 ,0.16842 ,0.49273 
7120001 ,1.20678 ,1.24883 ,0.01909 ,1.54842 ,1.53739 ,0.00586 ,2.03334 ,2.08774 ,0.02775 ,713,0.00979 ,0.16699 ,0.49610 
7130001 ,1.20678 ,1.26041 ,0.01915 ,1.55393 ,1.51355 ,0.02340 ,2.03334 ,2.10779 ,0.02395 ,714,0.02517 ,0.16975 ,0.50818 
7140001 ,1.21229 ,1.20374 ,0.01826 ,1.55393 ,1.50309 ,0.00652 ,2.03885 ,2.12359 ,0.00876 ,715,0.02763 ,0.18713 ,0.49557 
7150001 ,1.21229 ,1.20461 ,0.00990 ,1.55393 ,1.51474 ,0.01888 ,2.03885 ,2.10124 ,0.03502 ,716,0.01374 ,0.18569 ,0.49885 
7160001 ,1.21229 ,1.21744 ,0.01032 ,1.55393 ,1.59277 ,0.01197 ,2.03885 ,2.04249 ,0.00317 ,717,0.00812 ,0.19755 ,0.50098 
7170001 ,1.21229 ,1.17789 ,0.01999 ,1.55393 ,1.52329 ,0.01530 ,2.03885 ,2.15137 ,0.01254 ,718,0.00350 ,0.21000 ,0.48425 
7180001 ,1.21229 ,1.25761 ,0.01270 ,1.55944 ,1.51434 ,0.01376 ,2.04436 ,2.10949 ,0.01989 ,719,-0.00417 ,0.18923 ,0.49314 
7190001 ,1.21229 ,1.26479 ,0.01082 ,1.55944 ,1.63022 ,0.02007 ,2.04436 ,2.12122 ,0.01103 ,720,0.00903 ,0.21568 ,0.49974 
7200001 ,1.21229 ,1.17906 ,0.02903 ,1.55944 ,1.53095 ,0.01233 ,2.04436 ,2.13776 ,0.02762 ,721,0.02292 ,0.20786 ,0.49811 
7210001 ,1.21229 ,1.27616 ,0.02265 ,1.55944 ,1.52028 ,0.02357 ,2.04436 ,2.14589 ,0.03463 ,722,0.01336 ,0.21580 ,0.50683 
7220001 ,1.21780 ,1.22346 ,0.00737 ,1.55944 ,1.53057 ,0.01599 ,2.04436 ,2.07933 ,0.01764 ,723,0.02366 ,0.20400 ,0.51020 
7230001 ,1.21780 ,1.20558 ,0.01873 ,1.56496 ,1.51183 ,0.00662 ,2.04987 ,2.08939 ,0.01190 ,724,0.03540 ,0.21552 ,0.47455 
7240001 ,1.21780 ,1.19721 ,0.00405 ,1.56496 ,1.54637 ,0.02276 ,2.04987 ,2.09038 ,0.02342 ,725,0.01911 ,0.20586 ,0.49316 
7250001 ,1.21780 ,1.21617 ,0.02577 ,1.56496 ,1.58905 ,0.00652 ,2.04987 ,2.11287 ,0.03361 ,726,0.01349 ,0.22063 ,0.48526 
7260001 ,1.21780 ,1.22957 ,0.01411 ,1.56496 ,1.54364 ,0.01571 ,2.05538 ,2.09553 ,0.03025 ,727,0.02983 ,0.19432 ,0.48300 
7270001 ,1.21780 ,1.23848 ,0.01864 ,1.56496 ,1.57807 ,0.02070 ,2.05538 ,2.08973 ,0.01258 ,728,0.04372 ,0.20264 ,0.50160 
7280001 ,1.22331 ,1.25285 ,0.02232 ,1.57047 ,1.60906 ,0.00689 ,2.05538 ,2.07156 ,0.01183 ,729,0.00612 ,0.20210 ,0.49023 
7290001 ,1.22331 ,1.23766 ,0.01334 ,1.57047 ,1.57947 ,0.02314 ,2.05538 ,2.11514 ,0.02468 ,730,0.03175 ,0.20156 ,0.50427 
7300001 ,1.22331 ,1.21189 ,0.01871 ,1.57047 ,1.59934 ,0.01128 ,2.06089 ,2.03523 ,0.01570 ,731,0.04205 ,0.20403 ,0.50217 
7310001 ,1.22331 ,1.21277 ,0.03121 ,1.57047 ,1.54733 ,0.03296 ,2.06089 ,2.08991 ,0.01448 ,732,0.02886 ,0.20331 ,0.49546 
7320001 ,1.22331 ,1.24276 ,0.02686 ,1.57047 ,1.57099 ,0.02304 ,2.06089 ,2.09083 ,0.01679 ,733,0.02324 ,0.19266 ,0.50330 
7330001 ,1.22882 ,1.21004 ,0.02419 ,1.57598 ,1.61657 ,0.02533 ,2.06089 ,2.15379 ,0.02525 ,734,0.00645 ,0.19873 ,0.51129 
7340001 ,1.22882 ,1.24010 ,0.01646 ,1.57598 ,1.56018 ,0.01267 ,2.06089 ,2.04868 ,0.02061 ,735,0.01142 ,0.20654 ,0.50457 
7350001 ,1.22882 ,1.33743 ,0.01053 ,1.57598 ,1.56686 ,0.01019 ,2.06640 ,2.19619 ,0.02913 ,736,0.00699 ,0.21261 ,0.46786 
7360001 ,1.22882 ,1.25667 ,0.00613 ,1.57598 ,1.59773 ,0.01898 ,2.06640 ,2.12995 ,0.04076 ,737,0.02088 ,0.20836 ,0.48646 
7370001 ,1.22882 ,1.27788 ,0.03529 ,1.58149 ,1.57446 ,0.02971 ,2.06640 ,2.13950 ,0.02719 ,738,0.00810 ,0.20833 ,0.47856 
7380001 ,1.22882 ,1.22491 ,0.01578 ,1.58149 ,1.60348 ,0.01937 ,2.06640 ,2.11639 ,0.01324 ,739,0.01769 ,0.21577 ,0.48469 
7390001 ,1.22882 ,1.21308 ,0.04315 ,1.58149 ,1.57647 ,0.03351 ,2.07191 ,2.16066 ,0.02023 ,740,0.02223 ,0.19962 ,0.50329 
7400001 ,1.22882 ,1.28582 ,0.03014 ,1.58149 ,1.54195 ,0.01475 ,2.07191 ,2.17962 ,0.05537 ,741,0.03612 ,0.19890 ,0.49750 
7410001 ,1.23433 ,1.20014 ,0.01300 ,1.58149 ,1.59358 ,0.02547 ,2.07191 ,2.16498 ,0.01509 ,742,-0.00148 ,0.18825 ,0.51126 
7420001 ,1.23433 ,1.22518 ,0.02118 ,1.58149 ,1.59478 ,0.00503 ,2.07191 ,2.06876 ,0.03069 ,743,0.02152 ,0.20604 ,0.50172 
7430001 ,1.23433 ,1.18717 ,0.01119 ,1.58700 ,1.58418 ,0.01987 ,2.07742 ,2.14767 ,0.02670 ,744,0.01385 ,0.21540 ,0.50279 
7440001 ,1.23433 ,1.29428 ,0.02771 ,1.58700 ,1.58157 ,0.01965 ,2.07742 ,2.08444 ,0.00477 ,745,0.00975 ,0.22249 ,0.50588 
7450001 ,1.23433 ,1.22309 ,0.02870 ,1.58700 ,1.53426 ,0.00684 ,2.07742 ,2.10207 ,0.01374 ,746,0.03261 ,0.21137 ,0.51317 
7460001 ,1.23433 ,1.23199 ,0.01325 ,1.58700 ,1.58214 ,0.02966 ,2.07742 ,2.07562 ,0.02945 ,747,0.03508 ,0.21744 ,0.51423 
7470001 ,1.23433 ,1.26437 ,0.02127 ,1.58700 ,1.54699 ,0.01981 ,2.08293 ,2.18194 ,0.02590 ,748,0.02165 ,0.21962 ,0.46846 
7480001 ,1.23984 ,1.27093 ,0.02835 ,1.59251 ,1.59386 ,0.02541 ,2.08293 ,2.18249 ,0.01435 ,749,0.03195 ,0.19841 ,0.48706 
7490001 ,1.23984 ,1.24679 ,0.04679 ,1.59251 ,1.58974 ,0.03728 ,2.08293 ,2.13647 ,0.03715 ,750,0.01583 ,0.20418 ,0.47569 
7500001 ,1.23984 ,1.25236 ,0.02107 ,1.59251 ,1.60577 ,0.00957 ,2.08293 ,2.13606 ,0.01170 ,751,0.02543 ,0.21126 ,0.48972 
7510001 ,1.23984 ,1.21222 ,0.03231 ,1.59251 ,1.61225 ,0.00760 ,2.08845 ,2.13403 ,0.02907 ,752,0.03301 ,0.22209 ,0.48763 
7520001 ,1.23984 ,1.21348 ,0.01306 ,1.59251 ,1.66634 ,0.02539 ,2.08845 ,2.16887 ,0.02981 ,753,0.03548 ,0.21400 ,0.48091 
7530001 ,1.24535 ,1.26557 ,0.01693 ,1.59802 ,1.60217 ,0.02339 ,2.08845 ,2.15024 ,0.02716 ,754,0.02159 ,0.22436 ,0.47745 
7540001 ,1.24535 ,1.22352 ,0.01647 ,1.59802 ,1.55862 ,0.02287 ,2.08845 ,2.18420 ,0.00042 ,755,0.01597 ,0.19759 ,0.49605 
7550001 ,1.24535 ,1.25162 ,0.00469 ,1.59802 ,1.59679 ,0.03171 ,2.08845 ,2.15662 ,0.00950 ,756,0.01134 ,0.20366 ,0.49026 
7560001 ,1.24535 ,1.25214 ,0.01729 ,1.59802 ,1.55311 ,0.01738 ,2.09396 ,2.13442 ,0.01126 ,757,0.00367 ,0.20474 ,0.50402 
7570001 ,1.24535 ,1.27718 ,0.01344 ,1.59802 ,1.64622 ,0.00890 ,2.09396 ,2.15165 ,0.03165 ,758,0.03321 ,0.21081 ,0.49448 
7580001 ,1.24535 ,1.30113 ,0.01254 ,1.60353 ,1.63126 ,0.01946 ,2.09396 ,2.20055 ,0.02072 ,759,0.04351 ,0.21299 ,0.49555 
7590001 ,1.25086 ,1.31699 ,0.01540 ,1.60353 ,1.60699 ,0.00910 ,2.09396 ,2.16267 ,0.00670 ,760,0.03033 ,0.20682 ,0.47515 
7600001 ,1.25086 ,1.32341 ,0.01325 ,1.60353 ,1.60393 ,0.01616 ,2.09947 ,2.20013 ,0.00768 ,761,0.02471 ,0.19957 ,0.48919 
7610001 ,1.25086 ,1.23163 ,0.01713 ,1.60353 ,1.56716 ,0.02839 ,2.09947 ,2.16526 ,0.04553 ,762,0.00282 ,0.20533 ,0.48152 
7620001 ,1.25086 ,1.25194 ,0.03129 ,1.60904 ,1.63334 ,0.01304 ,2.09947 ,2.11717 ,0.01504 ,763,0.00778 ,0.21242 ,0.49528 
7630001 ,1.25086 ,1.30480 ,0.03085 ,1.60904 ,1.64523 ,0.02248 ,2.10498 ,2.12424 ,0.01088 ,764,0.01188 ,0.22325 ,0.49285 
7640001 ,1.25086 ,1.27205 ,0.01617 ,1.60904 ,1.68009 ,0.03525 ,2.10498 ,2.16615 ,0.01657 ,765,0.01814 ,0.21516 ,0.49622 
7650001 ,1.25086 ,1.30588 ,0.04365 ,1.60904 ,1.56772 ,0.01846 ,2.10498 ,2.15676 ,0.01575 ,766,0.02310 ,0.22552 ,0.50830 
7660001 ,1.25086 ,1.29362 ,0.01667 ,1.60904 ,1.66068 ,0.02676 ,2.10498 ,2.22026 ,0.02722 ,767,0.01867 ,0.21749 ,0.50158 
7670001 ,1.25637 ,1.25603 ,0.02256 ,1.60904 ,1.59479 ,0.02626 ,2.10498 ,2.22260 ,0.02243 ,768,0.03256 ,0.20940 ,0.50767 
7680001 ,1.25637 ,1.26765 ,0.02224 ,1.61455 ,1.61946 ,0.00436 ,2.11049 ,2.17060 ,0.02589 ,769,0.01979 ,0.21976 ,0.50874 
7690001 ,1.25637 ,1.27299 ,0.02229 ,1.61455 ,1.57945 ,0.00711 ,2.11049 ,2.17148 ,0.01633 ,770,0.02938 ,0.20525 ,0.51006 
7700001 ,1.25637 ,1.28966 ,0.00783 ,1.61455 ,1.65578 ,0.02656 ,2.11049 ,2.09812 ,0.01014 ,771,0.01934 ,0.21132 ,0.51343 
7710001 ,1.25637 ,1.28746 ,0.02113 ,1.61455 ,1.60950 ,0.03369 ,2.11049 ,2.21131 ,0.03568 ,772,0.01811 ,0.21240 ,0.48947 
7720001 ,1.26189 ,1.29722 ,0.03024 ,1.61455 ,1.68031 ,0.00823 ,2.11049 ,2.17460 ,0.01605 ,773,0.02771 ,0.21847 ,0.49745 
7730001 ,1.26189 ,1.31243 ,0.00645 ,1.62006 ,1.59796 ,0.01625 ,2.11600 ,2.16572 ,0.01449 ,774,0.00943 ,0.22065 ,0.49074 
7740001 ,1.26189 ,1.36728 ,0.02576 ,1.62006 ,1.64984 ,0.02648 ,2.11600 ,2.13551 ,0.01358 ,775,0.01440 ,0.18242 ,0.49610 
7750001 ,1.26189 ,1.30841 ,0.00832 ,1.62006 ,1.62932 ,0.02740 ,2.11600 ,2.13097 ,0.02839 ,776,0.00996 ,0.18437 ,0.50339 
7760001 ,1.26189 ,1.34883 ,0.02489 ,1.62006 ,1.57835 ,0.02293 ,2.12151 ,2.20725 ,0.00691 ,777,0.02386 ,0.18207 ,0.50446 
7770001 ,1.26189 ,1.22233 ,0.00775 ,1.62557 ,1.56991 ,0.01545 ,2.12151 ,2.21267 ,0.01442 ,778,0.01108 ,0.19626 ,0.50721 
7780001 ,1.26189 ,1.27546 ,0.02949 ,1.62557 ,1.60404 ,0.01420 ,2.12151 ,2.18158 ,0.01687 ,779,0.02067 ,0.19395 ,0.50049 
7790001 ,1.26740 ,1.26975 ,0.02500 ,1.62557 ,1.64486 ,0.02544 ,2.12151 ,2.21457 ,0.04754 ,780,0.02521 ,0.17044 ,0.50658 
7800001 ,1.26740 ,1.30045 ,0.01006 ,1.62557 ,1.60996 ,0.04024 ,2.12702 ,2.15145 ,0.02372 ,781,0.03910 ,0.17239 ,0.50764 
7810001 ,1.26740 ,1.25958 ,0.01298 ,1.62557 ,1.64573 ,0.01219 ,2.12702 ,2.19416 ,0.01697 ,782,0.00150 ,0.17009 ,0.50896 
7820001 ,1.26740 ,1.28388 ,0.01099 ,1.62557 ,1.68216 ,0.01970 ,2.12702 ,2.23012 ,0.01821 ,783,0.02450 ,0.18925 ,0.51233 
7830001 ,1.26740 ,1.27434 ,0.03859 ,1.63108 ,1.61935 ,0.02208 ,2.12702 ,2.20100 ,0.02027 ,784,0.01683 ,0.18617 ,0.49361 
7840001 ,1.26740 ,1.35300 ,0.00728 ,1.63108 ,1.56653 ,0.00485 ,2.12702 ,2.20511 ,0.01594 ,785,0.01273 ,0.18221 ,0.49638 
7850001 ,1.26740 ,1.26280 ,0.04383 ,1.63108 ,1.63657 ,0.02337 ,2.13253 ,2.22429 ,0.02298 ,786,0.03007 ,0.19493 ,0.50254 
7860001 ,1.27291 ,1.25672 ,0.00354 ,1.63108 ,1.65430 ,0.01196 ,2.13253 ,2.11421 ,0.01732 ,787,0.02325 ,0.19262 ,0.50897 
7870001 ,1.27291 ,1.28329 ,0.02534 ,1.63108 ,1.60466 ,0.03013 ,2.13253 ,2.25648 ,0.02644 ,788,0.01558 ,0.19358 ,0.51557 
7880001 ,1.27291 ,1.28613 ,0.01634 ,1.63659 ,1.63249 ,0.01692 ,2.13253 ,2.24241 ,0.01484 ,789,0.03055 ,0.18962 ,0.51770 
7890001 ,1.27291 ,1.28548 ,0.02198 ,1.63659 ,1.62245 ,0.01739 ,2.13804 ,2.19471 ,0.03696 ,790,0.02288 ,0.20203 ,0.51098 
7900001 ,1.27291 ,1.29681 ,0.01754 ,1.63659 ,1.61282 ,0.00569 ,2.13804 ,2.19574 ,0.01062 ,791,0.01877 ,0.18288 ,0.50351 
7910001 ,1.27842 ,1.21989 ,0.01513 ,1.63659 ,1.64174 ,0.01963 ,2.13804 ,2.14108 ,0.02758 ,792,0.03210 ,0.18057 ,0.51149 
7920001 ,1.27842 ,1.27227 ,0.03901 ,1.63659 ,1.63056 ,0.01778 ,2.13804 ,2.17557 ,0.03091 ,793,0.03457 ,0.18015 ,0.50477 
7930001 ,1.27842 ,1.36484 ,0.03482 ,1.64210 ,1.72043 ,0.01090 ,2.14355 ,2.17404 ,0.01617 ,794,0.01952 ,0.19494 ,0.49207 
7940001 ,1.27842 ,1.35674 ,0.01418 ,1.64210 ,1.64073 ,0.01398 ,2.14355 ,2.14913 ,0.01256 ,795,0.04826 ,0.19263 ,0.50181 
7950001 ,1.27842 ,1.32864 ,0.01251 ,1.64210 ,1.66303 ,0.00442 ,2.14355 ,2.26375 ,0.05399 ,796,0.05072 ,0.19359 ,0.49485 
7960001 ,1.27842 ,1.31649 ,0.03086 ,1.64210 ,1.66467 ,0.03040 ,2.14355 ,2.16208 ,0.01596 ,797,0.03730 ,0.18963 ,0.49154 
7970001 ,1.27842 ,1.25806 ,0.01840 ,1.64210 ,1.62824 ,0.03124 ,2.14906 ,2.17602 ,0.00858 ,798,0.04760 ,0.20204 ,0.50128 
7980001 ,1.28393 ,1.31362 ,0.01295 ,1.64761 ,1.69846 ,0.00501 ,2.14906 ,2.22357 ,0.01436 ,799,0.03148 ,0.20499 ,0.50093 
7990001 ,1.28393 ,1.28616 ,0.01182 ,1.64761 ,1.60402 ,0.02617 ,2.14906 ,2.23419 ,0.02850 ,800,0.04107 ,0.21542 ,0.50597 
8000001 ,1.28393 ,1.30693 ,0.02014 ,1.64761 ,1.68042 ,0.03188 ,2.14906 ,2.24586 ,0.01674 ,801,0.03374 ,0.21680 ,0.50704 
8010001 ,1.28393 ,1.28137 ,0.03269 ,1.64761 ,1.63917 ,0.01879 ,2.15457 ,2.17165 ,0.03249 ,802,0.03251 ,0.18934 ,0.51522 
8020001 ,1.28393 ,1.33750 ,0.01003 ,1.64761 ,1.63004 ,0.03380 ,2.15457 ,2.21380 ,0.01266 ,803,0.04210 ,0.18807 ,0.52252 
8030001 ,1.28393 ,1.33070 ,0.01442 ,1.65312 ,1.63795 ,0.02362 ,2.15457 ,2.24991 ,0.03165 ,804,0.02132 ,0.18664 ,0.52358 
8040001 ,1.28393 ,1.27367 ,0.02919 ,1.65312 ,1.66014 ,0.01416 ,2.15457 ,2.16828 ,0.01509 ,805,0.02378 ,0.18940 ,0.49788 
8050001 ,1.28944 ,1.32218 ,0.00851 ,1.65312 ,1.64160 ,0.02156 ,2.15457 ,2.18811 ,0.00780 ,806,0.00874 ,0.20204 ,0.50432 
8060001 ,1.28944 ,1.32834 ,0.02228 ,1.65312 ,1.66472 ,0.03225 ,2.16008 ,2.21820 ,0.03090 ,807,0.03656 ,0.19897 ,0.50632 
8070001 ,1.28944 ,1.33199 ,0.03171 ,1.65312 ,1.62460 ,0.02811 ,2.16008 ,2.19932 ,0.01817 ,808,0.03903 ,0.19501 ,0.48657 
8080001 ,1.28944 ,1.24312 ,0.00699 ,1.65863 ,1.62786 ,0.01365 ,2.16008 ,2.23694 ,0.02305 ,809,0.02514 ,0.20738 ,0.49596 
8090001 ,1.28944 ,1.29461 ,0.01473 ,1.65863 ,1.63203 ,0.02074 ,2.16008 ,2.22723 ,0.00421 ,810,0.01952 ,0.18053 ,0.50598 
8100001 ,1.29495 ,1.36210 ,0.03059 ,1.65863 ,1.61380 ,0.03538 ,2.16559 ,2.18409 ,0.03573 ,811,0.01489 ,0.18148 ,0.50101 
8110001 ,1.29495 ,1.36798 ,0.00491 ,1.65863 ,1.66093 ,0.02390 ,2.16559 ,2.26109 ,0.01837 ,812,0.00722 ,0.17696 ,0.50207 
8120001 ,1.29495 ,1.30623 ,0.01388 ,1.65863 ,1.64301 ,0.01178 ,2.16559 ,2.24254 ,0.03187 ,813,0.03658 ,0.17607 ,0.52018 
8130001 ,1.29495 ,1.29077 ,0.02938 ,1.66414 ,1.61163 ,0.02776 ,2.17110 ,2.19037 ,0.00903 ,814,0.02976 ,0.20877 ,0.51987 
8140001 ,1.29495 ,1.31672 ,0.04004 ,1.66414 ,1.66384 ,0.02740 ,2.17110 ,2.23875 ,0.01782 ,815,0.02209 ,0.20608 ,0.51315 
8150001 ,1.29495 ,1.30213 ,0.00921 ,1.66414 ,1.62660 ,0.02006 ,2.17110 ,2.21242 ,0.03192 ,816,0.04125 ,0.19485 ,0.51924 
8160001 ,1.29495 ,1.38502 ,0.00667 ,1.66414 ,1.64454 ,0.02975 ,2.17110 ,2.22726 ,0.00922 ,817,0.04372 ,0.21440 ,0.52031 
8170001 ,1.29495 ,1.35562 ,0.02062 ,1.66414 ,1.66324 ,0.01523 ,2.17110 ,2.18393 ,0.02881 ,818,0.03029 ,0.21044 ,0.52163 
8180001 ,1.30046 ,1.28346 ,0.01330 ,1.66965 ,1.65341 ,0.03321 ,2.17661 ,2.25999 ,0.03485 ,819,0.04059 ,0.21015 ,0.52500 
8190001 ,1.30046 ,1.37269 ,0.02341 ,1.66965 ,1.69003 ,0.02341 ,2.17661 ,2.24439 ,0.01867 ,820,0.02447 ,0.20284 ,0.50202 
8200001 ,1.30046 ,1.30378 ,0.00726 ,1.66965 ,1.67041 ,0.02997 ,2.17661 ,2.26922 ,0.00914 ,821,0.03407 ,0.20212 ,0.51000 
8210001 ,1.30046 ,1.31194 ,0.01971 ,1.66965 ,1.72318 ,0.02256 ,2.17661 ,2.17727 ,0.01929 ,822,0.04165 ,0.19147 ,0.50328 
8220001 ,1.30046 ,1.34453 ,0.01720 ,1.66965 ,1.63491 ,0.00915 ,2.17661 ,2.24636 ,0.02141 ,823,0.04412 ,0.19754 ,0.50865 
8230001 ,1.30046 ,1.29577 ,0.01493 ,1.67517 ,1.65146 ,0.02186 ,2.18212 ,2.17696 ,0.02508 ,824,0.03023 ,0.20535 ,0.51594 
8240001 ,1.30046 ,1.33303 ,0.01719 ,1.67517 ,1.68296 ,0.00985 ,2.18212 ,2.22444 ,0.01172 ,825,0.02461 ,0.21142 ,0.51700 
8250001 ,1.30597 ,1.31133 ,0.02326 ,1.67517 ,1.63232 ,0.00339 ,2.18212 ,2.27385 ,0.01863 ,826,0.01998 ,0.18912 ,0.51975 
8260001 ,1.30597 ,1.34675 ,0.02873 ,1.67517 ,1.63888 ,0.01341 ,2.18763 ,2.25211 ,0.02148 ,827,0.01231 ,0.18604 ,0.51304 
8270001 ,1.30597 ,1.33729 ,0.01824 ,1.67517 ,1.70976 ,0.01997 ,2.18763 ,2.28605 ,0.03107 ,828,0.04185 ,0.18208 ,0.51912 
8280001 ,1.30597 ,1.30361 ,0.01879 ,1.67517 ,1.70706 ,0.01900 ,2.18763 ,2.20548 ,0.02801 ,829,0.05215 ,0.18768 ,0.52019 
8290001 ,1.30597 ,1.32260 ,0.00955 ,1.68068 ,1.68668 ,0.03282 ,2.18763 ,2.27353 ,0.02262 ,830,0.03897 ,0.19645 ,0.52151 
8300001 ,1.31148 ,1.32343 ,0.01654 ,1.68068 ,1.66347 ,0.01068 ,2.18763 ,2.29076 ,0.04480 ,831,0.03335 ,0.19193 ,0.52488 
8310001 ,1.31148 ,1.30740 ,0.02910 ,1.68068 ,1.66404 ,0.02438 ,2.19314 ,2.26142 ,0.01352 ,832,0.01310 ,0.20120 ,0.51902 
8320001 ,1.31148 ,1.37426 ,0.02287 ,1.68068 ,1.70850 ,0.01116 ,2.19314 ,2.23720 ,0.01258 ,833,0.01360 ,0.19851 ,0.46137 
8330001 ,1.31148 ,1.26646 ,0.00598 ,1.68619 ,1.65405 ,0.01670 ,2.19314 ,2.30250 ,0.03399 ,834,0.03355 ,0.18727 ,0.47383 
8340001 ,1.31148 ,1.33637 ,0.00262 ,1.68619 ,1.66324 ,0.02024 ,2.19314 ,2.25347 ,0.00817 ,835,0.03851 ,0.20255 ,0.48070 
8350001 ,1.31148 ,1.34027 ,0.02716 ,1.68619 ,1.72686 ,0.02305 ,2.19314 ,2.21084 ,0.01279 ,836,0.02672 ,0.19859 ,0.48869 
8360001 ,1.31148 ,1.34012 ,0.02900 ,1.68619 ,1.66678 ,0.00469 ,2.19865 ,2.30208 ,0.01914 ,837,0.02722 ,0.21351 ,0.47591 
8370001 ,1.31699 ,1.33634 ,0.01513 ,1.68619 ,1.69680 ,0.01860 ,2.19865 ,2.24028 ,0.02181 ,838,0.03041 ,0.21082 ,0.48994 
8380001 ,1.31699 ,1.37411 ,0.02186 ,1.69170 ,1.67698 ,0.01429 ,2.19865 ,2.21946 ,0.01156 ,839,0.02274 ,0.20455 ,0.48307 
8390001 ,1.31699 ,1.29927 ,0.02115 ,1.69170 ,1.64219 ,0.01797 ,2.20417 ,2.30682 ,0.03722 ,840,0.01191 ,0.21372 ,0.48966 
8400001 ,1.31699 ,1.31560 ,0.00865 ,1.69170 ,1.73113 ,0.01495 ,2.20417 ,2.27409 ,0.01644 ,841,0.01687 ,0.20934 ,0.48252 
8410001 ,1.31699 ,1.34366 ,0.01538 ,1.69170 ,1.66147 ,0.00968 ,2.20417 ,2.31189 ,0.02242 ,842,0.02097 ,0.19872 ,0.49498 
8420001 ,1.31699 ,1.28506 ,0.01586 ,1.69170 ,1.70692 ,0.02355 ,2.20417 ,2.28584 ,0.00057 ,843,0.03779 ,0.21105 ,0.50277 
8430001 ,1.31699 ,1.33397 ,0.01904 ,1.69170 ,1.70049 ,0.02407 ,2.20417 ,2.26583 ,0.02921 ,844,0.04276 ,0.20709 ,0.50920 
8440001 ,1.32250 ,1.38946 ,0.00533 ,1.69721 ,1.76340 ,0.02401 ,2.20968 ,2.26203 ,0.01810 ,845,0.03096 ,0.20680 ,0.51580 
8450001 ,1.32250 ,1.30577 ,0.01419 ,1.69721 ,1.65201 ,0.01553 ,2.20968 ,2.20764 ,0.01711 ,846,0.03147 ,0.20281 ,0.51793 
8460001 ,1.32250 ,1.34382 ,0.00707 ,1.69721 ,1.68012 ,0.02832 ,2.20968 ,2.27209 ,0.02110 ,847,0.03465 ,0.20888 ,0.51121 
8470001 ,1.32250 ,1.34678 ,0.02343 ,1.69721 ,1.74438 ,0.01141 ,2.20968 ,2.22167 ,0.01153 ,848,0.02698 ,0.21616 ,0.51861 
8480001 ,1.32250 ,1.39877 ,0.01679 ,1.69721 ,1.73456 ,0.00984 ,2.21519 ,2.27399 ,0.00903 ,849,0.03936 ,0.18431 ,0.46917 
8490001 ,1.32801 ,1.34966 ,0.02084 ,1.70272 ,1.70665 ,0.02435 ,2.21519 ,2.28131 ,0.01642 ,850,0.03254 ,0.18626 ,0.47716 
8500001 ,1.32801 ,1.32839 ,0.02376 ,1.70272 ,1.66456 ,0.01704 ,2.21519 ,2.21224 ,0.01564 ,851,0.02487 ,0.18395 ,0.47154 
8510001 ,1.32801 ,1.32299 ,0.02380 ,1.70272 ,1.66554 ,0.02106 ,2.22070 ,2.25517 ,0.03297 ,852,0.00189 ,0.19815 ,0.47448 
8520001 ,1.32801 ,1.37479 ,0.02711 ,1.70272 ,1.74183 ,0.01666 ,2.22070 ,2.26348 ,0.02520 ,853,0.00239 ,0.19584 ,0.48247 
8530001 ,1.32801 ,1.27038 ,0.00311 ,1.70272 ,1.70115 ,0.00512 ,2.22070 ,2.28489 ,0.00838 ,854,0.02233 ,0.17951 ,0.47788 
8540001 ,1.32801 ,1.39373 ,0.02053 ,1.70823 ,1.69526 ,0.00863 ,2.22070 ,2.27075 ,0.03747 ,855,0.02730 ,0.18046 ,0.48209 
8550001 ,1.32801 ,1.33782 ,0.02132 ,1.70823 ,1.70837 ,0.02229 ,2.22070 ,2.27757 ,0.02906 ,856,0.01551 ,0.17594 ,0.49210 
8560001 ,1.33352 ,1.31394 ,0.02450 ,1.70823 ,1.73763 ,0.01277 ,2.22070 ,2.29844 ,0.04117 ,857,0.01601 ,0.17505 ,0.47864 
8570001 ,1.33352 ,1.37060 ,0.01928 ,1.70823 ,1.67266 ,0.01768 ,2.22621 ,2.25408 ,0.00623 ,858,0.01919 ,0.20775 ,0.49268 
8580001 ,1.33352 ,1.36084 ,0.04183 ,1.71374 ,1.65374 ,0.02783 ,2.22621 ,2.32162 ,0.03374 ,859,0.01152 ,0.20506 ,0.48501 
8590001 ,1.33352 ,1.38654 ,0.00290 ,1.71374 ,1.70428 ,0.02786 ,2.22621 ,2.28974 ,0.02651 ,860,0.00558 ,0.19383 ,0.49876 
8600001 ,1.33352 ,1.27571 ,0.01982 ,1.71374 ,1.73558 ,0.01764 ,2.22621 ,2.27702 ,0.02071 ,861,0.00608 ,0.21338 ,0.49634 
8610001 ,1.33352 ,1.33436 ,0.01869 ,1.71374 ,1.71028 ,0.02998 ,2.23172 ,2.28020 ,0.00508 ,862,0.01979 ,0.20942 ,0.49971 
8620001 ,1.33352 ,1.40887 ,0.02282 ,1.71374 ,1.71422 ,0.02345 ,2.23172 ,2.30974 ,0.02360 ,863,0.02029 ,0.20913 ,0.49885 
8630001 ,1.33903 ,1.38019 ,0.04260 ,1.71374 ,1.73709 ,0.02099 ,2.23172 ,2.28259 ,0.02148 ,864,0.02176 ,0.19417 ,0.50544 
8640001 ,1.33903 ,1.38536 ,0.00260 ,1.71925 ,1.72161 ,0.01311 ,2.23723 ,2.32056 ,0.01289 ,865,0.02672 ,0.19277 ,0.50381 
8650001 ,1.33903 ,1.35678 ,0.04110 ,1.71925 ,1.66252 ,0.00362 ,2.23723 ,2.30674 ,0.03001 ,866,0.01493 ,0.18612 ,0.51383 
8660001 ,1.33903 ,1.36034 ,0.03052 ,1.71925 ,1.70250 ,0.00777 ,2.23723 ,2.34256 ,0.01802 ,867,0.01543 ,0.18540 ,0.51253 
8670001 ,1.33903 ,1.38105 ,0.00932 ,1.71925 ,1.68584 ,0.02384 ,2.23723 ,2.33695 ,0.02887 ,868,0.01862 ,0.19541 ,0.51591 
8680001 ,1.33903 ,1.44719 ,0.02500 ,1.71925 ,1.76131 ,0.01010 ,2.23723 ,2.32268 ,0.00852 ,869,0.01095 ,0.19272 ,0.46833 
8690001 ,1.34454 ,1.38786 ,0.01201 ,1.72476 ,1.70067 ,0.01986 ,2.24274 ,2.29004 ,0.02264 ,870,0.01219 ,0.21096 ,0.48079 
8700001 ,1.34454 ,1.34498 ,0.01940 ,1.72476 ,1.73904 ,0.02313 ,2.24274 ,2.29972 ,0.01304 ,871,0.01270 ,0.21024 ,0.50146 
8710001 ,1.34454 ,1.32891 ,0.02061 ,1.72476 ,1.73881 ,0.01587 ,2.24274 ,2.30292 ,0.02576 ,872,0.00288 ,0.20556 ,0.50755 
8720001 ,1.34454 ,1.32940 ,0.02038 ,1.72476 ,1.75699 ,0.02778 ,2.24274 ,2.31457 ,0.01694 ,873,0.00784 ,0.21473 ,0.50861 
8730001 ,1.34454 ,1.32571 ,0.02589 ,1.72476 ,1.73367 ,0.02279 ,2.24274 ,2.35398 ,0.00873 ,874,0.01194 ,0.21492 ,0.50993 
8740001 ,1.34454 ,1.34257 ,0.02760 ,1.73027 ,1.75349 ,0.03574 ,2.24825 ,2.25130 ,0.00857 ,875,0.02876 ,0.21223 ,0.51330 
8750001 ,1.34454 ,1.39568 ,0.00235 ,1.73027 ,1.69320 ,0.01627 ,2.24825 ,2.30656 ,0.03169 ,876,0.03372 ,0.20596 ,0.48583 
8760001 ,1.35005 ,1.37286 ,0.01903 ,1.73027 ,1.68688 ,0.01830 ,2.24825 ,2.29140 ,0.03763 ,877,0.02193 ,0.21513 ,0.49226 
8770001 ,1.35005 ,1.37007 ,0.03204 ,1.73027 ,1.73966 ,0.01558 ,2.24825 ,2.25104 ,0.01131 ,878,0.02243 ,0.20053 ,0.49426 
8780001 ,1.35005 ,1.38433 ,0.01024 ,1.73027 ,1.77643 ,0.00497 ,2.25376 ,2.33049 ,0.04332 ,879,0.02562 ,0.19788 ,0.47451 
8790001 ,1.35005 ,1.31274 ,0.00347 ,1.73578 ,1.78573 ,0.02220 ,2.25376 ,2.33070 ,0.02675 ,880,0.01795 ,0.20268 ,0.48391 
8800001 ,1.35005 ,1.36694 ,0.01529 ,1.73578 ,1.74057 ,0.03999 ,2.25376 ,2.35437 ,0.03218 ,881,0.03033 ,0.19915 ,0.49392 
8810001 ,1.35005 ,1.37400 ,0.02429 ,1.73578 ,1.67319 ,0.01946 ,2.25376 ,2.30892 ,0.01846 ,882,0.02351 ,0.19684 ,0.48895 
8820001 ,1.35005 ,1.38480 ,0.03418 ,1.73578 ,1.67245 ,0.00345 ,2.25927 ,2.33268 ,0.03306 ,883,0.01584 ,0.19784 ,0.49001 
8830001 ,1.35556 ,1.39054 ,0.02081 ,1.73578 ,1.72159 ,0.02360 ,2.25927 ,2.39166 ,0.01713 ,884,0.02474 ,0.20293 ,0.50812 
8840001 ,1.35556 ,1.30446 ,0.01691 ,1.74129 ,1.71174 ,0.01755 ,2.25927 ,2.27981 ,0.00806 ,885,0.02970 ,0.21009 ,0.50782 
8850001 ,1.35556 ,1.37730 ,0.02156 ,1.74129 ,1.80734 ,0.01117 ,2.25927 ,2.30877 ,0.03477 ,886,0.01791 ,0.20223 ,0.50110 
8860001 ,1.35556 ,1.40861 ,0.00590 ,1.74129 ,1.72615 ,0.01310 ,2.25927 ,2.29496 ,0.01906 ,887,0.01841 ,0.19953 ,0.50718 
8870001 ,1.35556 ,1.38824 ,0.02465 ,1.74129 ,1.74904 ,0.02433 ,2.26478 ,2.29946 ,0.02746 ,888,0.02160 ,0.18830 ,0.50825 
8880001 ,1.36107 ,1.35772 ,0.01530 ,1.74129 ,1.72748 ,0.00973 ,2.26478 ,2.28708 ,0.04694 ,889,0.01393 ,0.20727 ,0.50957 
8890001 ,1.36107 ,1.39313 ,0.03834 ,1.74129 ,1.77032 ,0.01594 ,2.26478 ,2.29019 ,0.01684 ,890,0.01517 ,0.20654 ,0.51294 
8900001 ,1.36107 ,1.42253 ,0.02791 ,1.74680 ,1.73419 ,0.01132 ,2.26478 ,2.33769 ,0.01731 ,891,0.01567 ,0.20186 ,0.51094 
8910001 ,1.36107 ,1.37979 ,0.01275 ,1.74680 ,1.70846 ,0.01556 ,2.27029 ,2.30041 ,0.01420 ,892,0.00812 ,0.21103 ,0.50073 
8920001 ,1.36107 ,1.34404 ,0.02037 ,1.74680 ,1.70759 ,0.02186 ,2.27029 ,2.37635 ,0.03448 ,893,0.01206 ,0.20954 ,0.50484 
8930001 ,1.36107 ,1.43491 ,0.02305 ,1.74680 ,1.65952 ,0.01953 ,2.27029 ,2.27111 ,0.01403 ,894,0.01412 ,0.22062 ,0.51458 
8940001 ,1.36107 ,1.31201 ,0.01414 ,1.74680 ,1.77635 ,0.02127 ,2.27029 ,2.35487 ,0.02303 ,895,0.01659 ,0.21792 ,0.50761 
8950001 ,1.36658 ,1.32288 ,0.02481 ,1.75231 ,1.71731 ,0.01201 ,2.27580 ,2.35524 ,0.01947 ,896,0.02513 ,0.21659 ,0.48431 
8960001 ,1.36658 ,1.40107 ,0.02800 ,1.75231 ,1.79274 ,0.02861 ,2.27580 ,2.32803 ,0.03099 ,897,0.02720 ,0.22375 ,0.48231 
8970001 ,1.36658 ,1.31363 ,0.01047 ,1.75231 ,1.72850 ,0.03100 ,2.27580 ,2.28631 ,0.03268 ,898,0.02966 ,0.21142 ,0.49695 
8980001 ,1.36658 ,1.35917 ,0.00908 ,1.75231 ,1.71922 ,0.02937 ,2.27580 ,2.31730 ,0.02971 ,899,0.03086 ,0.21439 ,0.51145 
8990001 ,1.36658 ,1.44767 ,0.00839 ,1.75231 ,1.73906 ,0.01729 ,2.27580 ,2.28964 ,0.02985 ,900,0.03332 ,0.22356 ,0.47052 
9000001 ,1.36658 ,1.37365 ,0.02077 ,1.75782 ,1.74573 ,0.01676 ,2.28131 ,2.35503 ,0.01712 ,901,0.01827 ,0.20347 ,0.48456 
9010001 ,1.36658 ,1.39626 ,0.00287 ,1.75782 ,1.77105 ,0.02035 ,2.28131 ,2.37467 ,0.00698 ,902,0.02651 ,0.19951 ,0.48427 
9020001 ,1.36658 ,1.34889 ,0.02486 ,1.75782 ,1.76868 ,0.00503 ,2.28131 ,2.35660 ,0.01311 ,903,0.02716 ,0.19922 ,0.49778 
9030001 ,1.37209 ,1.35410 ,0.00074 ,1.75782 ,1.74114 ,0.01518 ,2.28131 ,2.37267 ,0.01710 ,904,0.03133 ,0.21091 ,0.49034 
9040001 ,1.37209 ,1.38239 ,0.02814 ,1.75782 ,1.78922 ,0.01319 ,2.28682 ,2.36832 ,0.02679 ,905,0.02285 ,0.21388 ,0.49587 
9050001 ,1.37209 ,1.43670 ,0.00651 ,1.76333 ,1.78570 ,0.02107 ,2.28682 ,2.28070 ,0.01309 ,906,0.00814 ,0.22305 ,0.51007 
9060001 ,1.37209 ,1.41558 ,0.01892 ,1.76333 ,1.74860 ,0.02440 ,2.28682 ,2.31194 ,0.03554 ,907,0.01844 ,0.18238 ,0.50952 
9070001 ,1.37209 ,1.36936 ,0.04458 ,1.76333 ,1.74690 ,0.01737 ,2.28682 ,2.38738 ,0.02841 ,908,0.01022 ,0.18433 ,0.49612 
9080001 ,1.37760 ,1.40764 ,0.01638 ,1.76333 ,1.78196 ,0.03442 ,2.29233 ,2.29440 ,0.01066 ,909,0.04001 ,0.18203 ,0.50023 
9090001 ,1.37760 ,1.38422 ,0.00701 ,1.76333 ,1.78144 ,0.01224 ,2.29233 ,2.34290 ,0.01751 ,910,0.02763 ,0.20119 ,0.50997 
9100001 ,1.37760 ,1.41314 ,0.02306 ,1.76884 ,1.77814 ,0.00699 ,2.29233 ,2.29801 ,0.03973 ,911,0.02828 ,0.19811 ,0.50300 
9110001 ,1.37760 ,1.45786 ,0.01590 ,1.76884 ,1.74652 ,0.01432 ,2.29233 ,2.32649 ,0.03648 ,912,0.03245 ,0.19415 ,0.47174 
9120001 ,1.37760 ,1.46243 ,0.01083 ,1.76884 ,1.76306 ,0.03378 ,2.29233 ,2.43578 ,0.00775 ,913,0.02397 ,0.20687 ,0.48577 
9130001 ,1.37760 ,1.44126 ,0.01484 ,1.76884 ,1.73761 ,0.01766 ,2.29784 ,2.37430 ,0.02130 ,914,0.00926 ,0.20456 ,0.48549 
9140001 ,1.37760 ,1.42468 ,0.02721 ,1.76884 ,1.71051 ,0.02873 ,2.29784 ,2.37730 ,0.02300 ,915,0.01956 ,0.20552 ,0.49899 
9150001 ,1.38311 ,1.37806 ,0.01461 ,1.77435 ,1.75348 ,0.01002 ,2.29784 ,2.28583 ,0.03063 ,916,0.01027 ,0.21397 ,0.48966 
9160001 ,1.38311 ,1.31402 ,0.02409 ,1.77435 ,1.76850 ,0.02174 ,2.30335 ,2.40094 ,0.01925 ,917,0.02061 ,0.17930 ,0.48339 
9170001 ,1.38311 ,1.47143 ,0.02338 ,1.77435 ,1.72481 ,0.01618 ,2.30335 ,2.29749 ,0.02779 ,918,0.01829 ,0.17787 ,0.49864 
9180001 ,1.38311 ,1.37889 ,0.01584 ,1.77435 ,1.75152 ,0.01655 ,2.30335 ,2.41843 ,0.03736 ,919,0.02903 ,0.18063 ,0.50849 
9190001 ,1.38311 ,1.43361 ,0.02586 ,1.77435 ,1.74676 ,0.03181 ,2.30335 ,2.29990 ,0.01208 ,920,0.03937 ,0.19800 ,0.49000 
9200001 ,1.38311 ,1.39780 ,0.00454 ,1.77986 ,1.77560 ,0.01975 ,2.30335 ,2.32956 ,0.00883 ,921,0.00667 ,0.19657 ,0.49974 
9210001 ,1.38311 ,1.41585 ,0.02325 ,1.77986 ,1.82393 ,0.01205 ,2.30335 ,2.30954 ,0.03715 ,922,0.04821 ,0.20843 ,0.49277 
9220001 ,1.38311 ,1.42093 ,0.01217 ,1.77986 ,1.73616 ,0.00398 ,2.30886 ,2.33808 ,0.01259 ,923,0.02696 ,0.17768 ,0.47516 
9230001 ,1.38862 ,1.34305 ,0.02907 ,1.77986 ,1.75364 ,0.02924 ,2.30886 ,2.39693 ,0.01852 ,924,0.03730 ,0.17963 ,0.48919 
9240001 ,1.38862 ,1.35537 ,0.02363 ,1.77986 ,1.77461 ,0.01056 ,2.30886 ,2.44444 ,0.01395 ,925,0.00460 ,0.17732 ,0.48152 
9250001 ,1.38862 ,1.33869 ,0.01472 ,1.77986 ,1.75323 ,0.00759 ,2.30886 ,2.31125 ,0.01490 ,926,0.01992 ,0.20621 ,0.49528 
9260001 ,1.38862 ,1.41155 ,0.01387 ,1.78537 ,1.80366 ,0.01768 ,2.31437 ,2.38611 ,0.03409 ,927,-0.00316 ,0.20356 ,0.49285 
9270001 ,1.38862 ,1.38136 ,0.02493 ,1.78537 ,1.78051 ,0.01466 ,2.31437 ,2.41107 ,0.01966 ,928,0.00078 ,0.20483 ,0.49623 
9280001 ,1.38862 ,1.32759 ,0.01811 ,1.78537 ,1.82010 ,0.01384 ,2.31437 ,2.36036 ,0.01146 ,929,0.00285 ,0.20252 ,0.49077 
9290001 ,1.39413 ,1.40777 ,0.01286 ,1.78537 ,1.75284 ,0.03380 ,2.31988 ,2.40930 ,0.00454 ,930,0.00532 ,0.20352 ,0.50051 
9300001 ,1.39413 ,1.44943 ,0.03464 ,1.78537 ,1.78640 ,0.00586 ,2.31988 ,2.38894 ,0.01432 ,931,0.01575 ,0.20861 ,0.50981 
9310001 ,1.39413 ,1.35346 ,0.01093 ,1.79088 ,1.84809 ,0.00763 ,2.31988 ,2.31445 ,0.01427 ,932,0.02609 ,0.19376 ,0.51356 
9320001 ,1.39413 ,1.43746 ,0.02317 ,1.79088 ,1.70966 ,0.00162 ,2.31988 ,2.33309 ,0.04070 ,933,-0.00662 ,0.19068 ,0.52180 
9330001 ,1.39413 ,1.40927 ,0.00920 ,1.79088 ,1.78311 ,0.02848 ,2.31988 ,2.36661 ,0.01267 ,934,0.00871 ,0.18672 ,0.52442 
9340001 ,1.39413 ,1.43908 ,0.01191 ,1.79088 ,1.75128 ,0.01013 ,2.32539 ,2.40093 ,0.01187 ,935,0.00729 ,0.19359 ,0.51293 
9350001 ,1.39413 ,1.43620 ,0.02810 ,1.79088 ,1.76801 ,0.00336 ,2.32539 ,2.38074 ,0.01233 ,936,0.01240 ,0.19216 ,0.47800 
9360001 ,1.39964 ,1.44960 ,0.02405 ,1.79639 ,1.75616 ,0.02885 ,2.32539 ,2.35037 ,0.01598 ,937,0.02125 ,0.20389 ,0.48599 
9370001 ,1.39964 ,1.42890 ,0.02370 ,1.79639 ,1.78354 ,0.00497 ,2.32539 ,2.43077 ,0.01169 ,938,0.04011 ,0.20124 ,0.48099 
9380001 ,1.39964 ,1.43065 ,0.03749 ,1.79639 ,1.78591 ,0.02096 ,2.32539 ,2.36274 ,0.01984 ,939,0.01365 ,0.20560 ,0.48287 
9390001 ,1.39964 ,1.42824 ,0.01479 ,1.79639 ,1.75951 ,0.01537 ,2.33090 ,2.44913 ,0.01805 ,940,0.02851 ,0.20487 ,0.49086 
9400001 ,1.39964 ,1.42306 ,0.03147 ,1.79639 ,1.83433 ,0.02821 ,2.33090 ,2.39529 ,0.02094 ,941,0.01901 ,0.19870 ,0.47808 
9410001 ,1.39964 ,1.40947 ,0.01605 ,1.80190 ,1.78720 ,0.02187 ,2.33090 ,2.40267 ,0.01349 ,942,0.02220 ,0.21446 ,0.49212 
9420001 ,1.40515 ,1.44044 ,0.01851 ,1.80190 ,1.78223 ,0.01555 ,2.33090 ,2.41877 ,0.04040 ,943,0.02815 ,0.21050 ,0.48524 
9430001 ,1.40515 ,1.42900 ,0.02823 ,1.80190 ,1.79088 ,0.01581 ,2.33641 ,2.33306 ,0.01905 ,944,0.03774 ,0.21060 ,0.49183 
9440001 ,1.40515 ,1.38677 ,0.01741 ,1.80190 ,1.78412 ,0.01171 ,2.33641 ,2.45020 ,0.04578 ,945,0.03149 ,0.21213 ,0.49939 
9450001 ,1.40515 ,1.45601 ,0.00569 ,1.80190 ,1.81598 ,0.00710 ,2.33641 ,2.41218 ,0.03794 ,946,0.03879 ,0.19071 ,0.50005 
9460001 ,1.40515 ,1.35691 ,0.00433 ,1.80190 ,1.81931 ,0.00816 ,2.33641 ,2.42050 ,0.01235 ,947,0.01662 ,0.19491 ,0.50665 
9470001 ,1.41067 ,1.46295 ,0.03865 ,1.80741 ,1.73470 ,0.01684 ,2.33641 ,2.35730 ,0.01169 ,948,0.03149 ,0.19260 ,0.46642 
9480001 ,1.41067 ,1.40703 ,0.04848 ,1.80741 ,1.78615 ,0.03703 ,2.34192 ,2.42051 ,0.03069 ,949,0.02198 ,0.19360 ,0.47240 
9490001 ,1.41067 ,1.35103 ,0.00276 ,1.80741 ,1.86398 ,0.02051 ,2.34192 ,2.41826 ,0.02062 ,950,0.02518 ,0.19869 ,0.48040 
9500001 ,1.41067 ,1.34334 ,0.00647 ,1.80741 ,1.79423 ,0.03443 ,2.34192 ,2.44334 ,0.02093 ,951,0.03425 ,0.20585 ,0.46762 
9510001 ,1.41067 ,1.40329 ,0.03274 ,1.80741 ,1.75650 ,0.01522 ,2.34192 ,2.43619 ,0.01420 ,952,0.03721 ,0.19928 ,0.48165 
9520001 ,1.41067 ,1.46923 ,0.02642 ,1.80741 ,1.86316 ,0.00883 ,2.34743 ,2.40437 ,0.01423 ,953,0.02771 ,0.19937 ,0.47477 
9530001 ,1.41067 ,1.40710 ,0.01050 ,1.81292 ,1.79506 ,0.02212 ,2.34743 ,2.40492 ,0.00650 ,954,0.03090 ,0.20091 ,0.48137 
9540001 ,1.41067 ,1.43493 ,0.01014 ,1.81292 ,1.86648 ,0.03904 ,2.34743 ,2.39453 ,0.02353 ,955,0.04890 ,0.22172 ,0.50008 
9550001 ,1.41618 ,1.36082 ,0.01575 ,1.81292 ,1.83830 ,0.00257 ,2.35295 ,2.41850 ,0.01214 ,956,0.03956 ,0.21493 ,0.49062 
9560001 ,1.41618 ,1.41240 ,0.00886 ,1.81292 ,1.82430 ,0.01471 ,2.35295 ,2.47428 ,0.03433 ,957,0.04276 ,0.19948 ,0.50465 
9570001 ,1.41618 ,1.41113 ,0.00634 ,1.81843 ,1.87601 ,0.01048 ,2.35295 ,2.34287 ,0.02872 ,958,0.02569 ,0.18984 ,0.50731 
9580001 ,1.41618 ,1.45910 ,0.01247 ,1.81843 ,1.76869 ,0.01196 ,2.35295 ,2.46974 ,0.02404 ,959,0.03599 ,0.18753 ,0.51732 
9590001 ,1.41618 ,1.41562 ,0.00689 ,1.81843 ,1.81284 ,0.02130 ,2.35295 ,2.40517 ,0.02929 ,960,0.02150 ,0.18711 ,0.50334 
9600001 ,1.41618 ,1.40060 ,0.01804 ,1.81843 ,1.81840 ,0.01944 ,2.35295 ,2.41128 ,0.01636 ,961,0.03070 ,0.20190 ,0.49282 
9610001 ,1.41618 ,1.49077 ,0.01461 ,1.81843 ,1.87097 ,0.01549 ,2.35846 ,2.42837 ,0.01221 ,962,0.01002 ,0.19959 ,0.49941 
9620001 ,1.42169 ,1.43857 ,0.01811 ,1.82395 ,1.78441 ,0.00787 ,2.35846 ,2.35836 ,0.01252 ,963,0.05226 ,0.20055 ,0.50296 
9630001 ,1.42169 ,1.43923 ,0.03344 ,1.82395 ,1.85228 ,0.03762 ,2.35846 ,2.44805 ,0.03513 ,964,0.03720 ,0.19659 ,0.47505 
9640001 ,1.42169 ,1.46195 ,0.02130 ,1.82395 ,1.76481 ,0.02482 ,2.35846 ,2.45334 ,0.00941 ,965,0.04356 ,0.20900 ,0.47571 
9650001 ,1.42169 ,1.44733 ,0.00984 ,1.82395 ,1.84287 ,0.02216 ,2.35846 ,2.49068 ,0.01838 ,966,0.03621 ,0.21195 ,0.48284 
9660001 ,1.42169 ,1.37678 ,0.01713 ,1.82395 ,1.84207 ,0.01724 ,2.36397 ,2.41022 ,0.01201 ,967,0.04651 ,0.22238 ,0.48944 
9670001 ,1.42169 ,1.42705 ,0.01461 ,1.82946 ,1.80516 ,0.01411 ,2.36397 ,2.43498 ,0.01802 ,968,0.03202 ,0.22376 ,0.49299 
9680001 ,1.42720 ,1.45616 ,0.02749 ,1.82946 ,1.83565 ,0.01896 ,2.36397 ,2.44639 ,0.01728 ,969,0.04122 ,0.19308 ,0.48643 
9690001 ,1.42720 ,1.47931 ,0.02332 ,1.82946 ,1.80948 ,0.02828 ,2.36948 ,2.43257 ,0.04831 ,970,0.02054 ,0.19001 ,0.49442 
9700001 ,1.42720 ,1.39273 ,0.03358 ,1.82946 ,1.76906 ,0.02214 ,2.36948 ,2.39226 ,0.01557 ,971,0.06278 ,0.18605 ,0.48942 
9710001 ,1.42720 ,1.43858 ,0.02657 ,1.82946 ,1.80385 ,0.02919 ,2.36948 ,2.49100 ,0.02601 ,972,0.03200 ,0.19164 ,0.49130 
9720001 ,1.42720 ,1.48992 ,0.00643 ,1.82946 ,1.81994 ,0.03671 ,2.36948 ,2.37413 ,0.00641 ,973,0.03078 ,0.20041 ,0.49929 
9730001 ,1.42720 ,1.49992 ,0.01162 ,1.83497 ,1.78648 ,0.01205 ,2.36948 ,2.46168 ,0.02369 ,974,0.04037 ,0.19589 ,0.48651 
9740001 ,1.42720 ,1.42571 ,0.00519 ,1.83497 ,1.87231 ,0.02297 ,2.37499 ,2.43297 ,0.01397 ,975,0.03952 ,0.20517 ,0.50054 
9750001 ,1.43271 ,1.42926 ,0.00510 ,1.83497 ,1.89509 ,0.02340 ,2.37499 ,2.37696 ,0.01812 ,976,0.04911 ,0.20247 ,0.49367 
9760001 ,1.43271 ,1.43884 ,0.01682 ,1.83497 ,1.80246 ,0.02176 ,2.37499 ,2.46202 ,0.01237 ,977,0.04286 ,0.19124 ,0.50026 
9770001 ,1.43271 ,1.43630 ,0.02424 ,1.83497 ,1.86190 ,0.01464 ,2.37499 ,2.41831 ,0.00421 ,978,0.04161 ,0.20652 ,0.50782 
9780001 ,1.43271 ,1.48920 ,0.03307 ,1.84048 ,1.83386 ,0.02185 ,2.37499 ,2.39505 ,0.02061 ,979,0.05120 ,0.20256 ,0.50848 
9790001 ,1.43271 ,1.44156 ,0.01191 ,1.84048 ,1.82440 ,0.03781 ,2.38050 ,2.43213 ,0.02177 ,980,0.04496 ,0.21748 ,0.51508 
9800001 ,1.43271 ,1.49203 ,0.00830 ,1.84048 ,1.79690 ,0.01266 ,2.38050 ,2.41024 ,0.01546 ,981,0.05225 ,0.21478 ,0.48183 
9810001 ,1.43271 ,1.49277 ,0.01568 ,1.84048 ,1.84653 ,0.03146 ,2.38050 ,2.51172 ,0.02576 ,982,0.00774 ,0.20852 ,0.47892 
9820001 ,1.43271 ,1.39206 ,0.03026 ,1.84048 ,1.84375 ,0.01816 ,2.38050 ,2.46559 ,0.00922 ,983,0.02234 ,0.21768 ,0.47250 
9830001 ,1.43822 ,1.41472 ,0.02012 ,1.84599 ,1.79936 ,0.02991 ,2.38601 ,2.40772 ,0.00879 ,984,0.01696 ,0.21331 ,0.48653 
9840001 ,1.43822 ,1.49198 ,0.01528 ,1.84599 ,1.89226 ,0.01630 ,2.38601 ,2.44099 ,0.01679 ,985,0.00721 ,0.20695 ,0.48556 
9850001 ,1.43822 ,1.43015 ,0.02993 ,1.84599 ,1.77431 ,0.01439 ,2.38601 ,2.47500 ,0.03071 ,986,0.02110 ,0.20425 ,0.48498 
9860001 ,1.43822 ,1.44474 ,0.03501 ,1.84599 ,1.86397 ,0.01753 ,2.38601 ,2.43225 ,0.01604 ,987,0.01154 ,0.19302 ,0.50300 
9870001 ,1.43822 ,1.46669 ,0.01073 ,1.84599 ,1.80822 ,0.03579 ,2.39152 ,2.51449 ,0.01917 ,988,0.02184 ,0.21198 ,0.49843 
9880001 ,1.44373 ,1.48513 ,0.03369 ,1.84599 ,1.80157 ,0.01627 ,2.39152 ,2.42391 ,0.01325 ,989,0.03585 ,0.21126 ,0.49945 
9890001 ,1.44373 ,1.49778 ,0.03158 ,1.85150 ,1.82878 ,0.01728 ,2.39152 ,2.46654 ,0.03276 ,990,0.01590 ,0.20658 ,0.49429 
9900001 ,1.44373 ,1.40162 ,0.00818 ,1.85150 ,1.86627 ,0.02927 ,2.39152 ,2.41965 ,0.01143 ,991,0.02979 ,0.21575 ,0.50229 
9910001 ,1.44373 ,1.44522 ,0.02099 ,1.85150 ,1.90948 ,0.00808 ,2.39152 ,2.50623 ,0.00892 ,992,0.02022 ,0.21426 ,0.49769 
9920001 ,1.44373 ,1.50890 ,0.01973 ,1.85150 ,1.83805 ,0.00529 ,2.39703 ,2.42901 ,0.02634 ,993,0.03052 ,0.22534 ,0.50191 
9930001 ,1.44373 ,1.45273 ,0.02768 ,1.85150 ,1.86454 ,0.00575 ,2.39703 ,2.45334 ,0.02002 ,994,0.04383 ,0.22264 ,0.51192 
9940001 ,1.44373 ,1.46901 ,0.01847 ,1.85701 ,1.87265 ,0.01736 ,2.39703 ,2.40099 ,0.01696 ,995,0.03902 ,0.22131 ,0.51090 
9950001 ,1.44924 ,1.40277 ,0.01532 ,1.85701 ,1.87423 ,0.02246 ,2.39703 ,2.48953 ,0.02430 ,996,0.05291 ,0.22847 ,0.50144 
9960001 ,1.44924 ,1.38559 ,0.01387 ,1.85701 ,1.86238 ,0.01794 ,2.40254 ,2.44799 ,0.01006 ,997,0.02835 ,0.21614 ,0.51547 
9970001 ,1.44924 ,1.46907 ,0.04347 ,1.85701 ,1.82449 ,0.02165 ,2.40254 ,2.41075 ,0.02773 ,998,0.02273 ,0.21911 ,0.51813 
9980001 ,1.44924 ,1.50076 ,0.00395 ,1.85701 ,1.89911 ,0.01950 ,2.40254 ,2.48875 ,0.01696 ,999,0.03919 ,0.22827 ,0.52814 
9990001 ,1.44924 ,1.43334 ,0.01231 ,1.86252 ,1.82494 ,0.01377 ,2.40254 ,2.40960 ,0.01126 ,1000,0.02769 ,0.19186 ,0.51417 
10000000 ,1.44924 ,1.45839 ,0.03476 ,1.86252 ,1.81863 ,0.02304 ,2.40805 ,2.46921 ,0.01304 ,1001,0.03799 ,0.19607 ,0.51469 
10010000 ,1.44924 ,1.50822 ,0.02382 ,1.86252 ,1.83345 ,0.02606 ,2.40805 ,2.50785 ,0.02597 ,1002,0.02350 ,0.19376 ,0.48501 
10020000 ,1.44924 ,1.52948 ,0.01489 ,1.86252 ,1.83279 ,0.01306 ,2.40805 ,2.46430 ,0.04968 ,1003,0.02346 ,0.19476 ,0.50303 
10030000 ,1.45475 ,1.48401 ,0.01020 ,1.86252 ,1.85931 ,0.03057 ,2.40805 ,2.47124 ,0.03222 ,1004,0.01808 ,0.19985 ,0.49846 
10040000 ,1.45475 ,1.44502 ,0.02149 ,1.86252 ,1.92690 ,0.00579 ,2.40805 ,2.41902 ,0.01058 ,1005,0.00833 ,0.20701 ,0.49948 
10050000 ,1.45475 ,1.46609 ,0.02359 ,1.86803 ,1.88030 ,0.02525 ,2.41356 ,2.47711 ,0.02846 ,1006,0.02222 ,0.20043 ,0.50691 
10060000 ,1.45475 ,1.45438 ,0.01914 ,1.86803 ,1.83368 ,0.02154 ,2.41356 ,2.51277 ,0.03320 ,1007,0.01266 ,0.20053 ,0.52796 
10070000 ,1.45475 ,1.44432 ,0.02031 ,1.86803 ,1.93286 ,0.03293 ,2.41356 ,2.46170 ,0.01171 ,1008,0.02296 ,0.20207 ,0.48062 
10080000 ,1.46026 ,1.50491 ,0.01379 ,1.86803 ,1.91629 ,0.02486 ,2.41356 ,2.40541 ,0.03324 ,1009,0.03102 ,0.22288 ,0.48861 
10090000 ,1.46026 ,1.47143 ,0.01767 ,1.86803 ,1.90469 ,0.03152 ,2.41907 ,2.50834 ,0.02909 ,1010,0.03519 ,0.21609 ,0.48402 
10100000 ,1.46026 ,1.48440 ,0.03966 ,1.87354 ,1.81997 ,0.00519 ,2.41907 ,2.50905 ,0.01394 ,1011,0.02564 ,0.20695 ,0.48823 
10110000 ,1.46026 ,1.43941 ,0.03652 ,1.87354 ,1.85158 ,0.01497 ,2.41907 ,2.43101 ,0.00276 ,1012,0.01877 ,0.21738 ,0.49825 
10120000 ,1.46026 ,1.49287 ,0.00885 ,1.87354 ,1.83876 ,0.02357 ,2.41907 ,2.47195 ,0.02015 ,1013,0.03266 ,0.21876 ,0.48478 
10130000 ,1.46026 ,1.52076 ,0.01053 ,1.87354 ,1.90080 ,0.01870 ,2.41907 ,2.43320 ,0.02576 ,1014,0.04405 ,0.19804 ,0.49882 
10140000 ,1.46026 ,1.44330 ,0.03396 ,1.87354 ,1.89719 ,0.01176 ,2.42458 ,2.48147 ,0.01999 ,1015,0.02776 ,0.19408 ,0.49115 
10150000 ,1.46577 ,1.49459 ,0.01506 ,1.87905 ,1.90423 ,0.02782 ,2.42458 ,2.50484 ,0.05351 ,1016,0.02214 ,0.20900 ,0.50491 
10160000 ,1.46577 ,1.47793 ,0.01886 ,1.87905 ,1.90474 ,0.01168 ,2.42458 ,2.49299 ,0.02405 ,1017,0.04438 ,0.20631 ,0.50248 
10170000 ,1.46577 ,1.55285 ,0.00872 ,1.87905 ,1.84079 ,0.02148 ,2.42458 ,2.48712 ,0.01644 ,1018,0.03957 ,0.20004 ,0.50585 
10180000 ,1.46577 ,1.40251 ,0.00434 ,1.87905 ,1.91050 ,0.02331 ,2.43009 ,2.42282 ,0.02278 ,1019,0.05346 ,0.20921 ,0.50499 
10190000 ,1.46577 ,1.46293 ,0.03616 ,1.87905 ,1.89036 ,0.00978 ,2.43009 ,2.54354 ,0.03752 ,1020,0.02890 ,0.20207 ,0.51158 
10200000 ,1.46577 ,1.41887 ,0.01234 ,1.88456 ,1.86824 ,0.02229 ,2.43009 ,2.53590 ,0.02993 ,1021,0.02328 ,0.21291 ,0.50995 
10210000 ,1.46577 ,1.54557 ,0.01287 ,1.88456 ,1.90623 ,0.01953 ,2.43009 ,2.48682 ,0.01826 ,1022,0.03975 ,0.21022 ,0.51868 
10220000 ,1.47128 ,1.50163 ,0.02896 ,1.88456 ,1.89626 ,0.02228 ,2.43560 ,2.46380 ,0.01411 ,1023,0.04181 ,0.20888 ,0.52205 
10230000 ,1.47128 ,1.49370 ,0.01431 ,1.88456 ,1.93296 ,0.00491 ,2.43560 ,2.49280 ,0.00682 ,1024,0.03908 ,0.21604 ,0.48308 
10240000 ,1.47128 ,1.46443 ,0.01142 ,1.88456 ,1.83050 ,0.01271 ,2.43560 ,2.55740 ,0.02579 ,1025,0.04867 ,0.20189 ,0.48374 
10250000 ,1.47128 ,1.49367 ,0.01988 ,1.89007 ,1.88084 ,0.02387 ,2.43560 ,2.47547 ,0.01601 ,1026,0.04242 ,0.21712 ,0.49207 
10260000 ,1.47128 ,1.41581 ,0.01248 ,1.89007 ,1.87394 ,0.00538 ,2.43560 ,2.46709 ,0.02859 ,1027,0.04312 ,0.21033 ,0.48261 
10270000 ,1.47128 ,1.50452 ,0.02696 ,1.89007 ,1.86649 ,0.02016 ,2.44111 ,2.50658 ,0.02101 ,1028,0.04729 ,0.22024 ,0.49664 
10280000 ,1.47679 ,1.49660 ,0.01413 ,1.89007 ,1.83684 ,0.01682 ,2.44111 ,2.47703 ,0.02732 ,1029,0.05370 ,0.22940 ,0.49930 
10290000 ,1.47679 ,1.46957 ,0.03302 ,1.89007 ,1.86285 ,0.02871 ,2.44111 ,2.54234 ,0.01795 ,1030,0.04094 ,0.21958 ,0.50932 
10300000 ,1.47679 ,1.52168 ,0.03455 ,1.89007 ,1.91807 ,0.02246 ,2.44111 ,2.45549 ,0.02007 ,1031,0.03998 ,0.20161 ,0.49534 
10310000 ,1.47679 ,1.49921 ,0.01890 ,1.89558 ,1.86379 ,0.00369 ,2.44111 ,2.45117 ,0.02899 ,1032,0.01931 ,0.20486 ,0.50412 
10320000 ,1.47679 ,1.50884 ,0.04194 ,1.89558 ,1.88295 ,0.00402 ,2.44111 ,2.48600 ,0.03554 ,1033,0.03638 ,0.20783 ,0.51072 
10330000 ,1.47679 ,1.51798 ,0.01209 ,1.89558 ,1.95465 ,0.01195 ,2.44662 ,2.44274 ,0.00875 ,1034,0.04274 ,0.21700 ,0.50909 
10340000 ,1.47679 ,1.48145 ,0.00914 ,1.89558 ,1.87197 ,0.02595 ,2.44662 ,2.51111 ,0.03336 ,1035,0.03292 ,0.20535 ,0.51910 
10350000 ,1.47679 ,1.41948 ,0.01021 ,1.89558 ,1.87042 ,0.02067 ,2.44662 ,2.57028 ,0.01485 ,1036,0.03170 ,0.21768 ,0.51781 
10360000 ,1.48230 ,1.44406 ,0.02515 ,1.89558 ,1.93925 ,0.04079 ,2.45213 ,2.46418 ,0.01573 ,1037,0.04129 ,0.21372 ,0.52118 
10370000 ,1.48230 ,1.53991 ,0.03361 ,1.90109 ,1.88770 ,0.01555 ,2.45213 ,2.48107 ,0.01610 ,1038,0.04044 ,0.21343 ,0.50853 
10380000 ,1.48230 ,1.52208 ,0.03133 ,1.90109 ,1.93914 ,0.04118 ,2.45213 ,2.46233 ,0.01630 ,1039,0.05003 ,0.20944 ,0.48788 
10390000 ,1.48230 ,1.55475 ,0.03219 ,1.90109 ,1.83172 ,0.00503 ,2.45213 ,2.51157 ,0.01252 ,1040,0.04378 ,0.21551 ,0.48915 
10400000 ,1.48230 ,1.46624 ,0.01114 ,1.90109 ,1.91449 ,0.02715 ,2.45213 ,2.47145 ,0.00032 ,1041,0.03059 ,0.22279 ,0.50335 
10410000 ,1.48230 ,1.52527 ,0.00301 ,1.90109 ,1.89657 ,0.02552 ,2.45764 ,2.53801 ,0.02341 ,1042,0.02786 ,0.21823 ,0.50256 
10420000 ,1.48230 ,1.54760 ,0.01368 ,1.90660 ,1.95839 ,0.00523 ,2.45764 ,2.56382 ,0.00926 ,1043,0.03745 ,0.21427 ,0.48459 
10430000 ,1.48781 ,1.50243 ,0.01001 ,1.90660 ,1.96218 ,0.01880 ,2.45764 ,2.48062 ,0.01385 ,1044,0.03121 ,0.21399 ,0.50261 
10440000 ,1.48781 ,1.52244 ,0.01183 ,1.90660 ,1.90603 ,0.01707 ,2.45764 ,2.47712 ,0.02278 ,1045,0.03429 ,0.22568 ,0.49805 
10450000 ,1.48781 ,1.55597 ,0.03197 ,1.90660 ,1.99350 ,0.03474 ,2.45764 ,2.53376 ,0.01533 ,1046,0.04059 ,0.22865 ,0.49907 
10460000 ,1.48781 ,1.54717 ,0.01651 ,1.91211 ,1.90265 ,0.01004 ,2.46316 ,2.56286 ,0.02191 ,1047,0.00948 ,0.23781 ,0.50649 
10470000 ,1.49332 ,1.49385 ,0.04290 ,1.91211 ,1.85967 ,0.01283 ,2.46316 ,2.51063 ,0.01414 ,1048,0.01155 ,0.20714 ,0.52755 
10480000 ,1.49332 ,1.51468 ,0.02776 ,1.91211 ,1.94710 ,0.02009 ,2.46316 ,2.53262 ,0.02082 ,1049,0.01401 ,0.20963 ,0.48954 
10490000 ,1.49332 ,1.51700 ,0.03032 ,1.91211 ,1.90006 ,0.02369 ,2.46867 ,2.53032 ,0.05559 ,1050,0.03299 ,0.21289 ,0.48327 
10500000 ,1.49332 ,1.55584 ,0.01293 ,1.91211 ,1.98860 ,0.03555 ,2.46867 ,2.50741 ,0.01205 ,1051,0.01792 ,0.21586 ,0.49852 
10510000 ,1.49332 ,1.46821 ,0.03577 ,1.91211 ,1.91544 ,0.01597 ,2.46867 ,2.48517 ,0.02395 ,1052,0.01999 ,0.22502 ,0.50837 
10520000 ,1.49332 ,1.55840 ,0.03468 ,1.91762 ,1.91857 ,0.01643 ,2.46867 ,2.55530 ,0.02564 ,1053,0.02245 ,0.19353 ,0.49604 
10530000 ,1.49332 ,1.53691 ,0.02226 ,1.91762 ,1.89512 ,0.02653 ,2.46867 ,2.52348 ,0.00308 ,1054,0.02364 ,0.20064 ,0.49670 
10540000 ,1.49332 ,1.58073 ,0.00978 ,1.91762 ,1.88151 ,0.01263 ,2.47417 ,2.57232 ,0.01831 ,1055,0.02611 ,0.20065 ,0.50330 
10550000 ,1.49883 ,1.49862 ,0.01895 ,1.91762 ,1.93022 ,0.03195 ,2.47417 ,2.54175 ,0.00696 ,1056,0.01106 ,0.19323 ,0.50383 
10560000 ,1.49883 ,1.53101 ,0.03643 ,1.91762 ,1.92324 ,0.00318 ,2.47417 ,2.58967 ,0.01342 ,1057,0.00840 ,0.19183 ,0.51043 
10570000 ,1.49883 ,1.52082 ,0.01736 ,1.91762 ,1.97530 ,0.01506 ,2.47417 ,2.56686 ,0.03747 ,1058,0.03819 ,0.18003 ,0.51398 
10580000 ,1.49883 ,1.51331 ,0.04300 ,1.92313 ,1.85387 ,0.01432 ,2.47417 ,2.57570 ,0.01229 ,1059,0.03409 ,0.19525 ,0.50177 
10590000 ,1.49883 ,1.55439 ,0.02754 ,1.92313 ,1.92596 ,0.02420 ,2.47968 ,2.48084 ,0.02368 ,1060,0.03826 ,0.20402 ,0.50350 
10600000 ,1.49883 ,1.52017 ,0.01395 ,1.92313 ,1.95035 ,0.02860 ,2.47968 ,2.57833 ,0.03135 ,1061,0.04467 ,0.19950 ,0.49404 
10610000 ,1.49883 ,1.43772 ,0.01833 ,1.92313 ,1.91292 ,0.00772 ,2.47968 ,2.52726 ,0.03780 ,1062,0.03191 ,0.17812 ,0.50807 
10620000 ,1.49883 ,1.46789 ,0.01787 ,1.92313 ,1.97818 ,0.02192 ,2.48519 ,2.50910 ,0.01964 ,1063,0.03095 ,0.17668 ,0.51073 
10630000 ,1.50434 ,1.57938 ,0.01863 ,1.92864 ,1.92781 ,0.02615 ,2.48519 ,2.49339 ,0.02220 ,1064,0.01028 ,0.17944 ,0.52075 
10640000 ,1.50434 ,1.53045 ,0.01101 ,1.92864 ,1.93788 ,0.03232 ,2.48519 ,2.59010 ,0.03880 ,1065,0.01246 ,0.19682 ,0.50677 
10650000 ,1.50434 ,1.48952 ,0.00241 ,1.92864 ,1.97444 ,0.00567 ,2.48519 ,2.51351 ,0.01832 ,1066,0.01453 ,0.19539 ,0.51555 
10660000 ,1.50434 ,1.50208 ,0.02359 ,1.92864 ,1.92816 ,0.02329 ,2.48519 ,2.49631 ,0.01181 ,1067,0.01699 ,0.20724 ,0.52215 
10670000 ,1.50434 ,1.42731 ,0.01425 ,1.92864 ,1.94481 ,0.01600 ,2.49070 ,2.51801 ,0.03417 ,1068,0.03597 ,0.20470 ,0.52052 
10680000 ,1.50985 ,1.50820 ,0.02839 ,1.93415 ,1.93144 ,0.02099 ,2.49070 ,2.49343 ,0.01480 ,1069,0.04169 ,0.19542 ,0.52924 
10690000 ,1.50985 ,1.52052 ,0.01162 ,1.93415 ,1.95639 ,0.00695 ,2.49070 ,2.61105 ,0.04441 ,1070,0.03688 ,0.19221 ,0.53261 
10700000 ,1.50985 ,1.50403 ,0.01976 ,1.93415 ,1.92831 ,0.03775 ,2.49070 ,2.56472 ,0.00538 ,1071,0.05077 ,0.19081 ,0.50234 
10710000 ,1.50985 ,1.54370 ,0.02026 ,1.93415 ,1.90061 ,0.01861 ,2.49070 ,2.49092 ,0.00382 ,1072,0.02621 ,0.17901 ,0.50894 
10720000 ,1.50985 ,1.54304 ,0.01243 ,1.93415 ,1.91225 ,0.01381 ,2.49621 ,2.64130 ,0.02593 ,1073,0.02059 ,0.19423 ,0.51249 
10730000 ,1.50985 ,1.51167 ,0.01924 ,1.93415 ,1.90560 ,0.02109 ,2.49621 ,2.59207 ,0.03806 ,1074,0.03705 ,0.20300 ,0.50897 
10740000 ,1.51536 ,1.54580 ,0.03121 ,1.93967 ,1.91397 ,0.02301 ,2.49621 ,2.60286 ,0.01217 ,1075,0.03728 ,0.19848 ,0.51557 
10750000 ,1.51536 ,1.52266 ,0.01522 ,1.93967 ,1.97210 ,0.02176 ,2.49621 ,2.59751 ,0.04029 ,1076,0.05117 ,0.18935 ,0.51394 
10760000 ,1.51536 ,1.52570 ,0.03824 ,1.93967 ,1.94104 ,0.01389 ,2.50173 ,2.55064 ,0.01113 ,1077,0.01357 ,0.18796 ,0.52395 
10770000 ,1.51536 ,1.51934 ,0.01247 ,1.93967 ,1.96799 ,0.03064 ,2.50173 ,2.55907 ,0.00971 ,1078,0.04992 ,0.17761 ,0.52266 
10780000 ,1.51536 ,1.58143 ,0.01280 ,1.93967 ,1.95333 ,0.02516 ,2.50173 ,2.54446 ,0.01756 ,1079,0.04430 ,0.17309 ,0.52603 
10790000 ,1.51536 ,1.57907 ,0.01027 ,1.93967 ,1.95237 ,0.02631 ,2.50173 ,2.57910 ,0.01731 ,1080,0.05433 ,0.17616 ,0.53078 
10800000 ,1.51536 ,1.51617 ,0.01800 ,1.94518 ,1.94776 ,0.02255 ,2.50173 ,2.48647 ,0.03340 ,1081,0.05093 ,0.17220 ,0.53575 
10810000 ,1.51536 ,1.58451 ,0.01028 ,1.94518 ,1.93051 ,0.02393 ,2.50724 ,2.50200 ,0.02357 ,1082,0.03026 ,0.20954 ,0.53912 
10820000 ,1.51536 ,1.58611 ,0.01557 ,1.94518 ,1.92376 ,0.02784 ,2.50724 ,2.53790 ,0.01976 ,1083,0.03660 ,0.20502 ,0.51732 
10830000 ,1.52087 ,1.54967 ,0.03579 ,1.94518 ,2.00863 ,0.02592 ,2.50724 ,2.53420 ,0.03159 ,1084,0.04690 ,0.20396 ,0.49279 
10840000 ,1.52087 ,1.46326 ,0.02054 ,1.94518 ,1.96222 ,0.01188 ,2.50724 ,2.55127 ,0.00913 ,1085,0.03372 ,0.20000 ,0.50699 
10850000 ,1.52087 ,1.57922 ,0.01745 ,1.95069 ,1.86838 ,0.01173 ,2.50724 ,2.53319 ,0.00996 ,1086,0.02810 ,0.17200 ,0.50644 
10860000 ,1.52087 ,1.54865 ,0.01809 ,1.95069 ,1.93806 ,0.02064 ,2.51275 ,2.53458 ,0.03119 ,1087,0.05566 ,0.17395 ,0.50603 
10870000 ,1.52087 ,1.53689 ,0.02062 ,1.95069 ,1.97142 ,0.01909 ,2.51275 ,2.55757 ,0.00127 ,1088,0.03158 ,0.17164 ,0.49806 
10880000 ,1.52639 ,1.55434 ,0.02942 ,1.95069 ,1.98427 ,0.02263 ,2.51275 ,2.60367 ,0.03687 ,1089,0.02999 ,0.18873 ,0.50899 
10890000 ,1.52639 ,1.50979 ,0.05063 ,1.95620 ,1.92102 ,0.02381 ,2.51826 ,2.62325 ,0.02525 ,1090,0.01527 ,0.18642 ,0.50319 
10900000 ,1.52639 ,1.56706 ,0.03258 ,1.95620 ,1.91510 ,0.00451 ,2.51826 ,2.58112 ,0.07067 ,1091,0.02557 ,0.18600 ,0.49679 
10910000 ,1.52639 ,1.59203 ,0.01556 ,1.95620 ,1.90738 ,0.02899 ,2.51826 ,2.57568 ,0.00861 ,1092,0.04529 ,0.18870 ,0.49099 
10920000 ,1.52639 ,1.54131 ,0.00832 ,1.95620 ,1.93860 ,0.01779 ,2.51826 ,2.56222 ,0.05621 ,1093,0.04048 ,0.19747 ,0.47833 
10930000 ,1.52639 ,1.63562 ,0.01147 ,1.95620 ,1.89886 ,0.03511 ,2.51826 ,2.60972 ,0.03521 ,1094,0.05437 ,0.19295 ,0.48632 
10940000 ,1.52639 ,1.50210 ,0.02186 ,1.95620 ,1.98273 ,0.01211 ,2.52377 ,2.62543 ,0.01241 ,1095,0.02981 ,0.20584 ,0.48132 
10950000 ,1.52639 ,1.56718 ,0.02044 ,1.96171 ,1.97172 ,0.01450 ,2.52377 ,2.56681 ,0.02962 ,1096,0.02419 ,0.20132 ,0.48486 
10960000 ,1.53189 ,1.57334 ,0.02525 ,1.96171 ,1.91313 ,0.01865 ,2.52377 ,2.56942 ,0.02193 ,1097,0.04066 ,0.19860 ,0.49273 
10970000 ,1.53189 ,1.59161 ,0.00110 ,1.96171 ,1.95114 ,0.00888 ,2.52377 ,2.54729 ,0.01919 ,1098,0.04311 ,0.19629 ,0.50670 
10980000 ,1.53189 ,1.53501 ,0.03158 ,1.96171 ,1.93009 ,0.01487 ,2.52377 ,2.56815 ,0.02673 ,1099,0.05341 ,0.19730 ,0.50797 
10990000 ,1.53189 ,1.57119 ,0.00674 ,1.96171 ,1.98319 ,0.01349 ,2.52377 ,2.57577 ,0.00977 ,1100,0.04022 ,0.20239 ,0.48489 
11000000 ,1.53189 ,1.52254 ,0.00897 ,1.96722 ,1.94662 ,0.01490 ,2.52928 ,2.54068 ,0.02774 ,1101,0.03460 ,0.20978 ,0.49276 
11010000 ,1.53189 ,1.58828 ,0.01226 ,1.96722 ,1.93424 ,0.00237 ,2.52928 ,2.55636 ,0.02295 ,1102,0.01653 ,0.20960 ,0.49333 
11020000 ,1.53189 ,1.60763 ,0.01885 ,1.96722 ,1.97726 ,0.02309 ,2.52928 ,2.61932 ,0.03030 ,1103,0.04712 ,0.19564 ,0.50808 
11030000 ,1.53740 ,1.53418 ,0.01289 ,1.96722 ,1.93170 ,0.02959 ,2.53479 ,2.51471 ,0.03444 ,1104,0.05742 ,0.19168 ,0.52124 
11040000 ,1.53740 ,1.58837 ,0.00982 ,1.96722 ,1.93797 ,0.02952 ,2.53479 ,2.63641 ,0.02445 ,1105,0.04424 ,0.20660 ,0.52741 
11050000 ,1.53740 ,1.46935 ,0.01201 ,1.96722 ,1.99220 ,0.01449 ,2.53479 ,2.57745 ,0.03066 ,1106,0.03862 ,0.20391 ,0.47531 
11060000 ,1.53740 ,1.55989 ,0.01194 ,1.97273 ,1.91679 ,0.01304 ,2.53479 ,2.61414 ,0.01367 ,1107,0.06618 ,0.19765 ,0.48330 
11070000 ,1.53740 ,1.57578 ,0.01519 ,1.97273 ,1.96416 ,0.02102 ,2.53479 ,2.61976 ,0.00842 ,1108,0.04210 ,0.20681 ,0.47768 
11080000 ,1.54291 ,1.60363 ,0.02305 ,1.97273 ,1.91695 ,0.03376 ,2.54030 ,2.59046 ,0.01703 ,1109,0.05258 ,0.21258 ,0.51997 
11090000 ,1.54291 ,1.57773 ,0.02540 ,1.97273 ,1.95593 ,0.01478 ,2.54030 ,2.55572 ,0.01539 ,1110,0.03799 ,0.19602 ,0.48769 
11100000 ,1.54291 ,1.55230 ,0.00950 ,1.97273 ,2.01843 ,0.01349 ,2.54030 ,2.59295 ,0.01895 ,1111,0.02328 ,0.19371 ,0.49862 
11110000 ,1.54291 ,1.57887 ,0.01213 ,1.97824 ,1.97488 ,0.03351 ,2.54030 ,2.59139 ,0.01325 ,1112,0.03357 ,0.19467 ,0.49282 
11120000 ,1.54291 ,1.60285 ,0.02089 ,1.97824 ,1.91998 ,0.00230 ,2.54030 ,2.57435 ,0.01578 ,1113,0.03749 ,0.20173 ,0.48447 
11130000 ,1.54291 ,1.55734 ,0.02548 ,1.97824 ,2.04297 ,0.04128 ,2.54581 ,2.62717 ,0.03797 ,1114,0.04779 ,0.20311 ,0.49235 
11140000 ,1.54291 ,1.56976 ,0.01713 ,1.97824 ,1.94859 ,0.03528 ,2.54581 ,2.61544 ,0.01451 ,1115,0.03330 ,0.20324 ,0.49292 
11150000 ,1.54291 ,1.57034 ,0.02525 ,1.97824 ,2.00419 ,0.01204 ,2.54581 ,2.54262 ,0.02213 ,1116,0.02120 ,0.22034 ,0.50767 
11160000 ,1.54842 ,1.58474 ,0.02813 ,1.97824 ,1.97520 ,0.01194 ,2.54581 ,2.61051 ,0.02419 ,1117,0.02759 ,0.20761 ,0.52083 
11170000 ,1.54842 ,1.50509 ,0.01462 ,1.98375 ,2.00176 ,0.02899 ,2.55132 ,2.67218 ,0.02878 ,1118,0.02949 ,0.19345 ,0.52700 
11180000 ,1.54842 ,1.58433 ,0.02162 ,1.98375 ,1.90757 ,0.02806 ,2.55132 ,2.55744 ,0.03635 ,1119,0.03909 ,0.19114 ,0.47208 
11190000 ,1.54842 ,1.58524 ,0.03798 ,1.98375 ,1.97543 ,0.01426 ,2.55132 ,2.63292 ,0.03805 ,1120,0.01423 ,0.19072 ,0.48911 
11200000 ,1.54842 ,1.55522 ,0.01847 ,1.98375 ,1.97561 ,0.02991 ,2.55132 ,2.56041 ,0.03705 ,1121,0.01473 ,0.19342 ,0.49028 
11210000 ,1.54842 ,1.55332 ,0.01879 ,1.98375 ,2.00901 ,0.01907 ,2.55132 ,2.56126 ,0.02488 ,1122,0.02852 ,0.20219 ,0.48688 
11220000 ,1.54842 ,1.58287 ,0.02138 ,1.98926 ,1.99813 ,0.02242 ,2.55683 ,2.65439 ,0.01093 ,1123,0.02729 ,0.19767 ,0.50213 
11230000 ,1.55393 ,1.63412 ,0.04644 ,1.98926 ,2.03069 ,0.03031 ,2.55683 ,2.59654 ,0.01707 ,1124,0.03688 ,0.21056 ,0.51198 
11240000 ,1.55393 ,1.54414 ,0.03393 ,1.98926 ,1.93443 ,0.02465 ,2.55683 ,2.65081 ,0.01426 ,1125,0.02552 ,0.20604 ,0.48560 
11250000 ,1.55393 ,1.53267 ,0.02864 ,1.98926 ,1.97906 ,0.03479 ,2.55683 ,2.65158 ,0.04030 ,1126,0.02743 ,0.20332 ,0.47980 
11260000 ,1.55393 ,1.61073 ,0.01167 ,1.98926 ,1.97032 ,0.01761 ,2.55683 ,2.61381 ,0.03029 ,1127,0.03702 ,0.20101 ,0.49603 
11270000 ,1.55944 ,1.57532 ,0.02058 ,1.99477 ,2.00120 ,0.01873 ,2.56234 ,2.59504 ,0.01703 ,1128,0.04085 ,0.20202 ,0.50577 
11280000 ,1.55944 ,1.58946 ,0.01172 ,1.99477 ,1.98246 ,0.02915 ,2.56234 ,2.66673 ,0.02136 ,1129,0.02317 ,0.20710 ,0.51506 
11290000 ,1.55944 ,1.58361 ,0.00700 ,1.99477 ,2.01219 ,0.02511 ,2.56234 ,2.56727 ,0.01222 ,1130,0.03706 ,0.21450 ,0.52492 
11300000 ,1.55944 ,1.55906 ,0.01713 ,1.99477 ,1.99512 ,0.01328 ,2.56785 ,2.59993 ,0.00985 ,1131,0.02750 ,0.21432 ,0.51882 
11310000 ,1.55944 ,1.59718 ,0.01870 ,1.99477 ,1.98372 ,0.01436 ,2.56785 ,2.64636 ,0.03281 ,1132,0.03780 ,0.19718 ,0.52706 
11320000 ,1.55944 ,1.56185 ,0.03698 ,2.00028 ,1.99465 ,0.01645 ,2.56785 ,2.56507 ,0.01138 ,1133,0.04954 ,0.19487 ,0.50732 
11330000 ,1.55944 ,1.60942 ,0.01101 ,2.00028 ,1.95283 ,0.01129 ,2.56785 ,2.59663 ,0.01572 ,1134,0.03325 ,0.19583 ,0.50060 
11340000 ,1.55944 ,1.62714 ,0.01035 ,2.00028 ,1.99847 ,0.02219 ,2.56785 ,2.59029 ,0.03639 ,1135,0.02763 ,0.20289 ,0.50676 
11350000 ,1.55944 ,1.55614 ,0.01762 ,2.00028 ,2.00268 ,0.00759 ,2.57336 ,2.64645 ,0.01580 ,1136,0.04397 ,0.20427 ,0.50995 
11360000 ,1.56496 ,1.55263 ,0.01713 ,2.00028 ,1.99972 ,0.00890 ,2.57336 ,2.62347 ,0.01778 ,1137,0.05786 ,0.20439 ,0.49218 
11370000 ,1.56496 ,1.54382 ,0.01816 ,2.00028 ,2.00440 ,0.01346 ,2.57336 ,2.56769 ,0.01341 ,1138,0.02026 ,0.22150 ,0.48638 
11380000 ,1.56496 ,1.58514 ,0.01423 ,2.00579 ,1.97927 ,0.02033 ,2.57336 ,2.59320 ,0.03660 ,1139,0.04589 ,0.21574 ,0.47724 
11390000 ,1.56496 ,1.63727 ,0.03020 ,2.00579 ,1.96013 ,0.01839 ,2.57336 ,2.61561 ,0.02226 ,1140,0.05619 ,0.21133 ,0.48321 
11400000 ,1.56496 ,1.60569 ,0.01064 ,2.00579 ,1.99136 ,0.02270 ,2.57336 ,2.65868 ,0.01090 ,1141,0.04300 ,0.21041 ,0.49121 
11410000 ,1.56496 ,1.53642 ,0.02149 ,2.00579 ,2.01093 ,0.01516 ,2.57887 ,2.69011 ,0.05941 ,1142,0.03738 ,0.20645 ,0.47843 
11420000 ,1.56496 ,1.59703 ,0.02003 ,2.00579 ,2.00513 ,0.02381 ,2.57887 ,2.62901 ,0.03074 ,1143,0.02916 ,0.22137 ,0.49246 
11430000 ,1.56496 ,1.55821 ,0.01800 ,2.00579 ,1.98667 ,0.01640 ,2.57887 ,2.59682 ,0.00709 ,1144,0.01445 ,0.21867 ,0.48558 
11440000 ,1.57047 ,1.59107 ,0.03262 ,2.01130 ,2.03382 ,0.01482 ,2.58438 ,2.63408 ,0.01626 ,1145,0.02475 ,0.21241 ,0.49218 
11450000 ,1.57047 ,1.58852 ,0.02409 ,2.01130 ,1.98865 ,0.02440 ,2.58438 ,2.67509 ,0.01686 ,1146,0.04447 ,0.22158 ,0.51089 
11460000 ,1.57047 ,1.60460 ,0.01929 ,2.01130 ,2.00527 ,0.00754 ,2.58438 ,2.61817 ,0.02412 ,1147,0.03966 ,0.19502 ,0.50143 
11470000 ,1.57047 ,1.57990 ,0.03609 ,2.01130 ,2.03678 ,0.01242 ,2.58438 ,2.70150 ,0.02822 ,1148,0.05355 ,0.19605 ,0.51546 
11480000 ,1.57047 ,1.61420 ,0.01605 ,2.01130 ,2.06654 ,0.02193 ,2.58438 ,2.59222 ,0.01388 ,1149,0.02899 ,0.20509 ,0.51812 
11490000 ,1.57598 ,1.60109 ,0.02773 ,2.01681 ,1.97877 ,0.01010 ,2.58989 ,2.56832 ,0.00810 ,1150,0.02337 ,0.20369 ,0.52814 
11500000 ,1.57598 ,1.52626 ,0.00712 ,2.01681 ,2.02055 ,0.01274 ,2.58989 ,2.67065 ,0.03180 ,1151,0.03983 ,0.19704 ,0.51416 
11510000 ,1.57598 ,1.61926 ,0.02839 ,2.01681 ,1.98946 ,0.01813 ,2.58989 ,2.61080 ,0.02105 ,1152,0.04229 ,0.19632 ,0.50363 
11520000 ,1.57598 ,1.58865 ,0.04183 ,2.01681 ,1.97723 ,0.01096 ,2.58989 ,2.67078 ,0.02090 ,1153,0.05259 ,0.20633 ,0.51023 
11530000 ,1.57598 ,1.62677 ,0.02230 ,2.01681 ,2.01954 ,0.02560 ,2.58989 ,2.61757 ,0.01222 ,1154,0.03940 ,0.20364 ,0.51378 
11540000 ,1.57598 ,1.61080 ,0.01607 ,2.02232 ,2.06310 ,0.01991 ,2.59540 ,2.68287 ,0.01111 ,1155,0.03378 ,0.22663 ,0.47652 
11550000 ,1.57598 ,1.57560 ,0.02426 ,2.02232 ,2.01256 ,0.02536 ,2.59540 ,2.64976 ,0.02309 ,1156,0.01571 ,0.23112 ,0.48452 
11560000 ,1.58149 ,1.58680 ,0.02325 ,2.02232 ,2.07507 ,0.01308 ,2.59540 ,2.64908 ,0.00293 ,1157,0.01431 ,0.22176 ,0.47889 
11570000 ,1.58149 ,1.59592 ,0.01888 ,2.02232 ,1.94392 ,0.03162 ,2.59540 ,2.72798 ,0.02593 ,1158,0.01621 ,0.22431 ,0.48183 
11580000 ,1.58149 ,1.52884 ,0.02858 ,2.02232 ,1.97753 ,0.01636 ,2.60091 ,2.59057 ,0.01796 ,1159,0.02580 ,0.22880 ,0.48983 
11590000 ,1.58149 ,1.65288 ,0.03288 ,2.02232 ,2.04269 ,0.00540 ,2.60091 ,2.64052 ,0.04820 ,1160,0.02964 ,0.21944 ,0.48523 
11600000 ,1.58149 ,1.60818 ,0.01586 ,2.02783 ,2.08507 ,0.02033 ,2.60091 ,2.63710 ,0.02149 ,1161,0.03333 ,0.22290 ,0.48945 
11610000 ,1.58149 ,1.61974 ,0.02537 ,2.02783 ,1.95329 ,0.00776 ,2.60091 ,2.68108 ,0.02930 ,1162,0.02221 ,0.21332 ,0.49946 
11620000 ,1.58149 ,1.58073 ,0.01248 ,2.02783 ,2.00670 ,0.02980 ,2.60091 ,2.64761 ,0.01659 ,1163,0.01462 ,0.23196 ,0.48600 
11630000 ,1.58149 ,1.62172 ,0.01479 ,2.02783 ,2.09465 ,0.02715 ,2.60642 ,2.64837 ,0.03535 ,1164,0.04358 ,0.22388 ,0.50003 
11640000 ,1.58700 ,1.63099 ,0.01417 ,2.02783 ,2.04417 ,0.01981 ,2.60642 ,2.64274 ,0.03368 ,1165,0.04605 ,0.23423 ,0.49236 
11650000 ,1.58700 ,1.60085 ,0.01590 ,2.02783 ,2.02824 ,0.04281 ,2.60642 ,2.67932 ,0.01741 ,1166,0.02948 ,0.21146 ,0.50612 
11660000 ,1.58700 ,1.65779 ,0.01171 ,2.03334 ,2.07232 ,0.01687 ,2.60642 ,2.62147 ,0.02519 ,1167,0.03403 ,0.21074 ,0.50369 
11670000 ,1.58700 ,1.58306 ,0.04592 ,2.03334 ,2.03713 ,0.01787 ,2.60642 ,2.67835 ,0.01033 ,1168,0.01408 ,0.20605 ,0.50707 
11680000 ,1.58700 ,1.66492 ,0.01286 ,2.03334 ,2.05388 ,0.02508 ,2.61193 ,2.66940 ,0.02521 ,1169,0.02797 ,0.21522 ,0.50620 
11690000 ,1.58700 ,1.63513 ,0.01663 ,2.03334 ,1.96367 ,0.02440 ,2.61193 ,2.69568 ,0.02253 ,1170,0.01841 ,0.22534 ,0.51280 
11700000 ,1.59251 ,1.62412 ,0.02141 ,2.03334 ,2.04962 ,0.01877 ,2.61193 ,2.65000 ,0.02281 ,1171,0.02871 ,0.21725 ,0.51117 
11710000 ,1.59251 ,1.61108 ,0.02103 ,2.03885 ,1.99928 ,0.01725 ,2.61745 ,2.68990 ,0.02083 ,1172,0.04201 ,0.22761 ,0.52118 
11720000 ,1.59251 ,1.66336 ,0.00809 ,2.03885 ,2.06843 ,0.01286 ,2.61745 ,2.62049 ,0.01362 ,1173,0.03720 ,0.19899 ,0.51989 
11730000 ,1.59251 ,1.50933 ,0.02880 ,2.03885 ,2.02827 ,0.01888 ,2.61745 ,2.59833 ,0.00984 ,1174,0.05109 ,0.20077 ,0.52326 
11740000 ,1.59251 ,1.58913 ,0.04050 ,2.03885 ,2.05644 ,0.01387 ,2.61745 ,2.66538 ,0.04213 ,1175,0.02653 ,0.21261 ,0.48572 
11750000 ,1.59251 ,1.65667 ,0.00607 ,2.03885 ,2.10252 ,0.03665 ,2.61745 ,2.64835 ,0.03989 ,1176,0.02091 ,0.21189 ,0.47992 
11760000 ,1.59802 ,1.59229 ,0.02463 ,2.04436 ,2.00891 ,0.00312 ,2.61745 ,2.66406 ,0.01203 ,1177,0.03737 ,0.20721 ,0.49615 
11770000 ,1.59802 ,1.65974 ,0.01371 ,2.04436 ,2.10200 ,0.02938 ,2.62296 ,2.68274 ,0.01241 ,1178,0.02587 ,0.21638 ,0.50589 
11780000 ,1.59802 ,1.56532 ,0.03730 ,2.04436 ,2.08335 ,0.02497 ,2.62296 ,2.64168 ,0.02195 ,1179,0.03617 ,0.23300 ,0.51519 
11790000 ,1.59802 ,1.61518 ,0.03521 ,2.04436 ,2.05357 ,0.02013 ,2.62296 ,2.72797 ,0.04038 ,1180,0.02168 ,0.22491 ,0.52504 
11800000 ,1.59802 ,1.60119 ,0.04057 ,2.04436 ,2.06153 ,0.01789 ,2.62296 ,2.72796 ,0.02229 ,1181,0.01414 ,0.23527 ,0.51894 
11810000 ,1.59802 ,1.54937 ,0.01428 ,2.04987 ,2.07220 ,0.03181 ,2.62847 ,2.63450 ,0.02924 ,1182,0.02803 ,0.20836 ,0.52718 
11820000 ,1.59802 ,1.68003 ,0.02067 ,2.04987 ,2.02095 ,0.02170 ,2.62847 ,2.72842 ,0.00979 ,1183,0.01847 ,0.17706 ,0.49593 
11830000 ,1.59802 ,1.59868 ,0.01896 ,2.04987 ,2.02934 ,0.00626 ,2.62847 ,2.67561 ,0.00946 ,1184,0.02877 ,0.17563 ,0.48647 
11840000 ,1.60353 ,1.64333 ,0.03861 ,2.04987 ,2.07630 ,0.02895 ,2.62847 ,2.75984 ,0.00680 ,1185,0.04051 ,0.17839 ,0.50050 
11850000 ,1.60353 ,1.59551 ,0.01802 ,2.04987 ,2.06986 ,0.01995 ,2.63398 ,2.70225 ,0.02431 ,1186,0.02422 ,0.19587 ,0.50316 
11860000 ,1.60353 ,1.62440 ,0.01961 ,2.04987 ,2.06719 ,0.03100 ,2.63398 ,2.69810 ,0.00408 ,1187,0.01860 ,0.19443 ,0.51318 
11870000 ,1.60353 ,1.63780 ,0.01725 ,2.05538 ,2.04293 ,0.01821 ,2.63398 ,2.70122 ,0.03141 ,1188,0.03494 ,0.19635 ,0.49920 
11880000 ,1.60353 ,1.62171 ,0.02258 ,2.05538 ,2.03218 ,0.01915 ,2.63398 ,2.71031 ,0.02390 ,1189,0.04883 ,0.19183 ,0.51966 
11890000 ,1.60904 ,1.63211 ,0.03272 ,2.05538 ,2.02202 ,0.02231 ,2.63398 ,2.65545 ,0.02320 ,1190,0.01123 ,0.20165 ,0.50105 
11900000 ,1.60904 ,1.63823 ,0.02579 ,2.05538 ,2.05024 ,0.02504 ,2.63398 ,2.76515 ,0.04376 ,1191,0.03686 ,0.20303 ,0.51000 
11910000 ,1.60904 ,1.68154 ,0.02255 ,2.05538 ,2.02568 ,0.02860 ,2.63949 ,2.68648 ,0.03355 ,1192,0.04716 ,0.21276 ,0.52001 
11920000 ,1.60904 ,1.68705 ,0.00631 ,2.06089 ,2.04061 ,0.01800 ,2.63949 ,2.64969 ,0.03365 ,1193,0.03397 ,0.22319 ,0.51630 
11930000 ,1.60904 ,1.61968 ,0.02822 ,2.06089 ,2.03137 ,0.02052 ,2.63949 ,2.68855 ,0.02737 ,1194,0.02835 ,0.22457 ,0.52454 
11940000 ,1.60904 ,1.55195 ,0.01591 ,2.06089 ,2.02790 ,0.01870 ,2.63949 ,2.61698 ,0.01767 ,1195,0.01759 ,0.18964 ,0.51479 
11950000 ,1.60904 ,1.62183 ,0.01662 ,2.06089 ,2.05907 ,0.00743 ,2.63949 ,2.70639 ,0.01566 ,1196,0.04656 ,0.18260 ,0.51976 
11960000 ,1.60904 ,1.69016 ,0.02539 ,2.06089 ,2.06310 ,0.03726 ,2.64500 ,2.72318 ,0.03031 ,1197,0.04903 ,0.21140 ,0.52313 
11970000 ,1.61455 ,1.58312 ,0.03792 ,2.06640 ,2.05632 ,0.01702 ,2.64500 ,2.75217 ,0.00224 ,1198,0.03246 ,0.20744 ,0.48980 
11980000 ,1.61455 ,1.65361 ,0.02649 ,2.06640 ,2.05566 ,0.02179 ,2.64500 ,2.70810 ,0.01266 ,1199,0.02549 ,0.20715 ,0.49639 
11990000 ,1.61455 ,1.59418 ,0.03247 ,2.06640 ,2.03691 ,0.00318 ,2.65051 ,2.69949 ,0.03096 ,1200,0.02796 ,0.19294 ,0.49994 
12000000 ,1.61455 ,1.65123 ,0.01867 ,2.06640 ,2.06179 ,0.00726 ,2.65051 ,2.74717 ,0.02104 ,1201,0.01291 ,0.20856 ,0.49643 
12010000 ,1.61455 ,1.65418 ,0.01005 ,2.06640 ,2.10639 ,0.02315 ,2.65051 ,2.74144 ,0.00180 ,1202,0.02724 ,0.21899 ,0.50302 
12020000 ,1.61455 ,1.66203 ,0.00611 ,2.06640 ,2.10601 ,0.02369 ,2.65051 ,2.67421 ,0.01598 ,1203,0.02774 ,0.22037 ,0.50139 
12030000 ,1.61455 ,1.67039 ,0.01226 ,2.07191 ,2.09018 ,0.03657 ,2.65051 ,2.67766 ,0.01243 ,1204,0.05228 ,0.20965 ,0.51140 
12040000 ,1.61455 ,1.63347 ,0.02752 ,2.07191 ,2.03853 ,0.02869 ,2.65602 ,2.65052 ,0.01155 ,1205,0.05475 ,0.20826 ,0.51011 
12050000 ,1.62006 ,1.60610 ,0.02956 ,2.07191 ,2.06170 ,0.01770 ,2.65602 ,2.72164 ,0.02323 ,1206,0.03818 ,0.19596 ,0.51349 
12060000 ,1.62006 ,1.64002 ,0.02557 ,2.07191 ,2.05918 ,0.01743 ,2.65602 ,2.75117 ,0.01777 ,1207,0.02644 ,0.19453 ,0.51823 
12070000 ,1.62006 ,1.64721 ,0.01104 ,2.07191 ,2.11795 ,0.02539 ,2.65602 ,2.75355 ,0.01092 ,1208,0.04077 ,0.19759 ,0.52320 
12080000 ,1.62006 ,1.63201 ,0.01236 ,2.07191 ,2.11127 ,0.02043 ,2.65602 ,2.71760 ,0.01343 ,1209,0.02605 ,0.19528 ,0.52658 
12090000 ,1.62557 ,1.64384 ,0.00499 ,2.07742 ,2.09465 ,0.02178 ,2.66153 ,2.71669 ,0.01725 ,1210,0.03635 ,0.19726 ,0.49451 
12100000 ,1.62557 ,1.65203 ,0.02029 ,2.07742 ,2.05391 ,0.02172 ,2.66153 ,2.75914 ,0.03177 ,1211,0.04027 ,0.19274 ,0.49517 
12110000 ,1.62557 ,1.63405 ,0.02338 ,2.07742 ,2.13511 ,0.01387 ,2.66153 ,2.69616 ,0.02026 ,1212,0.05057 ,0.19184 ,0.53053 
12120000 ,1.62557 ,1.68335 ,0.01369 ,2.07742 ,2.06960 ,0.01877 ,2.66153 ,2.72393 ,0.03303 ,1213,0.03608 ,0.20866 ,0.51996 
12130000 ,1.62557 ,1.62765 ,0.04534 ,2.07742 ,2.07804 ,0.02488 ,2.66704 ,2.73032 ,0.03877 ,1214,0.01972 ,0.20723 ,0.48481 
12140000 ,1.62557 ,1.65880 ,0.01140 ,2.08293 ,2.04035 ,0.01085 ,2.66704 ,2.66172 ,0.02155 ,1215,0.02022 ,0.20914 ,0.48607 
12150000 ,1.62557 ,1.71179 ,0.00405 ,2.08293 ,2.06697 ,0.04010 ,2.66704 ,2.68022 ,0.02872 ,1216,0.03393 ,0.20463 ,0.50028 
12160000 ,1.62557 ,1.65358 ,0.01559 ,2.08293 ,2.08025 ,0.02968 ,2.66704 ,2.75720 ,0.01727 ,1217,0.03443 ,0.21583 ,0.49931 
12170000 ,1.63108 ,1.57482 ,0.02610 ,2.08293 ,2.10762 ,0.03516 ,2.66704 ,2.66623 ,0.02065 ,1218,0.01069 ,0.21515 ,0.50548 
12180000 ,1.63108 ,1.56496 ,0.00705 ,2.08293 ,2.05955 ,0.02590 ,2.67255 ,2.72513 ,0.06334 ,1219,0.01119 ,0.21284 ,0.50866 
12190000 ,1.63108 ,1.66589 ,0.01065 ,2.08845 ,2.12932 ,0.02182 ,2.67255 ,2.70989 ,0.02428 ,1220,0.02490 ,0.21379 ,0.47553 
12200000 ,1.63108 ,1.65423 ,0.03465 ,2.08845 ,2.12082 ,0.03420 ,2.67255 ,2.70982 ,0.01174 ,1221,0.02540 ,0.20983 ,0.51149 
12210000 ,1.63108 ,1.67462 ,0.00918 ,2.08845 ,2.13629 ,0.00780 ,2.67255 ,2.78311 ,0.00196 ,1222,0.01767 ,0.22224 ,0.52337 
12220000 ,1.63108 ,1.59476 ,0.01873 ,2.08845 ,2.07693 ,0.02203 ,2.67806 ,2.76955 ,0.02503 ,1223,0.02288 ,0.18877 ,0.49051 
12230000 ,1.63108 ,1.62543 ,0.01710 ,2.08845 ,2.09613 ,0.00835 ,2.67806 ,2.68729 ,0.03020 ,1224,0.02704 ,0.18647 ,0.49850 
12240000 ,1.63659 ,1.65801 ,0.02110 ,2.08845 ,2.11568 ,0.01594 ,2.67806 ,2.67125 ,0.01389 ,1225,0.00419 ,0.20853 ,0.49583 
12250000 ,1.63659 ,1.69283 ,0.02175 ,2.09396 ,2.04554 ,0.00600 ,2.67806 ,2.73639 ,0.00912 ,1226,0.00916 ,0.20714 ,0.49943 
12260000 ,1.63659 ,1.67736 ,0.00658 ,2.09396 ,2.07972 ,0.01733 ,2.68357 ,2.69238 ,0.03183 ,1227,0.02357 ,0.20049 ,0.50555 
12270000 ,1.63659 ,1.69278 ,0.02754 ,2.09396 ,2.07889 ,0.00992 ,2.68357 ,2.77235 ,0.03076 ,1228,0.02604 ,0.19977 ,0.49097 
12280000 ,1.63659 ,1.62898 ,0.01698 ,2.09396 ,2.10639 ,0.02508 ,2.68357 ,2.75773 ,0.03331 ,1229,0.00814 ,0.20978 ,0.47392 
12290000 ,1.63659 ,1.67741 ,0.00280 ,2.09396 ,2.09191 ,0.03755 ,2.68357 ,2.73413 ,0.02708 ,1230,0.01310 ,0.20709 ,0.49252 
12300000 ,1.64210 ,1.69050 ,0.01611 ,2.09396 ,2.11002 ,0.03748 ,2.68357 ,2.71409 ,0.01417 ,1231,0.01720 ,0.20789 ,0.50278 
12310000 ,1.64210 ,1.71274 ,0.00826 ,2.09947 ,2.02234 ,0.02332 ,2.68357 ,2.70122 ,0.00717 ,1232,0.02637 ,0.20717 ,0.51092 
12320000 ,1.64210 ,1.66347 ,0.00815 ,2.09947 ,2.09872 ,0.00633 ,2.68908 ,2.73578 ,0.04003 ,1233,0.02884 ,0.19652 ,0.49169 
12330000 ,1.64210 ,1.66352 ,0.02023 ,2.09947 ,2.10257 ,0.01012 ,2.68908 ,2.71940 ,0.02456 ,1234,0.01379 ,0.20259 ,0.50619 
12340000 ,1.64210 ,1.69468 ,0.01882 ,2.09947 ,2.10519 ,0.02617 ,2.68908 ,2.78271 ,0.00722 ,1235,0.01890 ,0.21820 ,0.47262 
12350000 ,1.64210 ,1.63741 ,0.04017 ,2.09947 ,2.11200 ,0.00628 ,2.68908 ,2.68230 ,0.01580 ,1236,0.02121 ,0.21590 ,0.48061 
12360000 ,1.64210 ,1.70787 ,0.01993 ,2.10498 ,2.09611 ,0.03265 ,2.68908 ,2.71498 ,0.00799 ,1237,0.02617 ,0.23132 ,0.45935 
12370000 ,1.64761 ,1.70662 ,0.02044 ,2.10498 ,2.08706 ,0.01035 ,2.69459 ,2.71298 ,0.00625 ,1238,0.03027 ,0.22863 ,0.47795 
12380000 ,1.64761 ,1.64515 ,0.01183 ,2.10498 ,2.10219 ,0.01622 ,2.69459 ,2.72132 ,0.01262 ,1239,0.03952 ,0.21183 ,0.47181 
12390000 ,1.64761 ,1.64904 ,0.02564 ,2.10498 ,2.16241 ,0.02291 ,2.69459 ,2.75203 ,0.02370 ,1240,0.02480 ,0.21790 ,0.48155 
12400000 ,1.64761 ,1.72042 ,0.01841 ,2.10498 ,2.12216 ,0.03185 ,2.70010 ,2.68662 ,0.01241 ,1241,0.03510 ,0.20386 ,0.48788 
12410000 ,1.64761 ,1.66946 ,0.02903 ,2.11049 ,2.06894 ,0.00723 ,2.70010 ,2.76043 ,0.04089 ,1242,0.03767 ,0.20247 ,0.49588 
12420000 ,1.64761 ,1.66073 ,0.00609 ,2.11049 ,2.17981 ,0.02807 ,2.70010 ,2.80008 ,0.01207 ,1243,0.04084 ,0.19582 ,0.49128 
12430000 ,1.64761 ,1.66636 ,0.00835 ,2.11049 ,2.05353 ,0.02128 ,2.70010 ,2.84530 ,0.00540 ,1244,0.04330 ,0.19510 ,0.50504 
12440000 ,1.64761 ,1.68687 ,0.01072 ,2.11049 ,2.09490 ,0.02953 ,2.70010 ,2.81631 ,0.04234 ,1245,0.02826 ,0.20511 ,0.49550 
12450000 ,1.65312 ,1.67232 ,0.01033 ,2.11049 ,2.10492 ,0.01792 ,2.70010 ,2.79002 ,0.01000 ,1246,0.04188 ,0.20241 ,0.50551 
12460000 ,1.65312 ,1.70691 ,0.03266 ,2.11049 ,2.09371 ,0.02773 ,2.70561 ,2.78264 ,0.01293 ,1247,0.00816 ,0.22066 ,0.49300 
12470000 ,1.65312 ,1.62405 ,0.03365 ,2.11600 ,2.10426 ,0.01669 ,2.70561 ,2.78152 ,0.02744 ,1248,0.01850 ,0.21994 ,0.51160 
12480000 ,1.65312 ,1.74062 ,0.03336 ,2.11600 ,2.14151 ,0.03081 ,2.70561 ,2.78889 ,0.02296 ,1249,0.01619 ,0.21525 ,0.50581 
12490000 ,1.65312 ,1.66627 ,0.02335 ,2.11600 ,2.15240 ,0.00556 ,2.70561 ,2.75803 ,0.03295 ,1250,0.02630 ,0.22442 ,0.51957 
12500000 ,1.65312 ,1.62537 ,0.01742 ,2.11600 ,2.15289 ,0.02416 ,2.70561 ,2.78573 ,0.01383 ,1251,0.00921 ,0.22461 ,0.51004 
12510000 ,1.65863 ,1.70903 ,0.01790 ,2.11600 ,2.11680 ,0.03944 ,2.71112 ,2.75453 ,0.04177 ,1252,0.01955 ,0.22192 ,0.51110 
12520000 ,1.65863 ,1.72469 ,0.02123 ,2.11600 ,2.09462 ,0.03486 ,2.71112 ,2.70745 ,0.02545 ,1253,0.01723 ,0.21565 ,0.49522 
12530000 ,1.65863 ,1.76298 ,0.01293 ,2.12151 ,2.15759 ,0.01873 ,2.71112 ,2.70886 ,0.02020 ,1254,0.02797 ,0.22482 ,0.50496 
12540000 ,1.65863 ,1.70486 ,0.02456 ,2.12151 ,2.11224 ,0.02289 ,2.71663 ,2.71797 ,0.01440 ,1255,0.03831 ,0.19574 ,0.50461 
12550000 ,1.65863 ,1.65218 ,0.00297 ,2.12151 ,2.11407 ,0.00406 ,2.71663 ,2.75163 ,0.01352 ,1256,0.00560 ,0.19431 ,0.50966 
12560000 ,1.65863 ,1.65484 ,0.02471 ,2.12151 ,2.13190 ,0.01870 ,2.71663 ,2.73272 ,0.02531 ,1257,0.04715 ,0.19622 ,0.51072 
12570000 ,1.66414 ,1.68902 ,0.02961 ,2.12702 ,2.12564 ,0.00705 ,2.71663 ,2.75620 ,0.01066 ,1258,0.02915 ,0.19170 ,0.47678 
12580000 ,1.66414 ,1.67847 ,0.03386 ,2.12702 ,2.14215 ,0.02096 ,2.71663 ,2.78150 ,0.02441 ,1259,0.02568 ,0.20152 ,0.47098 
12590000 ,1.66414 ,1.65574 ,0.01509 ,2.12702 ,2.10793 ,0.02742 ,2.72214 ,2.82914 ,0.00608 ,1260,0.02815 ,0.20290 ,0.48072 
12600000 ,1.66414 ,1.67602 ,0.04092 ,2.12702 ,2.13583 ,0.04423 ,2.72214 ,2.74498 ,0.00780 ,1261,0.05344 ,0.19430 ,0.48658 
12610000 ,1.66414 ,1.70674 ,0.00654 ,2.12702 ,2.10541 ,0.02222 ,2.72214 ,2.71507 ,0.02030 ,1262,0.01328 ,0.19286 ,0.47521 
12620000 ,1.66414 ,1.68311 ,0.01520 ,2.13253 ,2.13987 ,0.00912 ,2.72214 ,2.76830 ,0.03853 ,1263,0.00928 ,0.20032 ,0.48924 
12630000 ,1.66414 ,1.73751 ,0.00684 ,2.13253 ,2.11588 ,0.02699 ,2.72214 ,2.71988 ,0.01848 ,1264,0.01962 ,0.19960 ,0.48715 
12640000 ,1.66414 ,1.69538 ,0.00451 ,2.13253 ,2.14765 ,0.01375 ,2.72214 ,2.82340 ,0.03523 ,1265,0.01731 ,0.18895 ,0.49361 
12650000 ,1.66965 ,1.68861 ,0.01556 ,2.13253 ,2.20295 ,0.03573 ,2.72765 ,2.74726 ,0.03438 ,1266,0.02742 ,0.21452 ,0.48415 
12660000 ,1.66965 ,1.69582 ,0.01517 ,2.13253 ,2.17392 ,0.02061 ,2.72765 ,2.85128 ,0.01837 ,1267,0.00043 ,0.21000 ,0.49818 
12670000 ,1.66965 ,1.72831 ,0.02226 ,2.13253 ,2.06534 ,0.02091 ,2.72765 ,2.82371 ,0.01825 ,1268,0.02106 ,0.21595 ,0.50084 
12680000 ,1.66965 ,1.70452 ,0.02246 ,2.13804 ,2.15419 ,0.01581 ,2.72765 ,2.74982 ,0.00750 ,1269,0.01610 ,0.21522 ,0.51085 
12690000 ,1.66965 ,1.70626 ,0.01564 ,2.13804 ,2.08490 ,0.01886 ,2.73316 ,2.82647 ,0.04178 ,1270,0.02644 ,0.21054 ,0.49687 
12700000 ,1.66965 ,1.70867 ,0.01083 ,2.13804 ,2.13539 ,0.03044 ,2.73316 ,2.83135 ,0.00904 ,1271,0.02412 ,0.21971 ,0.49498 
12710000 ,1.67517 ,1.69233 ,0.02197 ,2.13804 ,2.17767 ,0.03604 ,2.73316 ,2.76672 ,0.02708 ,1272,0.04039 ,0.22515 ,0.50887 
12720000 ,1.67517 ,1.71110 ,0.01181 ,2.13804 ,2.11632 ,0.02928 ,2.73316 ,2.77383 ,0.00419 ,1273,0.05073 ,0.21102 ,0.49372 
12730000 ,1.67517 ,1.70159 ,0.03462 ,2.13804 ,2.17646 ,0.01288 ,2.73316 ,2.81893 ,0.00615 ,1274,0.02517 ,0.21709 ,0.48498 
12740000 ,1.67517 ,1.70311 ,0.01158 ,2.14355 ,2.14470 ,0.02796 ,2.73867 ,2.78735 ,0.00690 ,1275,0.01160 ,0.22049 ,0.49297 
12750000 ,1.67517 ,1.67609 ,0.03328 ,2.14355 ,2.13791 ,0.02237 ,2.73867 ,2.76763 ,0.00728 ,1276,0.01577 ,0.22966 ,0.48625 
12760000 ,1.67517 ,1.68794 ,0.02196 ,2.14355 ,2.13592 ,0.02472 ,2.73867 ,2.80312 ,0.04068 ,1277,-0.00708 ,0.20649 ,0.49940 
12770000 ,1.67517 ,1.68138 ,0.01967 ,2.14355 ,2.07633 ,0.03450 ,2.73867 ,2.76808 ,0.00657 ,1278,-0.00212 ,0.20418 ,0.48234 
12780000 ,1.68068 ,1.72322 ,0.03697 ,2.14355 ,2.18643 ,0.01615 ,2.73867 ,2.82986 ,0.01787 ,1279,0.01230 ,0.20513 ,0.50094 
12790000 ,1.68068 ,1.68534 ,0.00602 ,2.14906 ,2.13602 ,0.02043 ,2.74418 ,2.83100 ,0.01359 ,1280,0.01477 ,0.20117 ,0.51121 
12800000 ,1.68068 ,1.71166 ,0.00595 ,2.14906 ,2.06699 ,0.01496 ,2.74418 ,2.82454 ,0.01898 ,1281,-0.00314 ,0.21358 ,0.51934 
12810000 ,1.68068 ,1.71813 ,0.01381 ,2.14906 ,2.16026 ,0.03203 ,2.74418 ,2.81433 ,0.02352 ,1282,0.00182 ,0.21486 ,0.49461 
12820000 ,1.68068 ,1.63050 ,0.01452 ,2.14906 ,2.16390 ,0.04508 ,2.74969 ,2.83908 ,0.04652 ,1283,0.00592 ,0.21255 ,0.48324 
12830000 ,1.68068 ,1.65641 ,0.02483 ,2.14906 ,2.07849 ,0.00884 ,2.74969 ,2.84075 ,0.03051 ,1284,0.01510 ,0.22797 ,0.49727 
12840000 ,1.68068 ,1.70655 ,0.03200 ,2.15457 ,2.12121 ,0.01274 ,2.74969 ,2.82829 ,0.02734 ,1285,0.01757 ,0.22528 ,0.49518 
12850000 ,1.68619 ,1.72767 ,0.03107 ,2.15457 ,2.19455 ,0.03304 ,2.74969 ,2.86587 ,0.02202 ,1286,0.00252 ,0.20848 ,0.50360 
12860000 ,1.68619 ,1.69722 ,0.04099 ,2.15457 ,2.13385 ,0.02141 ,2.74969 ,2.74994 ,0.01152 ,1287,0.00617 ,0.21455 ,0.51157 
12870000 ,1.68619 ,1.71252 ,0.03386 ,2.15457 ,2.14257 ,0.02967 ,2.75520 ,2.85444 ,0.03490 ,1288,0.01651 ,0.22207 ,0.48270 
12880000 ,1.68619 ,1.74605 ,0.02010 ,2.15457 ,2.17221 ,0.01318 ,2.75520 ,2.84246 ,0.02195 ,1289,0.01419 ,0.21938 ,0.49674 
12890000 ,1.68619 ,1.67883 ,0.00455 ,2.15457 ,2.17939 ,0.01666 ,2.75520 ,2.80185 ,0.03729 ,1290,0.02493 ,0.21311 ,0.48907 
12900000 ,1.69170 ,1.74690 ,0.02252 ,2.16008 ,2.17007 ,0.02896 ,2.75520 ,2.82461 ,0.02648 ,1291,0.03527 ,0.22228 ,0.50283 
12910000 ,1.69170 ,1.74494 ,0.02237 ,2.16008 ,2.18543 ,0.03767 ,2.75520 ,2.82444 ,0.02219 ,1292,0.00256 ,0.23197 ,0.50040 
12920000 ,1.69170 ,1.72930 ,0.01567 ,2.16008 ,2.21623 ,0.02166 ,2.76071 ,2.86936 ,0.04835 ,1293,0.04411 ,0.21784 ,0.50377 
12930000 ,1.69170 ,1.76914 ,0.01919 ,2.16008 ,2.15186 ,0.00892 ,2.76071 ,2.81279 ,0.01952 ,1294,0.00488 ,0.22391 ,0.52575 
12940000 ,1.69170 ,1.77984 ,0.00936 ,2.16008 ,2.18047 ,0.02352 ,2.76071 ,2.76941 ,0.01012 ,1295,0.01523 ,0.22731 ,0.50757 
12950000 ,1.69170 ,1.76027 ,0.02852 ,2.16008 ,2.17898 ,0.01344 ,2.76071 ,2.75802 ,0.00417 ,1296,0.01291 ,0.23648 ,0.51375 
12960000 ,1.69170 ,1.70888 ,0.01975 ,2.16559 ,2.16948 ,0.02682 ,2.76623 ,2.91165 ,0.04866 ,1297,0.02918 ,0.21025 ,0.50478 
12970000 ,1.69170 ,1.71852 ,0.02319 ,2.16559 ,2.15482 ,0.02779 ,2.76623 ,2.79848 ,0.00328 ,1298,0.03952 ,0.18775 ,0.51452 
12980000 ,1.69170 ,1.71937 ,0.02356 ,2.16559 ,2.07885 ,0.02632 ,2.76623 ,2.76890 ,0.01150 ,1299,0.01396 ,0.18545 ,0.52382 
12990000 ,1.69721 ,1.72477 ,0.02173 ,2.16559 ,2.21071 ,0.03114 ,2.76623 ,2.82930 ,0.02913 ,1300,0.02205 ,0.20751 ,0.52757 
13000000 ,1.69721 ,1.73134 ,0.01444 ,2.16559 ,2.17016 ,0.01663 ,2.76623 ,2.85472 ,0.01896 ,1301,0.02621 ,0.20612 ,0.53581 
13010000 ,1.69721 ,1.73886 ,0.02450 ,2.16559 ,2.18444 ,0.02496 ,2.77174 ,2.78190 ,0.01371 ,1302,0.00336 ,0.19947 ,0.50950 
13020000 ,1.69721 ,1.71787 ,0.02746 ,2.17110 ,2.13400 ,0.04537 ,2.77174 ,2.73613 ,0.00081 ,1303,0.00833 ,0.19875 ,0.50426 
13030000 ,1.69721 ,1.72672 ,0.02947 ,2.17110 ,2.15985 ,0.02369 ,2.77174 ,2.80238 ,0.02692 ,1304,0.02274 ,0.20876 ,0.51225 
13040000 ,1.69721 ,1.74461 ,0.01843 ,2.17110 ,2.13003 ,0.03199 ,2.77174 ,2.79627 ,0.03924 ,1305,0.02521 ,0.20607 ,0.50959 
13050000 ,1.69721 ,1.73868 ,0.00185 ,2.17110 ,2.13856 ,0.02514 ,2.77174 ,2.84990 ,0.01477 ,1306,0.02646 ,0.20688 ,0.51318 
13060000 ,1.69721 ,1.72890 ,0.03018 ,2.17110 ,2.16464 ,0.02933 ,2.77174 ,2.84068 ,0.01248 ,1307,0.03680 ,0.20615 ,0.50192 
13070000 ,1.70272 ,1.75345 ,0.01584 ,2.17661 ,2.14589 ,0.00910 ,2.77725 ,2.76385 ,0.03689 ,1308,0.00409 ,0.19551 ,0.52052 
13080000 ,1.70272 ,1.77608 ,0.02667 ,2.17661 ,2.12683 ,0.02288 ,2.77725 ,2.83003 ,0.00906 ,1309,0.03287 ,0.20157 ,0.51262 
13090000 ,1.70272 ,1.73609 ,0.02320 ,2.17661 ,2.18775 ,0.01910 ,2.77725 ,2.86050 ,0.02527 ,1310,0.04321 ,0.21719 ,0.53440 
13100000 ,1.70272 ,1.71903 ,0.03194 ,2.17661 ,2.19600 ,0.01588 ,2.78276 ,2.83090 ,0.01719 ,1311,0.01765 ,0.21488 ,0.48613 
13110000 ,1.70272 ,1.77360 ,0.01438 ,2.17661 ,2.20650 ,0.03365 ,2.78276 ,2.84721 ,0.01945 ,1312,0.06021 ,0.23030 ,0.48972 
13120000 ,1.70823 ,1.71099 ,0.02831 ,2.18212 ,2.23002 ,0.03292 ,2.78276 ,2.82701 ,0.02020 ,1313,0.06437 ,0.22761 ,0.50832 
13130000 ,1.70823 ,1.73513 ,0.02328 ,2.18212 ,2.18447 ,0.03167 ,2.78276 ,2.81986 ,0.02324 ,1314,0.02997 ,0.21081 ,0.50042 
13140000 ,1.70823 ,1.69731 ,0.03110 ,2.18212 ,2.21830 ,0.01030 ,2.78276 ,2.78922 ,0.01057 ,1315,0.03380 ,0.21688 ,0.50728 
13150000 ,1.70823 ,1.73319 ,0.01355 ,2.18212 ,2.16871 ,0.02122 ,2.78827 ,2.83250 ,0.01195 ,1316,0.03850 ,0.21147 ,0.50794 
13160000 ,1.70823 ,1.73960 ,0.02836 ,2.18212 ,2.21619 ,0.01078 ,2.78827 ,2.85401 ,0.01422 ,1317,0.03887 ,0.19941 ,0.51454 
13170000 ,1.70823 ,1.70234 ,0.01484 ,2.18212 ,2.20424 ,0.02480 ,2.78827 ,2.83784 ,0.02726 ,1318,0.05136 ,0.19801 ,0.52656 
13180000 ,1.71374 ,1.78270 ,0.02114 ,2.18763 ,2.10959 ,0.01472 ,2.78827 ,2.77659 ,0.01283 ,1319,0.03069 ,0.19136 ,0.51363 
13190000 ,1.71374 ,1.74081 ,0.02322 ,2.18763 ,2.21124 ,0.01581 ,2.78827 ,2.78707 ,0.01634 ,1320,0.03953 ,0.19064 ,0.51640 
13200000 ,1.71374 ,1.71206 ,0.01833 ,2.18763 ,2.14484 ,0.02765 ,2.79378 ,2.78566 ,0.02877 ,1321,0.02821 ,0.20065 ,0.53093 
13210000 ,1.71374 ,1.71457 ,0.02523 ,2.18763 ,2.19705 ,0.02362 ,2.79378 ,2.83458 ,0.06029 ,1322,0.03140 ,0.19796 ,0.48888 
13220000 ,1.71374 ,1.73742 ,0.02459 ,2.18763 ,2.18805 ,0.02323 ,2.79378 ,2.86309 ,0.05647 ,1323,0.03676 ,0.20715 ,0.49688 
13230000 ,1.71374 ,1.70779 ,0.04423 ,2.19314 ,2.21766 ,0.00614 ,2.79378 ,2.87298 ,0.02830 ,1324,0.02725 ,0.20571 ,0.49188 
13240000 ,1.71374 ,1.73575 ,0.00364 ,2.19314 ,2.16426 ,0.01689 ,2.79378 ,2.87243 ,0.00922 ,1325,0.03045 ,0.22095 ,0.47723 
13250000 ,1.71374 ,1.76057 ,0.01949 ,2.19314 ,2.15314 ,0.02664 ,2.79929 ,2.90618 ,0.01828 ,1326,0.04697 ,0.22544 ,0.48969 
13260000 ,1.71925 ,1.78386 ,0.01861 ,2.19314 ,2.26620 ,0.02193 ,2.79929 ,2.90806 ,0.01545 ,1327,0.05657 ,0.20892 ,0.50161 
13270000 ,1.71925 ,1.65216 ,0.02231 ,2.19314 ,2.19532 ,0.01681 ,2.79929 ,2.78825 ,0.00711 ,1328,0.03769 ,0.21608 ,0.49581 
13280000 ,1.71925 ,1.76496 ,0.00963 ,2.19865 ,2.17554 ,0.01035 ,2.79929 ,2.82773 ,0.01608 ,1329,0.03002 ,0.20787 ,0.48766 
13290000 ,1.71925 ,1.77433 ,0.00632 ,2.19865 ,2.11424 ,0.00683 ,2.79929 ,2.86325 ,0.02191 ,1330,0.04659 ,0.20715 ,0.48476 
13300000 ,1.71925 ,1.75717 ,0.00692 ,2.19865 ,2.22587 ,0.02836 ,2.80480 ,2.85781 ,0.01501 ,1331,0.02591 ,0.20097 ,0.47833 
13310000 ,1.71925 ,1.72492 ,0.00774 ,2.19865 ,2.21642 ,0.02685 ,2.80480 ,2.86304 ,0.02865 ,1332,0.03193 ,0.22290 ,0.49237 
13320000 ,1.72476 ,1.76186 ,0.02607 ,2.19865 ,2.20209 ,0.02125 ,2.80480 ,2.86758 ,0.04230 ,1333,0.02061 ,0.22020 ,0.49139 
13330000 ,1.72476 ,1.76313 ,0.00876 ,2.19865 ,2.19641 ,0.01449 ,2.80480 ,2.80403 ,0.00471 ,1334,0.02380 ,0.21887 ,0.49232 
13340000 ,1.72476 ,1.68892 ,0.01766 ,2.20417 ,2.23130 ,0.03115 ,2.80480 ,2.87986 ,0.02010 ,1335,0.04117 ,0.22603 ,0.49955 
13350000 ,1.72476 ,1.75145 ,0.01205 ,2.20417 ,2.21166 ,0.01999 ,2.81031 ,2.88151 ,0.03212 ,1336,0.03183 ,0.20135 ,0.51358 
13360000 ,1.72476 ,1.77726 ,0.01891 ,2.20417 ,2.18826 ,0.02673 ,2.81031 ,2.83001 ,0.00936 ,1337,0.03503 ,0.20063 ,0.51149 
13370000 ,1.72476 ,1.78073 ,0.01792 ,2.20417 ,2.24661 ,0.03298 ,2.81031 ,2.89363 ,0.00658 ,1338,0.03526 ,0.18998 ,0.50477 
13380000 ,1.72476 ,1.77890 ,0.02523 ,2.20417 ,2.23234 ,0.04477 ,2.81582 ,2.81242 ,0.00275 ,1339,0.03822 ,0.20777 ,0.52104 
13390000 ,1.73027 ,1.70743 ,0.01888 ,2.20417 ,2.25014 ,0.02891 ,2.81582 ,2.89851 ,0.02134 ,1340,0.02872 ,0.21713 ,0.47657 
13400000 ,1.73027 ,1.74783 ,0.02583 ,2.20968 ,2.23880 ,0.02790 ,2.81582 ,2.87963 ,0.03951 ,1341,0.03191 ,0.22422 ,0.47367 
13410000 ,1.73027 ,1.72290 ,0.01651 ,2.20968 ,2.27354 ,0.00526 ,2.81582 ,2.81299 ,0.01566 ,1342,0.04991 ,0.21310 ,0.46724 
13420000 ,1.73027 ,1.77362 ,0.00635 ,2.20968 ,2.21054 ,0.03037 ,2.81582 ,2.83029 ,0.02581 ,1343,0.04057 ,0.21916 ,0.48127 
13430000 ,1.73027 ,1.76750 ,0.01450 ,2.20968 ,2.25783 ,0.01708 ,2.82133 ,2.89874 ,0.01860 ,1344,0.04377 ,0.22134 ,0.48030 
13440000 ,1.73027 ,1.75367 ,0.02711 ,2.20968 ,2.20948 ,0.02265 ,2.82133 ,2.86062 ,0.01120 ,1345,0.02498 ,0.20728 ,0.47972 
13450000 ,1.73027 ,1.77799 ,0.02634 ,2.21519 ,2.17613 ,0.00709 ,2.82133 ,2.88122 ,0.01903 ,1346,0.02375 ,0.20497 ,0.49774 
13460000 ,1.73578 ,1.77779 ,0.02698 ,2.21519 ,2.19456 ,0.02538 ,2.82133 ,2.82949 ,0.00711 ,1347,0.03334 ,0.22039 ,0.49317 
13470000 ,1.73578 ,1.75215 ,0.03058 ,2.21519 ,2.19055 ,0.01935 ,2.82133 ,2.88737 ,0.00548 ,1348,0.03588 ,0.21770 ,0.49419 
13480000 ,1.73578 ,1.78089 ,0.01447 ,2.21519 ,2.23236 ,0.01200 ,2.82133 ,2.82660 ,0.00359 ,1349,0.02906 ,0.20090 ,0.48903 
13490000 ,1.73578 ,1.78007 ,0.02022 ,2.21519 ,2.21534 ,0.00573 ,2.82684 ,2.88053 ,0.00801 ,1350,0.02140 ,0.20697 ,0.49703 
13500000 ,1.73578 ,1.75828 ,0.01530 ,2.22070 ,2.28563 ,0.01191 ,2.82684 ,2.91811 ,0.03442 ,1351,0.04565 ,0.21876 ,0.49243 
13510000 ,1.73578 ,1.76809 ,0.02160 ,2.22070 ,2.24159 ,0.02003 ,2.82684 ,2.88308 ,0.01860 ,1352,0.05524 ,0.21607 ,0.49665 
13520000 ,1.74129 ,1.77316 ,0.02897 ,2.22070 ,2.22909 ,0.02009 ,2.83235 ,2.89242 ,0.01291 ,1353,0.03636 ,0.21473 ,0.50666 
13530000 ,1.74129 ,1.73963 ,0.02605 ,2.22070 ,2.28901 ,0.01041 ,2.83235 ,2.85315 ,0.02785 ,1354,0.02869 ,0.22189 ,0.50564 
13540000 ,1.74129 ,1.76317 ,0.03120 ,2.22070 ,2.20404 ,0.00820 ,2.83235 ,2.90899 ,0.02235 ,1355,0.04526 ,0.21259 ,0.49618 
13550000 ,1.74129 ,1.71352 ,0.02051 ,2.22070 ,2.17309 ,0.02836 ,2.83235 ,2.87865 ,0.01250 ,1356,0.02459 ,0.21866 ,0.51021 
13560000 ,1.74129 ,1.73963 ,0.03075 ,2.22621 ,2.18643 ,0.01538 ,2.83235 ,2.91204 ,0.00650 ,1357,0.03491 ,0.22084 ,0.51287 
13570000 ,1.74129 ,1.74607 ,0.02300 ,2.22621 ,2.22107 ,0.03261 ,2.83235 ,2.89788 ,0.01948 ,1358,0.02359 ,0.18900 ,0.52289 
13580000 ,1.74129 ,1.76782 ,0.02851 ,2.22621 ,2.15913 ,0.04078 ,2.83786 ,2.87422 ,0.02065 ,1359,0.02678 ,0.18757 ,0.50891 
13590000 ,1.74680 ,1.74726 ,0.02811 ,2.22621 ,2.25993 ,0.03657 ,2.83786 ,2.90193 ,0.02420 ,1360,0.04415 ,0.19033 ,0.50943 
13600000 ,1.74680 ,1.76702 ,0.02563 ,2.22621 ,2.15316 ,0.01239 ,2.83786 ,2.90358 ,0.03208 ,1361,0.03481 ,0.20781 ,0.46798 
13610000 ,1.74680 ,1.79749 ,0.01625 ,2.22621 ,2.29279 ,0.03412 ,2.83786 ,2.84404 ,0.02827 ,1362,0.03801 ,0.20637 ,0.48043 
13620000 ,1.74680 ,1.74567 ,0.01750 ,2.23172 ,2.21586 ,0.04193 ,2.83786 ,2.88006 ,0.02942 ,1363,0.02869 ,0.20829 ,0.48524 
13630000 ,1.74680 ,1.77519 ,0.02130 ,2.23172 ,2.20797 ,0.01261 ,2.84337 ,2.83788 ,0.01831 ,1364,0.04761 ,0.20377 ,0.49464 
13640000 ,1.74680 ,1.80644 ,0.01935 ,2.23172 ,2.23200 ,0.01920 ,2.84337 ,2.85462 ,0.00842 ,1365,0.02924 ,0.21359 ,0.50465 
13650000 ,1.74680 ,1.79518 ,0.03044 ,2.23172 ,2.26638 ,0.00177 ,2.84337 ,2.85292 ,0.01394 ,1366,0.05020 ,0.21497 ,0.49968 
13660000 ,1.74680 ,1.78786 ,0.01911 ,2.23172 ,2.23226 ,0.03132 ,2.84337 ,2.91093 ,0.00981 ,1367,0.04086 ,0.22470 ,0.50074 
13670000 ,1.75231 ,1.75428 ,0.01644 ,2.23723 ,2.24707 ,0.01599 ,2.84888 ,2.83245 ,0.01111 ,1368,0.04405 ,0.23513 ,0.50215 
13680000 ,1.75231 ,1.80774 ,0.01940 ,2.23723 ,2.29493 ,0.02086 ,2.84888 ,2.86196 ,0.03416 ,1369,0.05205 ,0.23651 ,0.50832 
13690000 ,1.75231 ,1.82336 ,0.01907 ,2.23723 ,2.26022 ,0.02473 ,2.84888 ,2.93979 ,0.01420 ,1370,0.03881 ,0.20023 ,0.50089 
13700000 ,1.75231 ,1.77082 ,0.03348 ,2.23723 ,2.17263 ,0.03060 ,2.84888 ,2.87921 ,0.00821 ,1371,0.05042 ,0.19884 ,0.49609 
13710000 ,1.75231 ,1.78804 ,0.01134 ,2.23723 ,2.23267 ,0.00562 ,2.85439 ,2.85897 ,0.01028 ,1372,0.06001 ,0.18849 ,0.49319 
13720000 ,1.75782 ,1.76380 ,0.03117 ,2.24274 ,2.24620 ,0.02392 ,2.85439 ,2.92468 ,0.03362 ,1373,0.05003 ,0.18397 ,0.48676 
13730000 ,1.75782 ,1.80018 ,0.01087 ,2.24274 ,2.24739 ,0.00281 ,2.85439 ,2.90568 ,0.02089 ,1374,0.04390 ,0.18704 ,0.50079 
13740000 ,1.75782 ,1.80376 ,0.01627 ,2.24274 ,2.27054 ,0.04027 ,2.85439 ,2.85467 ,0.01840 ,1375,0.04686 ,0.18308 ,0.49982 
13750000 ,1.75782 ,1.78611 ,0.01023 ,2.24274 ,2.25083 ,0.01984 ,2.85439 ,2.93591 ,0.01161 ,1376,0.03736 ,0.20505 ,0.50074 
13760000 ,1.75782 ,1.72796 ,0.00852 ,2.24274 ,2.21443 ,0.02503 ,2.85439 ,2.88379 ,0.00365 ,1377,0.04055 ,0.20365 ,0.50798 
13770000 ,1.75782 ,1.72520 ,0.03360 ,2.24274 ,2.24561 ,0.01713 ,2.85990 ,2.86529 ,0.02049 ,1378,0.05855 ,0.19700 ,0.52201 
13780000 ,1.75782 ,1.78692 ,0.00439 ,2.24825 ,2.26380 ,0.02079 ,2.85990 ,2.95067 ,0.02982 ,1379,0.04921 ,0.19628 ,0.51992 
13790000 ,1.76333 ,1.73880 ,0.02700 ,2.24825 ,2.33883 ,0.03071 ,2.85990 ,2.93209 ,0.01831 ,1380,0.05241 ,0.20629 ,0.51320 
13800000 ,1.76333 ,1.77779 ,0.00678 ,2.24825 ,2.21859 ,0.03322 ,2.85990 ,2.91939 ,0.00673 ,1381,0.03976 ,0.20360 ,0.52947 
13810000 ,1.76333 ,1.71865 ,0.01227 ,2.24825 ,2.28232 ,0.04576 ,2.86541 ,2.93059 ,0.01741 ,1382,0.06072 ,0.22042 ,0.49130 
13820000 ,1.76333 ,1.82202 ,0.02898 ,2.24825 ,2.21788 ,0.01596 ,2.86541 ,2.86803 ,0.01741 ,1383,0.05138 ,0.21590 ,0.47424 
13830000 ,1.76333 ,1.81405 ,0.00732 ,2.24825 ,2.28860 ,0.02200 ,2.86541 ,2.92141 ,0.03668 ,1384,0.05457 ,0.22184 ,0.49284 
13840000 ,1.76333 ,1.75843 ,0.00382 ,2.25376 ,2.24715 ,0.02114 ,2.86541 ,2.90329 ,0.02664 ,1385,0.03871 ,0.22112 ,0.48721 
13850000 ,1.76333 ,1.83706 ,0.02746 ,2.25376 ,2.23199 ,0.01091 ,2.86541 ,2.99839 ,0.00831 ,1386,0.03598 ,0.21644 ,0.49474 
13860000 ,1.76333 ,1.82374 ,0.00893 ,2.25376 ,2.20988 ,0.01439 ,2.87092 ,2.94401 ,0.01045 ,1387,0.03475 ,0.22560 ,0.47419 
13870000 ,1.76884 ,1.83923 ,0.01010 ,2.25376 ,2.25023 ,0.00564 ,2.87092 ,2.92266 ,0.02890 ,1388,0.04434 ,0.21484 ,0.48777 
13880000 ,1.76884 ,1.75079 ,0.01582 ,2.25376 ,2.27686 ,0.01243 ,2.87092 ,2.89865 ,0.03570 ,1389,0.03570 ,0.21088 ,0.48588 
13890000 ,1.76884 ,1.79074 ,0.00676 ,2.25927 ,2.20004 ,0.03050 ,2.87092 ,2.94567 ,0.04152 ,1390,0.03853 ,0.22580 ,0.49248 
13900000 ,1.76884 ,1.83101 ,0.01602 ,2.25927 ,2.27949 ,0.01086 ,2.87644 ,2.94630 ,0.03774 ,1391,0.04883 ,0.22311 ,0.49206 
13910000 ,1.76884 ,1.76573 ,0.03563 ,2.25927 ,2.23649 ,0.00840 ,2.87644 ,2.95128 ,0.00514 ,1392,0.03435 ,0.21684 ,0.49050 
13920000 ,1.77435 ,1.79214 ,0.01517 ,2.25927 ,2.25357 ,0.03765 ,2.87644 ,2.84903 ,0.02039 ,1393,0.04725 ,0.22601 ,0.50426 
13930000 ,1.77435 ,1.80045 ,0.02609 ,2.25927 ,2.29442 ,0.01719 ,2.87644 ,2.90987 ,0.02899 ,1394,0.04044 ,0.21283 ,0.50892 
13940000 ,1.77435 ,1.81059 ,0.02088 ,2.26478 ,2.22803 ,0.00310 ,2.87644 ,2.93949 ,0.02606 ,1395,0.03277 ,0.21139 ,0.51009 
13950000 ,1.77435 ,1.77796 ,0.01264 ,2.26478 ,2.25587 ,0.03086 ,2.88195 ,2.94432 ,0.00895 ,1396,0.05326 ,0.21460 ,0.50383 
13960000 ,1.77435 ,1.80480 ,0.01136 ,2.26478 ,2.26931 ,0.03009 ,2.88195 ,3.02588 ,0.01755 ,1397,0.03844 ,0.21355 ,0.52243 
13970000 ,1.77435 ,1.83628 ,0.01967 ,2.26478 ,2.27393 ,0.01667 ,2.88195 ,2.98811 ,0.02368 ,1398,0.03721 ,0.21283 ,0.51664 
13980000 ,1.77435 ,1.77250 ,0.03025 ,2.26478 ,2.26711 ,0.02431 ,2.88195 ,2.98191 ,0.04097 ,1399,0.04681 ,0.20665 ,0.53039 
13990000 ,1.77435 ,1.78261 ,0.01955 ,2.26478 ,2.27981 ,0.01861 ,2.88195 ,2.94701 ,0.01498 ,1400,0.04935 ,0.21774 ,0.52086 
14000000 ,1.77986 ,1.78263 ,0.01362 ,2.27029 ,2.26888 ,0.00653 ,2.88746 ,2.84683 ,0.02607 ,1401,0.04253 ,0.22858 ,0.52192 
14010000 ,1.77986 ,1.78377 ,0.00954 ,2.27029 ,2.25991 ,0.03156 ,2.88746 ,2.92044 ,0.03576 ,1402,0.03486 ,0.22589 ,0.50703 
14020000 ,1.77986 ,1.78579 ,0.02216 ,2.27029 ,2.24559 ,0.02637 ,2.88746 ,3.04517 ,0.02363 ,1403,0.05911 ,0.22455 ,0.51363 
14030000 ,1.77986 ,1.76847 ,0.02435 ,2.27029 ,2.27593 ,0.01584 ,2.88746 ,2.92537 ,0.03373 ,1404,0.06870 ,0.23171 ,0.51718 
14040000 ,1.77986 ,1.78976 ,0.00315 ,2.27029 ,2.27890 ,0.03009 ,2.88746 ,2.91106 ,0.00532 ,1405,0.04982 ,0.21756 ,0.48813 
14050000 ,1.77986 ,1.82645 ,0.00864 ,2.27029 ,2.27674 ,0.03579 ,2.89297 ,2.96988 ,0.00863 ,1406,0.04215 ,0.20038 ,0.50325 
14060000 ,1.77986 ,1.81888 ,0.01612 ,2.27580 ,2.26193 ,0.02053 ,2.89297 ,2.92901 ,0.03120 ,1407,0.05872 ,0.19894 ,0.47880 
14070000 ,1.77986 ,1.79121 ,0.01457 ,2.27580 ,2.29926 ,0.02684 ,2.89297 ,2.93745 ,0.03410 ,1408,0.03805 ,0.20086 ,0.49283 
14080000 ,1.78537 ,1.79277 ,0.01762 ,2.27580 ,2.25083 ,0.01840 ,2.89297 ,2.94966 ,0.01821 ,1409,0.05657 ,0.19634 ,0.49209 
14090000 ,1.78537 ,1.80509 ,0.02884 ,2.27580 ,2.35105 ,0.03727 ,2.89848 ,2.99728 ,0.04129 ,1410,0.03192 ,0.20616 ,0.49053 
14100000 ,1.78537 ,1.78362 ,0.02480 ,2.27580 ,2.31549 ,0.01741 ,2.89848 ,2.94424 ,0.01775 ,1411,0.03608 ,0.20754 ,0.50429 
14110000 ,1.78537 ,1.80437 ,0.01791 ,2.28131 ,2.35371 ,0.02238 ,2.89848 ,2.93409 ,0.03016 ,1412,0.02653 ,0.21051 ,0.51851 
14120000 ,1.78537 ,1.80930 ,0.01461 ,2.28131 ,2.22461 ,0.02501 ,2.89848 ,2.98712 ,0.03698 ,1413,0.02250 ,0.20907 ,0.51822 
14130000 ,1.79088 ,1.78817 ,0.02999 ,2.28131 ,2.34328 ,0.02591 ,2.89848 ,2.93423 ,0.01236 ,1414,0.02667 ,0.21228 ,0.51477 
14140000 ,1.79088 ,1.85272 ,0.00343 ,2.28131 ,2.29856 ,0.04073 ,2.90399 ,2.89968 ,0.01317 ,1415,0.00382 ,0.21073 ,0.50221 
14150000 ,1.79088 ,1.75993 ,0.02707 ,2.28131 ,2.33677 ,0.02817 ,2.90399 ,2.96852 ,0.02029 ,1416,0.00878 ,0.20621 ,0.51624 
14160000 ,1.79088 ,1.74721 ,0.01653 ,2.28682 ,2.27741 ,0.03895 ,2.90399 ,3.00104 ,0.00872 ,1417,0.02320 ,0.21841 ,0.50857 
14170000 ,1.79088 ,1.84869 ,0.03252 ,2.28682 ,2.26131 ,0.00808 ,2.90399 ,2.92105 ,0.00772 ,1418,0.02567 ,0.20296 ,0.52233 
14180000 ,1.79088 ,1.84111 ,0.01144 ,2.28682 ,2.30711 ,0.01516 ,2.90399 ,2.95661 ,0.01642 ,1419,0.01975 ,0.23159 ,0.51991 
14190000 ,1.79088 ,1.78538 ,0.03178 ,2.28682 ,2.29208 ,0.00666 ,2.90399 ,2.97193 ,0.02163 ,1420,0.02182 ,0.22481 ,0.52328 
14200000 ,1.79639 ,1.80622 ,0.02713 ,2.28682 ,2.27310 ,0.01932 ,2.90950 ,2.98931 ,0.02426 ,1421,0.02429 ,0.21003 ,0.52681 
14210000 ,1.79639 ,1.83543 ,0.03364 ,2.28682 ,2.29695 ,0.01613 ,2.90950 ,2.91397 ,0.03430 ,1422,0.01666 ,0.20551 ,0.53410 
14220000 ,1.79639 ,1.81531 ,0.01677 ,2.29233 ,2.28567 ,0.01969 ,2.90950 ,3.00523 ,0.01275 ,1423,0.03055 ,0.20363 ,0.53517 
14230000 ,1.79639 ,1.81137 ,0.00556 ,2.29233 ,2.23598 ,0.01949 ,2.91501 ,2.92938 ,0.03615 ,1424,0.01893 ,0.20291 ,0.47822 
14240000 ,1.79639 ,1.88187 ,0.01555 ,2.29233 ,2.33539 ,0.01390 ,2.91501 ,2.99192 ,0.02385 ,1425,0.02389 ,0.19673 ,0.49525 
14250000 ,1.79639 ,1.84247 ,0.02493 ,2.29233 ,2.26219 ,0.00900 ,2.91501 ,2.93273 ,0.05698 ,1426,0.01946 ,0.22597 ,0.49642 
14260000 ,1.79639 ,1.80905 ,0.01035 ,2.29233 ,2.28243 ,0.04422 ,2.91501 ,2.92785 ,0.01781 ,1427,0.03335 ,0.23513 ,0.49302 
14270000 ,1.80190 ,1.82592 ,0.02482 ,2.29233 ,2.33385 ,0.00124 ,2.91501 ,2.98079 ,0.00584 ,1428,0.02058 ,0.22531 ,0.50827 
14280000 ,1.80190 ,1.75506 ,0.04530 ,2.29784 ,2.34239 ,0.03613 ,2.92052 ,3.00202 ,0.03574 ,1429,0.03017 ,0.21480 ,0.51812 
14290000 ,1.80190 ,1.89207 ,0.00597 ,2.29784 ,2.28450 ,0.00503 ,2.92052 ,2.96894 ,0.00976 ,1430,0.02996 ,0.22523 ,0.47601 
14300000 ,1.80190 ,1.76624 ,0.00571 ,2.29784 ,2.31202 ,0.01169 ,2.92052 ,3.00217 ,0.01800 ,1431,0.03413 ,0.22661 ,0.48846 
14310000 ,1.80190 ,1.79684 ,0.02226 ,2.29784 ,2.30491 ,0.00627 ,2.92052 ,2.94989 ,0.00679 ,1432,0.02458 ,0.20589 ,0.48500 
14320000 ,1.80741 ,1.86722 ,0.02864 ,2.29784 ,2.31566 ,0.00759 ,2.92052 ,2.97725 ,0.01885 ,1433,0.01771 ,0.20193 ,0.49781 
14330000 ,1.80741 ,1.81694 ,0.00943 ,2.30335 ,2.33178 ,0.04448 ,2.92052 ,2.93215 ,0.05116 ,1434,0.03160 ,0.21685 ,0.50203 
14340000 ,1.80741 ,1.82772 ,0.02149 ,2.30335 ,2.31699 ,0.02923 ,2.92603 ,2.93147 ,0.00985 ,1435,0.04299 ,0.21416 ,0.50310 
14350000 ,1.80741 ,1.85874 ,0.02288 ,2.30335 ,2.23720 ,0.02515 ,2.92603 ,3.01293 ,0.03973 ,1436,0.02670 ,0.20789 ,0.51585 
14360000 ,1.80741 ,1.87294 ,0.02325 ,2.30335 ,2.26350 ,0.02185 ,2.92603 ,2.96509 ,0.02380 ,1437,0.02108 ,0.21706 ,0.50913 
14370000 ,1.80741 ,1.81668 ,0.01495 ,2.30335 ,2.31220 ,0.00605 ,2.92603 ,2.92151 ,0.01327 ,1438,0.04332 ,0.20992 ,0.51522 
14380000 ,1.80741 ,1.83567 ,0.04586 ,2.30886 ,2.31742 ,0.00962 ,2.93154 ,3.00386 ,0.05100 ,1439,0.03851 ,0.22076 ,0.51629 
14390000 ,1.80741 ,1.78673 ,0.01671 ,2.30886 ,2.30233 ,0.00291 ,2.93154 ,2.99391 ,0.01677 ,1440,0.05240 ,0.21807 ,0.51761 
14400000 ,1.80741 ,1.78180 ,0.00712 ,2.30886 ,2.30452 ,0.01656 ,2.93154 ,2.99108 ,0.02242 ,1441,0.02784 ,0.21673 ,0.52098 
14410000 ,1.81292 ,1.81652 ,0.02489 ,2.30886 ,2.29878 ,0.02473 ,2.93154 ,2.95675 ,0.02887 ,1442,0.02222 ,0.22389 ,0.50803 
14420000 ,1.81292 ,1.81846 ,0.04397 ,2.30886 ,2.29031 ,0.00679 ,2.93154 ,3.00146 ,0.00687 ,1443,0.03868 ,0.20974 ,0.48821 
14430000 ,1.81292 ,1.88238 ,0.01051 ,2.30886 ,2.36848 ,0.01883 ,2.93705 ,3.00117 ,0.02463 ,1444,0.02498 ,0.22497 ,0.49480 
14440000 ,1.81292 ,1.82004 ,0.02748 ,2.31437 ,2.30427 ,0.03902 ,2.93705 ,3.01166 ,0.03169 ,1445,0.00630 ,0.21818 ,0.49836 
14450000 ,1.81292 ,1.87559 ,0.02256 ,2.31437 ,2.27764 ,0.02901 ,2.93705 ,3.04450 ,0.00674 ,1446,0.01126 ,0.22809 ,0.50892 
14460000 ,1.81292 ,1.86916 ,0.00668 ,2.31437 ,2.32126 ,0.01159 ,2.93705 ,3.04897 ,0.01986 ,1447,0.04927 ,0.23726 ,0.51621 
14470000 ,1.81292 ,1.85544 ,0.02302 ,2.31437 ,2.28621 ,0.02081 ,2.93705 ,3.04696 ,0.01272 ,1448,0.03299 ,0.22743 ,0.51727 
14480000 ,1.81843 ,1.86032 ,0.02831 ,2.31437 ,2.31367 ,0.02513 ,2.94256 ,3.04696 ,0.02388 ,1449,0.02736 ,0.19660 ,0.51659 
14490000 ,1.81843 ,1.74437 ,0.03934 ,2.31437 ,2.34086 ,0.01974 ,2.94256 ,2.97789 ,0.01684 ,1450,0.04274 ,0.18956 ,0.49388 
14500000 ,1.81843 ,1.77977 ,0.01523 ,2.31988 ,2.28511 ,0.02112 ,2.94256 ,2.99589 ,0.01880 ,1451,0.04520 ,0.21836 ,0.50188 
14510000 ,1.81843 ,1.87371 ,0.00866 ,2.31988 ,2.32142 ,0.01232 ,2.94807 ,3.03028 ,0.03115 ,1452,0.03131 ,0.21440 ,0.49921 
14520000 ,1.82395 ,1.85844 ,0.01164 ,2.31988 ,2.32009 ,0.02275 ,2.94807 ,2.94750 ,0.02639 ,1453,0.02569 ,0.21411 ,0.50281 
14530000 ,1.82395 ,1.84578 ,0.01975 ,2.31988 ,2.34588 ,0.03376 ,2.94807 ,2.99385 ,0.01911 ,1454,0.02107 ,0.19971 ,0.49154 
14540000 ,1.82395 ,1.86770 ,0.03088 ,2.32539 ,2.30438 ,0.01218 ,2.94807 ,3.02572 ,0.03680 ,1455,0.01340 ,0.19827 ,0.51014 
14550000 ,1.82395 ,1.77909 ,0.00355 ,2.32539 ,2.31536 ,0.02203 ,2.94807 ,3.02807 ,0.00627 ,1456,0.02968 ,0.20019 ,0.50225 
14560000 ,1.82395 ,1.85421 ,0.01751 ,2.32539 ,2.31943 ,0.03334 ,2.94807 ,2.94940 ,0.01998 ,1457,0.03175 ,0.19567 ,0.52403 
14570000 ,1.82395 ,1.89300 ,0.03923 ,2.32539 ,2.28858 ,0.02180 ,2.95358 ,2.99908 ,0.00513 ,1458,0.03421 ,0.20549 ,0.50088 
14580000 ,1.82395 ,1.86610 ,0.02246 ,2.32539 ,2.29278 ,0.02659 ,2.95358 ,2.99301 ,0.01389 ,1459,0.03407 ,0.20687 ,0.51538 
14590000 ,1.82395 ,1.86294 ,0.01739 ,2.32539 ,2.28609 ,0.00702 ,2.95358 ,2.98523 ,0.02486 ,1460,0.03903 ,0.19826 ,0.48772 
14600000 ,1.82946 ,1.82413 ,0.02315 ,2.33090 ,2.31825 ,0.01159 ,2.95358 ,2.95690 ,0.01166 ,1461,0.03460 ,0.19683 ,0.50283 
14610000 ,1.82946 ,1.81669 ,0.00662 ,2.33090 ,2.30604 ,0.03541 ,2.95358 ,3.05081 ,0.02030 ,1462,0.04849 ,0.20429 ,0.47839 
14620000 ,1.82946 ,1.85527 ,0.01669 ,2.33090 ,2.36158 ,0.01753 ,2.95909 ,3.04509 ,0.02019 ,1463,0.03571 ,0.20357 ,0.49242 
14630000 ,1.82946 ,1.85985 ,0.03764 ,2.33090 ,2.28684 ,0.01814 ,2.95909 ,3.04963 ,0.03119 ,1464,0.04531 ,0.19292 ,0.49168 
14640000 ,1.82946 ,1.83600 ,0.01819 ,2.33090 ,2.29599 ,0.01781 ,2.95909 ,3.05952 ,0.01084 ,1465,0.05556 ,0.21849 ,0.49011 
14650000 ,1.82946 ,1.90735 ,0.03127 ,2.33090 ,2.29933 ,0.03199 ,2.96460 ,3.04411 ,0.01416 ,1466,0.05075 ,0.21397 ,0.50387 
14660000 ,1.82946 ,1.83061 ,0.03848 ,2.33641 ,2.37922 ,0.03152 ,2.96460 ,3.02920 ,0.01261 ,1467,0.06464 ,0.21991 ,0.51810 
14670000 ,1.82946 ,1.89019 ,0.03424 ,2.33641 ,2.30659 ,0.02450 ,2.96460 ,3.08062 ,0.06138 ,1468,0.04008 ,0.21919 ,0.51780 
14680000 ,1.82946 ,1.86585 ,0.01441 ,2.33641 ,2.34185 ,0.02254 ,2.96460 ,3.00213 ,0.01604 ,1469,0.03446 ,0.21451 ,0.51436 
14690000 ,1.83497 ,1.90158 ,0.02051 ,2.33641 ,2.30651 ,0.01928 ,2.96460 ,2.96875 ,0.02316 ,1470,0.05093 ,0.22367 ,0.50180 
14700000 ,1.83497 ,1.86983 ,0.02756 ,2.33641 ,2.31387 ,0.01705 ,2.96460 ,3.09309 ,0.01303 ,1471,0.05254 ,0.22911 ,0.51583 
14710000 ,1.83497 ,1.90692 ,0.04032 ,2.33641 ,2.33015 ,0.03028 ,2.97011 ,3.05785 ,0.02652 ,1472,0.05501 ,0.21498 ,0.50816 
14720000 ,1.83497 ,1.90364 ,0.02365 ,2.34192 ,2.30058 ,0.02144 ,2.97011 ,3.02985 ,0.04786 ,1473,0.04112 ,0.22105 ,0.52192 
14730000 ,1.83497 ,1.81705 ,0.01264 ,2.34192 ,2.33025 ,0.01766 ,2.97011 ,2.97450 ,0.02151 ,1474,0.03549 ,0.22446 ,0.51949 
14740000 ,1.84048 ,1.86370 ,0.02887 ,2.34192 ,2.37595 ,0.01826 ,2.97011 ,3.07826 ,0.01701 ,1475,0.03087 ,0.23362 ,0.52287 
14750000 ,1.84048 ,1.88847 ,0.00270 ,2.34192 ,2.35099 ,0.01487 ,2.97011 ,3.03950 ,0.01596 ,1476,0.02320 ,0.20607 ,0.52639 
14760000 ,1.84048 ,1.90655 ,0.01766 ,2.34192 ,2.32282 ,0.01440 ,2.97562 ,3.09231 ,0.05194 ,1477,0.04547 ,0.20535 ,0.53369 
14770000 ,1.84048 ,1.90642 ,0.01944 ,2.34743 ,2.38597 ,0.02693 ,2.97562 ,3.04991 ,0.05384 ,1478,0.05506 ,0.19470 ,0.53475 
14780000 ,1.84048 ,1.88523 ,0.03231 ,2.34743 ,2.30099 ,0.00272 ,2.97562 ,2.99159 ,0.03122 ,1479,0.04882 ,0.21249 ,0.47827 
14790000 ,1.84048 ,1.86548 ,0.02266 ,2.34743 ,2.34250 ,0.01377 ,2.97562 ,3.06234 ,0.02694 ,1480,0.01778 ,0.22185 ,0.48627 
14800000 ,1.84048 ,1.89291 ,0.02857 ,2.34743 ,2.35092 ,0.01721 ,2.98113 ,3.07550 ,0.00818 ,1481,0.03167 ,0.22894 ,0.48360 
14810000 ,1.84599 ,1.87490 ,0.02151 ,2.34743 ,2.33661 ,0.03463 ,2.98113 ,2.99664 ,0.01962 ,1482,0.02005 ,0.21781 ,0.48720 
14820000 ,1.84599 ,1.87819 ,0.01009 ,2.35295 ,2.35524 ,0.01531 ,2.98113 ,3.06566 ,0.01890 ,1483,0.02501 ,0.22388 ,0.49164 
14830000 ,1.84599 ,1.89949 ,0.01331 ,2.35295 ,2.40503 ,0.03228 ,2.98113 ,3.04897 ,0.01589 ,1484,0.02058 ,0.22606 ,0.49963 
14840000 ,1.84599 ,1.83844 ,0.01917 ,2.35295 ,2.33660 ,0.00835 ,2.98664 ,3.00386 ,0.02224 ,1485,0.03447 ,0.21119 ,0.50935 
14850000 ,1.84599 ,1.84031 ,0.00970 ,2.35295 ,2.37500 ,0.02780 ,2.98664 ,3.01977 ,0.01574 ,1486,0.02170 ,0.20667 ,0.50446 
14860000 ,1.84599 ,1.87619 ,0.02672 ,2.35295 ,2.42275 ,0.01715 ,2.98664 ,3.07352 ,0.04882 ,1487,0.03129 ,0.20479 ,0.52203 
14870000 ,1.84599 ,1.89429 ,0.00407 ,2.35295 ,2.34895 ,0.02484 ,2.98664 ,3.06964 ,0.01346 ,1488,0.01729 ,0.20407 ,0.50602 
14880000 ,1.84599 ,1.87722 ,0.00535 ,2.35846 ,2.40222 ,0.03118 ,2.98664 ,2.99469 ,0.02505 ,1489,0.02683 ,0.19789 ,0.51587 
14890000 ,1.85150 ,1.83770 ,0.00687 ,2.35846 ,2.32955 ,0.02300 ,2.98664 ,3.04440 ,0.02317 ,1490,0.02482 ,0.22713 ,0.49840 
14900000 ,1.85150 ,1.92386 ,0.02165 ,2.35846 ,2.39727 ,0.01827 ,2.98664 ,3.09909 ,0.00770 ,1491,0.03512 ,0.23629 ,0.47852 
14910000 ,1.85150 ,1.90885 ,0.00780 ,2.35846 ,2.35058 ,0.00930 ,2.99215 ,2.97354 ,0.03178 ,1492,0.04294 ,0.22646 ,0.49712 
14920000 ,1.85150 ,1.86842 ,0.01646 ,2.35846 ,2.40164 ,0.05546 ,2.99215 ,3.01054 ,0.02337 ,1493,0.02460 ,0.21336 ,0.48922 
14930000 ,1.85150 ,1.89313 ,0.03733 ,2.35846 ,2.35840 ,0.02586 ,2.99215 ,2.99246 ,0.02041 ,1494,0.03849 ,0.20940 ,0.50119 
14940000 ,1.85701 ,1.84749 ,0.00157 ,2.36397 ,2.39307 ,0.01963 ,2.99215 ,3.06487 ,0.01792 ,1495,0.03369 ,0.20911 ,0.47619 
14950000 ,1.85701 ,1.90834 ,0.04200 ,2.36397 ,2.37267 ,0.02211 ,2.99766 ,3.00438 ,0.00810 ,1496,0.03938 ,0.20452 ,0.49479 
14960000 ,1.85701 ,1.84904 ,0.04758 ,2.36397 ,2.35376 ,0.03156 ,2.99766 ,3.01790 ,0.03113 ,1497,0.03171 ,0.20462 ,0.49465 
14970000 ,1.85701 ,1.82971 ,0.00685 ,2.36397 ,2.37068 ,0.03179 ,2.99766 ,2.99471 ,0.01061 ,1498,0.03862 ,0.20942 ,0.50141 
14980000 ,1.85701 ,1.82458 ,0.01447 ,2.36397 ,2.37561 ,0.03680 ,2.99766 ,2.98876 ,0.03526 ,1499,0.04681 ,0.20615 ,0.50965 
14990000 ,1.85701 ,1.88277 ,0.01768 ,2.36948 ,2.34206 ,0.01656 ,2.99766 ,3.03177 ,0.02109 ,1500,0.03999 ,0.21651 ,0.52157 
15000000 ,1.85701 ,1.86829 ,0.01467 ,2.36948 ,2.36201 ,0.02017 ,3.00317 ,3.05855 ,0.02085 ,1501,0.03232 ,0.22275 ,0.52478 
15010000 ,1.86252 ,1.82092 ,0.00926 ,2.36948 ,2.36354 ,0.01948 ,3.00317 ,3.05286 ,0.02405 ,1502,0.02143 ,0.22384 ,0.52673 
15020000 ,1.86252 ,1.88226 ,0.02520 ,2.36948 ,2.37334 ,0.02597 ,3.00317 ,3.00481 ,0.02022 ,1503,0.02654 ,0.23419 ,0.50169 
15030000 ,1.86252 ,1.81590 ,0.02426 ,2.36948 ,2.35321 ,0.01738 ,3.00317 ,3.06936 ,0.03343 ,1504,0.03539 ,0.21742 ,0.49273 
15040000 ,1.86252 ,1.87200 ,0.00496 ,2.37499 ,2.33435 ,0.01539 ,3.00868 ,3.07891 ,0.01182 ,1505,0.05426 ,0.20329 ,0.50247 
15050000 ,1.86252 ,1.86519 ,0.02765 ,2.37499 ,2.36580 ,0.01477 ,3.00868 ,3.13860 ,0.02991 ,1506,0.03798 ,0.20935 ,0.51176 
15060000 ,1.86252 ,1.87809 ,0.01488 ,2.37499 ,2.43799 ,0.03005 ,3.00868 ,3.08578 ,0.04558 ,1507,0.04960 ,0.21276 ,0.51551 
15070000 ,1.86252 ,1.88946 ,0.03021 ,2.37499 ,2.41270 ,0.04538 ,3.00868 ,3.08421 ,0.02777 ,1508,0.05919 ,0.22193 ,0.52376 
15080000 ,1.86803 ,1.89713 ,0.02940 ,2.37499 ,2.35199 ,0.02324 ,3.01419 ,3.04197 ,0.01745 ,1509,0.04921 ,0.20654 ,0.48152 
15090000 ,1.86803 ,1.85398 ,0.02400 ,2.37499 ,2.34123 ,0.01993 ,3.01419 ,3.08366 ,0.01228 ,1510,0.03661 ,0.21261 ,0.48511 
15100000 ,1.86803 ,1.87125 ,0.01505 ,2.38050 ,2.34211 ,0.01352 ,3.01419 ,3.10296 ,0.03156 ,1511,0.03945 ,0.21479 ,0.50371 
15110000 ,1.86803 ,1.92024 ,0.02749 ,2.38050 ,2.39909 ,0.02132 ,3.01419 ,3.11804 ,0.00579 ,1512,0.04975 ,0.22135 ,0.49581 
15120000 ,1.86803 ,1.91316 ,0.02450 ,2.38050 ,2.41449 ,0.02956 ,3.01419 ,3.08302 ,0.02651 ,1513,0.03526 ,0.23052 ,0.50267 
15130000 ,1.86803 ,1.90577 ,0.02529 ,2.38050 ,2.32618 ,0.02342 ,3.01419 ,3.05966 ,0.00599 ,1514,0.04817 ,0.22069 ,0.50333 
15140000 ,1.87354 ,1.88351 ,0.02197 ,2.38050 ,2.37740 ,0.01626 ,3.01970 ,3.09168 ,0.02717 ,1515,0.04135 ,0.21312 ,0.50993 
15150000 ,1.87354 ,1.94131 ,0.02833 ,2.38050 ,2.44060 ,0.03505 ,3.01970 ,3.14363 ,0.01651 ,1516,0.03368 ,0.21081 ,0.52195 
15160000 ,1.87354 ,1.82494 ,0.02208 ,2.38601 ,2.31767 ,0.00314 ,3.01970 ,3.07505 ,0.02049 ,1517,0.05418 ,0.21176 ,0.48343 
15170000 ,1.87354 ,1.87824 ,0.02612 ,2.38601 ,2.39126 ,0.03018 ,3.01970 ,3.09496 ,0.03556 ,1518,0.02692 ,0.20780 ,0.49143 
15180000 ,1.87354 ,1.86465 ,0.03276 ,2.38601 ,2.40705 ,0.02459 ,3.01970 ,3.03523 ,0.03258 ,1519,0.03108 ,0.22021 ,0.47016 
15190000 ,1.87354 ,1.78831 ,0.01691 ,2.38601 ,2.34821 ,0.03817 ,3.02521 ,3.08341 ,0.02268 ,1520,0.02154 ,0.22148 ,0.48876 
15200000 ,1.87354 ,1.89790 ,0.01381 ,2.38601 ,2.37108 ,0.01714 ,3.02521 ,3.08311 ,0.03980 ,1521,0.01466 ,0.21918 ,0.48262 
15210000 ,1.87905 ,1.91802 ,0.03526 ,2.39152 ,2.38702 ,0.02953 ,3.02521 ,3.07106 ,0.02559 ,1522,0.02856 ,0.23460 ,0.49236 
15220000 ,1.87905 ,1.85586 ,0.02268 ,2.39152 ,2.36529 ,0.02535 ,3.03073 ,3.12109 ,0.02111 ,1523,0.03995 ,0.23191 ,0.49870 
15230000 ,1.87905 ,1.86814 ,0.05067 ,2.39152 ,2.40019 ,0.01855 ,3.03073 ,3.13382 ,0.04824 ,1524,0.02366 ,0.21511 ,0.50669 
15240000 ,1.87905 ,1.85315 ,0.01378 ,2.39152 ,2.40997 ,0.02721 ,3.03073 ,3.12187 ,0.03215 ,1525,0.01804 ,0.22118 ,0.50210 
15250000 ,1.87905 ,1.89964 ,0.01956 ,2.39152 ,2.41190 ,0.01859 ,3.03073 ,3.13693 ,0.00458 ,1526,0.04028 ,0.22870 ,0.51586 
15260000 ,1.87905 ,1.92012 ,0.04294 ,2.39703 ,2.35946 ,0.01764 ,3.03073 ,3.08528 ,0.03629 ,1527,0.03547 ,0.22601 ,0.50631 
15270000 ,1.87905 ,1.86422 ,0.01752 ,2.39703 ,2.35058 ,0.02063 ,3.03073 ,3.09253 ,0.03177 ,1528,0.04936 ,0.21974 ,0.51632 
15280000 ,1.88456 ,1.91244 ,0.00937 ,2.39703 ,2.39503 ,0.00916 ,3.03624 ,3.09051 ,0.00855 ,1529,0.02480 ,0.22891 ,0.50382 
15290000 ,1.88456 ,1.84289 ,0.00631 ,2.39703 ,2.37632 ,0.00941 ,3.03624 ,3.12526 ,0.03331 ,1530,0.01918 ,0.23860 ,0.52242 
15300000 ,1.88456 ,1.90741 ,0.02039 ,2.39703 ,2.45135 ,0.02429 ,3.03624 ,3.07830 ,0.02055 ,1531,0.03564 ,0.22447 ,0.51663 
15310000 ,1.88456 ,1.88635 ,0.01751 ,2.39703 ,2.46331 ,0.01348 ,3.03624 ,3.10632 ,0.01594 ,1532,0.01338 ,0.23054 ,0.53039 
15320000 ,1.88456 ,1.90912 ,0.02737 ,2.40254 ,2.41006 ,0.01550 ,3.03624 ,3.07628 ,0.03180 ,1533,0.02728 ,0.23394 ,0.52085 
15330000 ,1.88456 ,1.81434 ,0.03548 ,2.40254 ,2.42420 ,0.03305 ,3.04175 ,3.05309 ,0.02856 ,1534,0.02248 ,0.24311 ,0.52191 
15340000 ,1.89007 ,1.90129 ,0.00897 ,2.40254 ,2.33669 ,0.00874 ,3.04175 ,3.12683 ,0.02527 ,1535,0.02816 ,0.22204 ,0.50603 
15350000 ,1.89007 ,1.88167 ,0.03366 ,2.40254 ,2.40711 ,0.01717 ,3.04175 ,3.14231 ,0.00889 ,1536,0.02050 ,0.21973 ,0.51577 
15360000 ,1.89007 ,1.91706 ,0.02233 ,2.40254 ,2.43515 ,0.04664 ,3.04175 ,3.03296 ,0.00698 ,1537,0.02741 ,0.23515 ,0.51543 
15370000 ,1.89007 ,1.90760 ,0.02677 ,2.40805 ,2.42575 ,0.00944 ,3.04726 ,3.10111 ,0.02037 ,1538,0.03560 ,0.23246 ,0.52047 
15380000 ,1.89007 ,1.91209 ,0.04229 ,2.40805 ,2.38195 ,0.01047 ,3.04726 ,3.08845 ,0.04423 ,1539,0.02878 ,0.21566 ,0.52153 
15390000 ,1.89007 ,1.90183 ,0.02359 ,2.40805 ,2.42113 ,0.04064 ,3.04726 ,3.09590 ,0.00834 ,1540,0.02111 ,0.22173 ,0.47943 
15400000 ,1.89007 ,1.87114 ,0.03064 ,2.40805 ,2.36586 ,0.02621 ,3.04726 ,3.12359 ,0.00168 ,1541,0.02617 ,0.23352 ,0.49646 
15410000 ,1.89558 ,1.95389 ,0.01744 ,2.40805 ,2.48615 ,0.02858 ,3.04726 ,3.06899 ,0.02380 ,1542,0.03186 ,0.23083 ,0.49763 
15420000 ,1.89558 ,1.90478 ,0.02640 ,2.40805 ,2.43147 ,0.02998 ,3.05277 ,3.06035 ,0.03320 ,1543,0.02419 ,0.22950 ,0.49423 
15430000 ,1.89558 ,1.93687 ,0.01390 ,2.41356 ,2.41894 ,0.01948 ,3.05277 ,3.07501 ,0.02123 ,1544,0.04233 ,0.23666 ,0.50949 
15440000 ,1.89558 ,1.91197 ,0.01261 ,2.41356 ,2.39984 ,0.01340 ,3.05277 ,3.06255 ,0.02234 ,1545,0.03154 ,0.22735 ,0.51934 
15450000 ,1.89558 ,1.95887 ,0.02423 ,2.41356 ,2.41727 ,0.02796 ,3.05277 ,3.13843 ,0.01696 ,1546,0.03667 ,0.23342 ,0.47864 
15460000 ,1.89558 ,1.87594 ,0.02786 ,2.41356 ,2.36282 ,0.01937 ,3.05277 ,3.15024 ,0.00449 ,1547,0.04163 ,0.23560 ,0.49724 
15470000 ,1.89558 ,1.89237 ,0.02602 ,2.41356 ,2.42186 ,0.01027 ,3.05828 ,3.08042 ,0.06284 ,1548,0.03258 ,0.22246 ,0.48935 
15480000 ,1.89558 ,1.88608 ,0.02834 ,2.41907 ,2.40451 ,0.00843 ,3.05828 ,3.09610 ,0.04945 ,1549,0.00556 ,0.23289 ,0.48415 
15490000 ,1.90109 ,1.92374 ,0.01288 ,2.41907 ,2.41946 ,0.01993 ,3.05828 ,3.08261 ,0.02513 ,1550,0.01052 ,0.23427 ,0.49215 
15500000 ,1.90109 ,1.92539 ,0.01516 ,2.41907 ,2.38306 ,0.01675 ,3.05828 ,3.13380 ,0.02574 ,1551,0.01462 ,0.21355 ,0.48755 
15510000 ,1.90109 ,1.91753 ,0.01217 ,2.41907 ,2.41437 ,0.02235 ,3.06379 ,3.09702 ,0.03344 ,1552,0.03994 ,0.20959 ,0.50131 
15520000 ,1.90109 ,1.92352 ,0.02882 ,2.41907 ,2.41526 ,0.00787 ,3.06379 ,3.12733 ,0.02179 ,1553,0.02907 ,0.22451 ,0.49177 
15530000 ,1.90660 ,1.89342 ,0.03135 ,2.41907 ,2.45123 ,0.02895 ,3.06379 ,3.12303 ,0.02288 ,1554,0.03403 ,0.22182 ,0.50178 
15540000 ,1.90660 ,1.91994 ,0.01444 ,2.42458 ,2.39078 ,0.01956 ,3.06379 ,3.11599 ,0.01714 ,1555,0.02498 ,0.21555 ,0.47631 
15550000 ,1.90660 ,1.93664 ,0.04573 ,2.42458 ,2.40051 ,0.02877 ,3.06379 ,3.18075 ,0.01196 ,1556,0.04219 ,0.22472 ,0.49491 
15560000 ,1.90660 ,1.95299 ,0.02694 ,2.42458 ,2.44440 ,0.03757 ,3.06930 ,3.14941 ,0.01157 ,1557,0.03657 ,0.21758 ,0.49477 
15570000 ,1.90660 ,1.90827 ,0.03252 ,2.42458 ,2.41828 ,0.02476 ,3.06930 ,3.07452 ,0.02447 ,1558,0.04270 ,0.22841 ,0.51234 
15580000 ,1.90660 ,1.96278 ,0.02742 ,2.42458 ,2.38783 ,0.03186 ,3.06930 ,3.18805 ,0.02250 ,1559,0.03789 ,0.22572 ,0.50153 
15590000 ,1.90660 ,1.92585 ,0.01359 ,2.42458 ,2.45101 ,0.00450 ,3.06930 ,3.11376 ,0.03315 ,1560,0.05178 ,0.22439 ,0.50977 
15600000 ,1.91211 ,1.89047 ,0.02774 ,2.43009 ,2.40866 ,0.02441 ,3.06930 ,3.13824 ,0.01946 ,1561,0.02722 ,0.23155 ,0.50793 
15610000 ,1.91211 ,1.91818 ,0.03592 ,2.43009 ,2.41361 ,0.00327 ,3.07481 ,3.14977 ,0.01207 ,1562,0.02160 ,0.21740 ,0.52169 
15620000 ,1.91211 ,1.85215 ,0.02558 ,2.43009 ,2.35273 ,0.02348 ,3.07481 ,3.08761 ,0.03599 ,1563,0.03806 ,0.23263 ,0.52490 
15630000 ,1.91211 ,1.90225 ,0.01945 ,2.43009 ,2.46284 ,0.02749 ,3.07481 ,3.13643 ,0.02990 ,1564,0.03829 ,0.22584 ,0.50349 
15640000 ,1.91211 ,1.91526 ,0.02506 ,2.43560 ,2.46594 ,0.01037 ,3.07481 ,3.12921 ,0.01814 ,1565,0.05218 ,0.23574 ,0.51244 
15650000 ,1.91211 ,1.92811 ,0.02006 ,2.43560 ,2.50585 ,0.02448 ,3.08032 ,3.15742 ,0.02945 ,1566,0.01458 ,0.24491 ,0.52245 
15660000 ,1.91211 ,1.90793 ,0.01174 ,2.43560 ,2.40401 ,0.01138 ,3.08032 ,3.16145 ,0.03054 ,1567,0.05093 ,0.23508 ,0.51874 
15670000 ,1.91211 ,1.92552 ,0.00236 ,2.43560 ,2.46231 ,0.04409 ,3.08032 ,3.13466 ,0.01761 ,1568,0.04531 ,0.22544 ,0.52698 
15680000 ,1.91762 ,1.94005 ,0.01050 ,2.43560 ,2.41304 ,0.04525 ,3.08032 ,3.07531 ,0.00504 ,1569,0.05534 ,0.21131 ,0.52686 
15690000 ,1.91762 ,1.96579 ,0.04700 ,2.43560 ,2.42669 ,0.02910 ,3.08032 ,3.06322 ,0.01664 ,1570,0.05194 ,0.21738 ,0.49244 
15700000 ,1.91762 ,1.93163 ,0.00968 ,2.44111 ,2.44305 ,0.03423 ,3.08032 ,3.14004 ,0.02374 ,1571,0.03127 ,0.22078 ,0.49310 
15710000 ,1.91762 ,1.92285 ,0.03144 ,2.44111 ,2.38807 ,0.00396 ,3.08583 ,3.10138 ,0.00457 ,1572,0.01169 ,0.22995 ,0.49969 
15720000 ,1.91762 ,2.01433 ,0.00563 ,2.44111 ,2.44504 ,0.04111 ,3.08583 ,3.09246 ,0.01268 ,1573,0.01400 ,0.21457 ,0.48886 
15730000 ,1.91762 ,1.93407 ,0.01796 ,2.44111 ,2.48144 ,0.02057 ,3.08583 ,3.19496 ,0.00977 ,1574,0.01896 ,0.22063 ,0.50746 
15740000 ,1.91762 ,1.98731 ,0.00806 ,2.44111 ,2.42499 ,0.02277 ,3.08583 ,3.14186 ,0.01915 ,1575,0.02306 ,0.22281 ,0.50167 
15750000 ,1.92313 ,2.01174 ,0.02476 ,2.44111 ,2.41638 ,0.02673 ,3.08583 ,3.20192 ,0.01173 ,1576,0.03231 ,0.22937 ,0.51543 
15760000 ,1.92313 ,1.94001 ,0.03954 ,2.44662 ,2.47019 ,0.02337 ,3.09134 ,3.05648 ,0.00406 ,1577,0.01759 ,0.23854 ,0.50589 
15770000 ,1.92313 ,2.00200 ,0.00581 ,2.44662 ,2.43282 ,0.01725 ,3.09134 ,3.15068 ,0.02873 ,1578,0.02789 ,0.22871 ,0.50696 
15780000 ,1.92313 ,1.98657 ,0.00834 ,2.44662 ,2.41317 ,0.02002 ,3.09134 ,3.10713 ,0.02685 ,1579,0.03046 ,0.19031 ,0.48339 
15790000 ,1.92313 ,1.96336 ,0.01322 ,2.44662 ,2.43045 ,0.02681 ,3.09685 ,3.18094 ,0.01453 ,1580,0.02733 ,0.18904 ,0.49865 
15800000 ,1.92313 ,1.90199 ,0.01722 ,2.44662 ,2.45162 ,0.02913 ,3.09685 ,3.24470 ,0.00204 ,1581,0.02386 ,0.18761 ,0.50850 
15810000 ,1.92864 ,1.93920 ,0.00824 ,2.44662 ,2.48050 ,0.02624 ,3.09685 ,3.13809 ,0.03776 ,1582,0.02633 ,0.19037 ,0.50255 
15820000 ,1.92864 ,1.97349 ,0.00765 ,2.45213 ,2.54229 ,0.00907 ,3.09685 ,3.17938 ,0.01031 ,1583,0.05162 ,0.20302 ,0.51631 
15830000 ,1.92864 ,1.95805 ,0.04834 ,2.45213 ,2.50203 ,0.03589 ,3.09685 ,3.13367 ,0.04859 ,1584,0.01240 ,0.19994 ,0.51952 
15840000 ,1.92864 ,1.97325 ,0.00673 ,2.45213 ,2.39322 ,0.01440 ,3.10236 ,3.21326 ,0.01923 ,1585,0.01751 ,0.19598 ,0.50137 
15850000 ,1.92864 ,1.93545 ,0.02629 ,2.45213 ,2.48351 ,0.03947 ,3.10236 ,3.20913 ,0.00980 ,1586,0.02635 ,0.18656 ,0.50797 
15860000 ,1.92864 ,1.98949 ,0.00875 ,2.45213 ,2.40814 ,0.01194 ,3.10236 ,3.13086 ,0.01963 ,1587,0.04522 ,0.20900 ,0.51688 
15870000 ,1.92864 ,1.88006 ,0.01727 ,2.45764 ,2.48870 ,0.00987 ,3.10236 ,3.09693 ,0.02299 ,1588,0.00854 ,0.20760 ,0.52673 
15880000 ,1.93415 ,1.97628 ,0.03087 ,2.45764 ,2.46728 ,0.03019 ,3.10236 ,3.15287 ,0.02281 ,1589,0.01350 ,0.19580 ,0.52448 
15890000 ,1.93415 ,1.94034 ,0.02340 ,2.45764 ,2.47984 ,0.00406 ,3.10236 ,3.14423 ,0.02911 ,1590,0.01760 ,0.21444 ,0.53274 
15900000 ,1.93415 ,1.95713 ,0.02118 ,2.45764 ,2.48504 ,0.03967 ,3.10787 ,3.20493 ,0.02098 ,1591,0.04291 ,0.22086 ,0.52148 
15910000 ,1.93415 ,1.93391 ,0.03214 ,2.46316 ,2.47649 ,0.04390 ,3.10787 ,3.12142 ,0.01638 ,1592,0.03205 ,0.20084 ,0.52255 
15920000 ,1.93415 ,1.94878 ,0.00752 ,2.46316 ,2.47746 ,0.02621 ,3.10787 ,3.22359 ,0.02227 ,1593,0.03701 ,0.19944 ,0.52832 
15930000 ,1.93967 ,1.91307 ,0.00855 ,2.46316 ,2.42932 ,0.01223 ,3.10787 ,3.21117 ,0.00857 ,1594,0.02796 ,0.18715 ,0.51290 
15940000 ,1.93967 ,1.97758 ,0.04176 ,2.46316 ,2.47789 ,0.01866 ,3.11338 ,3.13268 ,0.01555 ,1595,0.04517 ,0.18571 ,0.49220 
15950000 ,1.93967 ,1.98888 ,0.02857 ,2.46316 ,2.40538 ,0.02120 ,3.11338 ,3.18692 ,0.01036 ,1596,0.03955 ,0.20187 ,0.50194 
15960000 ,1.93967 ,1.93651 ,0.02091 ,2.46316 ,2.46203 ,0.01696 ,3.11338 ,3.18628 ,0.01611 ,1597,0.04804 ,0.20044 ,0.50159 
15970000 ,1.93967 ,1.98681 ,0.00725 ,2.46316 ,2.44843 ,0.01448 ,3.11338 ,3.15373 ,0.00997 ,1598,0.05543 ,0.19905 ,0.50663 
15980000 ,1.93967 ,1.93534 ,0.03247 ,2.46867 ,2.44850 ,0.00579 ,3.11338 ,3.17771 ,0.01481 ,1599,0.06573 ,0.19765 ,0.50770 
15990000 ,1.93967 ,1.94914 ,0.01020 ,2.46867 ,2.48736 ,0.04562 ,3.11889 ,3.21955 ,0.04365 ,1600,0.04935 ,0.18730 ,0.50239 
16000000 ,1.93967 ,1.97309 ,0.02433 ,2.46867 ,2.52509 ,0.02440 ,3.11889 ,3.20029 ,0.02158 ,1601,0.03987 ,0.18279 ,0.51135 
16010000 ,1.94518 ,2.00673 ,0.01910 ,2.46867 ,2.43300 ,0.03009 ,3.11889 ,3.20366 ,0.03499 ,1602,0.04074 ,0.18585 ,0.51764 
16020000 ,1.94518 ,1.98644 ,0.02406 ,2.46867 ,2.44510 ,0.03855 ,3.11889 ,3.14582 ,0.00275 ,1603,0.04321 ,0.18189 ,0.52588 
16030000 ,1.94518 ,1.96532 ,0.00615 ,2.46867 ,2.45652 ,0.01662 ,3.11889 ,3.18238 ,0.00798 ,1604,0.02932 ,0.21923 ,0.52576 
16040000 ,1.94518 ,1.98157 ,0.01039 ,2.47417 ,2.44652 ,0.01386 ,3.12440 ,3.18620 ,0.01036 ,1605,0.02370 ,0.21472 ,0.52493 
16050000 ,1.94518 ,1.98784 ,0.00967 ,2.47417 ,2.45734 ,0.04658 ,3.12440 ,3.20413 ,0.03189 ,1606,0.01908 ,0.21365 ,0.52599 
16060000 ,1.94518 ,1.96118 ,0.00618 ,2.47417 ,2.41549 ,0.03418 ,3.12440 ,3.21732 ,0.02249 ,1607,0.01141 ,0.20969 ,0.53177 
16070000 ,1.94518 ,2.01344 ,0.02623 ,2.47417 ,2.51203 ,0.02591 ,3.12440 ,3.11148 ,0.02129 ,1608,0.05122 ,0.22377 ,0.51380 
16080000 ,1.94518 ,1.94745 ,0.02873 ,2.47417 ,2.45963 ,0.04037 ,3.12991 ,3.11121 ,0.01870 ,1609,0.04560 ,0.21220 ,0.51601 
16090000 ,1.95069 ,1.98648 ,0.01554 ,2.47968 ,2.45325 ,0.01338 ,3.12991 ,3.12252 ,0.00987 ,1610,0.03246 ,0.21111 ,0.51879 
16100000 ,1.95069 ,1.96256 ,0.02241 ,2.47968 ,2.48243 ,0.02717 ,3.12991 ,3.18078 ,0.00287 ,1611,0.03452 ,0.20715 ,0.53331 
16110000 ,1.95069 ,1.95017 ,0.01122 ,2.47968 ,2.48157 ,0.00274 ,3.12991 ,3.22705 ,0.02266 ,1612,0.03699 ,0.23059 ,0.49777 
16120000 ,1.95069 ,1.97387 ,0.01806 ,2.47968 ,2.51105 ,0.01859 ,3.12991 ,3.18706 ,0.02199 ,1613,0.03685 ,0.19220 ,0.49197 
16130000 ,1.95620 ,1.97627 ,0.01781 ,2.47968 ,2.58267 ,0.02652 ,3.13542 ,3.13293 ,0.02188 ,1614,0.04181 ,0.19093 ,0.50171 
16140000 ,1.95620 ,1.94792 ,0.00769 ,2.48519 ,2.50887 ,0.04693 ,3.13542 ,3.22104 ,0.01638 ,1615,0.03738 ,0.18950 ,0.48897 
16150000 ,1.95620 ,2.01704 ,0.04238 ,2.48519 ,2.46560 ,0.01843 ,3.13542 ,3.20357 ,0.02060 ,1616,0.05127 ,0.19226 ,0.49620 
16160000 ,1.95620 ,1.91115 ,0.02937 ,2.48519 ,2.54619 ,0.03966 ,3.13542 ,3.23530 ,0.02075 ,1617,0.03849 ,0.20491 ,0.51024 
16170000 ,1.95620 ,2.02780 ,0.00868 ,2.48519 ,2.56120 ,0.01635 ,3.13542 ,3.20764 ,0.03481 ,1618,0.04808 ,0.20183 ,0.50814 
16180000 ,1.95620 ,1.97597 ,0.02676 ,2.48519 ,2.46697 ,0.01193 ,3.14094 ,3.20502 ,0.00699 ,1619,0.05834 ,0.19787 ,0.50143 
16190000 ,1.95620 ,1.99406 ,0.01159 ,2.49070 ,2.45395 ,0.02394 ,3.14094 ,3.19116 ,0.02203 ,1620,0.05353 ,0.19982 ,0.51460 
16200000 ,1.95620 ,1.99299 ,0.02538 ,2.49070 ,2.52234 ,0.04503 ,3.14094 ,3.19251 ,0.01028 ,1621,0.06742 ,0.19842 ,0.50514 
16210000 ,1.96171 ,1.98288 ,0.01017 ,2.49070 ,2.45678 ,0.01670 ,3.14094 ,3.17597 ,0.02798 ,1622,0.04286 ,0.18613 ,0.51917 
16220000 ,1.96171 ,1.96055 ,0.01481 ,2.49070 ,2.56549 ,0.02705 ,3.14645 ,3.26236 ,0.01580 ,1623,0.03724 ,0.18469 ,0.52183 
16230000 ,1.96171 ,1.98770 ,0.01245 ,2.49070 ,2.45968 ,0.01696 ,3.14645 ,3.21192 ,0.03468 ,1624,0.05371 ,0.20085 ,0.53185 
16240000 ,1.96171 ,1.91092 ,0.01768 ,2.49070 ,2.53642 ,0.01787 ,3.14645 ,3.22421 ,0.01847 ,1625,0.05532 ,0.19942 ,0.51787 
16250000 ,1.96171 ,1.98872 ,0.01685 ,2.49621 ,2.47170 ,0.02577 ,3.14645 ,3.24276 ,0.02527 ,1626,0.05778 ,0.18524 ,0.50624 
16260000 ,1.96171 ,1.99713 ,0.00254 ,2.49621 ,2.46967 ,0.01508 ,3.14645 ,3.22875 ,0.00715 ,1627,0.04389 ,0.18617 ,0.51598 
16270000 ,1.96171 ,1.99942 ,0.00342 ,2.49621 ,2.44746 ,0.01257 ,3.15196 ,3.28532 ,0.03349 ,1628,0.03827 ,0.19550 ,0.51563 
16280000 ,1.96171 ,1.97882 ,0.01759 ,2.49621 ,2.47553 ,0.01431 ,3.15196 ,3.21632 ,0.01623 ,1629,0.03365 ,0.17959 ,0.52067 
16290000 ,1.96722 ,1.98237 ,0.02843 ,2.49621 ,2.56886 ,0.01934 ,3.15196 ,3.19634 ,0.02101 ,1630,0.02598 ,0.20931 ,0.52174 
16300000 ,1.96722 ,1.90971 ,0.03360 ,2.50173 ,2.48376 ,0.02102 ,3.15196 ,3.13890 ,0.00941 ,1631,0.04825 ,0.20667 ,0.52987 
16310000 ,1.96722 ,1.99315 ,0.03622 ,2.50173 ,2.47297 ,0.00283 ,3.15196 ,3.22110 ,0.01388 ,1632,0.05784 ,0.21509 ,0.52931 
16320000 ,1.96722 ,1.90479 ,0.00329 ,2.50173 ,2.54757 ,0.02752 ,3.15196 ,3.20315 ,0.02250 ,1633,0.05159 ,0.17862 ,0.50604 
16330000 ,1.96722 ,2.02073 ,0.04415 ,2.50173 ,2.48373 ,0.00244 ,3.15747 ,3.18446 ,0.01810 ,1634,0.02606 ,0.17718 ,0.49467 
16340000 ,1.97273 ,2.01945 ,0.03130 ,2.50173 ,2.50028 ,0.03101 ,3.15747 ,3.25360 ,0.02933 ,1635,0.03103 ,0.17994 ,0.50870 
16350000 ,1.97273 ,2.06104 ,0.01471 ,2.50724 ,2.51535 ,0.04125 ,3.15747 ,3.27276 ,0.01522 ,1636,0.02660 ,0.21206 ,0.50661 
16360000 ,1.97273 ,2.05133 ,0.01458 ,2.50724 ,2.56898 ,0.02676 ,3.16298 ,3.16526 ,0.00703 ,1637,0.04049 ,0.21188 ,0.49643 
16370000 ,1.97273 ,1.95049 ,0.01647 ,2.50724 ,2.48163 ,0.02235 ,3.16298 ,3.21907 ,0.01231 ,1638,0.02771 ,0.19548 ,0.51503 
16380000 ,1.97273 ,2.05374 ,0.00612 ,2.50724 ,2.51865 ,0.01302 ,3.16298 ,3.19274 ,0.01174 ,1639,0.03730 ,0.19241 ,0.50924 
16390000 ,1.97273 ,1.96663 ,0.01902 ,2.50724 ,2.49441 ,0.01649 ,3.16298 ,3.15934 ,0.04238 ,1640,0.04184 ,0.18845 ,0.52300 
16400000 ,1.97273 ,1.92898 ,0.01089 ,2.50724 ,2.53831 ,0.02271 ,3.16298 ,3.18433 ,0.01589 ,1641,0.05573 ,0.19532 ,0.51346 
16410000 ,1.97824 ,1.91211 ,0.01885 ,2.51275 ,2.59236 ,0.03385 ,3.16298 ,3.22308 ,0.02679 ,1642,0.01813 ,0.19389 ,0.51453 
16420000 ,1.97824 ,1.95810 ,0.03226 ,2.51275 ,2.51456 ,0.03465 ,3.16849 ,3.19623 ,0.04138 ,1643,0.04113 ,0.20562 ,0.49413 
16430000 ,1.97824 ,2.06141 ,0.04215 ,2.51275 ,2.51658 ,0.01466 ,3.16849 ,3.21468 ,0.04117 ,1644,0.03346 ,0.20297 ,0.50817 
16440000 ,1.97824 ,2.02545 ,0.01903 ,2.51275 ,2.47422 ,0.01688 ,3.16849 ,3.25386 ,0.01363 ,1645,0.02936 ,0.20732 ,0.50050 
16450000 ,1.97824 ,1.99434 ,0.01308 ,2.51275 ,2.45540 ,0.01804 ,3.16849 ,3.26987 ,0.01797 ,1646,0.05134 ,0.20660 ,0.51426 
16460000 ,1.97824 ,1.95573 ,0.02815 ,2.51275 ,2.50277 ,0.01147 ,3.16849 ,3.23591 ,0.01029 ,1647,0.04653 ,0.20043 ,0.51183 
16470000 ,1.97824 ,2.00468 ,0.02317 ,2.51826 ,2.42656 ,0.01648 ,3.17400 ,3.19765 ,0.03259 ,1648,0.06042 ,0.21619 ,0.51520 
16480000 ,1.98375 ,2.02716 ,0.02746 ,2.51826 ,2.53053 ,0.03180 ,3.17400 ,3.30540 ,0.00990 ,1649,0.03586 ,0.21223 ,0.52728 
16490000 ,1.98375 ,2.00331 ,0.01622 ,2.51826 ,2.44979 ,0.00866 ,3.17400 ,3.13913 ,0.01698 ,1650,0.03024 ,0.21233 ,0.50401 
16500000 ,1.98375 ,2.00028 ,0.01917 ,2.51826 ,2.54910 ,0.04782 ,3.17951 ,3.16122 ,0.02220 ,1651,0.04670 ,0.21386 ,0.50678 
16510000 ,1.98375 ,2.01865 ,0.01927 ,2.51826 ,2.53697 ,0.04812 ,3.17951 ,3.19803 ,0.03284 ,1652,0.04693 ,0.19936 ,0.50994 
16520000 ,1.98375 ,2.01767 ,0.03015 ,2.52377 ,2.54877 ,0.03336 ,3.17951 ,3.21520 ,0.01146 ,1653,0.06082 ,0.20793 ,0.50048 
16530000 ,1.98375 ,2.00664 ,0.01711 ,2.52377 ,2.51560 ,0.01931 ,3.17951 ,3.17951 ,0.01156 ,1654,0.02322 ,0.20774 ,0.51451 
16540000 ,1.98926 ,1.97242 ,0.02057 ,2.52377 ,2.47778 ,0.02230 ,3.17951 ,3.22808 ,0.03508 ,1655,0.05957 ,0.20827 ,0.51717 
16550000 ,1.98926 ,1.98102 ,0.02475 ,2.52377 ,2.50098 ,0.03666 ,3.17951 ,3.28124 ,0.00402 ,1656,0.05395 ,0.18430 ,0.52719 
16560000 ,1.98926 ,2.03358 ,0.02834 ,2.52377 ,2.45981 ,0.02447 ,3.18502 ,3.23151 ,0.00241 ,1657,0.06398 ,0.18286 ,0.51321 
16570000 ,1.98926 ,1.94696 ,0.02812 ,2.52377 ,2.51475 ,0.00779 ,3.18502 ,3.19665 ,0.04291 ,1658,0.06058 ,0.18562 ,0.48917 
16580000 ,1.98926 ,2.02139 ,0.01647 ,2.52928 ,2.54739 ,0.03466 ,3.18502 ,3.25314 ,0.03825 ,1659,0.03991 ,0.23021 ,0.50320 
16590000 ,1.98926 ,2.03475 ,0.01713 ,2.52928 ,2.55241 ,0.02065 ,3.18502 ,3.22780 ,0.03871 ,1660,0.05126 ,0.22359 ,0.49553 
16600000 ,1.99477 ,2.05599 ,0.02697 ,2.52928 ,2.55148 ,0.02621 ,3.18502 ,3.27558 ,0.00423 ,1661,0.05373 ,0.19352 ,0.50929 
16610000 ,1.99477 ,2.01685 ,0.00553 ,2.52928 ,2.49648 ,0.01274 ,3.19053 ,3.21987 ,0.01786 ,1662,0.03984 ,0.22773 ,0.50686 
16620000 ,1.99477 ,2.01482 ,0.03903 ,2.52928 ,2.53252 ,0.04864 ,3.19053 ,3.27224 ,0.02462 ,1663,0.03422 ,0.20020 ,0.51024 
16630000 ,1.99477 ,2.02586 ,0.03708 ,2.53479 ,2.52644 ,0.03803 ,3.19053 ,3.20320 ,0.01361 ,1664,0.02960 ,0.19713 ,0.53367 
16640000 ,1.99477 ,1.96728 ,0.01221 ,2.53479 ,2.55879 ,0.02362 ,3.19053 ,3.25949 ,0.01312 ,1665,0.02193 ,0.19317 ,0.51506 
16650000 ,1.99477 ,2.04247 ,0.03545 ,2.53479 ,2.49259 ,0.01747 ,3.19604 ,3.23795 ,0.02529 ,1666,0.06174 ,0.20004 ,0.52401 
16660000 ,1.99477 ,2.05622 ,0.00418 ,2.53479 ,2.56822 ,0.01432 ,3.19604 ,3.28273 ,0.01774 ,1667,0.05612 ,0.19861 ,0.53402 
16670000 ,2.00028 ,2.04172 ,0.01244 ,2.53479 ,2.57820 ,0.02376 ,3.19604 ,3.21398 ,0.03958 ,1668,0.05033 ,0.21034 ,0.53031 
16680000 ,2.00028 ,2.04120 ,0.02122 ,2.53479 ,2.56670 ,0.03271 ,3.19604 ,3.23192 ,0.01039 ,1669,0.05992 ,0.20769 ,0.53855 
16690000 ,2.00028 ,2.02747 ,0.01924 ,2.54030 ,2.53827 ,0.02273 ,3.19604 ,3.25096 ,0.01392 ,1670,0.05367 ,0.21204 ,0.53843 
16700000 ,2.00028 ,2.06339 ,0.01515 ,2.54030 ,2.49950 ,0.01875 ,3.20155 ,3.29219 ,0.01847 ,1671,0.05944 ,0.21132 ,0.52880 
16710000 ,2.00028 ,2.08596 ,0.02748 ,2.54030 ,2.52229 ,0.02580 ,3.20155 ,3.24708 ,0.01450 ,1672,0.06904 ,0.20515 ,0.53377 
16720000 ,2.00028 ,2.04328 ,0.00561 ,2.54030 ,2.51962 ,0.03317 ,3.20155 ,3.30475 ,0.03819 ,1673,0.05016 ,0.22091 ,0.53714 
16730000 ,2.00579 ,2.06428 ,0.03058 ,2.54030 ,2.56191 ,0.02939 ,3.20155 ,3.21404 ,0.01820 ,1674,0.04249 ,0.21695 ,0.52545 
16740000 ,2.00579 ,2.01938 ,0.00893 ,2.54581 ,2.57412 ,0.02195 ,3.20155 ,3.28454 ,0.01977 ,1675,0.05906 ,0.21705 ,0.50474 
16750000 ,2.00579 ,1.99714 ,0.05593 ,2.54581 ,2.52454 ,0.01518 ,3.20706 ,3.29620 ,0.02092 ,1676,0.03838 ,0.21858 ,0.51448 
16760000 ,2.00579 ,2.03201 ,0.01882 ,2.54581 ,2.50533 ,0.02386 ,3.20706 ,3.32066 ,0.02746 ,1677,0.07221 ,0.20848 ,0.51414 
16770000 ,2.00579 ,1.99274 ,0.03455 ,2.54581 ,2.54868 ,0.01917 ,3.20706 ,3.24153 ,0.04057 ,1678,0.06881 ,0.21603 ,0.51918 
16780000 ,2.00579 ,2.05054 ,0.02990 ,2.54581 ,2.56271 ,0.04189 ,3.20706 ,3.21571 ,0.03971 ,1679,0.04814 ,0.21007 ,0.52025 
16790000 ,2.00579 ,1.98164 ,0.04033 ,2.55132 ,2.57114 ,0.01944 ,3.21257 ,3.25426 ,0.02564 ,1680,0.01517 ,0.22569 ,0.51494 
16800000 ,2.00579 ,2.00445 ,0.01688 ,2.55132 ,2.55715 ,0.01506 ,3.21257 ,3.29425 ,0.01397 ,1681,0.01304 ,0.23612 ,0.52389 
16810000 ,2.01130 ,2.06897 ,0.03811 ,2.55132 ,2.52302 ,0.02511 ,3.21257 ,3.22007 ,0.05344 ,1682,0.01800 ,0.23750 ,0.53019 
16820000 ,2.01130 ,1.97470 ,0.04218 ,2.55132 ,2.53011 ,0.01934 ,3.21257 ,3.23190 ,0.02072 ,1683,0.01909 ,0.21883 ,0.53843 
16830000 ,2.01130 ,2.07327 ,0.04699 ,2.55132 ,2.56146 ,0.02364 ,3.21257 ,3.19740 ,0.02131 ,1684,0.02013 ,0.21774 ,0.53831 
16840000 ,2.01130 ,1.95592 ,0.01469 ,2.55132 ,2.56295 ,0.03582 ,3.21808 ,3.19378 ,0.03417 ,1685,0.02653 ,0.21378 ,0.53747 
16850000 ,2.01130 ,2.04706 ,0.01250 ,2.55683 ,2.46811 ,0.02319 ,3.21808 ,3.27770 ,0.02375 ,1686,0.02843 ,0.23722 ,0.53854 
16860000 ,2.01130 ,2.04439 ,0.02066 ,2.55683 ,2.56845 ,0.02829 ,3.21808 ,3.24725 ,0.01387 ,1687,0.03802 ,0.21412 ,0.54431 
16870000 ,2.01681 ,1.97104 ,0.02171 ,2.55683 ,2.55618 ,0.03451 ,3.21808 ,3.23678 ,0.00908 ,1688,0.01317 ,0.22269 ,0.52585 
16880000 ,2.01681 ,2.09960 ,0.03309 ,2.55683 ,2.52737 ,0.01838 ,3.21808 ,3.25571 ,0.02890 ,1689,0.01367 ,0.22251 ,0.51913 
16890000 ,2.01681 ,2.06377 ,0.02012 ,2.55683 ,2.54039 ,0.01199 ,3.22359 ,3.31913 ,0.06342 ,1690,0.02746 ,0.23124 ,0.52529 
16900000 ,2.01681 ,2.05357 ,0.01027 ,2.55683 ,2.58459 ,0.03790 ,3.22359 ,3.22756 ,0.01136 ,1691,0.02623 ,0.22406 ,0.52464 
16910000 ,2.01681 ,2.06762 ,0.00867 ,2.56234 ,2.50656 ,0.01222 ,3.22359 ,3.26260 ,0.03056 ,1692,0.03582 ,0.22914 ,0.51793 
16920000 ,2.02232 ,2.05853 ,0.01331 ,2.56234 ,2.59910 ,0.03504 ,3.22359 ,3.25609 ,0.01339 ,1693,0.01946 ,0.21641 ,0.52401 
16930000 ,2.02232 ,2.04404 ,0.03010 ,2.56234 ,2.53676 ,0.03345 ,3.22910 ,3.28665 ,0.00947 ,1694,0.01996 ,0.23085 ,0.52508 
16940000 ,2.02232 ,2.07466 ,0.02823 ,2.56234 ,2.54134 ,0.01314 ,3.22910 ,3.24178 ,0.04454 ,1695,0.03991 ,0.22127 ,0.52640 
16950000 ,2.02232 ,2.04633 ,0.01351 ,2.56234 ,2.55002 ,0.01339 ,3.22910 ,3.32419 ,0.03875 ,1696,0.04487 ,0.21196 ,0.52977 
16960000 ,2.02232 ,2.08594 ,0.02705 ,2.56785 ,2.51762 ,0.02203 ,3.22910 ,3.29281 ,0.03335 ,1697,0.03308 ,0.21885 ,0.53102 
16970000 ,2.02232 ,2.01868 ,0.05145 ,2.56785 ,2.53074 ,0.03539 ,3.22910 ,3.21175 ,0.02253 ,1698,0.03358 ,0.22365 ,0.53937 
16980000 ,2.02232 ,2.05407 ,0.02588 ,2.56785 ,2.62044 ,0.00877 ,3.23461 ,3.26823 ,0.00365 ,1699,0.03676 ,0.22741 ,0.50576 
16990000 ,2.02232 ,2.08141 ,0.00572 ,2.56785 ,2.59156 ,0.00597 ,3.23461 ,3.28702 ,0.01853 ,1700,0.02910 ,0.23103 ,0.49701 
17000000 ,2.02783 ,2.05948 ,0.03106 ,2.56785 ,2.57926 ,0.01566 ,3.23461 ,3.31186 ,0.02103 ,1701,0.03077 ,0.22038 ,0.50500 
17010000 ,2.02783 ,2.03447 ,0.03293 ,2.57336 ,2.54848 ,0.00963 ,3.23461 ,3.28055 ,0.01614 ,1702,0.02803 ,0.21312 ,0.49828 
17020000 ,2.02783 ,2.06902 ,0.00893 ,2.57336 ,2.55290 ,0.01664 ,3.23461 ,3.29309 ,0.01995 ,1703,0.02681 ,0.22001 ,0.50495 
17030000 ,2.02783 ,2.05790 ,0.01462 ,2.57336 ,2.55855 ,0.00930 ,3.23461 ,3.31957 ,0.01190 ,1704,0.03640 ,0.22481 ,0.48513 
17040000 ,2.02783 ,2.06763 ,0.03205 ,2.57336 ,2.53091 ,0.01755 ,3.24012 ,3.22408 ,0.00790 ,1705,0.01629 ,0.22857 ,0.49173 
17050000 ,2.02783 ,2.03214 ,0.01869 ,2.57336 ,2.56191 ,0.00875 ,3.24012 ,3.26245 ,0.02063 ,1706,0.01416 ,0.23219 ,0.49528 
17060000 ,2.02783 ,2.10789 ,0.03457 ,2.57336 ,2.65174 ,0.03209 ,3.24012 ,3.34842 ,0.00645 ,1707,0.01912 ,0.21190 ,0.50584 
17070000 ,2.02783 ,2.08182 ,0.01714 ,2.57887 ,2.51913 ,0.01033 ,3.24012 ,3.23652 ,0.00908 ,1708,0.02021 ,0.21425 ,0.51313 
17080000 ,2.03334 ,2.11152 ,0.03515 ,2.57887 ,2.56876 ,0.02140 ,3.24563 ,3.29949 ,0.01683 ,1709,0.02385 ,0.21905 ,0.51420 
17090000 ,2.03334 ,2.04369 ,0.01788 ,2.57887 ,2.58012 ,0.04502 ,3.24563 ,3.32372 ,0.04125 ,1710,0.02172 ,0.22281 ,0.49824 
17100000 ,2.03334 ,2.02896 ,0.03743 ,2.57887 ,2.58537 ,0.03418 ,3.24563 ,3.30406 ,0.03163 ,1711,0.02668 ,0.22643 ,0.50623 
17110000 ,2.03334 ,2.05730 ,0.01354 ,2.57887 ,2.54925 ,0.02052 ,3.24563 ,3.35846 ,0.00425 ,1712,0.02136 ,0.19625 ,0.49951 
17120000 ,2.03334 ,2.10473 ,0.02723 ,2.57887 ,2.58911 ,0.03199 ,3.25114 ,3.21492 ,0.00845 ,1713,0.03619 ,0.19380 ,0.50487 
17130000 ,2.03885 ,2.01534 ,0.04044 ,2.58438 ,2.53604 ,0.01606 ,3.25114 ,3.33270 ,0.02101 ,1714,0.02623 ,0.19575 ,0.51217 
17140000 ,2.03885 ,2.03767 ,0.05812 ,2.58438 ,2.61111 ,0.03118 ,3.25114 ,3.35457 ,0.03589 ,1715,0.02673 ,0.19345 ,0.51323 
17150000 ,2.03885 ,2.00047 ,0.01939 ,2.58438 ,2.56772 ,0.01748 ,3.25114 ,3.25161 ,0.01440 ,1716,0.04198 ,0.21081 ,0.51598 
17160000 ,2.03885 ,2.04071 ,0.01706 ,2.58438 ,2.60989 ,0.03681 ,3.25114 ,3.31859 ,0.02321 ,1717,0.04046 ,0.18529 ,0.50927 
17170000 ,2.03885 ,2.07343 ,0.02343 ,2.58438 ,2.58958 ,0.01881 ,3.25114 ,3.37395 ,0.01310 ,1718,0.04542 ,0.18625 ,0.51535 
17180000 ,2.03885 ,2.06563 ,0.00852 ,2.58989 ,2.58470 ,0.03075 ,3.25665 ,3.30263 ,0.01656 ,1719,0.03363 ,0.18173 ,0.51642 
17190000 ,2.03885 ,2.09032 ,0.00526 ,2.58989 ,2.54675 ,0.02165 ,3.25665 ,3.32547 ,0.03304 ,1720,0.03413 ,0.18084 ,0.51774 
17200000 ,2.04436 ,2.07485 ,0.02812 ,2.58989 ,2.56518 ,0.03983 ,3.25665 ,3.30212 ,0.01288 ,1721,0.03732 ,0.21354 ,0.52111 
17210000 ,2.04436 ,2.10060 ,0.01795 ,2.58989 ,2.59889 ,0.00830 ,3.26216 ,3.24500 ,0.00550 ,1722,0.02965 ,0.21085 ,0.51316 
17220000 ,2.04436 ,2.06719 ,0.01611 ,2.58989 ,2.66671 ,0.02467 ,3.26216 ,3.28883 ,0.01498 ,1723,0.03505 ,0.19961 ,0.49099 
17230000 ,2.04436 ,2.12237 ,0.01085 ,2.59540 ,2.62051 ,0.02188 ,3.26216 ,3.25229 ,0.03360 ,1724,0.04535 ,0.21917 ,0.50344 
17240000 ,2.04436 ,1.99666 ,0.02971 ,2.59540 ,2.56008 ,0.01447 ,3.26216 ,3.26766 ,0.02523 ,1725,0.03086 ,0.21521 ,0.52466 
17250000 ,2.04436 ,2.04854 ,0.00518 ,2.59540 ,2.58968 ,0.01803 ,3.26216 ,3.31063 ,0.00434 ,1726,0.02702 ,0.21492 ,0.52744 
17260000 ,2.04436 ,2.09475 ,0.00734 ,2.59540 ,2.57080 ,0.04100 ,3.26216 ,3.37366 ,0.01593 ,1727,0.03412 ,0.19626 ,0.47307 
17270000 ,2.04987 ,2.09218 ,0.03578 ,2.59540 ,2.59506 ,0.01821 ,3.26767 ,3.30750 ,0.01713 ,1728,0.02416 ,0.19482 ,0.48106 
17280000 ,2.04987 ,2.09076 ,0.03606 ,2.59540 ,2.66109 ,0.01246 ,3.26767 ,3.30263 ,0.00420 ,1729,0.02466 ,0.19674 ,0.47606 
17290000 ,2.04987 ,2.08926 ,0.02124 ,2.60091 ,2.61800 ,0.02657 ,3.26767 ,3.34800 ,0.05547 ,1730,0.04166 ,0.19222 ,0.47960 
17300000 ,2.04987 ,2.09430 ,0.02125 ,2.60091 ,2.62118 ,0.03975 ,3.26767 ,3.34534 ,0.00475 ,1731,0.05555 ,0.20342 ,0.48747 
17310000 ,2.04987 ,2.07951 ,0.00400 ,2.60091 ,2.60692 ,0.02716 ,3.26767 ,3.32578 ,0.01984 ,1732,0.01795 ,0.21355 ,0.50145 
17320000 ,2.05538 ,2.09951 ,0.01554 ,2.60091 ,2.57763 ,0.02850 ,3.27318 ,3.39645 ,0.06175 ,1733,0.04843 ,0.21086 ,0.50271 
17330000 ,2.05538 ,2.08389 ,0.01176 ,2.60091 ,2.59353 ,0.02982 ,3.27318 ,3.29941 ,0.02677 ,1734,0.05473 ,0.19962 ,0.51463 
17340000 ,2.05538 ,2.07839 ,0.02178 ,2.60091 ,2.57990 ,0.04270 ,3.27318 ,3.38630 ,0.03725 ,1735,0.02524 ,0.21520 ,0.49535 
17350000 ,2.05538 ,2.10972 ,0.03017 ,2.60642 ,2.61122 ,0.03537 ,3.27318 ,3.36215 ,0.01224 ,1736,0.03020 ,0.21290 ,0.48522 
17360000 ,2.05538 ,2.05543 ,0.01668 ,2.60642 ,2.64416 ,0.00424 ,3.27869 ,3.27296 ,0.00528 ,1737,0.02577 ,0.22832 ,0.49186 
17370000 ,2.05538 ,2.09705 ,0.00450 ,2.60642 ,2.57444 ,0.02657 ,3.27869 ,3.31250 ,0.02144 ,1738,0.03966 ,0.22563 ,0.50049 
17380000 ,2.05538 ,2.11095 ,0.00992 ,2.60642 ,2.59011 ,0.00601 ,3.27869 ,3.36277 ,0.00420 ,1739,0.02689 ,0.20883 ,0.50792 
17390000 ,2.06089 ,2.07473 ,0.03342 ,2.60642 ,2.66094 ,0.03338 ,3.27869 ,3.33960 ,0.03089 ,1740,0.03648 ,0.21490 ,0.51584 
17400000 ,2.06089 ,2.08373 ,0.03031 ,2.61193 ,2.57550 ,0.01849 ,3.27869 ,3.34123 ,0.03779 ,1741,0.04102 ,0.22292 ,0.48167 
17410000 ,2.06089 ,2.05189 ,0.00932 ,2.61193 ,2.63295 ,0.02701 ,3.28420 ,3.37910 ,0.04404 ,1742,0.05491 ,0.21351 ,0.51763 
17420000 ,2.06089 ,2.09637 ,0.02345 ,2.61193 ,2.63332 ,0.04431 ,3.28420 ,3.40891 ,0.05471 ,1743,0.01731 ,0.19539 ,0.48061 
17430000 ,2.06089 ,2.06820 ,0.03863 ,2.61193 ,2.62948 ,0.01890 ,3.28420 ,3.33310 ,0.02597 ,1744,0.04031 ,0.21497 ,0.49307 
17440000 ,2.06089 ,2.10339 ,0.01893 ,2.61745 ,2.61528 ,0.02421 ,3.28420 ,3.40275 ,0.03095 ,1745,0.03264 ,0.21101 ,0.51429 
17450000 ,2.06089 ,2.13181 ,0.01564 ,2.61745 ,2.60154 ,0.03760 ,3.28420 ,3.30083 ,0.01409 ,1746,0.02854 ,0.21072 ,0.51706 
17460000 ,2.06640 ,2.02686 ,0.03044 ,2.61745 ,2.59649 ,0.02645 ,3.28972 ,3.32452 ,0.00102 ,1747,0.01709 ,0.22010 ,0.48576 
17470000 ,2.06640 ,2.10617 ,0.03292 ,2.61745 ,2.67627 ,0.02565 ,3.28972 ,3.35388 ,0.00433 ,1748,0.02349 ,0.21069 ,0.48285 
17480000 ,2.06640 ,2.08175 ,0.01066 ,2.61745 ,2.63592 ,0.00524 ,3.28972 ,3.34897 ,0.00388 ,1749,0.02539 ,0.20053 ,0.47643 
17490000 ,2.06640 ,2.14739 ,0.01524 ,2.61745 ,2.59421 ,0.03153 ,3.28972 ,3.36077 ,0.00427 ,1750,0.03498 ,0.20987 ,0.49046 
17500000 ,2.06640 ,2.09998 ,0.01229 ,2.62296 ,2.61204 ,0.01794 ,3.29523 ,3.30365 ,0.03424 ,1751,0.01013 ,0.19395 ,0.48949 
17510000 ,2.07191 ,2.08981 ,0.00978 ,2.62296 ,2.59023 ,0.02536 ,3.29523 ,3.35335 ,0.01191 ,1752,0.01063 ,0.21746 ,0.48891 
17520000 ,2.07191 ,2.10861 ,0.00436 ,2.62296 ,2.65717 ,0.02278 ,3.29523 ,3.33539 ,0.02302 ,1753,0.02441 ,0.22116 ,0.50693 
17530000 ,2.07191 ,2.10905 ,0.01304 ,2.62296 ,2.62751 ,0.02734 ,3.29523 ,3.36732 ,0.00870 ,1754,0.02319 ,0.21430 ,0.50236 
17540000 ,2.07191 ,2.12129 ,0.02979 ,2.62296 ,2.58165 ,0.00905 ,3.29523 ,3.37698 ,0.03705 ,1755,0.03278 ,0.21165 ,0.50338 
17550000 ,2.07191 ,2.15257 ,0.01115 ,2.62296 ,2.66089 ,0.01335 ,3.29523 ,3.36351 ,0.01452 ,1756,0.01581 ,0.21645 ,0.49822 
17560000 ,2.07191 ,2.12317 ,0.02154 ,2.62847 ,2.57050 ,0.01148 ,3.30074 ,3.34788 ,0.03167 ,1757,0.02290 ,0.21292 ,0.50622 
17570000 ,2.07191 ,2.08324 ,0.00524 ,2.62847 ,2.61291 ,0.04073 ,3.30074 ,3.39129 ,0.01319 ,1758,0.01295 ,0.21061 ,0.50162 
17580000 ,2.07191 ,2.11586 ,0.00482 ,2.62847 ,2.65441 ,0.02658 ,3.30074 ,3.37399 ,0.04263 ,1759,0.01345 ,0.21161 ,0.50584 
17590000 ,2.07742 ,2.08461 ,0.01686 ,2.62847 ,2.69567 ,0.02012 ,3.30074 ,3.34639 ,0.00939 ,1760,0.03044 ,0.21670 ,0.51585 
17600000 ,2.07742 ,2.04874 ,0.01983 ,2.62847 ,2.59344 ,0.03422 ,3.30074 ,3.35477 ,0.01933 ,1761,0.04433 ,0.22386 ,0.51483 
17610000 ,2.07742 ,2.11973 ,0.02255 ,2.63398 ,2.64846 ,0.01208 ,3.30625 ,3.33205 ,0.01152 ,1762,0.00674 ,0.21473 ,0.50537 
17620000 ,2.07742 ,2.10291 ,0.03710 ,2.63398 ,2.63740 ,0.00718 ,3.30625 ,3.35442 ,0.00317 ,1763,0.02502 ,0.21269 ,0.51940 
17630000 ,2.07742 ,2.08666 ,0.02982 ,2.63398 ,2.62485 ,0.02627 ,3.30625 ,3.33474 ,0.03637 ,1764,0.02692 ,0.19951 ,0.52206 
17640000 ,2.07742 ,2.05568 ,0.03704 ,2.63398 ,2.64955 ,0.01997 ,3.31176 ,3.37096 ,0.03995 ,1765,0.03651 ,0.20885 ,0.53208 
17650000 ,2.07742 ,2.10168 ,0.01980 ,2.63398 ,2.62108 ,0.02189 ,3.31176 ,3.31928 ,0.02146 ,1766,0.05090 ,0.19293 ,0.51810 
17660000 ,2.08293 ,2.12048 ,0.03641 ,2.63398 ,2.68635 ,0.02250 ,3.31176 ,3.34211 ,0.00822 ,1767,0.03984 ,0.21644 ,0.51862 
17670000 ,2.08293 ,2.15982 ,0.02459 ,2.63949 ,2.68587 ,0.02673 ,3.31176 ,3.41163 ,0.03945 ,1768,0.05183 ,0.19180 ,0.48481 
17680000 ,2.08293 ,2.08213 ,0.01064 ,2.63949 ,2.61616 ,0.02041 ,3.31176 ,3.34993 ,0.00509 ,1769,0.05430 ,0.20178 ,0.49144 
17690000 ,2.08293 ,2.11998 ,0.01857 ,2.63949 ,2.64919 ,0.02817 ,3.31727 ,3.29689 ,0.01409 ,1770,0.03773 ,0.18733 ,0.50008 
17700000 ,2.08293 ,2.10374 ,0.01395 ,2.63949 ,2.62932 ,0.03366 ,3.31727 ,3.38849 ,0.01522 ,1771,0.03577 ,0.21946 ,0.50751 
17710000 ,2.08845 ,2.13849 ,0.00447 ,2.63949 ,2.66213 ,0.01517 ,3.31727 ,3.40535 ,0.01474 ,1772,0.01948 ,0.20394 ,0.51542 
17720000 ,2.08845 ,2.12073 ,0.01956 ,2.64500 ,2.62475 ,0.01197 ,3.31727 ,3.37688 ,0.00957 ,1773,0.01386 ,0.22973 ,0.46500 
17730000 ,2.08845 ,2.08949 ,0.04113 ,2.64500 ,2.61072 ,0.03369 ,3.31727 ,3.37425 ,0.04450 ,1774,0.03379 ,0.23423 ,0.47746 
17740000 ,2.08845 ,2.09612 ,0.00966 ,2.64500 ,2.59722 ,0.01324 ,3.32278 ,3.38697 ,0.04246 ,1775,0.03429 ,0.22486 ,0.47738 
17750000 ,2.08845 ,2.09850 ,0.02754 ,2.64500 ,2.64135 ,0.03209 ,3.32278 ,3.39289 ,0.03070 ,1776,0.01989 ,0.21782 ,0.49540 
17760000 ,2.08845 ,2.08415 ,0.01281 ,2.64500 ,2.67085 ,0.01661 ,3.32278 ,3.39861 ,0.00728 ,1777,0.01871 ,0.22526 ,0.47726 
17770000 ,2.08845 ,2.10527 ,0.02278 ,2.64500 ,2.70463 ,0.02285 ,3.32278 ,3.35081 ,0.01437 ,1778,0.02650 ,0.22284 ,0.49083 
17780000 ,2.09396 ,2.08233 ,0.02337 ,2.65051 ,2.62679 ,0.02899 ,3.32278 ,3.36052 ,0.00722 ,1779,0.02897 ,0.19140 ,0.49185 
17790000 ,2.09396 ,2.07517 ,0.02497 ,2.65051 ,2.66243 ,0.03052 ,3.32829 ,3.38009 ,0.04308 ,1780,0.01392 ,0.20074 ,0.48513 
17800000 ,2.09396 ,2.12836 ,0.03767 ,2.65051 ,2.57765 ,0.02990 ,3.32829 ,3.36515 ,0.01195 ,1781,0.02825 ,0.18483 ,0.48269 
17810000 ,2.09396 ,2.12101 ,0.01730 ,2.65051 ,2.63318 ,0.01013 ,3.32829 ,3.41037 ,0.01132 ,1782,0.02875 ,0.21009 ,0.50071 
17820000 ,2.09396 ,2.09802 ,0.00933 ,2.65051 ,2.70615 ,0.02055 ,3.32829 ,3.35111 ,0.02161 ,1783,0.05329 ,0.20869 ,0.49012 
17830000 ,2.09396 ,2.17308 ,0.04632 ,2.65602 ,2.58642 ,0.02538 ,3.33380 ,3.37644 ,0.03363 ,1784,0.05576 ,0.18996 ,0.50042 
17840000 ,2.09396 ,2.08386 ,0.02669 ,2.65602 ,2.67835 ,0.03439 ,3.33380 ,3.40418 ,0.01962 ,1785,0.03919 ,0.19929 ,0.49697 
17850000 ,2.09396 ,2.10120 ,0.03394 ,2.65602 ,2.66681 ,0.01364 ,3.33380 ,3.47906 ,0.01000 ,1786,0.02745 ,0.19727 ,0.49803 
17860000 ,2.09947 ,2.12297 ,0.01958 ,2.65602 ,2.58490 ,0.02652 ,3.33380 ,3.34889 ,0.03023 ,1787,0.02316 ,0.20724 ,0.49409 
17870000 ,2.09947 ,2.09208 ,0.01621 ,2.65602 ,2.70174 ,0.02576 ,3.33380 ,3.37874 ,0.00950 ,1788,0.00448 ,0.20837 ,0.50766 
17880000 ,2.09947 ,2.12425 ,0.00650 ,2.66153 ,2.59168 ,0.03389 ,3.33931 ,3.36001 ,0.02768 ,1789,0.00944 ,0.21286 ,0.49905 
17890000 ,2.09947 ,2.04011 ,0.02452 ,2.66153 ,2.66195 ,0.02276 ,3.33931 ,3.40699 ,0.00497 ,1790,0.04746 ,0.19254 ,0.51341 
17900000 ,2.10498 ,2.14909 ,0.01352 ,2.66153 ,2.68113 ,0.02640 ,3.33931 ,3.34959 ,0.01579 ,1791,0.03117 ,0.19734 ,0.51679 
17910000 ,2.10498 ,2.08192 ,0.02004 ,2.66153 ,2.69364 ,0.01247 ,3.33931 ,3.42938 ,0.00852 ,1792,0.02555 ,0.19285 ,0.47980 
17920000 ,2.10498 ,2.09556 ,0.02899 ,2.66153 ,2.67595 ,0.02137 ,3.34482 ,3.38647 ,0.01592 ,1793,0.04092 ,0.20202 ,0.49826 
17930000 ,2.10498 ,2.15292 ,0.03077 ,2.66153 ,2.68376 ,0.01467 ,3.34482 ,3.43710 ,0.00399 ,1794,0.04339 ,0.21300 ,0.51583 
17940000 ,2.10498 ,2.12533 ,0.01293 ,2.66704 ,2.65135 ,0.00102 ,3.34482 ,3.39300 ,0.02451 ,1795,0.02950 ,0.20848 ,0.50502 
17950000 ,2.10498 ,2.11052 ,0.02357 ,2.66704 ,2.61627 ,0.03302 ,3.34482 ,3.35265 ,0.01475 ,1796,0.02388 ,0.22068 ,0.51326 
17960000 ,2.10498 ,2.05834 ,0.01531 ,2.66704 ,2.67646 ,0.01508 ,3.34482 ,3.41671 ,0.03574 ,1797,0.01925 ,0.22517 ,0.49843 
17970000 ,2.11049 ,2.10297 ,0.02441 ,2.66704 ,2.71063 ,0.03502 ,3.34482 ,3.48739 ,0.02388 ,1798,0.01158 ,0.20523 ,0.50817 
17980000 ,2.11049 ,2.14447 ,0.01936 ,2.66704 ,2.66320 ,0.02176 ,3.35033 ,3.36260 ,0.01165 ,1799,0.03940 ,0.21559 ,0.51746 
17990000 ,2.11049 ,2.10551 ,0.00806 ,2.67255 ,2.65054 ,0.03758 ,3.35033 ,3.38914 ,0.00656 ,1800,0.04570 ,0.21941 ,0.52732 
18000000 ,2.11049 ,2.13938 ,0.02824 ,2.67255 ,2.63458 ,0.02913 ,3.35033 ,3.39875 ,0.02367 ,1801,0.03875 ,0.22650 ,0.52122 
18010000 ,2.11049 ,2.12788 ,0.01663 ,2.67255 ,2.66275 ,0.01997 ,3.35033 ,3.38282 ,0.02788 ,1802,0.02246 ,0.22208 ,0.52946 
18020000 ,2.11049 ,2.15747 ,0.01327 ,2.67255 ,2.67768 ,0.01316 ,3.35033 ,3.39391 ,0.01174 ,1803,0.01684 ,0.22505 ,0.51882 
18030000 ,2.11049 ,2.06231 ,0.01889 ,2.67255 ,2.69229 ,0.01973 ,3.35584 ,3.51871 ,0.03388 ,1804,0.03677 ,0.23422 ,0.51818 
18040000 ,2.11049 ,2.13254 ,0.01667 ,2.67806 ,2.69257 ,0.01865 ,3.35584 ,3.37940 ,0.04764 ,1805,0.03727 ,0.22604 ,0.52394 
18050000 ,2.11600 ,2.14920 ,0.00809 ,2.67806 ,2.65261 ,0.02293 ,3.35584 ,3.45115 ,0.03066 ,1806,0.02286 ,0.23053 ,0.48403 
18060000 ,2.11600 ,2.10651 ,0.00524 ,2.67806 ,2.66043 ,0.00925 ,3.36135 ,3.49990 ,0.01354 ,1807,0.02169 ,0.22117 ,0.49203 
18070000 ,2.11600 ,2.12208 ,0.01383 ,2.67806 ,2.71324 ,0.02183 ,3.36135 ,3.36454 ,0.01682 ,1808,0.03416 ,0.22463 ,0.48743 
18080000 ,2.11600 ,2.16344 ,0.04220 ,2.67806 ,2.67829 ,0.01363 ,3.36135 ,3.47230 ,0.02215 ,1809,0.01944 ,0.21504 ,0.49164 
18090000 ,2.11600 ,2.15516 ,0.01762 ,2.68357 ,2.68087 ,0.01393 ,3.36135 ,3.36511 ,0.00738 ,1810,0.02974 ,0.23369 ,0.50166 
18100000 ,2.12151 ,2.07339 ,0.01116 ,2.68357 ,2.64152 ,0.01261 ,3.36135 ,3.36980 ,0.00497 ,1811,0.03776 ,0.22561 ,0.51221 
18110000 ,2.12151 ,2.17089 ,0.00875 ,2.68357 ,2.67638 ,0.01401 ,3.36135 ,3.42577 ,0.00525 ,1812,0.04273 ,0.23596 ,0.50781 
18120000 ,2.12151 ,2.14189 ,0.02192 ,2.68357 ,2.64931 ,0.01727 ,3.36686 ,3.38565 ,0.02315 ,1813,0.03093 ,0.20951 ,0.50336 
18130000 ,2.12151 ,2.16189 ,0.02829 ,2.68357 ,2.72785 ,0.04385 ,3.36686 ,3.47151 ,0.03478 ,1814,0.03143 ,0.21528 ,0.51232 
18140000 ,2.12151 ,2.15234 ,0.01694 ,2.68357 ,2.69397 ,0.02689 ,3.36686 ,3.38957 ,0.04350 ,1815,0.03462 ,0.22236 ,0.52233 
18150000 ,2.12151 ,2.10797 ,0.03244 ,2.68908 ,2.65567 ,0.03168 ,3.36686 ,3.43222 ,0.01488 ,1816,0.02695 ,0.23319 ,0.51862 
18160000 ,2.12151 ,2.08359 ,0.01434 ,2.68908 ,2.74467 ,0.04521 ,3.36686 ,3.42056 ,0.03358 ,1817,0.02966 ,0.22510 ,0.52686 
18170000 ,2.12702 ,2.04518 ,0.03286 ,2.68908 ,2.68720 ,0.01050 ,3.37237 ,3.35842 ,0.01735 ,1818,0.04249 ,0.23546 ,0.49195 
18180000 ,2.12702 ,2.17539 ,0.02086 ,2.68908 ,2.68659 ,0.04248 ,3.37237 ,3.43504 ,0.03489 ,1819,0.04299 ,0.21075 ,0.49472 
18190000 ,2.12702 ,2.18063 ,0.02196 ,2.68908 ,2.69229 ,0.04000 ,3.37237 ,3.42868 ,0.01320 ,1820,0.02859 ,0.21601 ,0.49789 
18200000 ,2.12702 ,2.10181 ,0.02475 ,2.68908 ,2.74098 ,0.02016 ,3.37237 ,3.39632 ,0.01256 ,1821,0.04858 ,0.21790 ,0.48842 
18210000 ,2.12702 ,2.14363 ,0.01697 ,2.69459 ,2.69100 ,0.02771 ,3.37788 ,3.42074 ,0.02533 ,1822,0.05190 ,0.22087 ,0.50246 
18220000 ,2.12702 ,2.16967 ,0.02137 ,2.69459 ,2.66593 ,0.01974 ,3.37788 ,3.51026 ,0.02064 ,1823,0.04424 ,0.23004 ,0.50512 
18230000 ,2.13253 ,2.13666 ,0.04030 ,2.69459 ,2.68822 ,0.01990 ,3.37788 ,3.45493 ,0.01616 ,1824,0.03937 ,0.19723 ,0.51513 
18240000 ,2.13253 ,2.19802 ,0.02621 ,2.69459 ,2.67277 ,0.01790 ,3.37788 ,3.39041 ,0.02110 ,1825,0.02774 ,0.19819 ,0.50115 
18250000 ,2.13253 ,2.13457 ,0.00354 ,2.69459 ,2.70670 ,0.00496 ,3.37788 ,3.45895 ,0.02059 ,1826,0.05323 ,0.19367 ,0.47711 
18260000 ,2.13253 ,2.19513 ,0.02068 ,2.70010 ,2.70411 ,0.01221 ,3.38339 ,3.41877 ,0.02241 ,1827,0.04556 ,0.19278 ,0.49114 
18270000 ,2.13253 ,2.16322 ,0.01758 ,2.70010 ,2.66612 ,0.03980 ,3.38339 ,3.38439 ,0.03360 ,1828,0.04070 ,0.22548 ,0.48347 
18280000 ,2.13253 ,2.19825 ,0.02637 ,2.70010 ,2.62927 ,0.03397 ,3.38339 ,3.40724 ,0.01796 ,1829,0.03977 ,0.22279 ,0.49723 
18290000 ,2.13804 ,2.15581 ,0.02039 ,2.70010 ,2.68400 ,0.03163 ,3.38339 ,3.41316 ,0.02659 ,1830,0.04224 ,0.21156 ,0.49481 
18300000 ,2.13804 ,2.17247 ,0.02145 ,2.70010 ,2.68467 ,0.01251 ,3.38339 ,3.33391 ,0.02203 ,1831,0.02719 ,0.23111 ,0.49818 
18310000 ,2.13804 ,2.15938 ,0.03101 ,2.70561 ,2.67234 ,0.02144 ,3.38890 ,3.48140 ,0.02547 ,1832,0.04081 ,0.22715 ,0.52161 
18320000 ,2.13804 ,2.15261 ,0.01526 ,2.70561 ,2.69241 ,0.02477 ,3.38890 ,3.46192 ,0.00905 ,1833,0.04137 ,0.22686 ,0.50300 
18330000 ,2.13804 ,2.10107 ,0.01517 ,2.70561 ,2.66273 ,0.00308 ,3.38890 ,3.47348 ,0.02268 ,1834,0.04633 ,0.19612 ,0.51195 
18340000 ,2.13804 ,2.16462 ,0.04973 ,2.70561 ,2.70577 ,0.02038 ,3.38890 ,3.51858 ,0.01666 ,1835,0.03454 ,0.19704 ,0.52197 
18350000 ,2.13804 ,2.26098 ,0.03209 ,2.70561 ,2.68193 ,0.02195 ,3.39441 ,3.43226 ,0.01897 ,1836,0.03504 ,0.20638 ,0.51825 
18360000 ,2.13804 ,2.15274 ,0.02037 ,2.71112 ,2.72491 ,0.03214 ,3.39441 ,3.39371 ,0.02425 ,1837,0.03823 ,0.19047 ,0.52649 
18370000 ,2.14355 ,2.08831 ,0.00268 ,2.71112 ,2.66954 ,0.03588 ,3.39441 ,3.47288 ,0.02828 ,1838,0.03056 ,0.22019 ,0.52637 
18380000 ,2.14355 ,2.15821 ,0.02642 ,2.71112 ,2.69340 ,0.02953 ,3.39441 ,3.44954 ,0.01249 ,1839,0.03180 ,0.21754 ,0.51674 
18390000 ,2.14355 ,2.20421 ,0.00407 ,2.71112 ,2.76721 ,0.02316 ,3.39441 ,3.43360 ,0.00955 ,1840,0.03230 ,0.22235 ,0.52171 
18400000 ,2.14355 ,2.16255 ,0.00833 ,2.71112 ,2.65675 ,0.02683 ,3.39992 ,3.36338 ,0.02510 ,1841,0.03514 ,0.22597 ,0.52508 
18410000 ,2.14355 ,2.13257 ,0.03010 ,2.71112 ,2.71168 ,0.01742 ,3.39992 ,3.51971 ,0.00578 ,1842,0.03761 ,0.19708 ,0.50752 
18420000 ,2.14355 ,2.19363 ,0.01242 ,2.71663 ,2.67903 ,0.00498 ,3.39992 ,3.50247 ,0.03063 ,1843,0.02256 ,0.20642 ,0.51727 
18430000 ,2.14906 ,2.16788 ,0.01642 ,2.71663 ,2.66778 ,0.02374 ,3.39992 ,3.39246 ,0.01899 ,1844,0.03689 ,0.19051 ,0.52564 
18440000 ,2.14906 ,2.19867 ,0.02802 ,2.71663 ,2.68578 ,0.02676 ,3.39992 ,3.45258 ,0.00787 ,1845,0.03739 ,0.21577 ,0.52315 
18450000 ,2.14906 ,2.18335 ,0.02549 ,2.71663 ,2.69267 ,0.01389 ,3.40544 ,3.47575 ,0.01067 ,1846,0.06193 ,0.21437 ,0.48744 
18460000 ,2.14906 ,2.17209 ,0.01801 ,2.71663 ,2.73782 ,0.02235 ,3.40544 ,3.49206 ,0.02426 ,1847,0.06440 ,0.19564 ,0.49989 
18470000 ,2.14906 ,2.17053 ,0.01582 ,2.71663 ,2.78258 ,0.02512 ,3.40544 ,3.52870 ,0.03479 ,1848,0.04783 ,0.20498 ,0.52056 
18480000 ,2.15457 ,2.19379 ,0.02240 ,2.72214 ,2.75247 ,0.01664 ,3.40544 ,3.48662 ,0.04792 ,1849,0.03609 ,0.20295 ,0.52665 
18490000 ,2.15457 ,2.19021 ,0.00441 ,2.72214 ,2.68282 ,0.01354 ,3.41095 ,3.49832 ,0.02334 ,1850,0.03826 ,0.21292 ,0.52772 
18500000 ,2.15457 ,2.16033 ,0.02878 ,2.72214 ,2.73154 ,0.02864 ,3.41095 ,3.38956 ,0.01208 ,1851,0.06375 ,0.21405 ,0.52904 
18510000 ,2.15457 ,2.20860 ,0.02019 ,2.72214 ,2.76257 ,0.02697 ,3.41095 ,3.49980 ,0.00916 ,1852,0.05608 ,0.21854 ,0.53241 
18520000 ,2.15457 ,2.19613 ,0.01762 ,2.72214 ,2.73679 ,0.03024 ,3.41095 ,3.42775 ,0.04063 ,1853,0.05122 ,0.19822 ,0.52415 
18530000 ,2.15457 ,2.21661 ,0.01154 ,2.72765 ,2.73327 ,0.03869 ,3.41095 ,3.47447 ,0.03859 ,1854,0.03162 ,0.20302 ,0.53390 
18540000 ,2.15457 ,2.13011 ,0.02098 ,2.72765 ,2.69349 ,0.01998 ,3.41646 ,3.43663 ,0.02460 ,1855,0.03212 ,0.19853 ,0.53599 
18550000 ,2.16008 ,2.11878 ,0.00247 ,2.72765 ,2.76801 ,0.04052 ,3.41646 ,3.47222 ,0.02708 ,1856,0.04747 ,0.20770 ,0.51351 
18560000 ,2.16008 ,2.23013 ,0.01447 ,2.72765 ,2.78198 ,0.05212 ,3.41646 ,3.39726 ,0.00258 ,1857,0.03636 ,0.21868 ,0.48226 
18570000 ,2.16008 ,2.12090 ,0.01225 ,2.72765 ,2.66240 ,0.03015 ,3.41646 ,3.44540 ,0.01298 ,1858,0.04055 ,0.21417 ,0.49025 
18580000 ,2.16008 ,2.17471 ,0.01617 ,2.73316 ,2.66119 ,0.02086 ,3.41646 ,3.50572 ,0.02135 ,1859,0.04551 ,0.22636 ,0.48525 
18590000 ,2.16008 ,2.18737 ,0.01431 ,2.73316 ,2.72827 ,0.01569 ,3.42196 ,3.43399 ,0.01016 ,1860,0.03372 ,0.21091 ,0.48879 
18600000 ,2.16008 ,2.23712 ,0.01552 ,2.73316 ,2.71287 ,0.00693 ,3.42196 ,3.48673 ,0.02028 ,1861,0.03422 ,0.22019 ,0.49666 
18610000 ,2.16008 ,2.15383 ,0.01829 ,2.73316 ,2.72730 ,0.02102 ,3.42196 ,3.51066 ,0.01829 ,1862,0.03741 ,0.22029 ,0.51064 
18620000 ,2.16559 ,2.25660 ,0.01946 ,2.73316 ,2.81207 ,0.02253 ,3.42196 ,3.51725 ,0.01713 ,1863,0.02974 ,0.22509 ,0.51190 
18630000 ,2.16559 ,2.17207 ,0.03544 ,2.73316 ,2.69562 ,0.01862 ,3.42747 ,3.48459 ,0.06243 ,1864,0.03098 ,0.22182 ,0.51210 
18640000 ,2.16559 ,2.27085 ,0.02747 ,2.73867 ,2.72703 ,0.03028 ,3.42747 ,3.46194 ,0.02959 ,1865,0.03148 ,0.23218 ,0.51925 
18650000 ,2.16559 ,2.13002 ,0.02925 ,2.73867 ,2.68185 ,0.00216 ,3.42747 ,3.52703 ,0.00828 ,1866,0.02041 ,0.22776 ,0.52057 
18660000 ,2.16559 ,2.25282 ,0.02917 ,2.73867 ,2.71918 ,0.01710 ,3.42747 ,3.48099 ,0.00081 ,1867,0.02091 ,0.23073 ,0.49953 
18670000 ,2.17110 ,2.16858 ,0.02745 ,2.73867 ,2.79130 ,0.03584 ,3.42747 ,3.53621 ,0.05680 ,1868,0.00595 ,0.23990 ,0.50080 
18680000 ,2.17110 ,2.12008 ,0.01471 ,2.73867 ,2.76995 ,0.01756 ,3.43298 ,3.50750 ,0.02016 ,1869,0.00645 ,0.20981 ,0.50616 
18690000 ,2.17110 ,2.21741 ,0.02522 ,2.74418 ,2.67185 ,0.03926 ,3.43298 ,3.56051 ,0.03939 ,1870,0.01764 ,0.20716 ,0.51346 
18700000 ,2.17110 ,2.20247 ,0.02292 ,2.74418 ,2.73392 ,0.02250 ,3.43298 ,3.51337 ,0.01514 ,1871,0.01814 ,0.20877 ,0.51452 
18710000 ,2.17110 ,2.20728 ,0.03464 ,2.74418 ,2.76899 ,0.01728 ,3.43298 ,3.41208 ,0.02200 ,1872,0.03809 ,0.20425 ,0.51055 
18720000 ,2.17110 ,2.11023 ,0.03154 ,2.74418 ,2.74798 ,0.01057 ,3.43298 ,3.54139 ,0.03354 ,1873,0.04305 ,0.21644 ,0.51664 
18730000 ,2.17661 ,2.22658 ,0.03758 ,2.74418 ,2.73608 ,0.01564 ,3.43298 ,3.47803 ,0.02183 ,1874,0.03126 ,0.22094 ,0.51771 
18740000 ,2.17661 ,2.23628 ,0.03460 ,2.74969 ,2.70819 ,0.01387 ,3.43849 ,3.46436 ,0.01158 ,1875,0.03176 ,0.20099 ,0.51902 
18750000 ,2.17661 ,2.21183 ,0.01975 ,2.74969 ,2.76847 ,0.03895 ,3.43849 ,3.51423 ,0.03129 ,1876,0.03495 ,0.21135 ,0.52240 
18760000 ,2.17661 ,2.16938 ,0.04429 ,2.74969 ,2.76491 ,0.04762 ,3.43849 ,3.45133 ,0.02442 ,1877,0.02728 ,0.23324 ,0.52544 
18770000 ,2.17661 ,2.19653 ,0.01065 ,2.74969 ,2.66591 ,0.01654 ,3.44401 ,3.43921 ,0.00369 ,1878,0.03844 ,0.23054 ,0.48289 
18780000 ,2.17661 ,2.17341 ,0.03058 ,2.74969 ,2.79322 ,0.04066 ,3.44401 ,3.51406 ,0.00296 ,1879,0.02732 ,0.22848 ,0.51885 
18790000 ,2.17661 ,2.21767 ,0.03395 ,2.74969 ,2.79419 ,0.01728 ,3.44401 ,3.51960 ,0.03250 ,1880,0.00893 ,0.22957 ,0.51161 
18800000 ,2.17661 ,2.11885 ,0.03193 ,2.75520 ,2.71880 ,0.00725 ,3.44401 ,3.46037 ,0.02521 ,1881,0.00943 ,0.23992 ,0.52136 
18810000 ,2.18212 ,2.20655 ,0.02073 ,2.75520 ,2.74303 ,0.03379 ,3.44401 ,3.48581 ,0.01022 ,1882,0.04351 ,0.22121 ,0.49232 
18820000 ,2.18212 ,2.24850 ,0.02394 ,2.75520 ,2.76249 ,0.02889 ,3.44952 ,3.53922 ,0.02227 ,1883,0.03783 ,0.21725 ,0.50032 
18830000 ,2.18212 ,2.21689 ,0.01267 ,2.75520 ,2.75461 ,0.02197 ,3.44952 ,3.45460 ,0.03134 ,1884,0.03436 ,0.21696 ,0.49765 
18840000 ,2.18212 ,2.23104 ,0.01666 ,2.75520 ,2.76542 ,0.01240 ,3.44952 ,3.48401 ,0.04232 ,1885,0.03682 ,0.21237 ,0.50125 
18850000 ,2.18212 ,2.29918 ,0.02842 ,2.76071 ,2.77070 ,0.01299 ,3.44952 ,3.47074 ,0.01663 ,1886,0.05659 ,0.21247 ,0.51880 
18860000 ,2.18763 ,2.18230 ,0.02487 ,2.76071 ,2.72980 ,0.01739 ,3.44952 ,3.48903 ,0.01238 ,1887,-0.00167 ,0.21727 ,0.50744 
18870000 ,2.18763 ,2.17561 ,0.04644 ,2.76071 ,2.74315 ,0.00908 ,3.45503 ,3.46223 ,0.04415 ,1888,0.02463 ,0.21400 ,0.52147 
18880000 ,2.18763 ,2.22016 ,0.01151 ,2.76071 ,2.82468 ,0.02444 ,3.45503 ,3.50532 ,0.03010 ,1889,0.03498 ,0.22436 ,0.51938 
18890000 ,2.18763 ,2.25146 ,0.03568 ,2.76071 ,2.77868 ,0.03666 ,3.45503 ,3.51922 ,0.00494 ,1890,0.00227 ,0.23060 ,0.53019 
18900000 ,2.18763 ,2.15804 ,0.02059 ,2.76623 ,2.78828 ,0.04698 ,3.45503 ,3.47453 ,0.00843 ,1891,-0.00063 ,0.23169 ,0.53456 
18910000 ,2.18763 ,2.21317 ,0.03563 ,2.76623 ,2.75219 ,0.02409 ,3.46054 ,3.43433 ,0.01920 ,1892,0.01999 ,0.24204 ,0.50186 
18920000 ,2.18763 ,2.26060 ,0.02076 ,2.76623 ,2.75249 ,0.01540 ,3.46054 ,3.53297 ,0.03790 ,1893,0.03332 ,0.21230 ,0.48480 
18930000 ,2.18763 ,2.21576 ,0.02386 ,2.76623 ,2.79798 ,0.04481 ,3.46054 ,3.52458 ,0.01483 ,1894,0.04366 ,0.21555 ,0.50340 
18940000 ,2.19314 ,2.21508 ,0.00854 ,2.76623 ,2.74210 ,0.02333 ,3.46054 ,3.48790 ,0.01404 ,1895,0.01096 ,0.21852 ,0.51314 
18950000 ,2.19314 ,2.20246 ,0.05874 ,2.77174 ,2.79136 ,0.04456 ,3.46054 ,3.50686 ,0.01762 ,1896,0.02628 ,0.22769 ,0.50389 
18960000 ,2.19314 ,2.20708 ,0.03100 ,2.77174 ,2.74387 ,0.00849 ,3.46605 ,3.55543 ,0.02034 ,1897,0.03745 ,0.20322 ,0.46971 
18970000 ,2.19314 ,2.19921 ,0.02639 ,2.77174 ,2.73196 ,0.03424 ,3.46605 ,3.46590 ,0.01127 ,1898,0.04162 ,0.20178 ,0.48831 
18980000 ,2.19314 ,2.24251 ,0.00304 ,2.77174 ,2.76530 ,0.03893 ,3.46605 ,3.49505 ,0.04236 ,1899,0.03207 ,0.20370 ,0.48041 
18990000 ,2.19314 ,2.23674 ,0.01374 ,2.77174 ,2.78500 ,0.03428 ,3.46605 ,3.53004 ,0.01539 ,1900,0.02804 ,0.19918 ,0.48653 
19000000 ,2.19865 ,2.27540 ,0.01915 ,2.77174 ,2.86320 ,0.03028 ,3.46605 ,3.54732 ,0.01105 ,1901,0.03221 ,0.21038 ,0.50513 
19010000 ,2.19865 ,2.25671 ,0.01248 ,2.77725 ,2.77156 ,0.03133 ,3.47156 ,3.52249 ,0.02102 ,1902,0.00936 ,0.22051 ,0.49934 
19020000 ,2.19865 ,2.26012 ,0.04457 ,2.77725 ,2.74744 ,0.03578 ,3.47156 ,3.46841 ,0.02757 ,1903,0.01432 ,0.21782 ,0.51310 
19030000 ,2.19865 ,2.26271 ,0.02449 ,2.77725 ,2.75552 ,0.01899 ,3.47156 ,3.50453 ,0.01772 ,1904,0.02874 ,0.20658 ,0.50357 
19040000 ,2.19865 ,2.17162 ,0.02182 ,2.77725 ,2.75183 ,0.00953 ,3.47156 ,3.45585 ,0.00696 ,1905,0.03121 ,0.22217 ,0.50463 
19050000 ,2.20417 ,2.18054 ,0.03414 ,2.77725 ,2.81184 ,0.04120 ,3.47707 ,3.50992 ,0.01911 ,1906,0.02529 ,0.21986 ,0.49736 
19060000 ,2.20417 ,2.23741 ,0.01970 ,2.77725 ,2.79900 ,0.02087 ,3.47707 ,3.58712 ,0.02251 ,1907,0.02736 ,0.23528 ,0.51232 
19070000 ,2.20417 ,2.22501 ,0.01590 ,2.78276 ,2.78733 ,0.03855 ,3.47707 ,3.55239 ,0.02526 ,1908,0.02982 ,0.23259 ,0.48441 
19080000 ,2.20417 ,2.24495 ,0.01663 ,2.78276 ,2.77100 ,0.02347 ,3.47707 ,3.56392 ,0.00973 ,1909,0.01238 ,0.21579 ,0.49241 
19090000 ,2.20417 ,2.18482 ,0.01486 ,2.78276 ,2.78620 ,0.02778 ,3.47707 ,3.56143 ,0.03049 ,1910,0.02193 ,0.22186 ,0.48974 
19100000 ,2.20417 ,2.23968 ,0.04128 ,2.78276 ,2.80583 ,0.02588 ,3.48258 ,3.56581 ,0.03417 ,1911,0.02094 ,0.22988 ,0.49334 
19110000 ,2.20417 ,2.21782 ,0.02120 ,2.78276 ,2.81351 ,0.01086 ,3.48258 ,3.54468 ,0.02571 ,1912,0.03128 ,0.22047 ,0.49778 
19120000 ,2.20968 ,2.25698 ,0.04785 ,2.78827 ,2.77057 ,0.00858 ,3.48258 ,3.51746 ,0.06066 ,1913,0.03480 ,0.21826 ,0.50577 
19130000 ,2.20968 ,2.15590 ,0.00845 ,2.78827 ,2.76834 ,0.02901 ,3.48258 ,3.52743 ,0.03059 ,1914,0.03727 ,0.21561 ,0.51549 
19140000 ,2.20968 ,2.20076 ,0.01238 ,2.78827 ,2.82412 ,0.01458 ,3.48258 ,3.48729 ,0.02641 ,1915,0.01631 ,0.22042 ,0.51061 
19150000 ,2.20968 ,2.19604 ,0.04715 ,2.78827 ,2.77886 ,0.02166 ,3.48809 ,3.49344 ,0.02762 ,1916,0.02585 ,0.21688 ,0.52817 
19160000 ,2.20968 ,2.24791 ,0.01891 ,2.78827 ,2.80400 ,0.01253 ,3.48809 ,3.61700 ,0.02702 ,1917,-0.00055 ,0.21457 ,0.51216 
19170000 ,2.20968 ,2.19738 ,0.02287 ,2.79378 ,2.84750 ,0.02781 ,3.48809 ,3.54728 ,0.02126 ,1918,0.02384 ,0.21557 ,0.52201 
19180000 ,2.20968 ,2.26691 ,0.01922 ,2.79378 ,2.80789 ,0.01488 ,3.48809 ,3.52353 ,0.04442 ,1919,0.03414 ,0.22066 ,0.50454 
19190000 ,2.21519 ,2.20901 ,0.01730 ,2.79378 ,2.75557 ,0.01141 ,3.49360 ,3.48196 ,0.03616 ,1920,0.02575 ,0.22782 ,0.49721 
19200000 ,2.21519 ,2.22311 ,0.02598 ,2.79378 ,2.76767 ,0.03504 ,3.49360 ,3.58204 ,0.02738 ,1921,0.03610 ,0.23076 ,0.49094 
19210000 ,2.21519 ,2.20126 ,0.02155 ,2.79378 ,2.81120 ,0.03935 ,3.49360 ,3.55009 ,0.04014 ,1922,0.00339 ,0.23525 ,0.50619 
19220000 ,2.21519 ,2.21959 ,0.00677 ,2.79929 ,2.80417 ,0.01562 ,3.49360 ,3.52183 ,0.01726 ,1923,0.04491 ,0.22589 ,0.51604 
19230000 ,2.21519 ,2.26996 ,0.00486 ,2.79929 ,2.75247 ,0.02842 ,3.49360 ,3.51451 ,0.03572 ,1924,0.04737 ,0.22935 ,0.51166 
19240000 ,2.22070 ,2.22173 ,0.00499 ,2.79929 ,2.79954 ,0.02207 ,3.49911 ,3.53251 ,0.01435 ,1925,0.03395 ,0.21976 ,0.51495 
19250000 ,2.22070 ,2.25674 ,0.01416 ,2.79929 ,2.75582 ,0.02469 ,3.49911 ,3.53279 ,0.04166 ,1926,0.04425 ,0.23841 ,0.51708 
19260000 ,2.22070 ,2.23842 ,0.01737 ,2.79929 ,2.82763 ,0.01438 ,3.49911 ,3.49208 ,0.02081 ,1927,0.02813 ,0.23033 ,0.50035 
19270000 ,2.22070 ,2.27710 ,0.03638 ,2.79929 ,2.81717 ,0.00685 ,3.49911 ,3.50253 ,0.02856 ,1928,0.03772 ,0.24068 ,0.50924 
19280000 ,2.22070 ,2.25703 ,0.01995 ,2.80480 ,2.85366 ,0.02078 ,3.49911 ,3.55117 ,0.01450 ,1929,0.01995 ,0.21097 ,0.51584 
19290000 ,2.22070 ,2.22931 ,0.03438 ,2.80480 ,2.82764 ,0.04512 ,3.49911 ,3.60994 ,0.04308 ,1930,0.02850 ,0.20832 ,0.51421 
19300000 ,2.22070 ,2.27058 ,0.01909 ,2.80480 ,2.79366 ,0.01449 ,3.50462 ,3.55345 ,0.02648 ,1931,0.03884 ,0.20992 ,0.52293 
19310000 ,2.22621 ,2.20728 ,0.02075 ,2.80480 ,2.80379 ,0.02881 ,3.50462 ,3.55943 ,0.01734 ,1932,0.03228 ,0.20540 ,0.52630 
19320000 ,2.22621 ,2.24760 ,0.04597 ,2.80480 ,2.85632 ,0.03210 ,3.50462 ,3.50322 ,0.02225 ,1933,0.02265 ,0.21760 ,0.48771 
19330000 ,2.22621 ,2.25741 ,0.00745 ,2.81031 ,2.82787 ,0.03180 ,3.51013 ,3.55444 ,0.03104 ,1934,0.03117 ,0.22209 ,0.49571 
19340000 ,2.22621 ,2.27159 ,0.03087 ,2.81031 ,2.79455 ,0.03496 ,3.51013 ,3.60818 ,0.02341 ,1935,0.04152 ,0.20215 ,0.49304 
19350000 ,2.22621 ,2.28473 ,0.02496 ,2.81031 ,2.78032 ,0.02908 ,3.51013 ,3.57506 ,0.00927 ,1936,0.05187 ,0.21251 ,0.49664 
19360000 ,2.22621 ,2.20454 ,0.03113 ,2.81031 ,2.87187 ,0.02263 ,3.51013 ,3.56221 ,0.05284 ,1937,0.02630 ,0.23439 ,0.51420 
19370000 ,2.22621 ,2.25929 ,0.00832 ,2.81031 ,2.80957 ,0.02172 ,3.51013 ,3.60637 ,0.03755 ,1938,0.03483 ,0.23170 ,0.50283 
19380000 ,2.22621 ,2.26446 ,0.03178 ,2.81582 ,2.81978 ,0.01397 ,3.51564 ,3.59281 ,0.03053 ,1939,0.04051 ,0.22964 ,0.51686 
19390000 ,2.23172 ,2.26564 ,0.01599 ,2.81582 ,2.79594 ,0.03125 ,3.51564 ,3.56008 ,0.01021 ,1940,0.03284 ,0.23072 ,0.51477 
19400000 ,2.23172 ,2.26716 ,0.00427 ,2.81582 ,2.82626 ,0.02216 ,3.51564 ,3.59633 ,0.03958 ,1941,0.04144 ,0.24108 ,0.52558 
19410000 ,2.23172 ,2.24511 ,0.02664 ,2.81582 ,2.78843 ,0.03299 ,3.51564 ,3.55330 ,0.03117 ,1942,0.04561 ,0.21716 ,0.48563 
19420000 ,2.23172 ,2.29453 ,0.03460 ,2.81582 ,2.75479 ,0.03064 ,3.51564 ,3.57516 ,0.03632 ,1943,0.03606 ,0.21486 ,0.49362 
19430000 ,2.23723 ,2.22602 ,0.00715 ,2.82133 ,2.86040 ,0.00765 ,3.51564 ,3.62256 ,0.03674 ,1944,0.02312 ,0.23028 ,0.49096 
19440000 ,2.23723 ,2.27392 ,0.01857 ,2.82133 ,2.84022 ,0.02608 ,3.52115 ,3.51381 ,0.04375 ,1945,0.03266 ,0.22759 ,0.49456 
19450000 ,2.23723 ,2.28105 ,0.02812 ,2.82133 ,2.81660 ,0.02346 ,3.52115 ,3.58699 ,0.01320 ,1946,0.00626 ,0.21079 ,0.49899 
19460000 ,2.23723 ,2.30629 ,0.00599 ,2.82133 ,2.84665 ,0.03231 ,3.52115 ,3.59888 ,0.02193 ,1947,0.03065 ,0.21686 ,0.50699 
19470000 ,2.23723 ,2.21275 ,0.05208 ,2.82133 ,2.81087 ,0.03345 ,3.52115 ,3.55049 ,0.01331 ,1948,0.04095 ,0.20840 ,0.51671 
19480000 ,2.23723 ,2.28831 ,0.02656 ,2.82133 ,2.78560 ,0.00981 ,3.52666 ,3.49253 ,0.03420 ,1949,0.03021 ,0.20610 ,0.51182 
19490000 ,2.24274 ,2.24872 ,0.02449 ,2.82684 ,2.83529 ,0.02859 ,3.52666 ,3.64422 ,0.03959 ,1950,0.02058 ,0.20710 ,0.52938 
19500000 ,2.24274 ,2.28507 ,0.02617 ,2.82684 ,2.82863 ,0.01934 ,3.52666 ,3.59451 ,0.01539 ,1951,0.02910 ,0.21219 ,0.51337 
19510000 ,2.24274 ,2.17714 ,0.02451 ,2.82684 ,2.82500 ,0.03111 ,3.52666 ,3.53411 ,0.02163 ,1952,0.07010 ,0.21935 ,0.52322 
19520000 ,2.24274 ,2.28289 ,0.01113 ,2.82684 ,2.84402 ,0.01941 ,3.52666 ,3.57007 ,0.02054 ,1953,0.07427 ,0.22864 ,0.50576 
19530000 ,2.24274 ,2.26857 ,0.02686 ,2.82684 ,2.81729 ,0.01953 ,3.53217 ,3.66666 ,0.02336 ,1954,0.03987 ,0.22594 ,0.50396 
19540000 ,2.24274 ,2.28360 ,0.01800 ,2.82684 ,2.86865 ,0.00821 ,3.53217 ,3.60877 ,0.04441 ,1955,0.04370 ,0.22443 ,0.49260 
19550000 ,2.24274 ,2.29210 ,0.02905 ,2.83235 ,2.78719 ,0.04124 ,3.53217 ,3.56567 ,0.02408 ,1956,0.04839 ,0.23050 ,0.50663 
19560000 ,2.24825 ,2.23795 ,0.02582 ,2.83235 ,2.86798 ,0.01408 ,3.53217 ,3.58424 ,0.01121 ,1957,0.04877 ,0.23238 ,0.50454 
19570000 ,2.24825 ,2.28643 ,0.00663 ,2.83235 ,2.77810 ,0.03696 ,3.53768 ,3.63464 ,0.04521 ,1958,0.06126 ,0.23954 ,0.47632 
19580000 ,2.24825 ,2.35645 ,0.02666 ,2.83235 ,2.83043 ,0.05048 ,3.53768 ,3.51722 ,0.01808 ,1959,0.04058 ,0.23699 ,0.49492 
19590000 ,2.24825 ,2.33822 ,0.02626 ,2.83786 ,2.83996 ,0.03823 ,3.53768 ,3.57791 ,0.01442 ,1960,0.03307 ,0.24062 ,0.49478 
19600000 ,2.24825 ,2.25365 ,0.02637 ,2.83786 ,2.81588 ,0.02559 ,3.53768 ,3.59113 ,0.02731 ,1961,0.04744 ,0.21276 ,0.50154 
19610000 ,2.25376 ,2.32546 ,0.03694 ,2.83786 ,2.85893 ,0.04189 ,3.54319 ,3.64118 ,0.01578 ,1962,0.03619 ,0.22714 ,0.50978 
19620000 ,2.25376 ,2.30703 ,0.02576 ,2.83786 ,2.81441 ,0.01408 ,3.54319 ,3.63081 ,0.00648 ,1963,0.04035 ,0.21905 ,0.49337 
19630000 ,2.25376 ,2.21521 ,0.03362 ,2.83786 ,2.85844 ,0.01726 ,3.54319 ,3.56490 ,0.05678 ,1964,0.01751 ,0.22941 ,0.50740 
19640000 ,2.25376 ,2.33153 ,0.03387 ,2.83786 ,2.90313 ,0.01995 ,3.54319 ,3.56087 ,0.02405 ,1965,0.02247 ,0.22386 ,0.50898 
19650000 ,2.25376 ,2.24005 ,0.02614 ,2.84337 ,2.85082 ,0.01621 ,3.54319 ,3.61113 ,0.01674 ,1966,0.03689 ,0.22495 ,0.52784 
19660000 ,2.25376 ,2.19563 ,0.02271 ,2.84337 ,2.87939 ,0.02864 ,3.54319 ,3.58453 ,0.04445 ,1967,0.03935 ,0.23530 ,0.51653 
19670000 ,2.25376 ,2.26551 ,0.02987 ,2.84337 ,2.86114 ,0.00574 ,3.54870 ,3.64261 ,0.02168 ,1968,0.04060 ,0.21251 ,0.51395 
19680000 ,2.25927 ,2.25841 ,0.01961 ,2.84337 ,2.87606 ,0.04535 ,3.54870 ,3.59229 ,0.00745 ,1969,0.05094 ,0.22781 ,0.52571 
19690000 ,2.25927 ,2.27905 ,0.01501 ,2.84337 ,2.81025 ,0.03333 ,3.54870 ,3.61114 ,0.01876 ,1970,0.01823 ,0.22427 ,0.53695 
19700000 ,2.25927 ,2.20776 ,0.02773 ,2.84888 ,2.79447 ,0.01313 ,3.54870 ,3.60252 ,0.00753 ,1971,0.04701 ,0.23004 ,0.54024 
19710000 ,2.25927 ,2.29377 ,0.03694 ,2.84888 ,2.79739 ,0.03868 ,3.55422 ,3.55192 ,0.00926 ,1972,0.05735 ,0.23713 ,0.54236 
19720000 ,2.25927 ,2.25576 ,0.02159 ,2.84888 ,2.85964 ,0.04554 ,3.55422 ,3.57987 ,0.00325 ,1973,0.03179 ,0.24795 ,0.50864 
19730000 ,2.25927 ,2.26799 ,0.01496 ,2.84888 ,2.82463 ,0.01187 ,3.55422 ,3.54826 ,0.01761 ,1974,0.07435 ,0.23987 ,0.50237 
19740000 ,2.26478 ,2.30122 ,0.01979 ,2.84888 ,2.91371 ,0.02751 ,3.55422 ,3.62796 ,0.05802 ,1975,0.07851 ,0.25022 ,0.51762 
19750000 ,2.26478 ,2.21484 ,0.02806 ,2.85439 ,2.90237 ,0.02864 ,3.55973 ,3.59137 ,0.03874 ,1976,0.04412 ,0.22886 ,0.52747 
19760000 ,2.26478 ,2.28129 ,0.00452 ,2.85439 ,2.81880 ,0.02578 ,3.55973 ,3.61104 ,0.03320 ,1977,0.04794 ,0.22490 ,0.52147 
19770000 ,2.26478 ,2.30308 ,0.02493 ,2.85439 ,2.87199 ,0.01742 ,3.55973 ,3.62283 ,0.03687 ,1978,0.05264 ,0.22462 ,0.52944 
19780000 ,2.26478 ,2.27302 ,0.02320 ,2.85439 ,2.83371 ,0.02662 ,3.55973 ,3.58094 ,0.01433 ,1979,0.05301 ,0.22003 ,0.53032 
19790000 ,2.27029 ,2.28917 ,0.02062 ,2.85439 ,2.84365 ,0.03415 ,3.55973 ,3.68662 ,0.00874 ,1980,0.06550 ,0.22012 ,0.53353 
19800000 ,2.27029 ,2.27372 ,0.03411 ,2.85990 ,2.86773 ,0.01227 ,3.56524 ,3.59294 ,0.02988 ,1981,0.04483 ,0.22493 ,0.52908 
19810000 ,2.27029 ,2.29921 ,0.01013 ,2.85990 ,2.84094 ,0.00369 ,3.56524 ,3.62255 ,0.03565 ,1982,0.05367 ,0.22166 ,0.53237 
19820000 ,2.27029 ,2.33064 ,0.04917 ,2.85990 ,2.88641 ,0.02959 ,3.56524 ,3.63557 ,0.02551 ,1983,0.04235 ,0.23201 ,0.53449 
19830000 ,2.27029 ,2.30032 ,0.04250 ,2.85990 ,2.87094 ,0.02403 ,3.56524 ,3.58767 ,0.02098 ,1984,0.04554 ,0.23826 ,0.54663 
19840000 ,2.27029 ,2.32163 ,0.00683 ,2.85990 ,2.87539 ,0.00343 ,3.56524 ,3.59361 ,0.00937 ,1985,0.05090 ,0.23934 ,0.50939 
19850000 ,2.27029 ,2.20910 ,0.01000 ,2.85990 ,2.87188 ,0.03148 ,3.56524 ,3.68382 ,0.02458 ,1986,0.04139 ,0.24970 ,0.51570 
19860000 ,2.27029 ,2.27578 ,0.02099 ,2.86541 ,2.84982 ,0.00835 ,3.57075 ,3.58242 ,0.01426 ,1987,0.04459 ,0.22078 ,0.52369 
19870000 ,2.27580 ,2.33579 ,0.02044 ,2.86541 ,2.82710 ,0.00770 ,3.57075 ,3.56725 ,0.01064 ,1988,0.06112 ,0.23516 ,0.52103 
19880000 ,2.27580 ,2.29047 ,0.03717 ,2.86541 ,2.88490 ,0.03753 ,3.57075 ,3.63522 ,0.02783 ,1989,0.07071 ,0.22708 ,0.52462 
19890000 ,2.27580 ,2.23797 ,0.01650 ,2.86541 ,2.87545 ,0.00865 ,3.57626 ,3.57291 ,0.01328 ,1990,0.05183 ,0.23743 ,0.53075 
19900000 ,2.27580 ,2.27772 ,0.01417 ,2.86541 ,2.93502 ,0.04001 ,3.57626 ,3.70691 ,0.03028 ,1991,0.04416 ,0.23189 ,0.50762 
19910000 ,2.27580 ,2.26239 ,0.03112 ,2.86541 ,2.87218 ,0.01045 ,3.57626 ,3.58734 ,0.01813 ,1992,0.06073 ,0.23297 ,0.50182 
19920000 ,2.27580 ,2.34560 ,0.01923 ,2.87092 ,2.82504 ,0.01210 ,3.57626 ,3.71846 ,0.01821 ,1993,0.04005 ,0.24333 ,0.51156 
19930000 ,2.27580 ,2.34483 ,0.03558 ,2.87092 ,2.91071 ,0.02437 ,3.57626 ,3.59645 ,0.03450 ,1994,0.03243 ,0.22915 ,0.51607 
19940000 ,2.28131 ,2.20495 ,0.01911 ,2.87092 ,2.82859 ,0.04111 ,3.58177 ,3.67557 ,0.03886 ,1995,0.04730 ,0.23162 ,0.51673 
19950000 ,2.28131 ,2.38262 ,0.04473 ,2.87092 ,2.90141 ,0.01072 ,3.58177 ,3.61063 ,0.00837 ,1996,0.03779 ,0.23689 ,0.52332 
19960000 ,2.28131 ,2.27972 ,0.03806 ,2.87644 ,2.83578 ,0.02504 ,3.58177 ,3.65197 ,0.03213 ,1997,0.04099 ,0.23877 ,0.52482 
19970000 ,2.28131 ,2.34776 ,0.02652 ,2.87644 ,2.90009 ,0.03089 ,3.58177 ,3.60521 ,0.02114 ,1998,0.04880 ,0.24174 ,0.53126 
19980000 ,2.28682 ,2.25916 ,0.02591 ,2.87644 ,2.80972 ,0.02258 ,3.58177 ,3.60577 ,0.01333 ,1999,0.06104 ,0.25091 ,0.53785 
19990000 ,2.28682 ,2.25623 ,0.04713 ,2.87644 ,2.90570 ,0.02425 ,3.58728 ,3.60730 ,0.05180 ,2000,0.07063 ,0.22734 ,0.53998 
20000000 ,2.28682 ,2.28047 ,0.03817 ,2.87644 ,2.89261 ,0.01302 ,3.58728 ,3.62911 ,0.02902 ,2001,0.06065 ,0.23059 ,0.53326 
20010000 ,2.28682 ,2.33278 ,0.01702 ,2.88195 ,2.87226 ,0.03035 ,3.58728 ,3.60623 ,0.02288 ,2002,0.03224 ,0.23356 ,0.49454 
20020000 ,2.28682 ,2.30819 ,0.03901 ,2.88195 ,2.88328 ,0.02574 ,3.58728 ,3.63136 ,0.01789 ,2003,-0.00367 ,0.24273 ,0.50524 
20030000 ,2.28682 ,2.33651 ,0.01237 ,2.88195 ,2.87270 ,0.01546 ,3.59279 ,3.57473 ,0.02035 ,2004,0.01695 ,0.21063 ,0.49635 
20040000 ,2.28682 ,2.31714 ,0.01883 ,2.88195 ,2.87004 ,0.01976 ,3.59279 ,3.71090 ,0.03290 ,2005,0.03023 ,0.20923 ,0.48621 
20050000 ,2.29233 ,2.32035 ,0.02429 ,2.88195 ,2.84456 ,0.01423 ,3.59279 ,3.68321 ,0.00903 ,2006,0.03440 ,0.19694 ,0.50423 
20060000 ,2.29233 ,2.31721 ,0.01198 ,2.88195 ,2.91883 ,0.04084 ,3.59279 ,3.65775 ,0.01313 ,2007,0.02485 ,0.19550 ,0.49385 
20070000 ,2.29233 ,2.28360 ,0.05437 ,2.88746 ,2.87495 ,0.03474 ,3.59279 ,3.63095 ,0.03134 ,2008,0.01191 ,0.19856 ,0.50359 
20080000 ,2.29233 ,2.30876 ,0.00614 ,2.88746 ,2.85298 ,0.02632 ,3.59830 ,3.70296 ,0.06919 ,2009,0.02145 ,0.19625 ,0.49304 
20090000 ,2.29233 ,2.37964 ,0.01838 ,2.88746 ,2.85941 ,0.01301 ,3.59830 ,3.68298 ,0.03290 ,2010,-0.00495 ,0.20997 ,0.50058 
20100000 ,2.29233 ,2.30830 ,0.01187 ,2.88746 ,2.84962 ,0.03728 ,3.59830 ,3.68664 ,0.02762 ,2011,0.01944 ,0.20858 ,0.48003 
20110000 ,2.29233 ,2.33480 ,0.01794 ,2.88746 ,2.88900 ,0.06658 ,3.59830 ,3.69761 ,0.02662 ,2012,0.02974 ,0.19823 ,0.49360 
20120000 ,2.29784 ,2.36440 ,0.01733 ,2.88746 ,2.88357 ,0.01600 ,3.59830 ,3.64726 ,0.04136 ,2013,0.01900 ,0.19371 ,0.49172 
20130000 ,2.29784 ,2.27369 ,0.03334 ,2.89297 ,2.92576 ,0.03241 ,3.60381 ,3.65975 ,0.02962 ,2014,0.00936 ,0.19678 ,0.49831 
20140000 ,2.29784 ,2.33649 ,0.00854 ,2.89297 ,2.86929 ,0.03049 ,3.60381 ,3.63674 ,0.02121 ,2015,0.01789 ,0.19282 ,0.49108 
20150000 ,2.29784 ,2.27460 ,0.04132 ,2.89297 ,2.91965 ,0.01547 ,3.60381 ,3.68606 ,0.04222 ,2016,0.05889 ,0.20964 ,0.50910 
20160000 ,2.30335 ,2.36112 ,0.01884 ,2.89297 ,2.89580 ,0.02206 ,3.60932 ,3.61778 ,0.01088 ,2017,0.06305 ,0.20820 ,0.49096 
20170000 ,2.30335 ,2.31349 ,0.02388 ,2.89848 ,2.88596 ,0.01345 ,3.60932 ,3.66904 ,0.01628 ,2018,0.02866 ,0.21012 ,0.50454 
20180000 ,2.30335 ,2.36336 ,0.01887 ,2.89848 ,2.87195 ,0.02067 ,3.60932 ,3.66666 ,0.00947 ,2019,0.03248 ,0.20560 ,0.50555 
20190000 ,2.30335 ,2.34959 ,0.01765 ,2.89848 ,2.90332 ,0.00654 ,3.60932 ,3.71331 ,0.04629 ,2020,0.03718 ,0.21542 ,0.49883 
20200000 ,2.30335 ,2.32061 ,0.01308 ,2.89848 ,2.83260 ,0.03038 ,3.60932 ,3.66424 ,0.01486 ,2021,0.03756 ,0.21680 ,0.51494 
20210000 ,2.30335 ,2.31931 ,0.01172 ,2.89848 ,2.88319 ,0.01567 ,3.60932 ,3.64848 ,0.04972 ,2022,0.05004 ,0.21612 ,0.52468 
20220000 ,2.30335 ,2.34613 ,0.02005 ,2.90399 ,2.89965 ,0.01295 ,3.61483 ,3.69263 ,0.03212 ,2023,0.02937 ,0.21381 ,0.52137 
20230000 ,2.30886 ,2.37465 ,0.03573 ,2.90399 ,2.88011 ,0.01746 ,3.61483 ,3.69225 ,0.03182 ,2024,0.02186 ,0.21477 ,0.52796 
20240000 ,2.30886 ,2.32158 ,0.01579 ,2.90399 ,2.88315 ,0.04431 ,3.61483 ,3.69319 ,0.00647 ,2025,0.03622 ,0.22183 ,0.53009 
20250000 ,2.30886 ,2.34209 ,0.01458 ,2.90399 ,2.91556 ,0.04524 ,3.61483 ,3.70917 ,0.01511 ,2026,0.04094 ,0.22322 ,0.52337 
20260000 ,2.30886 ,2.28144 ,0.01615 ,2.90399 ,2.85347 ,0.01891 ,3.61483 ,3.64940 ,0.01883 ,2027,0.01278 ,0.19799 ,0.48604 
20270000 ,2.30886 ,2.32184 ,0.02649 ,2.90399 ,2.93312 ,0.02598 ,3.62034 ,3.67856 ,0.01785 ,2028,0.05831 ,0.19660 ,0.46899 
20280000 ,2.30886 ,2.26060 ,0.02587 ,2.90950 ,2.93321 ,0.02340 ,3.62034 ,3.64869 ,0.02351 ,2029,0.06248 ,0.18480 ,0.48759 
20290000 ,2.30886 ,2.27184 ,0.01249 ,2.90950 ,2.90913 ,0.01110 ,3.62034 ,3.66090 ,0.02182 ,2030,0.02808 ,0.20002 ,0.48195 
20300000 ,2.31437 ,2.35433 ,0.01504 ,2.90950 ,2.91782 ,0.02331 ,3.62585 ,3.67717 ,0.01657 ,2031,0.03191 ,0.20879 ,0.48949 
20310000 ,2.31437 ,2.29649 ,0.02970 ,2.90950 ,2.93540 ,0.01670 ,3.62585 ,3.63210 ,0.01717 ,2032,0.03660 ,0.20427 ,0.46894 
20320000 ,2.31437 ,2.38192 ,0.02057 ,2.90950 ,3.00220 ,0.03240 ,3.62585 ,3.63921 ,0.03623 ,2033,0.03698 ,0.18132 ,0.48251 
20330000 ,2.31437 ,2.32784 ,0.02174 ,2.90950 ,2.91032 ,0.01980 ,3.62585 ,3.70176 ,0.03092 ,2034,0.04947 ,0.18328 ,0.48062 
20340000 ,2.31437 ,2.37767 ,0.02727 ,2.91501 ,2.92618 ,0.01463 ,3.62585 ,3.70565 ,0.02004 ,2035,0.02880 ,0.18097 ,0.48722 
20350000 ,2.31437 ,2.27387 ,0.02066 ,2.91501 ,2.86840 ,0.01225 ,3.62585 ,3.68523 ,0.01466 ,2036,0.04007 ,0.20204 ,0.48680 
20360000 ,2.31988 ,2.34488 ,0.03739 ,2.91501 ,2.96129 ,0.03877 ,3.63136 ,3.73218 ,0.02769 ,2037,0.04702 ,0.20003 ,0.48524 
20370000 ,2.31988 ,2.29312 ,0.02902 ,2.91501 ,2.87355 ,0.00954 ,3.63136 ,3.66014 ,0.03076 ,2038,0.03331 ,0.20880 ,0.49900 
20380000 ,2.31988 ,2.35050 ,0.04284 ,2.91501 ,2.88113 ,0.02688 ,3.63136 ,3.62448 ,0.02037 ,2039,0.04770 ,0.20428 ,0.50366 
20390000 ,2.31988 ,2.39938 ,0.02154 ,2.92052 ,2.97970 ,0.02072 ,3.63136 ,3.65601 ,0.01514 ,2040,0.05800 ,0.22154 ,0.50484 
20400000 ,2.31988 ,2.35809 ,0.02925 ,2.92052 ,2.90791 ,0.01369 ,3.63136 ,3.70000 ,0.05401 ,2041,0.03988 ,0.20070 ,0.49857 
20410000 ,2.32539 ,2.35608 ,0.02312 ,2.92052 ,2.87166 ,0.03857 ,3.63687 ,3.69860 ,0.02699 ,2042,0.04162 ,0.19839 ,0.51717 
20420000 ,2.32539 ,2.38137 ,0.01688 ,2.92052 ,2.89783 ,0.03074 ,3.63687 ,3.69917 ,0.03444 ,2043,0.03214 ,0.19935 ,0.51138 
20430000 ,2.32539 ,2.36636 ,0.00525 ,2.92603 ,2.89089 ,0.01185 ,3.63687 ,3.69494 ,0.01643 ,2044,0.05463 ,0.20641 ,0.52514 
20440000 ,2.32539 ,2.33351 ,0.00848 ,2.92603 ,2.96810 ,0.05278 ,3.64238 ,3.67989 ,0.01443 ,2045,0.05122 ,0.20779 ,0.51560 
20450000 ,2.32539 ,2.35818 ,0.03393 ,2.92603 ,2.88465 ,0.03262 ,3.64238 ,3.68317 ,0.01351 ,2046,0.03055 ,0.21872 ,0.51666 
20460000 ,2.32539 ,2.36353 ,0.03706 ,2.92603 ,2.89816 ,0.02900 ,3.64238 ,3.67656 ,0.02154 ,2047,0.02970 ,0.20395 ,0.50177 
20470000 ,2.32539 ,2.37862 ,0.04833 ,2.92603 ,2.97929 ,0.00364 ,3.64238 ,3.71015 ,0.02214 ,2048,0.04862 ,0.20150 ,0.50837 
20480000 ,2.33090 ,2.36517 ,0.00533 ,2.92603 ,2.96072 ,0.02497 ,3.64238 ,3.74068 ,0.00531 ,2049,0.03651 ,0.20345 ,0.51192 
20490000 ,2.33090 ,2.32852 ,0.03269 ,2.93154 ,2.92489 ,0.01097 ,3.64789 ,3.68048 ,0.02550 ,2050,0.03061 ,0.20115 ,0.48061 
20500000 ,2.33090 ,2.31002 ,0.00470 ,2.93154 ,2.93705 ,0.02523 ,3.64789 ,3.75327 ,0.02686 ,2051,0.02715 ,0.19272 ,0.49863 
20510000 ,2.33090 ,2.36223 ,0.02038 ,2.93154 ,2.91650 ,0.01009 ,3.64789 ,3.77971 ,0.01338 ,2052,0.02961 ,0.20424 ,0.48050 
20520000 ,2.33090 ,2.32774 ,0.02637 ,2.93154 ,2.92307 ,0.02294 ,3.64789 ,3.66638 ,0.01163 ,2053,0.04938 ,0.18173 ,0.49407 
20530000 ,2.33641 ,2.36710 ,0.03029 ,2.93154 ,2.97263 ,0.03378 ,3.64789 ,3.66943 ,0.00459 ,2054,0.03150 ,0.19106 ,0.49509 
20540000 ,2.33641 ,2.36177 ,0.03858 ,2.93705 ,2.91944 ,0.02873 ,3.64789 ,3.66284 ,0.02504 ,2055,0.04184 ,0.19173 ,0.48837 
20550000 ,2.33641 ,2.38514 ,0.03053 ,2.93705 ,2.93935 ,0.03939 ,3.65340 ,3.76620 ,0.04733 ,2056,0.00914 ,0.19312 ,0.48894 
20560000 ,2.33641 ,2.40846 ,0.02247 ,2.93705 ,2.96803 ,0.00439 ,3.65340 ,3.75309 ,0.01998 ,2057,0.02446 ,0.22550 ,0.50251 
20570000 ,2.33641 ,2.34332 ,0.01875 ,2.93705 ,2.93952 ,0.01407 ,3.65340 ,3.73358 ,0.00696 ,2058,0.02716 ,0.22688 ,0.50369 
20580000 ,2.33641 ,2.38285 ,0.03839 ,2.93705 ,2.95760 ,0.04387 ,3.65340 ,3.75221 ,0.03673 ,2059,0.03132 ,0.19493 ,0.52357 
20590000 ,2.33641 ,2.39448 ,0.04075 ,2.93705 ,2.99744 ,0.01999 ,3.65891 ,3.67798 ,0.01681 ,2060,0.00847 ,0.19586 ,0.51685 
20600000 ,2.34192 ,2.44145 ,0.04721 ,2.94256 ,2.94357 ,0.03299 ,3.65891 ,3.69847 ,0.03076 ,2061,0.01344 ,0.20520 ,0.52302 
20610000 ,2.34192 ,2.31355 ,0.03377 ,2.94256 ,2.95403 ,0.02634 ,3.65891 ,3.75033 ,0.02217 ,2062,0.02785 ,0.18928 ,0.50772 
20620000 ,2.34192 ,2.38858 ,0.00708 ,2.94256 ,2.99030 ,0.02795 ,3.65891 ,3.68091 ,0.04031 ,2063,0.03032 ,0.21901 ,0.51501 
20630000 ,2.34192 ,2.29969 ,0.03388 ,2.94256 ,2.97733 ,0.03415 ,3.66442 ,3.75890 ,0.01102 ,2064,0.03157 ,0.21636 ,0.51608 
20640000 ,2.34192 ,2.37267 ,0.02526 ,2.94807 ,2.97042 ,0.02561 ,3.66442 ,3.74588 ,0.02395 ,2065,0.04191 ,0.22479 ,0.48761 
20650000 ,2.34192 ,2.28341 ,0.00905 ,2.94807 ,2.90895 ,0.02088 ,3.66442 ,3.69361 ,0.02405 ,2066,0.00920 ,0.18577 ,0.49405 
20660000 ,2.34743 ,2.30603 ,0.03240 ,2.94807 ,2.90188 ,0.03829 ,3.66442 ,3.73567 ,0.04979 ,2067,0.03798 ,0.18772 ,0.50064 
20670000 ,2.34743 ,2.32808 ,0.01654 ,2.94807 ,2.96747 ,0.05796 ,3.66442 ,3.70857 ,0.00345 ,2068,0.04832 ,0.18541 ,0.50277 
20680000 ,2.34743 ,2.40360 ,0.03248 ,2.94807 ,2.96638 ,0.01194 ,3.66993 ,3.68318 ,0.03210 ,2069,0.02276 ,0.22276 ,0.49605 
20690000 ,2.34743 ,2.34276 ,0.01977 ,2.94807 ,2.96199 ,0.01492 ,3.66993 ,3.69667 ,0.04910 ,2070,0.06532 ,0.22414 ,0.48531 
20700000 ,2.35295 ,2.38958 ,0.03042 ,2.95358 ,2.91670 ,0.02006 ,3.66993 ,3.72928 ,0.03701 ,2071,0.06948 ,0.22050 ,0.49190 
20710000 ,2.35295 ,2.29651 ,0.02868 ,2.95358 ,2.98797 ,0.02283 ,3.66993 ,3.76573 ,0.02986 ,2072,0.03508 ,0.21251 ,0.49545 
20720000 ,2.35295 ,2.38295 ,0.01783 ,2.95358 ,2.96806 ,0.03732 ,3.67544 ,3.72481 ,0.03155 ,2073,0.03891 ,0.21112 ,0.51255 
20730000 ,2.35295 ,2.32269 ,0.01549 ,2.95358 ,3.03166 ,0.02441 ,3.67544 ,3.72807 ,0.00535 ,2074,0.04361 ,0.19882 ,0.50583 
20740000 ,2.35295 ,2.35800 ,0.00402 ,2.95358 ,2.93998 ,0.01712 ,3.67544 ,3.76292 ,0.02149 ,2075,0.04398 ,0.19739 ,0.51200 
20750000 ,2.35295 ,2.37958 ,0.01913 ,2.95909 ,2.96547 ,0.02714 ,3.67544 ,3.72542 ,0.02011 ,2076,0.05647 ,0.20045 ,0.50708 
20760000 ,2.35295 ,2.35638 ,0.01258 ,2.95909 ,2.91293 ,0.03109 ,3.67544 ,3.70717 ,0.02805 ,2077,0.03580 ,0.19814 ,0.51508 
20770000 ,2.35295 ,2.40584 ,0.00933 ,2.95909 ,2.94283 ,0.01732 ,3.68095 ,3.67877 ,0.04279 ,2078,0.04464 ,0.21186 ,0.51241 
20780000 ,2.35846 ,2.39445 ,0.01504 ,2.95909 ,3.01863 ,0.01801 ,3.68095 ,3.74267 ,0.01343 ,2079,0.03332 ,0.21047 ,0.51601 
20790000 ,2.35846 ,2.40665 ,0.03133 ,2.95909 ,2.91668 ,0.01571 ,3.68095 ,3.67849 ,0.04876 ,2080,0.03651 ,0.20012 ,0.52213 
20800000 ,2.35846 ,2.43513 ,0.01741 ,2.96460 ,2.95767 ,0.03588 ,3.68095 ,3.72847 ,0.01658 ,2081,0.04187 ,0.19560 ,0.50478 
20810000 ,2.35846 ,2.34787 ,0.03988 ,2.96460 ,2.95579 ,0.01623 ,3.68095 ,3.69802 ,0.03131 ,2082,0.03236 ,0.19867 ,0.49464 
20820000 ,2.35846 ,2.39115 ,0.03131 ,2.96460 ,2.97747 ,0.01519 ,3.68646 ,3.68537 ,0.04049 ,2083,0.03556 ,0.19471 ,0.51266 
20830000 ,2.35846 ,2.33201 ,0.01070 ,2.96460 ,2.97187 ,0.01216 ,3.68646 ,3.74239 ,0.03374 ,2084,0.05208 ,0.21153 ,0.50227 
20840000 ,2.35846 ,2.39074 ,0.02684 ,2.96460 ,2.96396 ,0.01102 ,3.68646 ,3.74612 ,0.02929 ,2085,0.06168 ,0.21009 ,0.51202 
20850000 ,2.36397 ,2.37375 ,0.01945 ,2.97011 ,2.98387 ,0.03985 ,3.68646 ,3.82442 ,0.01181 ,2086,0.04280 ,0.21201 ,0.50147 
20860000 ,2.36397 ,2.40133 ,0.02770 ,2.97011 ,2.92874 ,0.01702 ,3.69197 ,3.73192 ,0.02815 ,2087,0.03513 ,0.20749 ,0.50901 
20870000 ,2.36397 ,2.37636 ,0.02037 ,2.97011 ,2.93486 ,0.01824 ,3.69197 ,3.78023 ,0.01704 ,2088,0.05170 ,0.21731 ,0.48846 
20880000 ,2.36397 ,2.41495 ,0.01109 ,2.97011 ,2.97451 ,0.05017 ,3.69197 ,3.75046 ,0.01627 ,2089,0.03102 ,0.21869 ,0.50203 
20890000 ,2.36948 ,2.35702 ,0.02616 ,2.97011 ,2.98530 ,0.01997 ,3.69197 ,3.75329 ,0.03735 ,2090,0.04392 ,0.21801 ,0.50015 
20900000 ,2.36948 ,2.42075 ,0.01847 ,2.97562 ,2.97547 ,0.02175 ,3.69197 ,3.72484 ,0.02946 ,2091,0.01575 ,0.21570 ,0.50674 
20910000 ,2.36948 ,2.41995 ,0.01695 ,2.97562 ,2.93691 ,0.01439 ,3.69748 ,3.71893 ,0.03125 ,2092,0.06129 ,0.21665 ,0.49951 
20920000 ,2.36948 ,2.41520 ,0.02130 ,2.97562 ,2.95118 ,0.03408 ,3.69748 ,3.77954 ,0.00631 ,2093,0.06546 ,0.22372 ,0.51753 
20930000 ,2.36948 ,2.44734 ,0.00808 ,2.97562 ,2.98135 ,0.01480 ,3.69748 ,3.82493 ,0.02135 ,2094,0.03106 ,0.22510 ,0.49939 
20940000 ,2.36948 ,2.46786 ,0.03415 ,2.97562 ,2.99731 ,0.02536 ,3.69748 ,3.76581 ,0.02674 ,2095,0.03489 ,0.19170 ,0.51296 
20950000 ,2.37499 ,2.43094 ,0.03773 ,2.97562 ,2.98388 ,0.01749 ,3.69748 ,3.74847 ,0.01166 ,2096,0.03958 ,0.20322 ,0.51398 
20960000 ,2.37499 ,2.40103 ,0.02278 ,2.98113 ,2.98163 ,0.00725 ,3.70300 ,3.72125 ,0.00781 ,2097,0.03996 ,0.18071 ,0.50726 
20970000 ,2.37499 ,2.41010 ,0.01373 ,2.98113 ,2.96082 ,0.03033 ,3.70300 ,3.73977 ,0.02457 ,2098,0.05245 ,0.19004 ,0.52336 
20980000 ,2.37499 ,2.40058 ,0.01407 ,2.98113 ,2.97961 ,0.04257 ,3.70300 ,3.72056 ,0.02750 ,2099,0.03178 ,0.19072 ,0.53310 
20990000 ,2.37499 ,2.39636 ,0.04071 ,2.98113 ,2.98299 ,0.04329 ,3.70851 ,3.69333 ,0.00691 ,2100,0.04304 ,0.19210 ,0.52980 
21000000 ,2.37499 ,2.41144 ,0.02618 ,2.98113 ,2.99159 ,0.01771 ,3.70851 ,3.72676 ,0.02651 ,2101,0.04999 ,0.22448 ,0.53639 
21010000 ,2.37499 ,2.40332 ,0.03230 ,2.98664 ,2.99077 ,0.03304 ,3.70851 ,3.71328 ,0.01198 ,2102,0.03629 ,0.22586 ,0.53852 
21020000 ,2.38050 ,2.35010 ,0.00597 ,2.98664 ,3.00838 ,0.01473 ,3.70851 ,3.74763 ,0.02252 ,2103,0.05068 ,0.20555 ,0.53180 
21030000 ,2.38050 ,2.43710 ,0.01973 ,2.98664 ,2.94393 ,0.03697 ,3.70851 ,3.74316 ,0.03018 ,2104,0.06098 ,0.20415 ,0.50422 
21040000 ,2.38050 ,2.36374 ,0.03345 ,2.98664 ,3.00891 ,0.01612 ,3.71402 ,3.72717 ,0.04167 ,2105,0.04286 ,0.19186 ,0.50498 
21050000 ,2.38050 ,2.40187 ,0.01269 ,2.98664 ,3.00746 ,0.03516 ,3.71402 ,3.80014 ,0.03101 ,2106,0.04460 ,0.19043 ,0.50638 
21060000 ,2.38050 ,2.40472 ,0.00863 ,2.99215 ,2.99396 ,0.04370 ,3.71402 ,3.70064 ,0.01820 ,2107,0.03511 ,0.19349 ,0.52052 
21070000 ,2.38601 ,2.40201 ,0.02216 ,2.99215 ,3.02203 ,0.03441 ,3.71402 ,3.77317 ,0.01197 ,2108,0.05760 ,0.19118 ,0.52023 
21080000 ,2.38601 ,2.41316 ,0.01655 ,2.99215 ,2.95975 ,0.01276 ,3.71402 ,3.73761 ,0.01892 ,2109,0.05420 ,0.17785 ,0.51678 
21090000 ,2.38601 ,2.42925 ,0.00406 ,2.99215 ,2.99959 ,0.01200 ,3.71953 ,3.68130 ,0.02362 ,2110,0.03353 ,0.18719 ,0.51917 
21100000 ,2.38601 ,2.40867 ,0.03764 ,2.99215 ,3.01437 ,0.03876 ,3.71953 ,3.83603 ,0.04051 ,2111,0.04412 ,0.18924 ,0.50500 
21110000 ,2.38601 ,2.40917 ,0.00926 ,2.99215 ,2.96849 ,0.03219 ,3.71953 ,3.76201 ,0.01568 ,2112,0.04908 ,0.19366 ,0.50641 
21120000 ,2.38601 ,2.41131 ,0.04301 ,2.99766 ,3.01567 ,0.03023 ,3.71953 ,3.80064 ,0.00783 ,2113,0.04003 ,0.20519 ,0.51170 
21130000 ,2.38601 ,2.40198 ,0.03317 ,2.99766 ,3.02297 ,0.05282 ,3.72504 ,3.77262 ,0.03054 ,2114,0.04698 ,0.18127 ,0.51969 
21140000 ,2.39152 ,2.43776 ,0.02008 ,2.99766 ,2.96995 ,0.00775 ,3.72504 ,3.81258 ,0.06627 ,2115,0.03566 ,0.21668 ,0.52941 
21150000 ,2.39152 ,2.42663 ,0.01498 ,2.99766 ,3.01955 ,0.02274 ,3.72504 ,3.85554 ,0.02900 ,2116,0.03885 ,0.21529 ,0.52452 
21160000 ,2.39152 ,2.42970 ,0.03455 ,2.99766 ,3.06833 ,0.01405 ,3.72504 ,3.80440 ,0.00173 ,2117,0.04877 ,0.19656 ,0.54209 
21170000 ,2.39152 ,2.43233 ,0.03031 ,3.00317 ,2.94857 ,0.03641 ,3.72504 ,3.80556 ,0.02093 ,2118,0.05572 ,0.20589 ,0.52608 
21180000 ,2.39152 ,2.42774 ,0.02087 ,3.00317 ,3.05471 ,0.04684 ,3.73055 ,3.82193 ,0.04532 ,2119,0.04201 ,0.20386 ,0.53593 
21190000 ,2.39152 ,2.44330 ,0.03162 ,3.00317 ,3.02881 ,0.03821 ,3.73055 ,3.78848 ,0.00237 ,2120,0.05234 ,0.21384 ,0.51045 
21200000 ,2.39703 ,2.36526 ,0.01731 ,3.00317 ,2.98464 ,0.00888 ,3.73055 ,3.79079 ,0.03791 ,2121,0.05554 ,0.21497 ,0.52570 
21210000 ,2.39703 ,2.38095 ,0.03797 ,3.00868 ,2.96707 ,0.02020 ,3.73055 ,3.81086 ,0.01017 ,2122,0.05279 ,0.19914 ,0.53555 
21220000 ,2.39703 ,2.45723 ,0.02540 ,3.00868 ,2.95435 ,0.00746 ,3.73055 ,3.80887 ,0.01032 ,2123,0.04673 ,0.19945 ,0.47114 
21230000 ,2.39703 ,2.40391 ,0.01868 ,3.00868 ,3.00513 ,0.02367 ,3.73606 ,3.82939 ,0.01290 ,2124,0.04920 ,0.20862 ,0.48360 
21240000 ,2.40254 ,2.44457 ,0.01870 ,3.00868 ,3.00514 ,0.01837 ,3.73606 ,3.79521 ,0.05722 ,2125,0.03577 ,0.21593 ,0.50685 
21250000 ,2.40254 ,2.39146 ,0.02277 ,3.00868 ,3.00486 ,0.04030 ,3.73606 ,3.83306 ,0.02444 ,2126,0.04607 ,0.21450 ,0.50656 
21260000 ,2.40254 ,2.44993 ,0.02734 ,3.01419 ,2.99917 ,0.03214 ,3.73606 ,3.82762 ,0.02184 ,2127,0.02996 ,0.21771 ,0.50311 
21270000 ,2.40254 ,2.36505 ,0.01578 ,3.01419 ,3.00983 ,0.02507 ,3.74157 ,3.83709 ,0.02701 ,2128,0.03955 ,0.21432 ,0.48594 
21280000 ,2.40254 ,2.38899 ,0.01984 ,3.01419 ,3.05638 ,0.03463 ,3.74157 ,3.82008 ,0.01278 ,2129,0.04161 ,0.21202 ,0.50440 
21290000 ,2.40254 ,2.37703 ,0.03268 ,3.01419 ,3.05681 ,0.05412 ,3.74157 ,3.81340 ,0.01953 ,2130,0.03211 ,0.21302 ,0.51116 
21300000 ,2.40254 ,2.39889 ,0.02517 ,3.01419 ,3.03880 ,0.00914 ,3.74157 ,3.80990 ,0.01220 ,2131,0.03530 ,0.21811 ,0.51940 
21310000 ,2.40805 ,2.43980 ,0.01872 ,3.01419 ,3.10113 ,0.02611 ,3.74157 ,3.79272 ,0.01727 ,2132,0.05673 ,0.23090 ,0.50457 
21320000 ,2.40805 ,2.40299 ,0.02571 ,3.01970 ,3.05163 ,0.03777 ,3.74708 ,3.81269 ,0.00586 ,2133,0.06703 ,0.21677 ,0.51431 
21330000 ,2.40805 ,2.42152 ,0.03288 ,3.01970 ,3.02954 ,0.01928 ,3.74708 ,3.74894 ,0.03227 ,2134,0.04891 ,0.22624 ,0.52361 
21340000 ,2.40805 ,2.39430 ,0.03045 ,3.01970 ,3.01163 ,0.02772 ,3.74708 ,3.72263 ,0.02234 ,2135,0.05065 ,0.23541 ,0.52736 
21350000 ,2.40805 ,2.44236 ,0.01412 ,3.01970 ,3.00548 ,0.03963 ,3.74708 ,3.79158 ,0.02555 ,2136,0.04116 ,0.19955 ,0.53560 
21360000 ,2.40805 ,2.40987 ,0.03900 ,3.01970 ,3.04194 ,0.01308 ,3.74708 ,3.78983 ,0.04333 ,2137,0.06643 ,0.19815 ,0.49327 
21370000 ,2.41356 ,2.46952 ,0.03531 ,3.01970 ,3.04606 ,0.03308 ,3.75259 ,3.77242 ,0.01175 ,2138,0.07602 ,0.18780 ,0.48747 
21380000 ,2.41356 ,2.46025 ,0.03158 ,3.02521 ,3.04360 ,0.03662 ,3.75259 ,3.81488 ,0.02160 ,2139,0.05367 ,0.18329 ,0.50370 
21390000 ,2.41356 ,2.46898 ,0.04371 ,3.02521 ,2.98790 ,0.03001 ,3.75259 ,3.81514 ,0.01775 ,2140,0.05686 ,0.18635 ,0.51344 
21400000 ,2.41356 ,2.43681 ,0.02460 ,3.02521 ,3.03974 ,0.00740 ,3.75810 ,3.84677 ,0.00618 ,2141,0.06361 ,0.18239 ,0.52274 
21410000 ,2.41356 ,2.45430 ,0.02731 ,3.02521 ,3.01745 ,0.03894 ,3.75810 ,3.79581 ,0.01389 ,2142,0.05412 ,0.21847 ,0.53259 
21420000 ,2.41907 ,2.44469 ,0.02964 ,3.03073 ,3.02691 ,0.00387 ,3.75810 ,3.79207 ,0.02070 ,2143,0.04980 ,0.21451 ,0.52649 
21430000 ,2.41907 ,2.40950 ,0.01994 ,3.03073 ,3.08356 ,0.03493 ,3.75810 ,3.82058 ,0.01343 ,2144,0.05939 ,0.21461 ,0.53473 
21440000 ,2.41907 ,2.49577 ,0.01152 ,3.03073 ,3.03242 ,0.01098 ,3.75810 ,3.79934 ,0.03019 ,2145,0.05314 ,0.21614 ,0.49061 
21450000 ,2.41907 ,2.46189 ,0.03121 ,3.03073 ,3.01447 ,0.00546 ,3.76361 ,3.80376 ,0.01120 ,2146,0.05891 ,0.20211 ,0.50000 
21460000 ,2.41907 ,2.45676 ,0.02445 ,3.03073 ,3.06724 ,0.02864 ,3.76361 ,3.81790 ,0.01973 ,2147,0.06851 ,0.20067 ,0.50505 
21470000 ,2.41907 ,2.47144 ,0.01028 ,3.03624 ,3.02782 ,0.01045 ,3.76361 ,3.81437 ,0.01538 ,2148,0.04963 ,0.20259 ,0.50611 
21480000 ,2.41907 ,2.47150 ,0.02577 ,3.03624 ,3.07760 ,0.02603 ,3.76361 ,3.76901 ,0.03629 ,2149,0.04196 ,0.19807 ,0.52391 
21490000 ,2.42458 ,2.42664 ,0.04184 ,3.03624 ,2.99616 ,0.01846 ,3.76361 ,3.83780 ,0.05724 ,2150,0.05853 ,0.20788 ,0.50459 
21500000 ,2.42458 ,2.44413 ,0.02648 ,3.03624 ,3.03871 ,0.03263 ,3.76361 ,3.77434 ,0.01048 ,2151,0.03785 ,0.20927 ,0.50600 
21510000 ,2.42458 ,2.41050 ,0.02774 ,3.03624 ,3.05049 ,0.02052 ,3.76912 ,3.86009 ,0.03060 ,2152,0.07168 ,0.21224 ,0.51128 
21520000 ,2.42458 ,2.38083 ,0.01825 ,3.04175 ,2.99856 ,0.01632 ,3.76912 ,3.87089 ,0.03396 ,2153,0.06828 ,0.21080 ,0.51928 
21530000 ,2.42458 ,2.45701 ,0.01065 ,3.04175 ,3.02268 ,0.03275 ,3.76912 ,3.79902 ,0.01389 ,2154,0.04761 ,0.21401 ,0.52900 
21540000 ,2.42458 ,2.46700 ,0.01478 ,3.04175 ,3.05302 ,0.02616 ,3.77463 ,3.84122 ,0.02284 ,2155,0.03326 ,0.21246 ,0.52411 
21550000 ,2.43009 ,2.49654 ,0.01114 ,3.04175 ,3.05639 ,0.02654 ,3.77463 ,3.84021 ,0.02352 ,2156,0.04812 ,0.20794 ,0.54168 
21560000 ,2.43009 ,2.45332 ,0.00903 ,3.04175 ,2.98889 ,0.02124 ,3.77463 ,3.79200 ,0.03707 ,2157,0.03862 ,0.22013 ,0.52567 
21570000 ,2.43009 ,2.43307 ,0.02989 ,3.04175 ,3.11733 ,0.02415 ,3.77463 ,3.82572 ,0.01161 ,2158,0.04181 ,0.20469 ,0.53552 
21580000 ,2.43009 ,2.52037 ,0.02857 ,3.04726 ,2.98916 ,0.02083 ,3.77463 ,3.76911 ,0.01484 ,2159,0.03834 ,0.23332 ,0.51003 
21590000 ,2.43560 ,2.50742 ,0.01960 ,3.04726 ,3.08795 ,0.02105 ,3.78014 ,3.83808 ,0.04170 ,2160,0.05726 ,0.22653 ,0.52529 
21600000 ,2.43560 ,2.47519 ,0.03144 ,3.04726 ,3.06966 ,0.01484 ,3.78014 ,3.83268 ,0.00840 ,2161,0.05213 ,0.20181 ,0.53514 
21610000 ,2.43560 ,2.47830 ,0.02460 ,3.04726 ,3.12301 ,0.02414 ,3.78014 ,3.88071 ,0.04672 ,2162,0.04263 ,0.20601 ,0.49666 
21620000 ,2.43560 ,2.50145 ,0.01551 ,3.04726 ,3.06290 ,0.03135 ,3.78014 ,3.78963 ,0.02266 ,2163,0.04582 ,0.20370 ,0.50941 
21630000 ,2.43560 ,2.38903 ,0.01441 ,3.05277 ,3.00545 ,0.02183 ,3.78014 ,3.85256 ,0.01480 ,2164,0.05943 ,0.20470 ,0.51738 
21640000 ,2.43560 ,2.46739 ,0.01167 ,3.05277 ,3.08774 ,0.02679 ,3.78565 ,3.87933 ,0.02071 ,2165,0.04788 ,0.20979 ,0.51827 
21650000 ,2.43560 ,2.38666 ,0.00802 ,3.05277 ,3.04610 ,0.02154 ,3.78565 ,3.88781 ,0.02146 ,2166,0.06012 ,0.21695 ,0.52147 
21660000 ,2.44111 ,2.46540 ,0.03049 ,3.05277 ,3.04173 ,0.02275 ,3.78565 ,3.84530 ,0.01817 ,2167,0.06972 ,0.21038 ,0.51001 
21670000 ,2.44111 ,2.46991 ,0.01106 ,3.05828 ,3.04060 ,0.02346 ,3.78565 ,3.77910 ,0.03662 ,2168,0.05974 ,0.21047 ,0.50421 
21680000 ,2.44111 ,2.48096 ,0.00713 ,3.05828 ,2.99758 ,0.02748 ,3.79116 ,3.81269 ,0.03055 ,2169,0.04997 ,0.21201 ,0.51845 
21690000 ,2.44111 ,2.52251 ,0.01134 ,3.05828 ,3.08785 ,0.02451 ,3.79116 ,3.77175 ,0.01051 ,2170,0.04184 ,0.23282 ,0.51911 
21700000 ,2.44111 ,2.44797 ,0.01967 ,3.05828 ,3.09420 ,0.03071 ,3.79116 ,3.84783 ,0.02264 ,2171,0.04601 ,0.22603 ,0.52721 
21710000 ,2.44111 ,2.43067 ,0.03454 ,3.05828 ,3.06152 ,0.04678 ,3.79116 ,3.84451 ,0.04778 ,2172,0.03646 ,0.21878 ,0.53364 
21720000 ,2.44111 ,2.49455 ,0.04034 ,3.05828 ,3.06708 ,0.01596 ,3.79116 ,3.83305 ,0.03033 ,2173,0.03243 ,0.22017 ,0.53564 
21730000 ,2.44662 ,2.48258 ,0.01725 ,3.06379 ,3.11942 ,0.03751 ,3.79667 ,3.85534 ,0.03786 ,2174,0.03660 ,0.22407 ,0.49070 
21740000 ,2.44662 ,2.48669 ,0.03360 ,3.06379 ,3.03908 ,0.02761 ,3.79667 ,3.86842 ,0.02169 ,2175,0.01375 ,0.20994 ,0.50930 
21750000 ,2.44662 ,2.47097 ,0.02020 ,3.06379 ,3.07975 ,0.01516 ,3.79667 ,3.87828 ,0.02534 ,2176,0.01871 ,0.21942 ,0.50140 
21760000 ,2.44662 ,2.39812 ,0.01873 ,3.06379 ,3.09094 ,0.04578 ,3.79667 ,3.79467 ,0.02813 ,2177,0.03313 ,0.22858 ,0.50753 
21770000 ,2.45213 ,2.46648 ,0.05859 ,3.06379 ,3.08341 ,0.02203 ,3.80218 ,3.86923 ,0.01593 ,2178,0.03560 ,0.20993 ,0.52613 
21780000 ,2.45213 ,2.52712 ,0.03085 ,3.06930 ,3.09293 ,0.04953 ,3.80218 ,3.90694 ,0.02380 ,2179,0.02968 ,0.20854 ,0.52034 
21790000 ,2.45213 ,2.46618 ,0.03340 ,3.06930 ,3.01983 ,0.03079 ,3.80218 ,3.80711 ,0.02007 ,2180,0.03175 ,0.19674 ,0.53410 
21800000 ,2.45213 ,2.45743 ,0.01203 ,3.06930 ,3.06809 ,0.03077 ,3.80218 ,3.89875 ,0.02573 ,2181,0.03421 ,0.21196 ,0.52456 
21810000 ,2.45213 ,2.46794 ,0.02124 ,3.06930 ,3.09717 ,0.02964 ,3.80769 ,3.87814 ,0.02193 ,2182,0.03453 ,0.22073 ,0.52562 
21820000 ,2.45213 ,2.49202 ,0.00785 ,3.06930 ,3.08520 ,0.04154 ,3.80769 ,3.82290 ,0.02276 ,2183,0.03869 ,0.21621 ,0.52871 
21830000 ,2.45213 ,2.53760 ,0.01329 ,3.07481 ,3.10610 ,0.04320 ,3.80769 ,3.80753 ,0.02266 ,2184,0.02915 ,0.20523 ,0.53601 
21840000 ,2.45764 ,2.45304 ,0.03308 ,3.07481 ,3.15473 ,0.02435 ,3.80769 ,3.79714 ,0.03158 ,2185,0.03935 ,0.20383 ,0.53707 
21850000 ,2.45764 ,2.48304 ,0.03210 ,3.07481 ,3.05296 ,0.01214 ,3.80769 ,3.81154 ,0.04110 ,2186,0.01940 ,0.19349 ,0.50470 
21860000 ,2.45764 ,2.49146 ,0.02656 ,3.07481 ,3.07148 ,0.01834 ,3.81320 ,3.90380 ,0.03613 ,2187,0.03329 ,0.18897 ,0.49890 
21870000 ,2.45764 ,2.44144 ,0.02006 ,3.07481 ,3.11503 ,0.01183 ,3.81320 ,3.87430 ,0.01710 ,2188,0.02373 ,0.19203 ,0.51513 
21880000 ,2.45764 ,2.51813 ,0.03005 ,3.08032 ,3.10499 ,0.03550 ,3.81320 ,3.84867 ,0.01261 ,2189,0.03403 ,0.18807 ,0.52487 
21890000 ,2.46316 ,2.43155 ,0.02811 ,3.08032 ,3.10276 ,0.03387 ,3.81320 ,3.84564 ,0.02319 ,2190,0.03504 ,0.22415 ,0.53417 
21900000 ,2.46316 ,2.51400 ,0.02911 ,3.08032 ,3.01859 ,0.00469 ,3.81320 ,3.89041 ,0.01159 ,2191,0.02032 ,0.20111 ,0.54402 
21910000 ,2.46316 ,2.46122 ,0.02701 ,3.08032 ,3.01247 ,0.03439 ,3.81872 ,3.90956 ,0.01038 ,2192,0.03062 ,0.20988 ,0.53792 
21920000 ,2.46316 ,2.54003 ,0.02716 ,3.08032 ,3.09420 ,0.02270 ,3.81872 ,3.87179 ,0.02229 ,2193,0.03366 ,0.20536 ,0.54616 
21930000 ,2.46316 ,2.41565 ,0.02821 ,3.08583 ,3.04079 ,0.04024 ,3.81872 ,3.84468 ,0.00880 ,2194,0.01498 ,0.21463 ,0.50645 
21940000 ,2.46867 ,2.54151 ,0.05094 ,3.08583 ,3.13130 ,0.02221 ,3.82423 ,3.89640 ,0.03480 ,2195,0.01994 ,0.21194 ,0.50711 
21950000 ,2.46867 ,2.45683 ,0.01478 ,3.08583 ,3.10917 ,0.00304 ,3.82423 ,3.94601 ,0.01384 ,2196,0.05242 ,0.20070 ,0.51370 
21960000 ,2.46867 ,2.53813 ,0.03535 ,3.08583 ,3.06571 ,0.02305 ,3.82423 ,3.85769 ,0.02989 ,2197,0.03247 ,0.21633 ,0.50287 
21970000 ,2.46867 ,2.50946 ,0.02898 ,3.08583 ,3.11552 ,0.04390 ,3.82423 ,3.88139 ,0.01979 ,2198,0.04636 ,0.18828 ,0.51568 
21980000 ,2.46867 ,2.51464 ,0.02882 ,3.08583 ,3.10698 ,0.01870 ,3.82423 ,3.87233 ,0.00640 ,2199,0.03680 ,0.19024 ,0.51990 
21990000 ,2.46867 ,2.52981 ,0.03870 ,3.09134 ,3.09699 ,0.02242 ,3.82974 ,3.84817 ,0.02898 ,2200,0.04710 ,0.18793 ,0.52097 
22000000 ,2.46867 ,2.44211 ,0.04985 ,3.09134 ,3.13414 ,0.05526 ,3.82974 ,3.95318 ,0.03445 ,2201,0.03560 ,0.20900 ,0.49740 
22010000 ,2.47417 ,2.44962 ,0.02384 ,3.09134 ,3.10480 ,0.03138 ,3.82974 ,3.93753 ,0.06364 ,2202,0.04056 ,0.20699 ,0.51266 
22020000 ,2.47417 ,2.56332 ,0.03099 ,3.09134 ,3.14913 ,0.04914 ,3.82974 ,3.89437 ,0.00521 ,2203,0.03613 ,0.21576 ,0.52251 
22030000 ,2.47417 ,2.56314 ,0.01514 ,3.09685 ,3.09998 ,0.00680 ,3.82974 ,3.91571 ,0.02473 ,2204,0.05002 ,0.21124 ,0.51656 
22040000 ,2.47417 ,2.51740 ,0.01017 ,3.09685 ,3.13790 ,0.00971 ,3.82974 ,3.88675 ,0.03145 ,2205,0.03724 ,0.22850 ,0.51538 
22050000 ,2.47417 ,2.50413 ,0.03515 ,3.09685 ,3.12118 ,0.03773 ,3.83525 ,3.92091 ,0.00771 ,2206,0.04684 ,0.18973 ,0.52198 
22060000 ,2.47417 ,2.45162 ,0.02927 ,3.09685 ,3.11362 ,0.00902 ,3.83525 ,3.89373 ,0.03156 ,2207,0.05516 ,0.19168 ,0.53089 
22070000 ,2.47968 ,2.48464 ,0.04909 ,3.09685 ,3.08519 ,0.02682 ,3.83525 ,3.84829 ,0.02203 ,2208,0.05763 ,0.18938 ,0.54074 
22080000 ,2.47968 ,2.43702 ,0.00490 ,3.10236 ,3.11432 ,0.00727 ,3.84076 ,3.93704 ,0.02661 ,2209,0.04420 ,0.20683 ,0.53849 
22090000 ,2.47968 ,2.56890 ,0.01701 ,3.10236 ,3.07165 ,0.01364 ,3.84076 ,3.87623 ,0.01407 ,2210,0.05450 ,0.20539 ,0.54675 
22100000 ,2.47968 ,2.53134 ,0.02713 ,3.10236 ,3.09675 ,0.03561 ,3.84076 ,3.89897 ,0.01923 ,2211,0.03838 ,0.20730 ,0.53549 
22110000 ,2.48519 ,2.53634 ,0.01382 ,3.10236 ,3.17129 ,0.03579 ,3.84076 ,3.88647 ,0.02875 ,2212,0.04798 ,0.20279 ,0.53656 
22120000 ,2.48519 ,2.52723 ,0.01336 ,3.10236 ,3.07277 ,0.01811 ,3.84076 ,3.90930 ,0.03557 ,2213,0.03418 ,0.21260 ,0.54233 
22130000 ,2.48519 ,2.49109 ,0.01472 ,3.10236 ,3.11014 ,0.01886 ,3.84627 ,3.90889 ,0.02727 ,2214,0.03624 ,0.21399 ,0.51934 
22140000 ,2.48519 ,2.47214 ,0.04858 ,3.10787 ,3.10981 ,0.01346 ,3.84627 ,3.94905 ,0.02255 ,2215,0.03871 ,0.21696 ,0.52577 
22150000 ,2.48519 ,2.54090 ,0.01345 ,3.10787 ,3.10086 ,0.00576 ,3.84627 ,3.95825 ,0.02281 ,2216,0.04950 ,0.21552 ,0.52778 
22160000 ,2.48519 ,2.44969 ,0.02817 ,3.10787 ,3.12618 ,0.01791 ,3.84627 ,3.93370 ,0.03129 ,2217,0.03479 ,0.21873 ,0.50855 
22170000 ,2.48519 ,2.45639 ,0.01904 ,3.10787 ,3.12066 ,0.04120 ,3.84627 ,3.91659 ,0.01762 ,2218,0.04509 ,0.21718 ,0.51829 
22180000 ,2.49070 ,2.44728 ,0.01063 ,3.11338 ,3.12058 ,0.00599 ,3.85178 ,3.82175 ,0.01427 ,2219,0.05937 ,0.21266 ,0.52759 
22190000 ,2.49070 ,2.48157 ,0.03916 ,3.11338 ,3.11378 ,0.00569 ,3.85178 ,3.90511 ,0.04703 ,2220,0.06183 ,0.22485 ,0.53744 
22200000 ,2.49070 ,2.51399 ,0.03195 ,3.11338 ,3.13409 ,0.01967 ,3.85178 ,3.92161 ,0.03102 ,2221,0.04841 ,0.20941 ,0.53134 
22210000 ,2.49070 ,2.54507 ,0.04943 ,3.11338 ,3.07676 ,0.02768 ,3.85178 ,3.92171 ,0.01023 ,2222,0.05871 ,0.23804 ,0.53958 
22220000 ,2.49070 ,2.48632 ,0.02340 ,3.11338 ,3.09951 ,0.00499 ,3.85729 ,4.00132 ,0.01343 ,2223,0.04259 ,0.23125 ,0.51527 
22230000 ,2.49070 ,2.45562 ,0.01797 ,3.11889 ,3.12163 ,0.01625 ,3.85729 ,3.92076 ,0.02595 ,2224,0.05218 ,0.20226 ,0.52186 
22240000 ,2.49070 ,2.50122 ,0.02054 ,3.11889 ,3.16769 ,0.02320 ,3.85729 ,3.94119 ,0.03971 ,2225,0.01126 ,0.21103 ,0.53077 
22250000 ,2.49621 ,2.49445 ,0.02611 ,3.11889 ,3.08454 ,0.01247 ,3.85729 ,3.94599 ,0.01966 ,2226,0.02081 ,0.20652 ,0.53838 
22260000 ,2.49621 ,2.54845 ,0.02794 ,3.11889 ,3.10786 ,0.00684 ,3.86280 ,3.91890 ,0.03739 ,2227,0.01982 ,0.21579 ,0.53693 
22270000 ,2.49621 ,2.51486 ,0.02984 ,3.11889 ,3.12889 ,0.00807 ,3.86280 ,3.93407 ,0.00902 ,2228,0.03016 ,0.21310 ,0.53022 
22280000 ,2.49621 ,2.52861 ,0.02542 ,3.12440 ,3.14206 ,0.02970 ,3.86280 ,3.83518 ,0.00439 ,2229,0.03368 ,0.20186 ,0.54443 
22290000 ,2.50173 ,2.49307 ,0.01134 ,3.12440 ,3.10405 ,0.03436 ,3.86280 ,3.92593 ,0.04475 ,2230,0.03615 ,0.22079 ,0.55267 
22300000 ,2.50173 ,2.47446 ,0.03261 ,3.12440 ,3.13010 ,0.00697 ,3.86280 ,3.93790 ,0.00556 ,2231,0.01519 ,0.22217 ,0.54438 
22310000 ,2.50173 ,2.54555 ,0.02770 ,3.12440 ,3.05803 ,0.04282 ,3.86831 ,3.96360 ,0.01137 ,2232,0.02473 ,0.22677 ,0.55263 
22320000 ,2.50173 ,2.47600 ,0.02506 ,3.12440 ,3.14188 ,0.02319 ,3.86831 ,3.91181 ,0.02793 ,2233,0.02272 ,0.21998 ,0.52469 
22330000 ,2.50173 ,2.52157 ,0.03245 ,3.12991 ,3.12038 ,0.02188 ,3.86831 ,3.91105 ,0.00606 ,2234,0.03302 ,0.21783 ,0.53198 
22340000 ,2.50173 ,2.49414 ,0.02278 ,3.12991 ,3.10868 ,0.02216 ,3.86831 ,3.95110 ,0.01502 ,2235,0.04379 ,0.21552 ,0.53305 
22350000 ,2.50724 ,2.52911 ,0.04939 ,3.12991 ,3.13303 ,0.04334 ,3.87382 ,3.93025 ,0.01412 ,2236,0.04625 ,0.21647 ,0.53772 
22360000 ,2.50724 ,2.52804 ,0.01684 ,3.12991 ,3.12684 ,0.02461 ,3.87382 ,3.93312 ,0.03548 ,2237,0.03283 ,0.22354 ,0.53878 
22370000 ,2.50724 ,2.52993 ,0.04829 ,3.12991 ,3.18102 ,0.01491 ,3.87382 ,3.94156 ,0.01423 ,2238,0.04313 ,0.22492 ,0.54456 
22380000 ,2.50724 ,2.49136 ,0.03238 ,3.12991 ,3.20084 ,0.03332 ,3.87382 ,3.90196 ,0.01220 ,2239,0.02701 ,0.23210 ,0.51268 
22390000 ,2.50724 ,2.47666 ,0.02845 ,3.13542 ,3.12077 ,0.00333 ,3.87382 ,3.91968 ,0.02980 ,2240,0.03660 ,0.22814 ,0.51480 
22400000 ,2.50724 ,2.57469 ,0.01200 ,3.13542 ,3.14379 ,0.01446 ,3.87933 ,4.00164 ,0.02650 ,2241,0.01623 ,0.22785 ,0.49734 
22410000 ,2.51275 ,2.49584 ,0.04737 ,3.13542 ,3.17267 ,0.01423 ,3.87933 ,3.87637 ,0.02088 ,2242,0.02577 ,0.23585 ,0.50394 
22420000 ,2.51275 ,2.56168 ,0.02674 ,3.13542 ,3.11566 ,0.03779 ,3.87933 ,3.92027 ,0.01454 ,2243,0.02376 ,0.23723 ,0.50749 
22430000 ,2.51275 ,2.53486 ,0.03365 ,3.13542 ,3.15994 ,0.02871 ,3.87933 ,3.84966 ,0.01849 ,2244,0.03406 ,0.21657 ,0.52459 
22440000 ,2.51275 ,2.57015 ,0.03494 ,3.14094 ,3.05729 ,0.02785 ,3.87933 ,3.90421 ,0.04516 ,2245,0.04188 ,0.22077 ,0.50859 
22450000 ,2.51275 ,2.54427 ,0.00753 ,3.14094 ,3.10648 ,0.04251 ,3.88484 ,3.96242 ,0.04225 ,2246,0.04817 ,0.21846 ,0.51188 
22460000 ,2.51826 ,2.54205 ,0.01612 ,3.14094 ,3.12569 ,0.02648 ,3.88484 ,3.86340 ,0.02059 ,2247,0.04544 ,0.21947 ,0.51400 
22470000 ,2.51826 ,2.54213 ,0.01715 ,3.14094 ,3.15285 ,0.02480 ,3.88484 ,3.91461 ,0.03538 ,2248,0.05503 ,0.22455 ,0.49727 
22480000 ,2.51826 ,2.53032 ,0.01415 ,3.14645 ,3.15276 ,0.02458 ,3.89035 ,4.00285 ,0.03550 ,2249,0.04878 ,0.23171 ,0.50617 
22490000 ,2.51826 ,2.59975 ,0.02281 ,3.14645 ,3.12237 ,0.01389 ,3.89035 ,3.87696 ,0.02299 ,2250,0.02038 ,0.22514 ,0.51276 
22500000 ,2.51826 ,2.53892 ,0.02337 ,3.14645 ,3.11534 ,0.03323 ,3.89035 ,3.93196 ,0.01626 ,2251,0.02432 ,0.22523 ,0.51113 
22510000 ,2.51826 ,2.59604 ,0.01103 ,3.14645 ,3.15056 ,0.03558 ,3.89035 ,3.92009 ,0.00671 ,2252,0.02622 ,0.22677 ,0.51985 
22520000 ,2.52377 ,2.56556 ,0.02866 ,3.14645 ,3.13354 ,0.00383 ,3.89035 ,3.93556 ,0.00851 ,2253,0.03581 ,0.24758 ,0.52323 
22530000 ,2.52377 ,2.46069 ,0.04296 ,3.15196 ,3.16597 ,0.02828 ,3.89586 ,4.00366 ,0.03399 ,2254,0.02949 ,0.24079 ,0.52169 
22540000 ,2.52377 ,2.56936 ,0.04444 ,3.15196 ,3.07758 ,0.00556 ,3.89586 ,3.97646 ,0.02285 ,2255,0.04236 ,0.22399 ,0.51408 
22550000 ,2.52377 ,2.58186 ,0.01589 ,3.15196 ,3.13351 ,0.03833 ,3.89586 ,3.95265 ,0.00985 ,2256,0.04483 ,0.22882 ,0.52207 
22560000 ,2.52377 ,2.54052 ,0.01074 ,3.15196 ,3.15960 ,0.02716 ,3.89586 ,4.00603 ,0.00615 ,2257,0.04182 ,0.23020 ,0.51707 
22570000 ,2.52377 ,2.59128 ,0.02722 ,3.15196 ,3.14423 ,0.02898 ,3.89586 ,3.90289 ,0.02966 ,2258,0.02719 ,0.23479 ,0.50243 
22580000 ,2.52928 ,2.57843 ,0.02395 ,3.15196 ,3.21510 ,0.06200 ,3.90137 ,3.87082 ,0.01504 ,2259,0.03975 ,0.22800 ,0.51488 
22590000 ,2.52928 ,2.52269 ,0.01909 ,3.15747 ,3.19077 ,0.01732 ,3.90137 ,3.96399 ,0.03008 ,2260,0.06080 ,0.23719 ,0.52681 
22600000 ,2.52928 ,2.58052 ,0.03724 ,3.15747 ,3.11240 ,0.02233 ,3.90137 ,3.92663 ,0.01059 ,2261,0.05222 ,0.23857 ,0.52101 
22610000 ,2.52928 ,2.52177 ,0.04319 ,3.15747 ,3.17628 ,0.03058 ,3.90688 ,3.96300 ,0.02589 ,2262,0.04144 ,0.23492 ,0.50571 
22620000 ,2.53479 ,2.60375 ,0.03774 ,3.15747 ,3.16213 ,0.02448 ,3.90688 ,3.99354 ,0.03419 ,2263,0.04974 ,0.23966 ,0.51370 
22630000 ,2.53479 ,2.57547 ,0.04870 ,3.15747 ,3.22643 ,0.03600 ,3.90688 ,3.94424 ,0.01840 ,2264,0.05242 ,0.24104 ,0.50870 
22640000 ,2.53479 ,2.48740 ,0.02631 ,3.16298 ,3.22264 ,0.02361 ,3.90688 ,4.00676 ,0.02320 ,2265,0.05334 ,0.24495 ,0.51058 
22650000 ,2.53479 ,2.51177 ,0.03395 ,3.16298 ,3.14796 ,0.00898 ,3.90688 ,3.98672 ,0.03707 ,2266,0.06364 ,0.23082 ,0.51857 
22660000 ,2.53479 ,2.64026 ,0.03319 ,3.16298 ,3.17890 ,0.03025 ,3.91239 ,3.88368 ,0.01989 ,2267,0.05046 ,0.24029 ,0.50579 
22670000 ,2.53479 ,2.53962 ,0.01420 ,3.16298 ,3.17674 ,0.03301 ,3.91239 ,3.98548 ,0.02515 ,2268,0.04484 ,0.24946 ,0.51983 
22680000 ,2.53479 ,2.53507 ,0.01120 ,3.16849 ,3.14330 ,0.03921 ,3.91239 ,3.94871 ,0.03663 ,2269,0.02677 ,0.18885 ,0.51295 
22690000 ,2.54030 ,2.54984 ,0.01583 ,3.16849 ,3.16362 ,0.02036 ,3.91239 ,3.92303 ,0.02761 ,2270,0.03916 ,0.20037 ,0.51954 
22700000 ,2.54030 ,2.61381 ,0.04582 ,3.16849 ,3.15198 ,0.03529 ,3.91239 ,3.94535 ,0.01379 ,2271,0.04106 ,0.18786 ,0.52710 
22710000 ,2.54030 ,2.57831 ,0.01561 ,3.16849 ,3.13487 ,0.02525 ,3.91790 ,4.04576 ,0.02282 ,2272,0.05065 ,0.22952 ,0.52776 
22720000 ,2.54030 ,2.59195 ,0.04166 ,3.16849 ,3.17429 ,0.03547 ,3.91790 ,3.92983 ,0.01880 ,2273,0.04031 ,0.23194 ,0.53436 
22730000 ,2.54030 ,2.52755 ,0.03080 ,3.16849 ,3.17654 ,0.00623 ,3.91790 ,3.94816 ,0.01741 ,2274,0.04600 ,0.20712 ,0.47905 
22740000 ,2.54030 ,2.57976 ,0.03586 ,3.17400 ,3.17529 ,0.01699 ,3.91790 ,4.00882 ,0.02360 ,2275,0.03833 ,0.20481 ,0.49151 
22750000 ,2.54581 ,2.58113 ,0.01169 ,3.17400 ,3.15099 ,0.03382 ,3.92341 ,3.90201 ,0.01158 ,2276,0.06504 ,0.20577 ,0.49838 
22760000 ,2.54581 ,2.63254 ,0.02453 ,3.17400 ,3.18551 ,0.02391 ,3.92341 ,3.97379 ,0.03012 ,2277,0.05647 ,0.21283 ,0.50637 
22770000 ,2.54581 ,2.56392 ,0.03470 ,3.17400 ,3.18609 ,0.03614 ,3.92341 ,3.95494 ,0.03011 ,2278,0.04569 ,0.21421 ,0.49359 
22780000 ,2.54581 ,2.57813 ,0.02617 ,3.17400 ,3.23517 ,0.01983 ,3.92341 ,3.98556 ,0.03751 ,2279,0.05398 ,0.21434 ,0.50762 
22790000 ,2.55132 ,2.54883 ,0.04222 ,3.17951 ,3.16020 ,0.03983 ,3.92341 ,4.02932 ,0.03717 ,2280,0.05081 ,0.23144 ,0.50075 
22800000 ,2.55132 ,2.53528 ,0.02030 ,3.17951 ,3.23836 ,0.05155 ,3.92892 ,4.02303 ,0.02523 ,2281,0.05577 ,0.22269 ,0.50734 
22810000 ,2.55132 ,2.59487 ,0.02547 ,3.17951 ,3.12989 ,0.04997 ,3.92892 ,4.00097 ,0.01461 ,2282,0.04672 ,0.23666 ,0.50020 
22820000 ,2.55132 ,2.54682 ,0.01150 ,3.17951 ,3.17087 ,0.01329 ,3.92892 ,4.06064 ,0.02333 ,2283,0.06597 ,0.22539 ,0.51266 
22830000 ,2.55132 ,2.60637 ,0.02119 ,3.17951 ,3.25416 ,0.01543 ,3.92892 ,3.93966 ,0.01471 ,2284,0.06844 ,0.22188 ,0.52045 
22840000 ,2.55132 ,2.62660 ,0.01168 ,3.18502 ,3.18616 ,0.02596 ,3.93443 ,3.90911 ,0.01322 ,2285,0.05187 ,0.21958 ,0.52688 
22850000 ,2.55683 ,2.47547 ,0.00659 ,3.18502 ,3.19996 ,0.03328 ,3.93443 ,4.04249 ,0.01981 ,2286,0.02827 ,0.22053 ,0.53348 
22860000 ,2.55683 ,2.56542 ,0.05241 ,3.18502 ,3.13557 ,0.03374 ,3.93443 ,3.93974 ,0.04287 ,2287,0.03034 ,0.22760 ,0.53561 
22870000 ,2.55683 ,2.55004 ,0.03024 ,3.18502 ,3.18250 ,0.02690 ,3.93443 ,3.96366 ,0.04432 ,2288,0.03280 ,0.22898 ,0.52889 
22880000 ,2.55683 ,2.60283 ,0.03292 ,3.19053 ,3.17609 ,0.03239 ,3.93994 ,4.01374 ,0.02356 ,2289,0.05178 ,0.22910 ,0.49009 
22890000 ,2.55683 ,2.58061 ,0.02996 ,3.19053 ,3.20524 ,0.02785 ,3.93994 ,3.98316 ,0.02001 ,2290,0.05410 ,0.24620 ,0.50546 
22900000 ,2.55683 ,2.58996 ,0.03263 ,3.19053 ,3.20012 ,0.03966 ,3.93994 ,3.99828 ,0.02394 ,2291,0.05657 ,0.23341 ,0.51346 
22910000 ,2.56234 ,2.59473 ,0.01944 ,3.19053 ,3.13459 ,0.00216 ,3.93994 ,3.96151 ,0.02280 ,2292,0.04314 ,0.24356 ,0.50845 
22920000 ,2.56234 ,2.55115 ,0.02963 ,3.19053 ,3.19632 ,0.01400 ,3.93994 ,3.94989 ,0.01571 ,2293,0.05344 ,0.22497 ,0.49381 
22930000 ,2.56234 ,2.63264 ,0.04627 ,3.19604 ,3.21845 ,0.01755 ,3.94545 ,3.97046 ,0.03203 ,2294,0.03733 ,0.21930 ,0.50627 
22940000 ,2.56234 ,2.60563 ,0.02077 ,3.19604 ,3.14699 ,0.02369 ,3.94545 ,3.91346 ,0.01152 ,2295,0.04692 ,0.23461 ,0.51819 
22950000 ,2.56234 ,2.51722 ,0.02265 ,3.19604 ,3.19267 ,0.02787 ,3.94545 ,3.94837 ,0.00340 ,2296,0.05450 ,0.23034 ,0.51239 
22960000 ,2.56785 ,2.54216 ,0.03636 ,3.19604 ,3.23000 ,0.01971 ,3.94545 ,4.00654 ,0.01186 ,2297,0.05697 ,0.21482 ,0.49668 
22970000 ,2.56785 ,2.61261 ,0.03123 ,3.19604 ,3.18544 ,0.02686 ,3.95096 ,4.06434 ,0.08572 ,2298,0.04308 ,0.22870 ,0.48654 
22980000 ,2.56785 ,2.60011 ,0.02694 ,3.19604 ,3.26174 ,0.03959 ,3.95096 ,4.02983 ,0.02194 ,2299,0.03746 ,0.22593 ,0.50456 
22990000 ,2.56785 ,2.56213 ,0.02413 ,3.20155 ,3.27428 ,0.05704 ,3.95096 ,3.96330 ,0.05000 ,2300,0.03283 ,0.21041 ,0.49417 
23000000 ,2.56785 ,2.53319 ,0.01775 ,3.20155 ,3.22527 ,0.03497 ,3.95096 ,3.97151 ,0.01360 ,2301,0.02516 ,0.24432 ,0.50391 
23010000 ,2.57336 ,2.55785 ,0.03975 ,3.20155 ,3.23318 ,0.02765 ,3.95647 ,3.97523 ,0.01372 ,2302,0.05470 ,0.24157 ,0.49744 
23020000 ,2.57336 ,2.58952 ,0.02408 ,3.20155 ,3.21461 ,0.02907 ,3.95647 ,4.00189 ,0.02402 ,2303,0.06500 ,0.23053 ,0.49609 
23030000 ,2.57336 ,2.56981 ,0.03648 ,3.20706 ,3.22811 ,0.02662 ,3.95647 ,3.99313 ,0.02892 ,2304,0.05182 ,0.23533 ,0.50359 
23040000 ,2.57336 ,2.61270 ,0.03910 ,3.20706 ,3.21679 ,0.01040 ,3.95647 ,4.02037 ,0.02052 ,2305,0.04620 ,0.22816 ,0.51360 
23050000 ,2.57336 ,2.58357 ,0.02490 ,3.20706 ,3.21859 ,0.01594 ,3.95647 ,3.97005 ,0.04336 ,2306,0.02812 ,0.23179 ,0.50250 
23060000 ,2.57336 ,2.61164 ,0.01583 ,3.20706 ,3.22185 ,0.05637 ,3.96198 ,4.03435 ,0.04827 ,2307,0.05175 ,0.22873 ,0.50994 
23070000 ,2.57336 ,2.65518 ,0.03531 ,3.20706 ,3.25339 ,0.03987 ,3.96198 ,3.98907 ,0.00436 ,2308,0.04408 ,0.23353 ,0.51785 
23080000 ,2.57887 ,2.62397 ,0.00891 ,3.21257 ,3.23553 ,0.03015 ,3.96198 ,4.04557 ,0.03841 ,2309,0.03998 ,0.23728 ,0.50943 
23090000 ,2.57887 ,2.63638 ,0.03529 ,3.21257 ,3.20544 ,0.02776 ,3.96198 ,4.02695 ,0.02842 ,2310,0.02326 ,0.24091 ,0.51883 
23100000 ,2.57887 ,2.63951 ,0.03790 ,3.21257 ,3.20224 ,0.03293 ,3.96198 ,3.99556 ,0.01021 ,2311,0.02742 ,0.23023 ,0.52884 
23110000 ,2.57887 ,2.61756 ,0.02509 ,3.21257 ,3.24591 ,0.01550 ,3.96750 ,4.00316 ,0.03047 ,2312,0.01787 ,0.23472 ,0.52387 
23120000 ,2.57887 ,2.55500 ,0.02858 ,3.21257 ,3.26214 ,0.01239 ,3.96750 ,4.01020 ,0.00783 ,2313,0.02807 ,0.22536 ,0.52493 
23130000 ,2.58438 ,2.58626 ,0.03334 ,3.21808 ,3.17908 ,0.01198 ,3.96750 ,4.04031 ,0.03334 ,2314,0.00813 ,0.23309 ,0.49318 
23140000 ,2.58438 ,2.57090 ,0.04489 ,3.21808 ,3.21986 ,0.02407 ,3.97301 ,4.02973 ,0.03215 ,2315,0.02202 ,0.23034 ,0.50118 
23150000 ,2.58438 ,2.63266 ,0.01279 ,3.21808 ,3.17258 ,0.00689 ,3.97301 ,4.03341 ,0.05560 ,2316,0.01245 ,0.21931 ,0.49617 
23160000 ,2.58438 ,2.58205 ,0.02622 ,3.21808 ,3.20503 ,0.03326 ,3.97301 ,3.96297 ,0.04172 ,2317,0.02275 ,0.22410 ,0.49351 
23170000 ,2.58438 ,2.64204 ,0.04971 ,3.21808 ,3.24629 ,0.01663 ,3.97301 ,4.02328 ,0.02533 ,2318,0.02377 ,0.21694 ,0.50104 
23180000 ,2.58438 ,2.66262 ,0.02465 ,3.22359 ,3.23842 ,0.02698 ,3.97301 ,3.97742 ,0.02609 ,2319,0.00905 ,0.22057 ,0.48049 
23190000 ,2.58989 ,2.56644 ,0.03109 ,3.22359 ,3.21609 ,0.02868 ,3.97852 ,4.11382 ,0.02716 ,2320,0.01935 ,0.23240 ,0.49407 
23200000 ,2.58989 ,2.60793 ,0.02119 ,3.22359 ,3.27714 ,0.03606 ,3.97852 ,4.02066 ,0.01708 ,2321,0.01319 ,0.23720 ,0.49218 
23210000 ,2.58989 ,2.65041 ,0.02384 ,3.22359 ,3.19573 ,0.02553 ,3.97852 ,4.08561 ,0.01584 ,2322,0.02273 ,0.21975 ,0.49878 
23220000 ,2.58989 ,2.67207 ,0.02717 ,3.22359 ,3.23965 ,0.03178 ,3.97852 ,4.03985 ,0.03032 ,2323,0.02072 ,0.22210 ,0.49747 
23230000 ,2.58989 ,2.64002 ,0.02918 ,3.22910 ,3.16390 ,0.02806 ,3.97852 ,4.05153 ,0.00639 ,2324,0.03102 ,0.22690 ,0.49611 
23240000 ,2.59540 ,2.58746 ,0.02266 ,3.22910 ,3.24036 ,0.01824 ,3.98403 ,4.02994 ,0.05329 ,2325,0.03884 ,0.23066 ,0.50362 
23250000 ,2.59540 ,2.65312 ,0.02508 ,3.22910 ,3.23135 ,0.02466 ,3.98403 ,4.07426 ,0.03595 ,2326,0.01598 ,0.23429 ,0.51363 
23260000 ,2.59540 ,2.66418 ,0.03829 ,3.22910 ,3.23947 ,0.03491 ,3.98403 ,3.98215 ,0.03993 ,2327,0.02854 ,0.23139 ,0.51415 
23270000 ,2.59540 ,2.67911 ,0.02617 ,3.23461 ,3.27840 ,0.01945 ,3.98403 ,4.07669 ,0.04597 ,2328,0.04958 ,0.23588 ,0.52772 
23280000 ,2.60091 ,2.61949 ,0.02735 ,3.23461 ,3.23356 ,0.02272 ,3.98954 ,4.03561 ,0.03826 ,2329,0.04101 ,0.22652 ,0.51912 
23290000 ,2.60091 ,2.60562 ,0.03871 ,3.23461 ,3.30253 ,0.02395 ,3.98954 ,3.97242 ,0.00666 ,2330,0.03023 ,0.23425 ,0.53347 
23300000 ,2.60091 ,2.64389 ,0.03107 ,3.23461 ,3.23556 ,0.04185 ,3.98954 ,4.04647 ,0.02292 ,2331,0.03852 ,0.23150 ,0.53685 
23310000 ,2.60091 ,2.61211 ,0.01730 ,3.23461 ,3.23510 ,0.02318 ,3.98954 ,4.04114 ,0.00902 ,2332,0.04120 ,0.22046 ,0.52713 
23320000 ,2.60091 ,2.64188 ,0.03836 ,3.23461 ,3.23876 ,0.02267 ,3.99505 ,4.03356 ,0.04240 ,2333,0.04213 ,0.22526 ,0.53373 
23330000 ,2.60091 ,2.66125 ,0.01876 ,3.24012 ,3.21304 ,0.02412 ,3.99505 ,4.06043 ,0.04649 ,2334,0.05243 ,0.21810 ,0.53210 
23340000 ,2.60091 ,2.64845 ,0.01163 ,3.24012 ,3.21112 ,0.00860 ,3.99505 ,4.02308 ,0.02509 ,2335,0.03925 ,0.22172 ,0.54211 
23350000 ,2.60642 ,2.63388 ,0.01563 ,3.24012 ,3.23220 ,0.01598 ,3.99505 ,4.03165 ,0.00665 ,2336,0.03362 ,0.23356 ,0.54082 
23360000 ,2.60642 ,2.65980 ,0.03082 ,3.24012 ,3.21404 ,0.01234 ,3.99505 ,4.00063 ,0.01744 ,2337,0.01555 ,0.23836 ,0.54419 
23370000 ,2.60642 ,2.68275 ,0.02909 ,3.24012 ,3.29758 ,0.03270 ,4.00056 ,4.05610 ,0.01223 ,2338,0.03677 ,0.22780 ,0.48352 
23380000 ,2.60642 ,2.65377 ,0.01994 ,3.24563 ,3.28881 ,0.02537 ,4.00056 ,3.96244 ,0.00121 ,2339,0.01682 ,0.23260 ,0.50154 
23390000 ,2.60642 ,2.64126 ,0.01655 ,3.24563 ,3.24836 ,0.02593 ,4.00056 ,4.03052 ,0.01210 ,2340,0.03072 ,0.23160 ,0.48340 
23400000 ,2.60642 ,2.63714 ,0.01984 ,3.24563 ,3.23174 ,0.01554 ,4.00607 ,4.07172 ,0.04017 ,2341,0.02115 ,0.22741 ,0.49698 
23410000 ,2.61193 ,2.60764 ,0.03092 ,3.24563 ,3.27819 ,0.02902 ,4.00607 ,4.06956 ,0.04149 ,2342,0.03145 ,0.22976 ,0.49799 
23420000 ,2.61193 ,2.65613 ,0.04210 ,3.24563 ,3.24065 ,0.00973 ,4.00607 ,4.03018 ,0.02796 ,2343,0.03466 ,0.23456 ,0.49128 
23430000 ,2.61193 ,2.63261 ,0.02121 ,3.25114 ,3.27727 ,0.01891 ,4.00607 ,3.99900 ,0.00274 ,2344,0.04901 ,0.23831 ,0.48883 
23440000 ,2.61193 ,2.66179 ,0.01533 ,3.25114 ,3.20781 ,0.02257 ,4.00607 ,4.05209 ,0.02457 ,2345,0.04043 ,0.24194 ,0.49626 
23450000 ,2.61745 ,2.69622 ,0.01134 ,3.25114 ,3.25338 ,0.05139 ,4.00607 ,4.01977 ,0.00738 ,2346,0.02965 ,0.20078 ,0.50418 
23460000 ,2.61745 ,2.55802 ,0.03028 ,3.25114 ,3.23278 ,0.02829 ,4.01158 ,4.13156 ,0.04950 ,2347,0.03795 ,0.19847 ,0.50023 
23470000 ,2.61745 ,2.66128 ,0.02104 ,3.25665 ,3.24077 ,0.02352 ,4.01158 ,3.97958 ,0.00492 ,2348,0.04280 ,0.21656 ,0.51381 
23480000 ,2.61745 ,2.70997 ,0.03304 ,3.25665 ,3.21532 ,0.02220 ,4.01158 ,4.02941 ,0.01922 ,2349,0.04085 ,0.21516 ,0.50520 
23490000 ,2.61745 ,2.62333 ,0.00773 ,3.25665 ,3.24785 ,0.00949 ,4.01158 ,4.04643 ,0.03262 ,2350,0.04905 ,0.20287 ,0.51955 
23500000 ,2.61745 ,2.67207 ,0.03481 ,3.25665 ,3.26551 ,0.01690 ,4.01709 ,4.08693 ,0.02346 ,2351,0.05644 ,0.20143 ,0.52293 
23510000 ,2.61745 ,2.57767 ,0.00794 ,3.25665 ,3.22626 ,0.03053 ,4.01709 ,4.14412 ,0.00259 ,2352,0.06674 ,0.20449 ,0.52197 
23520000 ,2.62296 ,2.64773 ,0.02451 ,3.26216 ,3.22034 ,0.00874 ,4.01709 ,4.07020 ,0.03424 ,2353,0.05036 ,0.20219 ,0.53346 
23530000 ,2.62296 ,2.67783 ,0.02183 ,3.26216 ,3.31530 ,0.01628 ,4.01709 ,4.05225 ,0.02193 ,2354,0.04088 ,0.20042 ,0.52496 
23540000 ,2.62296 ,2.61242 ,0.03429 ,3.26216 ,3.24440 ,0.00983 ,4.02260 ,4.05481 ,0.01636 ,2355,0.03151 ,0.19899 ,0.51824 
23550000 ,2.62296 ,2.69481 ,0.02446 ,3.26216 ,3.25087 ,0.04464 ,4.02260 ,4.01797 ,0.01867 ,2356,0.04180 ,0.20175 ,0.52433 
23560000 ,2.62296 ,2.66156 ,0.02673 ,3.26216 ,3.27374 ,0.01481 ,4.02260 ,4.03124 ,0.01628 ,2357,0.02732 ,0.21157 ,0.52539 
23570000 ,2.62296 ,2.56424 ,0.02263 ,3.26216 ,3.29685 ,0.03841 ,4.02260 ,4.10420 ,0.00313 ,2358,0.04241 ,0.20926 ,0.52671 
23580000 ,2.62847 ,2.57293 ,0.02048 ,3.26767 ,3.26823 ,0.01964 ,4.02811 ,4.06861 ,0.02560 ,2359,0.05271 ,0.20884 ,0.53008 
23590000 ,2.62847 ,2.71080 ,0.01313 ,3.26767 ,3.24193 ,0.02516 ,4.02811 ,4.11176 ,0.03450 ,2360,0.03953 ,0.19354 ,0.50192 
23600000 ,2.62847 ,2.62494 ,0.01602 ,3.26767 ,3.27447 ,0.01418 ,4.02811 ,4.08632 ,0.00801 ,2361,0.03391 ,0.19123 ,0.50836 
23610000 ,2.62847 ,2.65743 ,0.03229 ,3.26767 ,3.28291 ,0.01023 ,4.02811 ,4.14827 ,0.00887 ,2362,0.01584 ,0.21330 ,0.51036 
23620000 ,2.63398 ,2.61738 ,0.01876 ,3.27318 ,3.25192 ,0.01950 ,4.02811 ,4.07282 ,0.00426 ,2363,0.06147 ,0.21191 ,0.51002 
23630000 ,2.63398 ,2.65041 ,0.00924 ,3.27318 ,3.31669 ,0.02578 ,4.03362 ,4.10086 ,0.03385 ,2364,0.05807 ,0.20526 ,0.52422 
23640000 ,2.63398 ,2.65749 ,0.03786 ,3.27318 ,3.22258 ,0.02867 ,4.03362 ,4.00722 ,0.01312 ,2365,0.03740 ,0.20453 ,0.51720 
23650000 ,2.63398 ,2.68852 ,0.00645 ,3.27318 ,3.24198 ,0.00213 ,4.03362 ,4.07929 ,0.03411 ,2366,0.02645 ,0.21455 ,0.52328 
23660000 ,2.63398 ,2.64126 ,0.01925 ,3.27318 ,3.28890 ,0.02369 ,4.03362 ,4.08429 ,0.00526 ,2367,0.00777 ,0.21185 ,0.52435 
23670000 ,2.63949 ,2.68654 ,0.00294 ,3.27869 ,3.26815 ,0.02581 ,4.03913 ,4.14679 ,0.01071 ,2368,0.01273 ,0.21266 ,0.52567 
23680000 ,2.63949 ,2.66499 ,0.03750 ,3.27869 ,3.28919 ,0.01118 ,4.03913 ,4.06518 ,0.02915 ,2369,0.04521 ,0.21194 ,0.52904 
23690000 ,2.63949 ,2.61832 ,0.01051 ,3.27869 ,3.25949 ,0.02007 ,4.03913 ,4.11069 ,0.04216 ,2370,0.02526 ,0.20129 ,0.49533 
23700000 ,2.63949 ,2.62626 ,0.05097 ,3.27869 ,3.27148 ,0.00767 ,4.03913 ,4.07000 ,0.02490 ,2371,0.03915 ,0.20736 ,0.50333 
23710000 ,2.63949 ,2.67190 ,0.00543 ,3.27869 ,3.30178 ,0.02576 ,4.04464 ,4.10620 ,0.03514 ,2372,0.02959 ,0.22297 ,0.49833 
23720000 ,2.63949 ,2.67741 ,0.03038 ,3.28420 ,3.26542 ,0.04403 ,4.04464 ,4.10018 ,0.01551 ,2373,0.03989 ,0.22067 ,0.50020 
23730000 ,2.64500 ,2.61674 ,0.00707 ,3.28420 ,3.28306 ,0.02076 ,4.04464 ,4.14989 ,0.00439 ,2374,0.02839 ,0.23609 ,0.50820 
23740000 ,2.64500 ,2.63275 ,0.02437 ,3.28420 ,3.28037 ,0.00230 ,4.04464 ,4.08916 ,0.03861 ,2375,0.03335 ,0.23340 ,0.49542 
23750000 ,2.64500 ,2.64315 ,0.04292 ,3.28420 ,3.27433 ,0.01378 ,4.04464 ,4.07275 ,0.00125 ,2376,0.02892 ,0.21660 ,0.50945 
23760000 ,2.64500 ,2.68169 ,0.02814 ,3.28972 ,3.27855 ,0.02141 ,4.05015 ,4.08807 ,0.01237 ,2377,0.04281 ,0.22267 ,0.50257 
23770000 ,2.65051 ,2.71130 ,0.01865 ,3.28972 ,3.31617 ,0.04138 ,4.05015 ,4.13320 ,0.03864 ,2378,0.03003 ,0.21267 ,0.50917 
23780000 ,2.65051 ,2.65876 ,0.02581 ,3.28972 ,3.31306 ,0.03549 ,4.05015 ,4.07335 ,0.04699 ,2379,0.03962 ,0.21195 ,0.51673 
23790000 ,2.65051 ,2.66806 ,0.02678 ,3.28972 ,3.25828 ,0.01054 ,4.05015 ,4.11067 ,0.01829 ,2380,0.04795 ,0.20130 ,0.51739 
23800000 ,2.65051 ,2.60621 ,0.03320 ,3.28972 ,3.25832 ,0.03188 ,4.05566 ,4.13874 ,0.04067 ,2381,0.05041 ,0.20737 ,0.52398 
23810000 ,2.65051 ,2.70080 ,0.02462 ,3.29523 ,3.27970 ,0.00522 ,4.05566 ,4.10454 ,0.01719 ,2382,0.03699 ,0.21518 ,0.49523 
23820000 ,2.65051 ,2.69641 ,0.03741 ,3.29523 ,3.27943 ,0.01875 ,4.05566 ,4.10040 ,0.03204 ,2383,0.04729 ,0.22125 ,0.47818 
23830000 ,2.65602 ,2.65398 ,0.01543 ,3.29523 ,3.31495 ,0.02665 ,4.05566 ,4.10836 ,0.02904 ,2384,0.03117 ,0.20047 ,0.49678 
23840000 ,2.65602 ,2.72536 ,0.03878 ,3.29523 ,3.33464 ,0.02138 ,4.06117 ,4.02844 ,0.01365 ,2385,0.04076 ,0.19817 ,0.49114 
23850000 ,2.65602 ,2.65195 ,0.01190 ,3.29523 ,3.26505 ,0.01779 ,4.06117 ,4.13205 ,0.01386 ,2386,0.04635 ,0.19774 ,0.49867 
23860000 ,2.65602 ,2.71152 ,0.02712 ,3.30074 ,3.33836 ,0.02737 ,4.06117 ,4.06825 ,0.00930 ,2387,0.04362 ,0.21877 ,0.47813 
23870000 ,2.65602 ,2.69361 ,0.01020 ,3.30074 ,3.28847 ,0.02183 ,4.06117 ,4.10315 ,0.03893 ,2388,0.05321 ,0.21647 ,0.49170 
23880000 ,2.65602 ,2.68845 ,0.01165 ,3.30074 ,3.32956 ,0.00954 ,4.06117 ,4.14150 ,0.00248 ,2389,0.04696 ,0.23189 ,0.48981 
23890000 ,2.66153 ,2.68360 ,0.03516 ,3.30074 ,3.40059 ,0.03448 ,4.06668 ,4.03040 ,0.02165 ,2390,0.03013 ,0.22920 ,0.49641 
23900000 ,2.66153 ,2.64510 ,0.03185 ,3.30074 ,3.26023 ,0.04372 ,4.06668 ,4.22253 ,0.03374 ,2391,0.03203 ,0.21240 ,0.49599 
23910000 ,2.66153 ,2.68339 ,0.02073 ,3.30625 ,3.31953 ,0.02661 ,4.06668 ,4.15577 ,0.01944 ,2392,0.04162 ,0.21847 ,0.49443 
23920000 ,2.66153 ,2.62258 ,0.02163 ,3.30625 ,3.35796 ,0.02687 ,4.07219 ,4.15921 ,0.00308 ,2393,0.03128 ,0.21236 ,0.50819 
23930000 ,2.66153 ,2.69413 ,0.01393 ,3.30625 ,3.30782 ,0.02721 ,4.07219 ,4.18008 ,0.01258 ,2394,0.03697 ,0.21843 ,0.51285 
23940000 ,2.66704 ,2.75016 ,0.02506 ,3.30625 ,3.37160 ,0.04235 ,4.07219 ,4.11034 ,0.01149 ,2395,0.02930 ,0.21927 ,0.51402 
23950000 ,2.66704 ,2.68777 ,0.03770 ,3.30625 ,3.28595 ,0.01817 ,4.07219 ,4.12814 ,0.04249 ,2396,0.05601 ,0.21696 ,0.50776 
23960000 ,2.66704 ,2.69756 ,0.01611 ,3.31176 ,3.31288 ,0.01704 ,4.07219 ,4.19918 ,0.00704 ,2397,0.04744 ,0.21728 ,0.52636 
23970000 ,2.66704 ,2.69222 ,0.03584 ,3.31176 ,3.33107 ,0.04469 ,4.07770 ,4.09609 ,0.01536 ,2398,0.03665 ,0.21588 ,0.52057 
23980000 ,2.66704 ,2.71360 ,0.00549 ,3.31176 ,3.28424 ,0.03958 ,4.07770 ,4.06040 ,0.01935 ,2399,0.04495 ,0.20457 ,0.53433 
23990000 ,2.66704 ,2.70522 ,0.02110 ,3.31176 ,3.34460 ,0.04348 ,4.07770 ,4.17259 ,0.01805 ,2400,0.04178 ,0.22684 ,0.52479 
24000000 ,2.67255 ,2.67200 ,0.01589 ,3.31727 ,3.36296 ,0.03845 ,4.07770 ,4.10024 ,0.01892 ,2401,0.04674 ,0.20915 ,0.52585 
24010000 ,2.67255 ,2.66774 ,0.03337 ,3.31727 ,3.31384 ,0.01096 ,4.07770 ,4.14536 ,0.02313 ,2402,0.03769 ,0.22067 ,0.51096 
24020000 ,2.67255 ,2.67372 ,0.04317 ,3.31727 ,3.36207 ,0.03255 ,4.08322 ,4.13051 ,0.00674 ,2403,0.05694 ,0.21144 ,0.51756 
24030000 ,2.67255 ,2.72092 ,0.00596 ,3.31727 ,3.28764 ,0.03797 ,4.08322 ,4.18305 ,0.01437 ,2404,0.05940 ,0.20693 ,0.52111 
24040000 ,2.67255 ,2.73117 ,0.01331 ,3.31727 ,3.36806 ,0.01241 ,4.08322 ,4.08665 ,0.03729 ,2405,0.04284 ,0.20209 ,0.49277 
24050000 ,2.67806 ,2.76674 ,0.01204 ,3.32278 ,3.26339 ,0.01631 ,4.08873 ,4.10254 ,0.02320 ,2406,0.03975 ,0.20849 ,0.50076 
24060000 ,2.67806 ,2.72212 ,0.02910 ,3.32278 ,3.33460 ,0.01539 ,4.08873 ,4.12074 ,0.02059 ,2407,0.01980 ,0.22002 ,0.49576 
24070000 ,2.67806 ,2.65355 ,0.04466 ,3.32278 ,3.35212 ,0.05546 ,4.08873 ,4.20690 ,0.01310 ,2408,0.03369 ,0.19750 ,0.49310 
24080000 ,2.67806 ,2.69729 ,0.02588 ,3.32278 ,3.34185 ,0.01484 ,4.08873 ,4.09995 ,0.01011 ,2409,0.02413 ,0.20684 ,0.50063 
24090000 ,2.68357 ,2.71058 ,0.02975 ,3.32278 ,3.33487 ,0.01239 ,4.08873 ,4.20339 ,0.03494 ,2410,0.03443 ,0.20751 ,0.48008 
24100000 ,2.68357 ,2.73835 ,0.02772 ,3.32829 ,3.29850 ,0.02757 ,4.09424 ,4.09466 ,0.03107 ,2411,0.03764 ,0.20889 ,0.49366 
24110000 ,2.68357 ,2.73471 ,0.01406 ,3.32829 ,3.25108 ,0.05197 ,4.09424 ,4.19336 ,0.01144 ,2412,0.05199 ,0.22610 ,0.49177 
24120000 ,2.68357 ,2.61329 ,0.02464 ,3.32829 ,3.32875 ,0.02958 ,4.09424 ,4.11713 ,0.01069 ,2413,0.04341 ,0.22470 ,0.49837 
24130000 ,2.68357 ,2.64323 ,0.03266 ,3.32829 ,3.35221 ,0.02965 ,4.09424 ,4.11227 ,0.01734 ,2414,0.03263 ,0.21805 ,0.49706 
24140000 ,2.68357 ,2.70291 ,0.00988 ,3.32829 ,3.32311 ,0.01703 ,4.09424 ,4.20816 ,0.03487 ,2415,0.04093 ,0.21733 ,0.49570 
24150000 ,2.68908 ,2.69916 ,0.04672 ,3.33380 ,3.34399 ,0.03377 ,4.09975 ,4.14074 ,0.01814 ,2416,0.04577 ,0.22734 ,0.50320 
24160000 ,2.68908 ,2.71366 ,0.03578 ,3.33380 ,3.30054 ,0.02860 ,4.09975 ,4.13656 ,0.02428 ,2417,0.04383 ,0.22465 ,0.51322 
24170000 ,2.68908 ,2.72085 ,0.02090 ,3.33380 ,3.38986 ,0.03750 ,4.09975 ,4.15975 ,0.02208 ,2418,0.05150 ,0.22023 ,0.51374 
24180000 ,2.68908 ,2.64592 ,0.01683 ,3.33380 ,3.32092 ,0.04784 ,4.10526 ,4.19358 ,0.03959 ,2419,0.06510 ,0.22900 ,0.52731 
24190000 ,2.68908 ,2.73977 ,0.02328 ,3.33380 ,3.36815 ,0.01049 ,4.10526 ,4.15949 ,0.06381 ,2420,0.07469 ,0.22448 ,0.51870 
24200000 ,2.68908 ,2.74165 ,0.00935 ,3.33931 ,3.32314 ,0.01413 ,4.10526 ,4.15194 ,0.01623 ,2421,0.06228 ,0.23376 ,0.53306 
24210000 ,2.68908 ,2.66102 ,0.00436 ,3.33931 ,3.26367 ,0.02674 ,4.10526 ,4.16914 ,0.02052 ,2422,0.05668 ,0.23107 ,0.53643 
24220000 ,2.69459 ,2.74206 ,0.05260 ,3.33931 ,3.31902 ,0.01776 ,4.10526 ,4.24539 ,0.01896 ,2423,0.05915 ,0.21983 ,0.52672 
24230000 ,2.69459 ,2.73969 ,0.02998 ,3.33931 ,3.36531 ,0.05195 ,4.11077 ,4.11257 ,0.01901 ,2424,0.04258 ,0.23524 ,0.53332 
24240000 ,2.69459 ,2.75491 ,0.02796 ,3.34482 ,3.38205 ,0.03739 ,4.11077 ,4.16048 ,0.01704 ,2425,0.04988 ,0.24567 ,0.53168 
24250000 ,2.70010 ,2.71985 ,0.02395 ,3.34482 ,3.27729 ,0.02505 ,4.11077 ,4.15043 ,0.04672 ,2426,0.02909 ,0.24705 ,0.54170 
24260000 ,2.70010 ,2.75092 ,0.04319 ,3.34482 ,3.33555 ,0.03504 ,4.11077 ,4.19550 ,0.04278 ,2427,0.03116 ,0.20803 ,0.54041 
24270000 ,2.70010 ,2.72933 ,0.02480 ,3.34482 ,3.33585 ,0.01450 ,4.11628 ,4.19954 ,0.02474 ,2428,0.03362 ,0.21955 ,0.54378 
24280000 ,2.70010 ,2.68974 ,0.01624 ,3.34482 ,3.33770 ,0.02085 ,4.11628 ,4.14721 ,0.01390 ,2429,0.05260 ,0.20617 ,0.48446 
24290000 ,2.70010 ,2.68190 ,0.01453 ,3.35033 ,3.35278 ,0.01001 ,4.11628 ,4.10349 ,0.00529 ,2430,0.05769 ,0.21614 ,0.48290 
24300000 ,2.70010 ,2.67602 ,0.02211 ,3.35033 ,3.41006 ,0.02637 ,4.11628 ,4.18252 ,0.02838 ,2431,0.06508 ,0.19563 ,0.51021 
24310000 ,2.70561 ,2.70532 ,0.04379 ,3.35033 ,3.34862 ,0.00139 ,4.12179 ,4.18483 ,0.05163 ,2432,0.07538 ,0.20170 ,0.52397 
24320000 ,2.70561 ,2.71110 ,0.04522 ,3.35033 ,3.34912 ,0.02559 ,4.12179 ,4.09766 ,0.02658 ,2433,0.05900 ,0.23348 ,0.52718 
24330000 ,2.70561 ,2.81168 ,0.03236 ,3.35033 ,3.31465 ,0.00725 ,4.12179 ,4.16111 ,0.01744 ,2434,0.04952 ,0.23276 ,0.48718 
24340000 ,2.70561 ,2.74622 ,0.01007 ,3.35033 ,3.35649 ,0.05717 ,4.12179 ,4.14920 ,0.03621 ,2435,0.05725 ,0.22808 ,0.49517 
24350000 ,2.70561 ,2.76415 ,0.03030 ,3.35584 ,3.39267 ,0.02162 ,4.12179 ,4.16322 ,0.02186 ,2436,0.05972 ,0.23725 ,0.48239 
24360000 ,2.70561 ,2.71717 ,0.02063 ,3.35584 ,3.39727 ,0.01922 ,4.12730 ,4.26836 ,0.06572 ,2437,0.04629 ,0.21914 ,0.49643 
24370000 ,2.71112 ,2.73840 ,0.01837 ,3.35584 ,3.39385 ,0.04320 ,4.12730 ,4.15569 ,0.02327 ,2438,0.05659 ,0.22521 ,0.48955 
24380000 ,2.71112 ,2.70540 ,0.01451 ,3.35584 ,3.40552 ,0.03507 ,4.12730 ,4.26007 ,0.03925 ,2439,0.04048 ,0.21524 ,0.49614 
24390000 ,2.71112 ,2.73736 ,0.03004 ,3.36135 ,3.39544 ,0.04566 ,4.12730 ,4.13685 ,0.01912 ,2440,0.05007 ,0.21385 ,0.49866 
24400000 ,2.71112 ,2.71617 ,0.03086 ,3.36135 ,3.42897 ,0.06087 ,4.13281 ,4.23657 ,0.01994 ,2441,0.06725 ,0.20155 ,0.49983 
24410000 ,2.71663 ,2.73840 ,0.02211 ,3.36135 ,3.30892 ,0.03153 ,4.13281 ,4.11848 ,0.00680 ,2442,0.07755 ,0.20012 ,0.49162 
24420000 ,2.71663 ,2.70119 ,0.01892 ,3.36135 ,3.35452 ,0.00952 ,4.13281 ,4.21793 ,0.05637 ,2443,0.06117 ,0.20318 ,0.49962 
24430000 ,2.71663 ,2.78042 ,0.04391 ,3.36686 ,3.34204 ,0.00396 ,4.13281 ,4.21413 ,0.01484 ,2444,0.05168 ,0.20087 ,0.49408 
24440000 ,2.71663 ,2.75081 ,0.01534 ,3.36686 ,3.33175 ,0.04448 ,4.13832 ,4.15874 ,0.01122 ,2445,0.07695 ,0.18755 ,0.50765 
24450000 ,2.71663 ,2.71588 ,0.01473 ,3.36686 ,3.28741 ,0.02289 ,4.13832 ,4.15431 ,0.04227 ,2446,0.08654 ,0.19688 ,0.49904 
24460000 ,2.71663 ,2.76129 ,0.04559 ,3.36686 ,3.39613 ,0.05394 ,4.13832 ,4.20466 ,0.01766 ,2447,0.06419 ,0.19894 ,0.50934 
24470000 ,2.72214 ,2.82329 ,0.03189 ,3.36686 ,3.40041 ,0.04633 ,4.13832 ,4.24493 ,0.02131 ,2448,0.06738 ,0.20336 ,0.50445 
24480000 ,2.72214 ,2.71074 ,0.02398 ,3.37237 ,3.39747 ,0.02938 ,4.14383 ,4.20490 ,0.03374 ,2449,0.07413 ,0.21488 ,0.52202 
24490000 ,2.72214 ,2.80699 ,0.03213 ,3.37237 ,3.38130 ,0.04461 ,4.14383 ,4.22208 ,0.00496 ,2450,0.06464 ,0.20150 ,0.50601 
24500000 ,2.72214 ,2.75796 ,0.00717 ,3.37237 ,3.40386 ,0.02880 ,4.14383 ,4.25536 ,0.02233 ,2451,0.05620 ,0.21147 ,0.51586 
24510000 ,2.72214 ,2.75111 ,0.01518 ,3.37237 ,3.39668 ,0.03494 ,4.14383 ,4.23493 ,0.01312 ,2452,0.05867 ,0.19096 ,0.51340 
24520000 ,2.72765 ,2.76233 ,0.02257 ,3.37237 ,3.39731 ,0.02070 ,4.14383 ,4.24218 ,0.00886 ,2453,0.04524 ,0.19703 ,0.51677 
24530000 ,2.72765 ,2.71414 ,0.05003 ,3.37237 ,3.38694 ,0.03092 ,4.14934 ,4.14429 ,0.02301 ,2454,0.05554 ,0.22638 ,0.49863 
24540000 ,2.72765 ,2.69992 ,0.00738 ,3.37788 ,3.39230 ,0.02637 ,4.14934 ,4.17200 ,0.03130 ,2455,0.03943 ,0.22498 ,0.51266 
24550000 ,2.72765 ,2.71831 ,0.02801 ,3.37788 ,3.42973 ,0.03420 ,4.14934 ,4.23406 ,0.03870 ,2456,0.04902 ,0.20625 ,0.51423 
24560000 ,2.73316 ,2.76385 ,0.01663 ,3.37788 ,3.35470 ,0.04789 ,4.15485 ,4.17586 ,0.02965 ,2457,0.04251 ,0.21559 ,0.53180 
24570000 ,2.73316 ,2.79644 ,0.01291 ,3.37788 ,3.45502 ,0.04914 ,4.15485 ,4.22883 ,0.02169 ,2458,0.05281 ,0.21356 ,0.52484 
24580000 ,2.73316 ,2.74654 ,0.03449 ,3.38339 ,3.34962 ,0.03003 ,4.15485 ,4.26417 ,0.01127 ,2459,0.03832 ,0.22353 ,0.53310 
24590000 ,2.73316 ,2.75583 ,0.01866 ,3.38339 ,3.37627 ,0.02841 ,4.15485 ,4.20874 ,0.03520 ,2460,0.04984 ,0.22466 ,0.50369 
24600000 ,2.73316 ,2.82340 ,0.01652 ,3.38339 ,3.42280 ,0.00829 ,4.15485 ,4.22093 ,0.00855 ,2461,0.05943 ,0.22916 ,0.51029 
24610000 ,2.73316 ,2.71489 ,0.00925 ,3.38339 ,3.38187 ,0.02521 ,4.16036 ,4.21300 ,0.02094 ,2462,0.05319 ,0.20883 ,0.51920 
24620000 ,2.73867 ,2.75449 ,0.01617 ,3.38890 ,3.41171 ,0.02736 ,4.16036 ,4.27089 ,0.01042 ,2463,0.05318 ,0.21364 ,0.52905 
24630000 ,2.73867 ,2.72261 ,0.01762 ,3.38890 ,3.33936 ,0.03214 ,4.16036 ,4.21849 ,0.06264 ,2464,0.05565 ,0.20914 ,0.52680 
24640000 ,2.73867 ,2.75735 ,0.01892 ,3.38890 ,3.42120 ,0.03084 ,4.16036 ,4.18786 ,0.01347 ,2465,0.04223 ,0.21831 ,0.53505 
24650000 ,2.73867 ,2.79294 ,0.04401 ,3.38890 ,3.41103 ,0.04356 ,4.16036 ,4.19317 ,0.01357 ,2466,0.05252 ,0.22563 ,0.52690 
24660000 ,2.73867 ,2.77546 ,0.04157 ,3.38890 ,3.37061 ,0.03680 ,4.16587 ,4.22410 ,0.04272 ,2467,0.03641 ,0.22419 ,0.53524 
24670000 ,2.73867 ,2.80973 ,0.03598 ,3.39441 ,3.41957 ,0.02635 ,4.16587 ,4.24342 ,0.01560 ,2468,0.04600 ,0.23943 ,0.49439 
24680000 ,2.74418 ,2.74188 ,0.02922 ,3.39441 ,3.38561 ,0.01856 ,4.16587 ,4.16687 ,0.04336 ,2469,0.05359 ,0.24392 ,0.49505 
24690000 ,2.74418 ,2.76567 ,0.01665 ,3.39441 ,3.37483 ,0.03153 ,4.17138 ,4.22477 ,0.02604 ,2470,0.05605 ,0.22740 ,0.50165 
24700000 ,2.74418 ,2.76423 ,0.02426 ,3.39441 ,3.41067 ,0.02236 ,4.17138 ,4.20448 ,0.01073 ,2471,0.04216 ,0.23456 ,0.49081 
24710000 ,2.74969 ,2.79379 ,0.00855 ,3.39441 ,3.41404 ,0.03168 ,4.17138 ,4.20422 ,0.02336 ,2472,0.03654 ,0.22402 ,0.50362 
24720000 ,2.74969 ,2.77960 ,0.03739 ,3.39992 ,3.35814 ,0.02923 ,4.17138 ,4.25250 ,0.02690 ,2473,0.03192 ,0.22171 ,0.50784 
24730000 ,2.74969 ,2.72015 ,0.03455 ,3.39992 ,3.36793 ,0.02011 ,4.17689 ,4.15961 ,0.02716 ,2474,0.02425 ,0.22271 ,0.50891 
24740000 ,2.74969 ,2.71285 ,0.02213 ,3.39992 ,3.38709 ,0.03860 ,4.17689 ,4.25866 ,0.02316 ,2475,0.05378 ,0.22752 ,0.48535 
24750000 ,2.74969 ,2.74571 ,0.04857 ,3.39992 ,3.41276 ,0.03116 ,4.17689 ,4.26188 ,0.01325 ,2476,0.06408 ,0.22780 ,0.50060 
24760000 ,2.74969 ,2.73240 ,0.03052 ,3.39992 ,3.38863 ,0.01378 ,4.17689 ,4.23539 ,0.02242 ,2477,0.05090 ,0.23496 ,0.51045 
24770000 ,2.75520 ,2.81323 ,0.01284 ,3.40544 ,3.41247 ,0.01137 ,4.17689 ,4.18195 ,0.01428 ,2478,0.04528 ,0.24059 ,0.50451 
24780000 ,2.75520 ,2.71403 ,0.02302 ,3.40544 ,3.44385 ,0.01182 ,4.18240 ,4.27142 ,0.05140 ,2479,0.02721 ,0.22646 ,0.50333 
24790000 ,2.75520 ,2.69013 ,0.02419 ,3.40544 ,3.42585 ,0.04064 ,4.18240 ,4.20462 ,0.01513 ,2480,0.05084 ,0.23253 ,0.50992 
24800000 ,2.75520 ,2.78256 ,0.03178 ,3.40544 ,3.40415 ,0.04558 ,4.18240 ,4.26391 ,0.01995 ,2481,0.04317 ,0.23594 ,0.51883 
24810000 ,2.75520 ,2.75499 ,0.03966 ,3.41095 ,3.41039 ,0.01543 ,4.18240 ,4.25297 ,0.01218 ,2482,0.03906 ,0.24510 ,0.52869 
24820000 ,2.75520 ,2.78566 ,0.04296 ,3.41095 ,3.40642 ,0.02796 ,4.18791 ,4.20051 ,0.01097 ,2483,0.04497 ,0.21318 ,0.52644 
24830000 ,2.75520 ,2.78655 ,0.02292 ,3.41095 ,3.40498 ,0.04165 ,4.18791 ,4.25962 ,0.01308 ,2484,0.05527 ,0.21178 ,0.53469 
24840000 ,2.76071 ,2.81226 ,0.00919 ,3.41095 ,3.45540 ,0.01834 ,4.18791 ,4.22358 ,0.03606 ,2485,0.04078 ,0.20513 ,0.52343 
24850000 ,2.76071 ,2.75756 ,0.01367 ,3.41095 ,3.36692 ,0.00688 ,4.18791 ,4.18590 ,0.03576 ,2486,0.05588 ,0.20441 ,0.52450 
24860000 ,2.76071 ,2.82156 ,0.01059 ,3.41646 ,3.40219 ,0.05410 ,4.18791 ,4.22072 ,0.01304 ,2487,0.06618 ,0.21442 ,0.53028 
24870000 ,2.76623 ,2.78879 ,0.02490 ,3.41646 ,3.41459 ,0.00560 ,4.19342 ,4.23657 ,0.03293 ,2488,0.05299 ,0.21173 ,0.49986 
24880000 ,2.76623 ,2.79882 ,0.03927 ,3.41646 ,3.43153 ,0.03503 ,4.19342 ,4.27532 ,0.01464 ,2489,0.04737 ,0.22092 ,0.50646 
24890000 ,2.76623 ,2.76604 ,0.02425 ,3.41646 ,3.42435 ,0.04893 ,4.19342 ,4.32027 ,0.00912 ,2490,0.02930 ,0.21948 ,0.51001 
24900000 ,2.76623 ,2.81189 ,0.03224 ,3.41646 ,3.36268 ,0.01501 ,4.19342 ,4.21586 ,0.00988 ,2491,0.07494 ,0.23472 ,0.50649 
24910000 ,2.76623 ,2.81714 ,0.03586 ,3.42196 ,3.43942 ,0.01614 ,4.19893 ,4.23397 ,0.03517 ,2492,0.07153 ,0.23921 ,0.51308 
24920000 ,2.76623 ,2.71934 ,0.02366 ,3.42196 ,3.48483 ,0.04227 ,4.19893 ,4.32814 ,0.01748 ,2493,0.05086 ,0.22269 ,0.51145 
24930000 ,2.77174 ,2.78091 ,0.03882 ,3.42196 ,3.40559 ,0.02288 ,4.19893 ,4.21881 ,0.01028 ,2494,0.05431 ,0.22985 ,0.52147 
24940000 ,2.77174 ,2.83250 ,0.00922 ,3.42196 ,3.50081 ,0.03686 ,4.20444 ,4.20167 ,0.02249 ,2495,0.06390 ,0.22164 ,0.52018 
24950000 ,2.77174 ,2.82750 ,0.03025 ,3.42747 ,3.40632 ,0.02496 ,4.20444 ,4.25149 ,0.06621 ,2496,0.05765 ,0.22092 ,0.52355 
24960000 ,2.77174 ,2.81693 ,0.03285 ,3.42747 ,3.42866 ,0.00818 ,4.20444 ,4.25627 ,0.03090 ,2497,0.06343 ,0.21474 ,0.52830 
24970000 ,2.77174 ,2.78334 ,0.00511 ,3.42747 ,3.44422 ,0.01616 ,4.20444 ,4.30167 ,0.01852 ,2498,0.07302 ,0.23667 ,0.53327 
24980000 ,2.77174 ,2.76366 ,0.04278 ,3.42747 ,3.40427 ,0.02997 ,4.20444 ,4.31091 ,0.04465 ,2499,0.05414 ,0.23397 ,0.53664 
24990000 ,2.77725 ,2.79478 ,0.01824 ,3.43298 ,3.50104 ,0.03999 ,4.20995 ,4.22456 ,0.04935 ,2500,0.04647 ,0.23264 ,0.47444 
25000000 ,2.77725 ,2.84294 ,0.04252 ,3.43298 ,3.41127 ,0.03289 ,4.20995 ,4.30174 ,0.01822 ,2501,0.06304 ,0.23980 ,0.48690 
25010000 ,2.77725 ,2.84307 ,0.02257 ,3.43298 ,3.43775 ,0.01393 ,4.20995 ,4.22563 ,0.01646 ,2502,0.04237 ,0.22510 ,0.49377 
25020000 ,2.77725 ,2.81154 ,0.01219 ,3.43298 ,3.45644 ,0.03035 ,4.20995 ,4.23181 ,0.03768 ,2503,0.07619 ,0.22240 ,0.50176 
25030000 ,2.78276 ,2.82279 ,0.04339 ,3.43298 ,3.44643 ,0.02032 ,4.21546 ,4.27775 ,0.03359 ,2504,0.07279 ,0.21117 ,0.48898 
25040000 ,2.78276 ,2.82478 ,0.03071 ,3.43298 ,3.46067 ,0.03527 ,4.21546 ,4.26117 ,0.03651 ,2505,0.05212 ,0.23013 ,0.50301 
25050000 ,2.78276 ,2.78314 ,0.00902 ,3.43849 ,3.40593 ,0.03469 ,4.21546 ,4.30159 ,0.00758 ,2506,0.02474 ,0.22941 ,0.49614 
25060000 ,2.78276 ,2.80607 ,0.01720 ,3.43849 ,3.41689 ,0.01627 ,4.22097 ,4.37577 ,0.03002 ,2507,0.02261 ,0.22473 ,0.50273 
25070000 ,2.78276 ,2.74041 ,0.03868 ,3.43849 ,3.41968 ,0.01383 ,4.22097 ,4.20902 ,0.02025 ,2508,0.02757 ,0.23390 ,0.49560 
25080000 ,2.78827 ,2.83172 ,0.03662 ,3.43849 ,3.46890 ,0.03628 ,4.22097 ,4.27945 ,0.01874 ,2509,0.01583 ,0.23241 ,0.50805 
25090000 ,2.78827 ,2.86397 ,0.02863 ,3.43849 ,3.45398 ,0.03267 ,4.22097 ,4.36684 ,0.02282 ,2510,0.02079 ,0.24349 ,0.51584 
25100000 ,2.78827 ,2.78402 ,0.03040 ,3.44401 ,3.44924 ,0.03365 ,4.22097 ,4.26435 ,0.01035 ,2511,0.02489 ,0.24079 ,0.52227 
25110000 ,2.78827 ,2.81795 ,0.01918 ,3.44401 ,3.44851 ,0.02591 ,4.22648 ,4.30745 ,0.00622 ,2512,0.01926 ,0.23946 ,0.52887 
25120000 ,2.78827 ,2.77681 ,0.03431 ,3.44401 ,3.47592 ,0.00816 ,4.22648 ,4.30803 ,0.03909 ,2513,0.02320 ,0.24662 ,0.53100 
25130000 ,2.79378 ,2.87565 ,0.01928 ,3.44401 ,3.48891 ,0.03990 ,4.22648 ,4.22015 ,0.02315 ,2514,0.02510 ,0.23429 ,0.52428 
25140000 ,2.79378 ,2.78664 ,0.01479 ,3.44952 ,3.43892 ,0.01203 ,4.22648 ,4.25774 ,0.00893 ,2515,0.03469 ,0.23726 ,0.49143 
25150000 ,2.79378 ,2.81695 ,0.00977 ,3.44952 ,3.45424 ,0.04313 ,4.22648 ,4.26219 ,0.00902 ,2516,0.02279 ,0.24642 ,0.50945 
25160000 ,2.79378 ,2.85960 ,0.01174 ,3.44952 ,3.45390 ,0.02101 ,4.22648 ,4.27519 ,0.00737 ,2517,0.02066 ,0.22612 ,0.49131 
25170000 ,2.79929 ,2.88235 ,0.03872 ,3.44952 ,3.47503 ,0.02876 ,4.23200 ,4.30803 ,0.01273 ,2518,0.02562 ,0.23655 ,0.50488 
25180000 ,2.79929 ,2.81069 ,0.04771 ,3.45503 ,3.40986 ,0.02605 ,4.23200 ,4.29503 ,0.02922 ,2519,0.02030 ,0.23793 ,0.50590 
25190000 ,2.79929 ,2.81775 ,0.02576 ,3.45503 ,3.44483 ,0.00307 ,4.23200 ,4.30020 ,0.01649 ,2520,0.03512 ,0.21640 ,0.49918 
25200000 ,2.79929 ,2.87858 ,0.00641 ,3.45503 ,3.46726 ,0.01160 ,4.23751 ,4.35619 ,0.01101 ,2521,0.02517 ,0.22247 ,0.49975 
25210000 ,2.79929 ,2.73432 ,0.03690 ,3.45503 ,3.48472 ,0.04014 ,4.23751 ,4.20942 ,0.01616 ,2522,0.02567 ,0.23630 ,0.51333 
25220000 ,2.79929 ,2.87180 ,0.02526 ,3.45503 ,3.50106 ,0.04160 ,4.23751 ,4.32664 ,0.03763 ,2523,0.04092 ,0.22217 ,0.51450 
25230000 ,2.80480 ,2.79046 ,0.05334 ,3.46054 ,3.45805 ,0.03240 ,4.23751 ,4.31845 ,0.03297 ,2524,0.03940 ,0.22824 ,0.53438 
25240000 ,2.80480 ,2.87924 ,0.01309 ,3.46054 ,3.46286 ,0.00828 ,4.24302 ,4.19235 ,0.02737 ,2525,0.04436 ,0.23165 ,0.52766 
25250000 ,2.80480 ,2.81339 ,0.01472 ,3.46054 ,3.41427 ,0.01040 ,4.24302 ,4.27582 ,0.01834 ,2526,0.03257 ,0.24081 ,0.53383 
25260000 ,2.80480 ,2.81589 ,0.03554 ,3.46054 ,3.49852 ,0.04320 ,4.24302 ,4.25424 ,0.02809 ,2527,0.03307 ,0.20701 ,0.47236 
25270000 ,2.80480 ,2.83655 ,0.02700 ,3.46054 ,3.48768 ,0.04030 ,4.24302 ,4.27528 ,0.01055 ,2528,0.03625 ,0.21853 ,0.48481 
25280000 ,2.80480 ,2.85948 ,0.01327 ,3.46605 ,3.47868 ,0.01700 ,4.24853 ,4.34831 ,0.04987 ,2529,0.02859 ,0.20515 ,0.48473 
25290000 ,2.81031 ,2.77730 ,0.00930 ,3.46605 ,3.50114 ,0.04583 ,4.24853 ,4.29719 ,0.01944 ,2530,0.03399 ,0.21512 ,0.50275 
25300000 ,2.81031 ,2.85217 ,0.02486 ,3.46605 ,3.47222 ,0.00774 ,4.24853 ,4.26427 ,0.02841 ,2531,0.04429 ,0.19461 ,0.48462 
25310000 ,2.81031 ,2.79167 ,0.02725 ,3.46605 ,3.45405 ,0.01899 ,4.25404 ,4.25419 ,0.01683 ,2532,0.02980 ,0.20068 ,0.49819 
25320000 ,2.81031 ,2.88229 ,0.03866 ,3.47156 ,3.51860 ,0.05210 ,4.25404 ,4.24155 ,0.02348 ,2533,0.03188 ,0.23246 ,0.49921 
25330000 ,2.81582 ,2.83240 ,0.01181 ,3.47156 ,3.46420 ,0.02955 ,4.25404 ,4.29371 ,0.03977 ,2534,0.03378 ,0.23174 ,0.49249 
25340000 ,2.81582 ,2.79575 ,0.03166 ,3.47156 ,3.45299 ,0.01846 ,4.25404 ,4.31659 ,0.02093 ,2535,0.04338 ,0.22706 ,0.49004 
25350000 ,2.81582 ,2.82931 ,0.01956 ,3.47156 ,3.50302 ,0.01721 ,4.25404 ,4.30874 ,0.01775 ,2536,0.04721 ,0.23623 ,0.50806 
25360000 ,2.81582 ,2.88464 ,0.01589 ,3.47707 ,3.44732 ,0.02669 ,4.25955 ,4.33330 ,0.02137 ,2537,0.02576 ,0.21812 ,0.49747 
25370000 ,2.81582 ,2.84886 ,0.02345 ,3.47707 ,3.48523 ,0.03194 ,4.25955 ,4.28107 ,0.02872 ,2538,0.03072 ,0.22419 ,0.50777 
25380000 ,2.82133 ,2.85353 ,0.00711 ,3.47707 ,3.53193 ,0.05446 ,4.25955 ,4.23186 ,0.03306 ,2539,0.03482 ,0.19890 ,0.50432 
25390000 ,2.82133 ,2.81983 ,0.02300 ,3.47707 ,3.43823 ,0.01704 ,4.25955 ,4.36152 ,0.01933 ,2540,0.05164 ,0.21042 ,0.50539 
25400000 ,2.82133 ,2.88672 ,0.04072 ,3.47707 ,3.45955 ,0.01948 ,4.25955 ,4.30983 ,0.01898 ,2541,0.05660 ,0.19704 ,0.50144 
25410000 ,2.82133 ,2.87582 ,0.00696 ,3.48258 ,3.54304 ,0.00237 ,4.26506 ,4.31065 ,0.04842 ,2542,0.04481 ,0.20701 ,0.51502 
25420000 ,2.82133 ,2.89584 ,0.01470 ,3.48258 ,3.47571 ,0.02090 ,4.26506 ,4.32324 ,0.02056 ,2543,0.04531 ,0.18650 ,0.50641 
25430000 ,2.82133 ,2.86449 ,0.01480 ,3.48258 ,3.47522 ,0.01627 ,4.26506 ,4.27577 ,0.01751 ,2544,0.04850 ,0.19257 ,0.52077 
25440000 ,2.82684 ,2.86284 ,0.00739 ,3.48258 ,3.55016 ,0.01925 ,4.27057 ,4.28813 ,0.03796 ,2545,0.04083 ,0.21534 ,0.52414 
25450000 ,2.82684 ,2.77923 ,0.03395 ,3.48258 ,3.45771 ,0.02125 ,4.27057 ,4.29857 ,0.02824 ,2546,0.05321 ,0.22531 ,0.48716 
25460000 ,2.82684 ,2.87197 ,0.03821 ,3.48258 ,3.49043 ,0.04286 ,4.27057 ,4.28261 ,0.03659 ,2547,0.04639 ,0.21105 ,0.50562 
25470000 ,2.82684 ,2.89062 ,0.02366 ,3.48809 ,3.50651 ,0.03300 ,4.27057 ,4.24121 ,0.00282 ,2548,0.03872 ,0.22376 ,0.52318 
25480000 ,2.83235 ,2.87318 ,0.01028 ,3.48809 ,3.48435 ,0.04312 ,4.27057 ,4.41373 ,0.00780 ,2549,0.04826 ,0.22982 ,0.51238 
25490000 ,2.83235 ,2.87439 ,0.02578 ,3.48809 ,3.46681 ,0.01617 ,4.27608 ,4.32274 ,0.01856 ,2550,0.05072 ,0.23200 ,0.52062 
25500000 ,2.83235 ,2.83795 ,0.04504 ,3.48809 ,3.49298 ,0.02345 ,4.27608 ,4.28657 ,0.02528 ,2551,0.03730 ,0.22256 ,0.50578 
25510000 ,2.83235 ,2.84831 ,0.02368 ,3.49360 ,3.45401 ,0.01122 ,4.27608 ,4.32381 ,0.01036 ,2552,0.04760 ,0.22184 ,0.51552 
25520000 ,2.83235 ,2.86032 ,0.01314 ,3.49360 ,3.49481 ,0.00583 ,4.27608 ,4.27784 ,0.01707 ,2553,0.03148 ,0.21715 ,0.52482 
25530000 ,2.83786 ,2.87644 ,0.02977 ,3.49360 ,3.50577 ,0.00794 ,4.28159 ,4.37737 ,0.04797 ,2554,0.04107 ,0.22632 ,0.53467 
25540000 ,2.83786 ,2.89394 ,0.00515 ,3.49360 ,3.51740 ,0.00896 ,4.28159 ,4.31586 ,0.01303 ,2555,0.03456 ,0.21243 ,0.52857 
25550000 ,2.83786 ,2.85363 ,0.03217 ,3.49911 ,3.48239 ,0.03237 ,4.28159 ,4.35866 ,0.03687 ,2556,0.04486 ,0.21849 ,0.53681 
25560000 ,2.83786 ,2.92635 ,0.01945 ,3.49911 ,3.51719 ,0.03234 ,4.28710 ,4.28752 ,0.01853 ,2557,0.03037 ,0.21958 ,0.52617 
25570000 ,2.83786 ,2.92716 ,0.01977 ,3.49911 ,3.48468 ,0.02680 ,4.28710 ,4.32309 ,0.01504 ,2558,0.04189 ,0.22564 ,0.51945 
25580000 ,2.83786 ,2.87071 ,0.04326 ,3.49911 ,3.52413 ,0.04929 ,4.28710 ,4.36800 ,0.03371 ,2559,0.05148 ,0.22782 ,0.52554 
25590000 ,2.84337 ,2.85481 ,0.03567 ,3.49911 ,3.51435 ,0.01409 ,4.28710 ,4.37565 ,0.02527 ,2560,0.04524 ,0.20548 ,0.52660 
25600000 ,2.84337 ,2.87836 ,0.02560 ,3.50462 ,3.46476 ,0.03099 ,4.28710 ,4.33139 ,0.02521 ,2561,0.04088 ,0.20318 ,0.52792 
25610000 ,2.84337 ,2.87082 ,0.03406 ,3.50462 ,3.56111 ,0.01230 ,4.29261 ,4.36311 ,0.03476 ,2562,0.03526 ,0.22524 ,0.53130 
25620000 ,2.84888 ,2.92057 ,0.02850 ,3.50462 ,3.52446 ,0.03338 ,4.29261 ,4.33470 ,0.03276 ,2563,0.05010 ,0.22385 ,0.48730 
25630000 ,2.84888 ,2.92240 ,0.02682 ,3.50462 ,3.50160 ,0.01575 ,4.29261 ,4.28312 ,0.01938 ,2564,0.05256 ,0.21720 ,0.49530 
25640000 ,2.84888 ,2.86548 ,0.05937 ,3.51013 ,3.46934 ,0.02795 ,4.29261 ,4.30234 ,0.00333 ,2565,0.03867 ,0.21648 ,0.48252 
25650000 ,2.84888 ,2.84777 ,0.01101 ,3.51013 ,3.52962 ,0.04459 ,4.29812 ,4.37250 ,0.04126 ,2566,0.03305 ,0.22649 ,0.49655 
25660000 ,2.84888 ,2.90882 ,0.01790 ,3.51013 ,3.51761 ,0.02286 ,4.29812 ,4.37131 ,0.02401 ,2567,0.02843 ,0.22379 ,0.48967 
25670000 ,2.84888 ,2.78829 ,0.01745 ,3.51013 ,3.54614 ,0.03187 ,4.29812 ,4.40398 ,0.04549 ,2568,0.02076 ,0.22460 ,0.49627 
25680000 ,2.85439 ,2.86590 ,0.01065 ,3.51013 ,3.57403 ,0.02917 ,4.30363 ,4.30111 ,0.02948 ,2569,0.03881 ,0.22388 ,0.48521 
25690000 ,2.85439 ,2.88711 ,0.04904 ,3.51564 ,3.47945 ,0.02224 ,4.30363 ,4.34829 ,0.00819 ,2570,0.03319 ,0.21323 ,0.49878 
25700000 ,2.85439 ,2.87666 ,0.03607 ,3.51564 ,3.51643 ,0.03276 ,4.30363 ,4.32609 ,0.01673 ,2571,0.03404 ,0.23491 ,0.49996 
25710000 ,2.85439 ,2.89959 ,0.03525 ,3.51564 ,3.52552 ,0.01042 ,4.30363 ,4.32715 ,0.02553 ,2572,0.03340 ,0.23261 ,0.49175 
25720000 ,2.85439 ,2.80920 ,0.02982 ,3.51564 ,3.52069 ,0.02456 ,4.30914 ,4.32351 ,0.01350 ,2573,0.06237 ,0.24803 ,0.49974 
25730000 ,2.85990 ,2.92790 ,0.02331 ,3.52115 ,3.54808 ,0.02357 ,4.30914 ,4.33421 ,0.00267 ,2574,0.06483 ,0.24534 ,0.49420 
25740000 ,2.85990 ,2.93231 ,0.02681 ,3.52115 ,3.51123 ,0.02757 ,4.30914 ,4.34143 ,0.03778 ,2575,0.04827 ,0.22854 ,0.50778 
25750000 ,2.85990 ,2.91461 ,0.03198 ,3.52115 ,3.54236 ,0.03866 ,4.30914 ,4.41690 ,0.02732 ,2576,0.01975 ,0.21643 ,0.49917 
25760000 ,2.85990 ,2.88581 ,0.01139 ,3.52115 ,3.54257 ,0.02705 ,4.30914 ,4.35695 ,0.00303 ,2577,0.01761 ,0.21503 ,0.50946 
25770000 ,2.86541 ,2.94110 ,0.02516 ,3.52115 ,3.51089 ,0.01624 ,4.30914 ,4.45827 ,0.02212 ,2578,0.02258 ,0.20274 ,0.50458 
25780000 ,2.86541 ,2.83584 ,0.03396 ,3.52666 ,3.53119 ,0.01317 ,4.31465 ,4.35652 ,0.03020 ,2579,0.01726 ,0.20130 ,0.52214 
25790000 ,2.86541 ,2.91750 ,0.04781 ,3.52666 ,3.49423 ,0.02536 ,4.31465 ,4.32140 ,0.02842 ,2580,0.03208 ,0.20436 ,0.50613 
25800000 ,2.86541 ,2.85558 ,0.00957 ,3.52666 ,3.51990 ,0.01665 ,4.31465 ,4.34957 ,0.02399 ,2581,0.02212 ,0.20206 ,0.51598 
25810000 ,2.86541 ,2.89177 ,0.01401 ,3.52666 ,3.52517 ,0.01444 ,4.32016 ,4.36340 ,0.03455 ,2582,0.02262 ,0.18873 ,0.51353 
25820000 ,2.87092 ,2.88556 ,0.03046 ,3.52666 ,3.56774 ,0.02911 ,4.32016 ,4.36461 ,0.01868 ,2583,0.03788 ,0.19807 ,0.51690 
25830000 ,2.87092 ,2.89856 ,0.01806 ,3.53217 ,3.48269 ,0.01528 ,4.32016 ,4.45969 ,0.02428 ,2584,0.03635 ,0.20012 ,0.49875 
25840000 ,2.87092 ,2.88051 ,0.01882 ,3.53217 ,3.55868 ,0.00697 ,4.32016 ,4.36294 ,0.02051 ,2585,0.04132 ,0.20454 ,0.51278 
25850000 ,2.87092 ,2.86113 ,0.02023 ,3.53217 ,3.56970 ,0.00480 ,4.32567 ,4.37451 ,0.01775 ,2586,0.02953 ,0.21606 ,0.51436 
25860000 ,2.87092 ,2.88496 ,0.01972 ,3.53217 ,3.56148 ,0.04528 ,4.32567 ,4.41148 ,0.02781 ,2587,0.03003 ,0.20268 ,0.53192 
25870000 ,2.87092 ,2.91708 ,0.02403 ,3.53768 ,3.62159 ,0.05205 ,4.32567 ,4.38047 ,0.01497 ,2588,0.03321 ,0.21266 ,0.52497 
25880000 ,2.87644 ,2.87825 ,0.02754 ,3.53768 ,3.50130 ,0.02989 ,4.32567 ,4.45871 ,0.03556 ,2589,0.02554 ,0.19214 ,0.53322 
25890000 ,2.87644 ,2.88404 ,0.00894 ,3.53768 ,3.52522 ,0.03789 ,4.33118 ,4.36960 ,0.06340 ,2590,0.03094 ,0.19821 ,0.50381 
25900000 ,2.87644 ,2.95712 ,0.03659 ,3.53768 ,3.48770 ,0.01170 ,4.33118 ,4.38183 ,0.02780 ,2591,0.04124 ,0.22756 ,0.51041 
25910000 ,2.88195 ,2.88966 ,0.02818 ,3.54319 ,3.56296 ,0.03150 ,4.33118 ,4.39279 ,0.06592 ,2592,0.02675 ,0.22617 ,0.51932 
25920000 ,2.88195 ,2.89599 ,0.05682 ,3.54319 ,3.50268 ,0.02498 ,4.33669 ,4.32859 ,0.01583 ,2593,0.02759 ,0.20744 ,0.52917 
25930000 ,2.88195 ,2.89945 ,0.02129 ,3.54319 ,3.58104 ,0.03554 ,4.33669 ,4.39091 ,0.02298 ,2594,0.02197 ,0.21677 ,0.52692 
25940000 ,2.88195 ,2.84743 ,0.05161 ,3.54319 ,3.55734 ,0.02856 ,4.33669 ,4.36008 ,0.02616 ,2595,0.02283 ,0.21474 ,0.53518 
25950000 ,2.88195 ,2.82138 ,0.04284 ,3.54319 ,3.53106 ,0.01501 ,4.33669 ,4.38478 ,0.02115 ,2596,0.03361 ,0.22472 ,0.52702 
25960000 ,2.88195 ,2.91989 ,0.02770 ,3.54870 ,3.58055 ,0.03916 ,4.33669 ,4.43691 ,0.03177 ,2597,0.02365 ,0.22584 ,0.53199 
25970000 ,2.88195 ,2.89482 ,0.02199 ,3.54870 ,3.54304 ,0.03959 ,4.34221 ,4.40171 ,0.04481 ,2598,0.02415 ,0.21002 ,0.53536 
25980000 ,2.88746 ,2.90626 ,0.04298 ,3.54870 ,3.54909 ,0.05307 ,4.34221 ,4.35766 ,0.02833 ,2599,0.04204 ,0.21033 ,0.48536 
25990000 ,2.88746 ,2.94936 ,0.02132 ,3.54870 ,3.60722 ,0.02245 ,4.34221 ,4.37615 ,0.02311 ,2600,0.04254 ,0.21950 ,0.49782 
26000000 ,2.88746 ,2.89916 ,0.01025 ,3.55422 ,3.55990 ,0.01594 ,4.34221 ,4.40289 ,0.02031 ,2601,0.02813 ,0.22681 ,0.51234 
26010000 ,2.88746 ,2.91235 ,0.03839 ,3.55422 ,3.54186 ,0.04496 ,4.34221 ,4.36398 ,0.01380 ,2602,0.03370 ,0.22538 ,0.52654 
26020000 ,2.88746 ,2.88070 ,0.02042 ,3.55422 ,3.53732 ,0.03526 ,4.34772 ,4.44577 ,0.02803 ,2603,0.04886 ,0.24061 ,0.51959 
26030000 ,2.89297 ,2.94318 ,0.01064 ,3.55422 ,3.57153 ,0.05105 ,4.34772 ,4.44326 ,0.02246 ,2604,0.06275 ,0.24511 ,0.52094 
26040000 ,2.89297 ,2.97857 ,0.03535 ,3.55422 ,3.56655 ,0.02866 ,4.34772 ,4.36240 ,0.03479 ,2605,0.03517 ,0.22858 ,0.51423 
26050000 ,2.89297 ,2.88769 ,0.02821 ,3.55973 ,3.59521 ,0.02699 ,4.35323 ,4.36661 ,0.02465 ,2606,0.02045 ,0.23574 ,0.52844 
26060000 ,2.89297 ,2.92609 ,0.01017 ,3.55973 ,3.58705 ,0.03421 ,4.35323 ,4.35260 ,0.02417 ,2607,0.03075 ,0.22520 ,0.53668 
26070000 ,2.89848 ,2.94696 ,0.03442 ,3.55973 ,3.55121 ,0.00664 ,4.35323 ,4.41454 ,0.00435 ,2608,0.03877 ,0.22289 ,0.52839 
26080000 ,2.89848 ,2.88788 ,0.04396 ,3.55973 ,3.61218 ,0.03818 ,4.35323 ,4.39132 ,0.01496 ,2609,0.04374 ,0.22390 ,0.53664 
26090000 ,2.89848 ,2.88238 ,0.00671 ,3.56524 ,3.55546 ,0.02858 ,4.35323 ,4.40837 ,0.03667 ,2610,0.03194 ,0.22898 ,0.50679 
26100000 ,2.89848 ,2.91402 ,0.01147 ,3.56524 ,3.62642 ,0.02939 ,4.35874 ,4.39892 ,0.01786 ,2611,0.03245 ,0.23614 ,0.51323 
26110000 ,2.90399 ,2.91130 ,0.02143 ,3.56524 ,3.53251 ,0.01931 ,4.35874 ,4.40836 ,0.01069 ,2612,0.03563 ,0.24178 ,0.51982 
26120000 ,2.90399 ,2.94758 ,0.02013 ,3.56524 ,3.54097 ,0.04378 ,4.35874 ,4.33528 ,0.00343 ,2613,0.02796 ,0.22765 ,0.52195 
26130000 ,2.90399 ,2.97012 ,0.04013 ,3.56524 ,3.58119 ,0.01939 ,4.35874 ,4.44726 ,0.00521 ,2614,0.03067 ,0.23372 ,0.51523 
26140000 ,2.90399 ,2.95457 ,0.03364 ,3.57075 ,3.55420 ,0.03294 ,4.36424 ,4.53415 ,0.01587 ,2615,0.04350 ,0.23712 ,0.49601 
26150000 ,2.90399 ,2.96375 ,0.00805 ,3.57075 ,3.61724 ,0.01896 ,4.36424 ,4.37530 ,0.03023 ,2616,0.04400 ,0.24629 ,0.50575 
26160000 ,2.90399 ,2.93583 ,0.03236 ,3.57075 ,3.58757 ,0.02938 ,4.36424 ,4.32987 ,0.00896 ,2617,0.02960 ,0.20458 ,0.51504 
26170000 ,2.90950 ,2.94884 ,0.04448 ,3.57075 ,3.59087 ,0.03071 ,4.36975 ,4.36532 ,0.04609 ,2618,0.04959 ,0.21610 ,0.52489 
26180000 ,2.90950 ,2.92118 ,0.02640 ,3.57075 ,3.61573 ,0.04389 ,4.36975 ,4.35363 ,0.00897 ,2619,0.05291 ,0.20272 ,0.51880 
26190000 ,2.90950 ,2.97674 ,0.03301 ,3.57626 ,3.57776 ,0.02816 ,4.36975 ,4.46206 ,0.00841 ,2620,0.04525 ,0.21270 ,0.52704 
26200000 ,2.90950 ,2.96087 ,0.03355 ,3.57626 ,3.60732 ,0.01197 ,4.36975 ,4.42513 ,0.03800 ,2621,0.04038 ,0.19218 ,0.50272 
26210000 ,2.91501 ,2.91033 ,0.01881 ,3.57626 ,3.54148 ,0.02958 ,4.37526 ,4.40826 ,0.00725 ,2622,0.03007 ,0.19825 ,0.50932 
26220000 ,2.91501 ,2.96865 ,0.01304 ,3.57626 ,3.56892 ,0.04271 ,4.37526 ,4.43787 ,0.03954 ,2623,0.03197 ,0.22102 ,0.51823 
26230000 ,2.91501 ,2.93260 ,0.03971 ,3.58177 ,3.55967 ,0.02815 ,4.37526 ,4.46067 ,0.02638 ,2624,0.04156 ,0.23100 ,0.52808 
26240000 ,2.91501 ,2.96577 ,0.02888 ,3.58177 ,3.57055 ,0.03427 ,4.37526 ,4.43091 ,0.03201 ,2625,0.04539 ,0.21673 ,0.52583 
26250000 ,2.91501 ,2.95323 ,0.04538 ,3.58177 ,3.57799 ,0.04477 ,4.37526 ,4.48837 ,0.01350 ,2626,0.03668 ,0.22944 ,0.53408 
26260000 ,2.92052 ,3.00009 ,0.02297 ,3.58177 ,3.66948 ,0.03395 ,4.38078 ,4.37034 ,0.01950 ,2627,0.05184 ,0.23551 ,0.52439 
26270000 ,2.92052 ,2.96758 ,0.01874 ,3.58728 ,3.55940 ,0.01950 ,4.38078 ,4.37897 ,0.00629 ,2628,0.06573 ,0.23769 ,0.51767 
26280000 ,2.92052 ,2.96102 ,0.05300 ,3.58728 ,3.59670 ,0.00637 ,4.38078 ,4.46846 ,0.00846 ,2629,0.03023 ,0.19479 ,0.53189 
26290000 ,2.92052 ,2.98545 ,0.03064 ,3.58728 ,3.61834 ,0.05353 ,4.38629 ,4.39173 ,0.01771 ,2630,0.03520 ,0.19674 ,0.54013 
26300000 ,2.92052 ,2.97870 ,0.02926 ,3.58728 ,3.59083 ,0.02249 ,4.38629 ,4.37743 ,0.04239 ,2631,0.03077 ,0.19443 ,0.53183 
26310000 ,2.92603 ,2.91942 ,0.00663 ,3.59279 ,3.58178 ,0.02164 ,4.38629 ,4.31925 ,0.01224 ,2632,0.04466 ,0.21781 ,0.54009 
26320000 ,2.92603 ,2.99832 ,0.05412 ,3.59279 ,3.54863 ,0.05040 ,4.38629 ,4.40978 ,0.01219 ,2633,0.03188 ,0.21642 ,0.52232 
26330000 ,2.92603 ,2.90677 ,0.04205 ,3.59279 ,3.62198 ,0.04436 ,4.39180 ,4.40397 ,0.03697 ,2634,0.04147 ,0.20977 ,0.51560 
26340000 ,2.92603 ,2.96299 ,0.02129 ,3.59279 ,3.61274 ,0.02267 ,4.39180 ,4.48751 ,0.00718 ,2635,0.05756 ,0.20905 ,0.52177 
26350000 ,2.93154 ,2.90162 ,0.05742 ,3.59279 ,3.56165 ,0.00328 ,4.39180 ,4.47856 ,0.03722 ,2636,0.07145 ,0.21906 ,0.52112 
26360000 ,2.93154 ,2.97260 ,0.01918 ,3.59830 ,3.57902 ,0.02140 ,4.39180 ,4.46236 ,0.01624 ,2637,0.03311 ,0.21636 ,0.51440 
26370000 ,2.93154 ,2.99420 ,0.02862 ,3.59830 ,3.62965 ,0.02858 ,4.39180 ,4.39224 ,0.03388 ,2638,0.03518 ,0.22315 ,0.52049 
26380000 ,2.93154 ,2.92225 ,0.04335 ,3.59830 ,3.60675 ,0.01924 ,4.39731 ,4.47852 ,0.01814 ,2639,0.03764 ,0.22176 ,0.52155 
26390000 ,2.93154 ,2.91996 ,0.04650 ,3.59830 ,3.60195 ,0.02441 ,4.39731 ,4.41363 ,0.01766 ,2640,0.04844 ,0.20303 ,0.52287 
26400000 ,2.93154 ,2.94819 ,0.01175 ,3.60381 ,3.64072 ,0.04583 ,4.39731 ,4.38040 ,0.01286 ,2641,0.03372 ,0.21236 ,0.52625 
26410000 ,2.93705 ,2.97754 ,0.02284 ,3.60381 ,3.58610 ,0.03786 ,4.40282 ,4.43170 ,0.01232 ,2642,0.04402 ,0.21033 ,0.52750 
26420000 ,2.93705 ,2.94591 ,0.03220 ,3.60381 ,3.61767 ,0.02610 ,4.40282 ,4.41933 ,0.02198 ,2643,0.05830 ,0.22031 ,0.53247 
26430000 ,2.93705 ,2.98156 ,0.01142 ,3.60381 ,3.61349 ,0.02066 ,4.40282 ,4.39708 ,0.01479 ,2644,0.06077 ,0.22144 ,0.53584 
26440000 ,2.93705 ,2.89593 ,0.01813 ,3.60932 ,3.65629 ,0.04926 ,4.40282 ,4.49495 ,0.01983 ,2645,0.04734 ,0.20561 ,0.54062 
26450000 ,2.93705 ,3.01008 ,0.01096 ,3.60932 ,3.62371 ,0.03783 ,4.40833 ,4.48840 ,0.02614 ,2646,0.05764 ,0.20592 ,0.49965 
26460000 ,2.94256 ,2.98681 ,0.04056 ,3.60932 ,3.62972 ,0.04950 ,4.40833 ,4.40371 ,0.01491 ,2647,0.04152 ,0.21509 ,0.50608 
26470000 ,2.94256 ,2.97635 ,0.02023 ,3.60932 ,3.57129 ,0.00912 ,4.40833 ,4.42999 ,0.03581 ,2648,0.05112 ,0.21870 ,0.50809 
26480000 ,2.94256 ,2.98306 ,0.01423 ,3.60932 ,3.64523 ,0.01707 ,4.40833 ,4.52727 ,0.05307 ,2649,0.02854 ,0.22868 ,0.51787 
26490000 ,2.94807 ,2.92140 ,0.03991 ,3.61483 ,3.60814 ,0.02968 ,4.41384 ,4.41590 ,0.03224 ,2650,0.03350 ,0.21441 ,0.52403 
26500000 ,2.94807 ,2.98311 ,0.04435 ,3.61483 ,3.64315 ,0.03605 ,4.41384 ,4.49124 ,0.02701 ,2651,0.03760 ,0.21359 ,0.49885 
26510000 ,2.94807 ,2.90447 ,0.02524 ,3.61483 ,3.59509 ,0.02667 ,4.41384 ,4.43099 ,0.02111 ,2652,0.05442 ,0.22698 ,0.50528 
26520000 ,2.94807 ,3.05017 ,0.01525 ,3.61483 ,3.63567 ,0.03270 ,4.41935 ,4.48194 ,0.03610 ,2653,0.05938 ,0.22736 ,0.50728 
26530000 ,2.94807 ,2.92448 ,0.03956 ,3.61483 ,3.61199 ,0.02092 ,4.41935 ,4.41787 ,0.00300 ,2654,0.04759 ,0.22546 ,0.48753 
26540000 ,2.95358 ,2.93916 ,0.05688 ,3.62034 ,3.57225 ,0.01812 ,4.41935 ,4.44266 ,0.01403 ,2655,0.04809 ,0.22315 ,0.49693 
26550000 ,2.95358 ,2.97432 ,0.03956 ,3.62034 ,3.63272 ,0.02378 ,4.41935 ,4.48724 ,0.04010 ,2656,0.05128 ,0.23355 ,0.50694 
26560000 ,2.95358 ,2.89918 ,0.02829 ,3.62034 ,3.68471 ,0.02293 ,4.41935 ,4.42464 ,0.00951 ,2657,0.04361 ,0.23283 ,0.50197 
26570000 ,2.95358 ,2.99306 ,0.04107 ,3.62034 ,3.64090 ,0.01105 ,4.42486 ,4.37931 ,0.01603 ,2658,0.05598 ,0.23983 ,0.50304 
26580000 ,2.95358 ,2.98679 ,0.02770 ,3.62585 ,3.69458 ,0.03243 ,4.42486 ,4.53820 ,0.02155 ,2659,0.04917 ,0.24119 ,0.52114 
26590000 ,2.95909 ,3.00513 ,0.03121 ,3.62585 ,3.60833 ,0.04652 ,4.42486 ,4.45111 ,0.04123 ,2660,0.04150 ,0.24311 ,0.52084 
26600000 ,2.95909 ,2.96463 ,0.02854 ,3.62585 ,3.62629 ,0.00666 ,4.42486 ,4.44554 ,0.01495 ,2661,0.03422 ,0.24042 ,0.51412 
26610000 ,2.95909 ,3.03182 ,0.02605 ,3.62585 ,3.62886 ,0.03815 ,4.42486 ,4.46554 ,0.03985 ,2662,0.06319 ,0.24406 ,0.52021 
26620000 ,2.95909 ,2.99717 ,0.02681 ,3.63136 ,3.69394 ,0.02968 ,4.43037 ,4.44746 ,0.03791 ,2663,0.06566 ,0.25323 ,0.52127 
26630000 ,2.96460 ,3.00474 ,0.00619 ,3.63136 ,3.60545 ,0.00430 ,4.43037 ,4.51798 ,0.02990 ,2664,0.04909 ,0.24340 ,0.52259 
26640000 ,2.96460 ,3.00298 ,0.01443 ,3.63136 ,3.64621 ,0.02245 ,4.43037 ,4.55012 ,0.00546 ,2665,0.04381 ,0.20845 ,0.52596 
26650000 ,2.96460 ,3.00231 ,0.05748 ,3.63136 ,3.61326 ,0.02908 ,4.43588 ,4.52867 ,0.03361 ,2666,0.02909 ,0.21643 ,0.49857 
26660000 ,2.96460 ,2.95114 ,0.03143 ,3.63136 ,3.64122 ,0.03783 ,4.43588 ,4.46919 ,0.01122 ,2667,0.03939 ,0.21499 ,0.50517 
26670000 ,2.96460 ,3.03809 ,0.00462 ,3.63687 ,3.64103 ,0.01375 ,4.43588 ,4.58312 ,0.02346 ,2668,0.04741 ,0.21820 ,0.50872 
26680000 ,2.97011 ,2.99235 ,0.03577 ,3.63687 ,3.62744 ,0.02285 ,4.43588 ,4.47651 ,0.02189 ,2669,0.05238 ,0.23016 ,0.50520 
26690000 ,2.97011 ,3.02015 ,0.02917 ,3.63687 ,3.68201 ,0.03816 ,4.44139 ,4.47600 ,0.01776 ,2670,0.04059 ,0.23623 ,0.51180 
26700000 ,2.97011 ,3.01516 ,0.02644 ,3.63687 ,3.65626 ,0.01979 ,4.44139 ,4.55166 ,0.01129 ,2671,0.04109 ,0.23811 ,0.51017 
26710000 ,2.97011 ,3.01930 ,0.01941 ,3.64238 ,3.65644 ,0.00731 ,4.44139 ,4.46602 ,0.02250 ,2672,0.04427 ,0.24527 ,0.52018 
26720000 ,2.97011 ,3.00301 ,0.04999 ,3.64238 ,3.63434 ,0.04471 ,4.44139 ,4.46308 ,0.03927 ,2673,0.03660 ,0.24272 ,0.51889 
26730000 ,2.97011 ,3.03931 ,0.00554 ,3.64238 ,3.62920 ,0.02426 ,4.44690 ,4.45946 ,0.02550 ,2674,0.03931 ,0.24635 ,0.52226 
26740000 ,2.97562 ,2.95700 ,0.04131 ,3.64238 ,3.64654 ,0.03703 ,4.44690 ,4.49616 ,0.01271 ,2675,0.05214 ,0.22501 ,0.52701 
26750000 ,2.97562 ,3.00057 ,0.03570 ,3.64789 ,3.64057 ,0.01831 ,4.44690 ,4.46590 ,0.00453 ,2676,0.05264 ,0.22271 ,0.53198 
26760000 ,2.97562 ,3.03121 ,0.03761 ,3.64789 ,3.65337 ,0.02115 ,4.45241 ,4.55885 ,0.02410 ,2677,0.03824 ,0.23813 ,0.53535 
26770000 ,2.98113 ,3.00630 ,0.02094 ,3.64789 ,3.61848 ,0.02504 ,4.45241 ,4.48117 ,0.02426 ,2678,0.05823 ,0.23544 ,0.51497 
26780000 ,2.98113 ,3.00432 ,0.04280 ,3.64789 ,3.67722 ,0.06842 ,4.45241 ,4.48741 ,0.01068 ,2679,0.06156 ,0.21864 ,0.52113 
26790000 ,2.98113 ,2.92910 ,0.01492 ,3.65340 ,3.62294 ,0.00917 ,4.45241 ,4.50586 ,0.02943 ,2680,0.05389 ,0.22471 ,0.52048 
26800000 ,2.98113 ,2.97014 ,0.02019 ,3.65340 ,3.67041 ,0.01748 ,4.45241 ,4.51623 ,0.05307 ,2681,0.04902 ,0.21626 ,0.51377 
26810000 ,2.98113 ,3.01674 ,0.02551 ,3.65340 ,3.65763 ,0.03179 ,4.45792 ,4.49823 ,0.00237 ,2682,0.06720 ,0.21395 ,0.51985 
26820000 ,2.98664 ,3.00320 ,0.00672 ,3.65340 ,3.61991 ,0.03142 ,4.45792 ,4.49404 ,0.03755 ,2683,0.06967 ,0.21495 ,0.52092 
26830000 ,2.98664 ,2.99440 ,0.00430 ,3.65340 ,3.65692 ,0.04143 ,4.45792 ,4.54784 ,0.01698 ,2684,0.05310 ,0.22004 ,0.52224 
26840000 ,2.98664 ,3.05457 ,0.00990 ,3.65891 ,3.63865 ,0.01186 ,4.45792 ,4.52173 ,0.04357 ,2685,0.06040 ,0.22720 ,0.52561 
26850000 ,2.98664 ,2.93921 ,0.03906 ,3.65891 ,3.65256 ,0.01093 ,4.46343 ,4.50867 ,0.02804 ,2686,0.05806 ,0.23649 ,0.52687 
26860000 ,2.98664 ,3.05854 ,0.03579 ,3.65891 ,3.63062 ,0.03489 ,4.46343 ,4.54958 ,0.02511 ,2687,0.05124 ,0.23380 ,0.53184 
26870000 ,2.99215 ,3.02771 ,0.02424 ,3.65891 ,3.63547 ,0.01283 ,4.46343 ,4.50293 ,0.04564 ,2688,0.04357 ,0.23228 ,0.53521 
26880000 ,2.99215 ,2.98767 ,0.03115 ,3.65891 ,3.69165 ,0.05490 ,4.46894 ,4.47060 ,0.02487 ,2689,0.06978 ,0.23835 ,0.49928 
26890000 ,2.99215 ,3.05532 ,0.01660 ,3.66442 ,3.63813 ,0.01609 ,4.46894 ,4.49497 ,0.01872 ,2690,0.06211 ,0.24023 ,0.48509 
26900000 ,2.99215 ,3.06299 ,0.01000 ,3.66442 ,3.65548 ,0.03916 ,4.46894 ,4.52696 ,0.02420 ,2691,0.05725 ,0.24739 ,0.53187 
26910000 ,2.99766 ,2.98847 ,0.02917 ,3.66442 ,3.68068 ,0.03768 ,4.46894 ,4.45949 ,0.03100 ,2692,0.05353 ,0.24484 ,0.52759 
26920000 ,2.99766 ,3.05880 ,0.03677 ,3.66442 ,3.73981 ,0.02001 ,4.47445 ,4.45663 ,0.04042 ,2693,0.04299 ,0.24847 ,0.51477 
26930000 ,2.99766 ,3.02246 ,0.01537 ,3.66993 ,3.63587 ,0.00357 ,4.47445 ,4.48380 ,0.05413 ,2694,0.02035 ,0.22811 ,0.51674 
26940000 ,2.99766 ,3.07338 ,0.00577 ,3.66993 ,3.70098 ,0.04433 ,4.47445 ,4.42879 ,0.02101 ,2695,0.03069 ,0.21398 ,0.51036 
26950000 ,2.99766 ,3.05554 ,0.00872 ,3.66993 ,3.66682 ,0.00789 ,4.47445 ,4.51152 ,0.01584 ,2696,0.02838 ,0.22004 ,0.48374 
26960000 ,3.00317 ,3.05831 ,0.04432 ,3.67544 ,3.72012 ,0.03336 ,4.47445 ,4.50116 ,0.01391 ,2697,0.03848 ,0.22345 ,0.49885 
26970000 ,3.00317 ,3.01563 ,0.04332 ,3.67544 ,3.63490 ,0.03873 ,4.47996 ,4.54128 ,0.03986 ,2698,0.05186 ,0.23262 ,0.47441 
26980000 ,3.00317 ,2.99348 ,0.02887 ,3.67544 ,3.69645 ,0.00764 ,4.47996 ,4.59052 ,0.02321 ,2699,0.05241 ,0.21723 ,0.48844 
26990000 ,3.00317 ,3.00881 ,0.03244 ,3.67544 ,3.67809 ,0.00461 ,4.47996 ,4.57745 ,0.00686 ,2700,0.02158 ,0.22330 ,0.48770 
27000000 ,3.00317 ,3.05808 ,0.02597 ,3.67544 ,3.70333 ,0.04791 ,4.48547 ,4.49575 ,0.02474 ,2701,0.04046 ,0.22548 ,0.48613 
27010000 ,3.00868 ,2.99986 ,0.03735 ,3.68095 ,3.67742 ,0.03711 ,4.48547 ,4.56549 ,0.03695 ,2702,0.05080 ,0.23204 ,0.49989 
27020000 ,3.00868 ,3.00159 ,0.02341 ,3.68095 ,3.69606 ,0.02111 ,4.48547 ,4.56348 ,0.00493 ,2703,0.02524 ,0.24121 ,0.51412 
27030000 ,3.00868 ,3.04933 ,0.01118 ,3.68095 ,3.68344 ,0.04515 ,4.48547 ,4.49814 ,0.03113 ,2704,0.02246 ,0.23138 ,0.51382 
27040000 ,3.01419 ,3.06319 ,0.03818 ,3.68095 ,3.75933 ,0.04728 ,4.49098 ,4.54220 ,0.01741 ,2705,0.03280 ,0.21750 ,0.51038 
27050000 ,3.01419 ,3.07799 ,0.00944 ,3.68095 ,3.74053 ,0.02693 ,4.49098 ,4.63114 ,0.02482 ,2706,0.03048 ,0.21519 ,0.49782 
27060000 ,3.01419 ,3.07665 ,0.01612 ,3.68646 ,3.68975 ,0.02027 ,4.49098 ,4.53264 ,0.03838 ,2707,0.04675 ,0.21963 ,0.51185 
27070000 ,3.01419 ,3.03344 ,0.00742 ,3.68646 ,3.71744 ,0.04669 ,4.49098 ,4.50296 ,0.00868 ,2708,0.05709 ,0.21891 ,0.50418 
27080000 ,3.01419 ,3.02631 ,0.03981 ,3.68646 ,3.66023 ,0.03743 ,4.49098 ,4.60742 ,0.01212 ,2709,0.03153 ,0.20826 ,0.51794 
27090000 ,3.01419 ,3.04970 ,0.02590 ,3.68646 ,3.66463 ,0.00627 ,4.49650 ,4.55458 ,0.01003 ,2710,0.03028 ,0.21433 ,0.51551 
27100000 ,3.01970 ,3.03753 ,0.01598 ,3.69197 ,3.65104 ,0.02594 ,4.49650 ,4.54312 ,0.03062 ,2711,0.02815 ,0.22214 ,0.51889 
27110000 ,3.01970 ,3.01514 ,0.03637 ,3.69197 ,3.72084 ,0.01513 ,4.50201 ,4.49947 ,0.01414 ,2712,0.03311 ,0.22821 ,0.52241 
27120000 ,3.01970 ,3.03830 ,0.01647 ,3.69197 ,3.69666 ,0.01341 ,4.50201 ,4.45973 ,0.01238 ,2713,0.02137 ,0.21714 ,0.52971 
27130000 ,3.01970 ,2.99020 ,0.01609 ,3.69748 ,3.72439 ,0.00440 ,4.50201 ,4.51045 ,0.00410 ,2714,0.02633 ,0.21575 ,0.53077 
27140000 ,3.01970 ,3.07119 ,0.02224 ,3.69748 ,3.69018 ,0.01643 ,4.50201 ,4.57220 ,0.02790 ,2715,0.03043 ,0.20909 ,0.47358 
27150000 ,3.02521 ,3.05636 ,0.02605 ,3.69748 ,3.67748 ,0.04015 ,4.50201 ,4.52759 ,0.01862 ,2716,0.03427 ,0.20837 ,0.48761 
27160000 ,3.02521 ,3.09667 ,0.03291 ,3.69748 ,3.73179 ,0.03468 ,4.50752 ,4.51108 ,0.05639 ,2717,0.03214 ,0.21838 ,0.48733 
27170000 ,3.02521 ,3.09256 ,0.02171 ,3.69748 ,3.68800 ,0.02060 ,4.50752 ,4.60727 ,0.01237 ,2718,0.03710 ,0.21569 ,0.50083 
27180000 ,3.02521 ,3.07622 ,0.02019 ,3.70300 ,3.72065 ,0.03840 ,4.50752 ,4.54934 ,0.00923 ,2719,0.05595 ,0.22488 ,0.48825 
27190000 ,3.03073 ,3.10013 ,0.02891 ,3.70300 ,3.70891 ,0.03651 ,4.50752 ,4.56400 ,0.02324 ,2720,0.05303 ,0.22345 ,0.49799 
27200000 ,3.03073 ,3.11193 ,0.04445 ,3.70300 ,3.76391 ,0.03803 ,4.51303 ,4.55054 ,0.02087 ,2721,0.05136 ,0.23868 ,0.49102 
27210000 ,3.03073 ,3.07779 ,0.01696 ,3.70300 ,3.72859 ,0.04049 ,4.51303 ,4.57463 ,0.02473 ,2722,0.04004 ,0.24318 ,0.48771 
27220000 ,3.03073 ,3.09689 ,0.02489 ,3.70300 ,3.77642 ,0.02388 ,4.51303 ,4.59533 ,0.03925 ,2723,0.04323 ,0.22665 ,0.49745 
27230000 ,3.03624 ,3.04709 ,0.03004 ,3.70851 ,3.71952 ,0.02341 ,4.51854 ,4.61121 ,0.01738 ,2724,0.05072 ,0.23381 ,0.49710 
27240000 ,3.03624 ,3.07653 ,0.03720 ,3.70851 ,3.74464 ,0.04999 ,4.51854 ,4.50423 ,0.02382 ,2725,0.03940 ,0.22560 ,0.50215 
27250000 ,3.03624 ,3.05445 ,0.02519 ,3.70851 ,3.73498 ,0.03988 ,4.51854 ,4.56535 ,0.01060 ,2726,0.04259 ,0.22488 ,0.50321 
27260000 ,3.03624 ,3.06839 ,0.02951 ,3.70851 ,3.71817 ,0.04513 ,4.51854 ,4.60303 ,0.02168 ,2727,0.05996 ,0.21870 ,0.51879 
27270000 ,3.03624 ,2.99148 ,0.03317 ,3.71402 ,3.69422 ,0.01837 ,4.52405 ,4.49999 ,0.02303 ,2728,0.05062 ,0.24063 ,0.50479 
27280000 ,3.04175 ,3.04721 ,0.01884 ,3.71402 ,3.74602 ,0.04438 ,4.52405 ,4.59286 ,0.03374 ,2729,0.05382 ,0.23794 ,0.50886 
27290000 ,3.04175 ,2.97534 ,0.03971 ,3.71402 ,3.73295 ,0.01362 ,4.52405 ,4.59408 ,0.06414 ,2730,0.00908 ,0.23660 ,0.48386 
27300000 ,3.04175 ,3.05064 ,0.02830 ,3.71402 ,3.73668 ,0.02742 ,4.52405 ,4.55169 ,0.01213 ,2731,0.01942 ,0.24376 ,0.50246 
27310000 ,3.04175 ,3.03904 ,0.03079 ,3.71953 ,3.67722 ,0.03731 ,4.52956 ,4.56447 ,0.02898 ,2732,0.01710 ,0.20961 ,0.50232 
27320000 ,3.04726 ,3.06388 ,0.01661 ,3.71953 ,3.71466 ,0.03301 ,4.52956 ,4.63910 ,0.03247 ,2733,0.02721 ,0.21759 ,0.50908 
27330000 ,3.04726 ,3.08162 ,0.01064 ,3.71953 ,3.71191 ,0.01117 ,4.52956 ,4.59639 ,0.01758 ,2734,0.01854 ,0.21615 ,0.51732 
27340000 ,3.04726 ,3.06223 ,0.00841 ,3.71953 ,3.70621 ,0.02963 ,4.53507 ,4.52270 ,0.01250 ,2735,0.03742 ,0.21936 ,0.52153 
27350000 ,3.04726 ,3.09445 ,0.03848 ,3.72504 ,3.74221 ,0.06803 ,4.53507 ,4.54361 ,0.01827 ,2736,0.04776 ,0.23131 ,0.52998 
27360000 ,3.04726 ,3.03609 ,0.05988 ,3.72504 ,3.74719 ,0.05031 ,4.53507 ,4.57656 ,0.03497 ,2737,0.02220 ,0.23738 ,0.51861 
27370000 ,3.05277 ,3.11943 ,0.00602 ,3.72504 ,3.74620 ,0.01565 ,4.53507 ,4.52791 ,0.01249 ,2738,0.02306 ,0.23927 ,0.53264 
27380000 ,3.05277 ,3.08860 ,0.02393 ,3.72504 ,3.73860 ,0.01307 ,4.53507 ,4.56064 ,0.01223 ,2739,0.02093 ,0.24643 ,0.53055 
27390000 ,3.05277 ,3.08860 ,0.05222 ,3.73055 ,3.76103 ,0.02796 ,4.54058 ,4.55930 ,0.03019 ,2740,0.02589 ,0.24388 ,0.51622 
27400000 ,3.05277 ,3.10626 ,0.01614 ,3.73055 ,3.69809 ,0.02962 ,4.54058 ,4.57156 ,0.00843 ,2741,0.04474 ,0.24751 ,0.52029 
27410000 ,3.05828 ,3.08948 ,0.02011 ,3.73055 ,3.75531 ,0.00539 ,4.54058 ,4.58981 ,0.00745 ,2742,0.04181 ,0.21712 ,0.49529 
27420000 ,3.05828 ,3.10432 ,0.01240 ,3.73055 ,3.80196 ,0.04530 ,4.54058 ,4.58158 ,0.01564 ,2743,0.04014 ,0.21640 ,0.51389 
27430000 ,3.05828 ,3.10924 ,0.01068 ,3.73606 ,3.68565 ,0.01403 ,4.54609 ,4.65959 ,0.05682 ,2744,0.02882 ,0.21023 ,0.51375 
27440000 ,3.05828 ,3.09188 ,0.02655 ,3.73606 ,3.67017 ,0.01950 ,4.54609 ,4.54453 ,0.03719 ,2745,0.03202 ,0.21443 ,0.52051 
27450000 ,3.06379 ,3.03592 ,0.02312 ,3.73606 ,3.71771 ,0.00437 ,4.55160 ,4.54971 ,0.01291 ,2746,0.01952 ,0.22050 ,0.52875 
27460000 ,3.06379 ,3.15142 ,0.03273 ,3.73606 ,3.75588 ,0.04206 ,4.55160 ,4.56567 ,0.03524 ,2747,0.02986 ,0.22893 ,0.51797 
27470000 ,3.06379 ,3.09393 ,0.05457 ,3.74157 ,3.78778 ,0.02584 ,4.55160 ,4.66647 ,0.01014 ,2748,0.02755 ,0.22624 ,0.50893 
27480000 ,3.06379 ,3.05232 ,0.03958 ,3.74157 ,3.75789 ,0.05502 ,4.55160 ,4.53885 ,0.01995 ,2749,0.02007 ,0.22491 ,0.50738 
27490000 ,3.06379 ,3.05351 ,0.02435 ,3.74157 ,3.74615 ,0.02475 ,4.55711 ,4.58376 ,0.04629 ,2750,0.04844 ,0.23206 ,0.52141 
27500000 ,3.06930 ,3.13914 ,0.02829 ,3.74157 ,3.77484 ,0.04024 ,4.55711 ,4.68572 ,0.00910 ,2751,0.04551 ,0.22554 ,0.52299 
27510000 ,3.06930 ,3.14170 ,0.04234 ,3.74157 ,3.75367 ,0.03829 ,4.55711 ,4.55253 ,0.02080 ,2752,0.05768 ,0.23161 ,0.54185 
27520000 ,3.06930 ,3.09135 ,0.04453 ,3.74708 ,3.74456 ,0.04235 ,4.55711 ,4.65251 ,0.06464 ,2753,0.06802 ,0.23349 ,0.52705 
27530000 ,3.06930 ,3.09571 ,0.03386 ,3.74708 ,3.73240 ,0.04057 ,4.55711 ,4.57672 ,0.01356 ,2754,0.03669 ,0.24065 ,0.50999 
27540000 ,3.06930 ,3.07350 ,0.03069 ,3.74708 ,3.72504 ,0.02409 ,4.56262 ,4.66215 ,0.00120 ,2755,0.05329 ,0.23810 ,0.52859 
27550000 ,3.07481 ,3.06499 ,0.04590 ,3.74708 ,3.78118 ,0.03471 ,4.56262 ,4.57658 ,0.00325 ,2756,0.05277 ,0.24173 ,0.53833 
27560000 ,3.07481 ,3.10910 ,0.03795 ,3.75259 ,3.74678 ,0.01564 ,4.56262 ,4.52568 ,0.02537 ,2757,0.05597 ,0.21760 ,0.51868 
27570000 ,3.07481 ,3.12269 ,0.02637 ,3.75259 ,3.77260 ,0.04186 ,4.56813 ,4.57433 ,0.02443 ,2758,0.04087 ,0.21529 ,0.50163 
27580000 ,3.07481 ,3.04780 ,0.01112 ,3.75259 ,3.77979 ,0.03167 ,4.56813 ,4.69472 ,0.05678 ,2759,0.03885 ,0.23560 ,0.52023 
27590000 ,3.08032 ,3.07657 ,0.06302 ,3.75259 ,3.75915 ,0.04245 ,4.56813 ,4.63750 ,0.01225 ,2760,0.05526 ,0.22949 ,0.53049 
27600000 ,3.08032 ,3.09568 ,0.00632 ,3.75810 ,3.80035 ,0.03310 ,4.56813 ,4.61175 ,0.02633 ,2761,0.05734 ,0.23556 ,0.53863 
27610000 ,3.08032 ,3.11386 ,0.01502 ,3.75810 ,3.79039 ,0.02940 ,4.57364 ,4.71534 ,0.03208 ,2762,0.04800 ,0.23173 ,0.50055 
27620000 ,3.08032 ,3.17526 ,0.02496 ,3.75810 ,3.71640 ,0.01425 ,4.57364 ,4.59067 ,0.03970 ,2763,0.05119 ,0.22903 ,0.51915 
27630000 ,3.08032 ,3.07114 ,0.01407 ,3.75810 ,3.76260 ,0.04554 ,4.57364 ,4.66326 ,0.03726 ,2764,0.03324 ,0.21780 ,0.51125 
27640000 ,3.08583 ,3.08593 ,0.02168 ,3.76361 ,3.77916 ,0.03167 ,4.57364 ,4.66065 ,0.01768 ,2765,0.04359 ,0.23676 ,0.50899 
27650000 ,3.08583 ,3.10012 ,0.04057 ,3.76361 ,3.72719 ,0.02784 ,4.57364 ,4.64787 ,0.03467 ,2766,0.01802 ,0.23604 ,0.51623 
27660000 ,3.08583 ,3.11082 ,0.02438 ,3.76361 ,3.77467 ,0.02259 ,4.57915 ,4.58994 ,0.01146 ,2767,0.03327 ,0.23136 ,0.53026 
27670000 ,3.08583 ,3.11590 ,0.03296 ,3.76361 ,3.76824 ,0.04448 ,4.57915 ,4.60949 ,0.01623 ,2768,0.03125 ,0.24053 ,0.52817 
27680000 ,3.08583 ,3.14949 ,0.03050 ,3.76361 ,3.78960 ,0.01470 ,4.57915 ,4.61252 ,0.02958 ,2769,0.05220 ,0.23904 ,0.52145 
27690000 ,3.09134 ,3.11110 ,0.01553 ,3.76912 ,3.77551 ,0.03652 ,4.58466 ,4.58781 ,0.01462 ,2770,0.04453 ,0.25012 ,0.52930 
27700000 ,3.09134 ,3.14832 ,0.02475 ,3.76912 ,3.81770 ,0.04264 ,4.58466 ,4.60721 ,0.01732 ,2771,0.03966 ,0.24742 ,0.53728 
27710000 ,3.09134 ,3.13775 ,0.02798 ,3.76912 ,3.74684 ,0.02838 ,4.58466 ,4.67688 ,0.01800 ,2772,0.04799 ,0.24609 ,0.53056 
27720000 ,3.09685 ,3.18274 ,0.01630 ,3.76912 ,3.76061 ,0.02532 ,4.58466 ,4.69053 ,0.03558 ,2773,0.03667 ,0.25325 ,0.53078 
27730000 ,3.09685 ,3.11905 ,0.03793 ,3.77463 ,3.80859 ,0.04474 ,4.59017 ,4.57599 ,0.00339 ,2774,0.03986 ,0.24092 ,0.49979 
27740000 ,3.09685 ,3.12956 ,0.03871 ,3.77463 ,3.79769 ,0.03250 ,4.59017 ,4.62455 ,0.02264 ,2775,0.05673 ,0.24389 ,0.49499 
27750000 ,3.09685 ,3.07118 ,0.04254 ,3.77463 ,3.76735 ,0.01979 ,4.59017 ,4.59772 ,0.03101 ,2776,0.03506 ,0.25305 ,0.50299 
27760000 ,3.10236 ,3.14884 ,0.04615 ,3.77463 ,3.83561 ,0.02887 ,4.59017 ,4.66400 ,0.03737 ,2777,0.05601 ,0.23732 ,0.50724 
27770000 ,3.10236 ,3.13425 ,0.01722 ,3.78014 ,3.77606 ,0.03391 ,4.59568 ,4.58445 ,0.01231 ,2778,0.04667 ,0.23660 ,0.49710 
27780000 ,3.10236 ,3.06232 ,0.03701 ,3.78014 ,3.76056 ,0.02482 ,4.59568 ,4.63217 ,0.03532 ,2779,0.04986 ,0.23192 ,0.51512 
27790000 ,3.10236 ,3.06708 ,0.02561 ,3.78014 ,3.74710 ,0.02102 ,4.60119 ,4.68152 ,0.01692 ,2780,0.02064 ,0.24108 ,0.50473 
27800000 ,3.10236 ,3.06852 ,0.01346 ,3.78565 ,3.77646 ,0.03111 ,4.60119 ,4.61147 ,0.00761 ,2781,0.03098 ,0.23267 ,0.51447 
27810000 ,3.10236 ,3.11783 ,0.02025 ,3.78565 ,3.81951 ,0.02150 ,4.60119 ,4.62540 ,0.02887 ,2782,0.02866 ,0.23036 ,0.50162 
27820000 ,3.10787 ,3.17410 ,0.05219 ,3.78565 ,3.79098 ,0.01905 ,4.60119 ,4.67238 ,0.02411 ,2783,0.04493 ,0.24578 ,0.49872 
27830000 ,3.10787 ,3.18852 ,0.01196 ,3.78565 ,3.83027 ,0.04986 ,4.60119 ,4.67526 ,0.02075 ,2784,0.05527 ,0.24309 ,0.49229 
27840000 ,3.10787 ,3.07160 ,0.02673 ,3.78565 ,3.79155 ,0.01063 ,4.60670 ,4.65018 ,0.02069 ,2785,0.02971 ,0.22630 ,0.50632 
27850000 ,3.11338 ,3.16898 ,0.01539 ,3.79116 ,3.71599 ,0.04352 ,4.60670 ,4.64206 ,0.03801 ,2786,0.03622 ,0.23236 ,0.50535 
27860000 ,3.11338 ,3.14024 ,0.04041 ,3.79116 ,3.79343 ,0.03229 ,4.60670 ,4.64684 ,0.02000 ,2787,0.04656 ,0.22391 ,0.50320 
27870000 ,3.11338 ,3.11671 ,0.05601 ,3.79116 ,3.77922 ,0.02429 ,4.60670 ,4.69060 ,0.02555 ,2788,0.02100 ,0.22160 ,0.51119 
27880000 ,3.11338 ,3.15667 ,0.01784 ,3.79116 ,3.82665 ,0.03579 ,4.61221 ,4.60707 ,0.03536 ,2789,0.03624 ,0.22261 ,0.49841 
27890000 ,3.11338 ,3.12423 ,0.03512 ,3.79667 ,3.84078 ,0.03063 ,4.61221 ,4.73699 ,0.04938 ,2790,0.03423 ,0.22770 ,0.51245 
27900000 ,3.11889 ,3.16444 ,0.02108 ,3.79667 ,3.79940 ,0.04294 ,4.61221 ,4.70600 ,0.01296 ,2791,0.05518 ,0.23485 ,0.50557 
27910000 ,3.11889 ,3.13982 ,0.02233 ,3.79667 ,3.75545 ,0.00635 ,4.61772 ,4.72799 ,0.00869 ,2792,0.04751 ,0.24414 ,0.51216 
27920000 ,3.11889 ,3.10468 ,0.03621 ,3.79667 ,3.81221 ,0.04214 ,4.61772 ,4.67003 ,0.04187 ,2793,0.04264 ,0.24145 ,0.51900 
27930000 ,3.11889 ,3.14823 ,0.01877 ,3.80218 ,3.83378 ,0.03070 ,4.61772 ,4.66275 ,0.01328 ,2794,0.05753 ,0.23993 ,0.52874 
27940000 ,3.11889 ,3.09762 ,0.02282 ,3.80218 ,3.81464 ,0.03117 ,4.61772 ,4.58164 ,0.01848 ,2795,0.05071 ,0.24600 ,0.52177 
27950000 ,3.12440 ,3.18304 ,0.01760 ,3.80218 ,3.86430 ,0.00474 ,4.62323 ,4.65441 ,0.01919 ,2796,0.04304 ,0.24789 ,0.49817 
27960000 ,3.12440 ,3.14624 ,0.00578 ,3.80218 ,3.82358 ,0.01482 ,4.62323 ,4.74773 ,0.02100 ,2797,0.06925 ,0.25505 ,0.49660 
27970000 ,3.12440 ,3.12058 ,0.02404 ,3.80769 ,3.79768 ,0.02763 ,4.62323 ,4.70442 ,0.00480 ,2798,0.06158 ,0.25250 ,0.50801 
27980000 ,3.12991 ,3.16953 ,0.03095 ,3.80769 ,3.79868 ,0.03575 ,4.62323 ,4.72728 ,0.03874 ,2799,0.05672 ,0.25613 ,0.51601 
27990000 ,3.12991 ,3.19618 ,0.04050 ,3.80769 ,3.81723 ,0.04147 ,4.62874 ,4.64902 ,0.03599 ,2800,0.05154 ,0.22246 ,0.51141 
28000000 ,3.12991 ,3.22152 ,0.01021 ,3.80769 ,3.80946 ,0.01190 ,4.62874 ,4.71477 ,0.00316 ,2801,0.04022 ,0.22853 ,0.52517 
28010000 ,3.12991 ,3.15797 ,0.02228 ,3.81320 ,3.81432 ,0.02322 ,4.62874 ,4.68912 ,0.02749 ,2802,0.04341 ,0.23696 ,0.51563 
28020000 ,3.12991 ,3.15010 ,0.03622 ,3.81320 ,3.83039 ,0.04091 ,4.63425 ,4.65963 ,0.04961 ,2803,0.06078 ,0.23427 ,0.52564 
28030000 ,3.13542 ,3.20931 ,0.02333 ,3.81320 ,3.81827 ,0.04805 ,4.63425 ,4.65172 ,0.01305 ,2804,0.05144 ,0.23293 ,0.49896 
28040000 ,3.13542 ,3.15440 ,0.02055 ,3.81320 ,3.85900 ,0.01884 ,4.63425 ,4.74269 ,0.02897 ,2805,0.05464 ,0.24009 ,0.49972 
28050000 ,3.13542 ,3.16357 ,0.01141 ,3.81320 ,3.80753 ,0.03000 ,4.63425 ,4.64210 ,0.02112 ,2806,0.05663 ,0.23356 ,0.50112 
28060000 ,3.13542 ,3.14113 ,0.05459 ,3.81872 ,3.78398 ,0.01030 ,4.63976 ,4.66289 ,0.01867 ,2807,0.04531 ,0.23963 ,0.51527 
28070000 ,3.13542 ,3.13302 ,0.02892 ,3.81872 ,3.83700 ,0.03190 ,4.63976 ,4.67913 ,0.01959 ,2808,0.04850 ,0.24152 ,0.51497 
28080000 ,3.14094 ,3.15862 ,0.02940 ,3.81872 ,3.81752 ,0.01009 ,4.63976 ,4.68793 ,0.03262 ,2809,0.06537 ,0.24868 ,0.51153 
28090000 ,3.14094 ,3.13261 ,0.01289 ,3.82423 ,3.80667 ,0.01118 ,4.63976 ,4.67302 ,0.03952 ,2810,0.05351 ,0.24613 ,0.51391 
28100000 ,3.14094 ,3.21367 ,0.03075 ,3.82423 ,3.78853 ,0.03514 ,4.64528 ,4.69658 ,0.04270 ,2811,0.05547 ,0.24976 ,0.47836 
28110000 ,3.14645 ,3.15026 ,0.02920 ,3.82423 ,3.86116 ,0.01170 ,4.64528 ,4.72160 ,0.01790 ,2812,0.04852 ,0.22911 ,0.48636 
28120000 ,3.14645 ,3.22313 ,0.03452 ,3.82423 ,3.84105 ,0.01437 ,4.64528 ,4.63412 ,0.02613 ,2813,0.06947 ,0.23208 ,0.48073 
28130000 ,3.14645 ,3.20604 ,0.03831 ,3.82974 ,3.84222 ,0.02342 ,4.65079 ,4.67552 ,0.05336 ,2814,0.06013 ,0.24125 ,0.48367 
28140000 ,3.14645 ,3.18300 ,0.02459 ,3.82974 ,3.81457 ,0.00580 ,4.65079 ,4.70785 ,0.03126 ,2815,0.06333 ,0.24054 ,0.49167 
28150000 ,3.14645 ,3.16171 ,0.01979 ,3.82974 ,3.80119 ,0.01765 ,4.65079 ,4.70909 ,0.03159 ,2816,0.03467 ,0.25098 ,0.48707 
28160000 ,3.15196 ,3.24273 ,0.01734 ,3.82974 ,3.82776 ,0.05259 ,4.65079 ,4.71329 ,0.02420 ,2817,0.03254 ,0.25236 ,0.49129 
28170000 ,3.15196 ,3.17207 ,0.01877 ,3.82974 ,3.86126 ,0.01204 ,4.65630 ,4.68315 ,0.04146 ,2818,0.03750 ,0.23083 ,0.50130 
28180000 ,3.15196 ,3.15335 ,0.04968 ,3.83525 ,3.82069 ,0.01704 ,4.65630 ,4.68348 ,0.00150 ,2819,0.02576 ,0.23690 ,0.48784 
28190000 ,3.15196 ,3.18410 ,0.02040 ,3.83525 ,3.87034 ,0.01640 ,4.65630 ,4.75994 ,0.01505 ,2820,0.03072 ,0.25073 ,0.50187 
28200000 ,3.15196 ,3.21193 ,0.03029 ,3.83525 ,3.82292 ,0.04037 ,4.65630 ,4.73783 ,0.05132 ,2821,0.03482 ,0.23660 ,0.49420 
28210000 ,3.15747 ,3.20041 ,0.02334 ,3.83525 ,3.86003 ,0.01338 ,4.66181 ,4.66988 ,0.03743 ,2822,0.02736 ,0.24267 ,0.50796 
28220000 ,3.15747 ,3.17636 ,0.02904 ,3.84076 ,3.81859 ,0.04110 ,4.66181 ,4.71235 ,0.01650 ,2823,0.02522 ,0.24607 ,0.50554 
28230000 ,3.15747 ,3.18821 ,0.03095 ,3.84076 ,3.82466 ,0.01860 ,4.66181 ,4.74865 ,0.02431 ,2824,0.03019 ,0.25524 ,0.50891 
28240000 ,3.15747 ,3.18877 ,0.03039 ,3.84076 ,3.83077 ,0.01044 ,4.66732 ,4.76526 ,0.02742 ,2825,0.03128 ,0.23330 ,0.50805 
28250000 ,3.16298 ,3.16152 ,0.02977 ,3.84076 ,3.83265 ,0.02162 ,4.66732 ,4.66598 ,0.03613 ,2826,0.02885 ,0.23937 ,0.51464 
28260000 ,3.16298 ,3.19633 ,0.00493 ,3.84627 ,3.87514 ,0.02290 ,4.66732 ,4.77245 ,0.01952 ,2827,0.04274 ,0.24045 ,0.51301 
28270000 ,3.16298 ,3.19679 ,0.02289 ,3.84627 ,3.79212 ,0.03007 ,4.66732 ,4.66946 ,0.01116 ,2828,0.03112 ,0.24652 ,0.52302 
28280000 ,3.16298 ,3.18131 ,0.02173 ,3.84627 ,3.84845 ,0.01676 ,4.67283 ,4.75802 ,0.01633 ,2829,0.03608 ,0.24870 ,0.52173 
28290000 ,3.16849 ,3.18984 ,0.01425 ,3.85178 ,3.82124 ,0.03368 ,4.67283 ,4.69697 ,0.01964 ,2830,0.03165 ,0.24315 ,0.52511 
28300000 ,3.16849 ,3.11980 ,0.02532 ,3.85178 ,3.85625 ,0.01329 ,4.67283 ,4.70848 ,0.00876 ,2831,0.04554 ,0.22902 ,0.51140 
28310000 ,3.16849 ,3.19734 ,0.00630 ,3.85178 ,3.84544 ,0.00730 ,4.67283 ,4.78877 ,0.01208 ,2832,0.03276 ,0.23509 ,0.51869 
28320000 ,3.16849 ,3.20885 ,0.03431 ,3.85178 ,3.85396 ,0.03717 ,4.67834 ,4.78732 ,0.02521 ,2833,0.04235 ,0.23849 ,0.51976 
28330000 ,3.17400 ,3.20405 ,0.00636 ,3.85178 ,3.87053 ,0.02869 ,4.67834 ,4.68052 ,0.02978 ,2834,0.03026 ,0.24766 ,0.51844 
28340000 ,3.17400 ,3.18293 ,0.04368 ,3.85729 ,3.80956 ,0.04328 ,4.67834 ,4.78232 ,0.01785 ,2835,0.03522 ,0.23227 ,0.50138 
28350000 ,3.17400 ,3.18660 ,0.00658 ,3.85729 ,3.86982 ,0.00915 ,4.68385 ,4.76517 ,0.03257 ,2836,0.03932 ,0.23834 ,0.51998 
28360000 ,3.17400 ,3.22821 ,0.01938 ,3.85729 ,3.86675 ,0.01150 ,4.68385 ,4.74753 ,0.02365 ,2837,0.04558 ,0.24052 ,0.52972 
28370000 ,3.17951 ,3.15390 ,0.02024 ,3.85729 ,3.88315 ,0.02974 ,4.68385 ,4.80765 ,0.03682 ,2838,0.05054 ,0.24708 ,0.50659 
28380000 ,3.17951 ,3.21083 ,0.03744 ,3.86280 ,3.88059 ,0.01436 ,4.68385 ,4.70013 ,0.02441 ,2839,0.04611 ,0.25625 ,0.50503 
28390000 ,3.17951 ,3.10018 ,0.04133 ,3.86280 ,3.91044 ,0.04956 ,4.68936 ,4.72372 ,0.00969 ,2840,0.06000 ,0.24642 ,0.51644 
28400000 ,3.17951 ,3.14162 ,0.02947 ,3.86280 ,3.85830 ,0.04043 ,4.68936 ,4.77251 ,0.01258 ,2841,0.04723 ,0.20785 ,0.52444 
28410000 ,3.18502 ,3.19533 ,0.05330 ,3.86831 ,3.84337 ,0.03354 ,4.68936 ,4.76277 ,0.00825 ,2842,0.05682 ,0.20554 ,0.51984 
28420000 ,3.18502 ,3.17680 ,0.02972 ,3.86831 ,3.83843 ,0.03187 ,4.68936 ,4.68656 ,0.01414 ,2843,0.04678 ,0.20546 ,0.53360 
28430000 ,3.18502 ,3.23805 ,0.02262 ,3.86831 ,3.87614 ,0.02126 ,4.69487 ,4.70961 ,0.03738 ,2844,0.04556 ,0.20561 ,0.52406 
28440000 ,3.18502 ,3.27544 ,0.01750 ,3.86831 ,3.87270 ,0.02758 ,4.69487 ,4.76566 ,0.04839 ,2845,0.05515 ,0.20421 ,0.53407 
28450000 ,3.18502 ,3.13729 ,0.02863 ,3.87382 ,3.87960 ,0.03490 ,4.69487 ,4.76447 ,0.01389 ,2846,0.03673 ,0.19192 ,0.50616 
28460000 ,3.19053 ,3.13096 ,0.03291 ,3.87382 ,3.86029 ,0.02473 ,4.70038 ,4.72823 ,0.00833 ,2847,0.05159 ,0.19048 ,0.48910 
28470000 ,3.19053 ,3.20413 ,0.03125 ,3.87382 ,3.85257 ,0.00898 ,4.70038 ,4.75727 ,0.00623 ,2848,0.05575 ,0.20664 ,0.50770 
28480000 ,3.19053 ,3.21300 ,0.03025 ,3.87382 ,3.90572 ,0.06984 ,4.70038 ,4.74929 ,0.02352 ,2849,0.02084 ,0.20520 ,0.51060 
28490000 ,3.19604 ,3.21604 ,0.03613 ,3.87382 ,3.90061 ,0.06547 ,4.70589 ,4.79433 ,0.03600 ,2850,0.03038 ,0.18794 ,0.51271 
28500000 ,3.19604 ,3.15725 ,0.04229 ,3.87933 ,3.89544 ,0.03534 ,4.70589 ,4.73993 ,0.03099 ,2851,0.02939 ,0.18651 ,0.53028 
28510000 ,3.19604 ,3.14979 ,0.03833 ,3.87933 ,3.86271 ,0.02606 ,4.70589 ,4.73116 ,0.01291 ,2852,0.03973 ,0.18927 ,0.50337 
28520000 ,3.19604 ,3.18941 ,0.00970 ,3.87933 ,3.86102 ,0.00477 ,4.70589 ,4.77297 ,0.00893 ,2853,0.04326 ,0.20665 ,0.52197 
28530000 ,3.19604 ,3.23706 ,0.03529 ,3.87933 ,3.94330 ,0.04247 ,4.70589 ,4.75485 ,0.02100 ,2854,0.04572 ,0.20521 ,0.52183 
28540000 ,3.20155 ,3.25961 ,0.01743 ,3.88484 ,3.86350 ,0.01501 ,4.71140 ,4.75672 ,0.01640 ,2855,0.03091 ,0.21707 ,0.52859 
28550000 ,3.20155 ,3.26323 ,0.03658 ,3.88484 ,3.89020 ,0.02482 ,4.71140 ,4.73197 ,0.01284 ,2856,0.01998 ,0.21425 ,0.53683 
28560000 ,3.20155 ,3.21029 ,0.02901 ,3.88484 ,3.91396 ,0.00829 ,4.71140 ,4.80635 ,0.01733 ,2857,0.03032 ,0.22426 ,0.49061 
28570000 ,3.20155 ,3.15046 ,0.04555 ,3.89035 ,3.88492 ,0.03082 ,4.71691 ,4.76687 ,0.05303 ,2858,0.02848 ,0.22286 ,0.48904 
28580000 ,3.20706 ,3.26146 ,0.03719 ,3.89035 ,3.87334 ,0.01298 ,4.71691 ,4.74866 ,0.03086 ,2859,0.04237 ,0.21057 ,0.50280 
28590000 ,3.20706 ,3.32045 ,0.05124 ,3.89035 ,3.89876 ,0.02546 ,4.71691 ,4.76236 ,0.02844 ,2860,0.02800 ,0.20913 ,0.51635 
28600000 ,3.20706 ,3.26367 ,0.02448 ,3.89035 ,3.91531 ,0.01065 ,4.72242 ,4.72904 ,0.01489 ,2861,0.04704 ,0.21219 ,0.53011 
28610000 ,3.20706 ,3.27337 ,0.01327 ,3.89586 ,3.89009 ,0.02171 ,4.72242 ,4.71674 ,0.03090 ,2862,0.05121 ,0.20989 ,0.53332 
28620000 ,3.21257 ,3.24913 ,0.00639 ,3.89586 ,3.93329 ,0.03924 ,4.72242 ,4.77073 ,0.02192 ,2863,0.02710 ,0.20812 ,0.48619 
28630000 ,3.21257 ,3.24250 ,0.02099 ,3.89586 ,3.86228 ,0.01591 ,4.72242 ,4.72043 ,0.02838 ,2864,0.04099 ,0.20669 ,0.49690 
28640000 ,3.21257 ,3.24514 ,0.01444 ,3.89586 ,3.91539 ,0.03432 ,4.72793 ,4.77751 ,0.02636 ,2865,0.03142 ,0.20945 ,0.49170 
28650000 ,3.21257 ,3.25225 ,0.01856 ,3.90137 ,3.91802 ,0.01529 ,4.72793 ,4.73465 ,0.00846 ,2866,0.04172 ,0.21654 ,0.49970 
28660000 ,3.21808 ,3.20727 ,0.05769 ,3.90137 ,3.88471 ,0.01622 ,4.72793 ,4.74144 ,0.05347 ,2867,0.03847 ,0.21803 ,0.49510 
28670000 ,3.21808 ,3.29038 ,0.01326 ,3.90137 ,3.91938 ,0.02099 ,4.73344 ,4.74360 ,0.01357 ,2868,0.04094 ,0.20033 ,0.49932 
28680000 ,3.21808 ,3.27427 ,0.01806 ,3.90137 ,3.93018 ,0.01515 ,4.73344 ,4.83184 ,0.04487 ,2869,0.02589 ,0.21185 ,0.50933 
28690000 ,3.21808 ,3.25207 ,0.00858 ,3.90688 ,3.90835 ,0.03999 ,4.73344 ,4.78715 ,0.05188 ,2870,0.02959 ,0.20263 ,0.51989 
28700000 ,3.21808 ,3.27914 ,0.05040 ,3.90688 ,3.89812 ,0.02180 ,4.73344 ,4.75449 ,0.02101 ,2871,0.04444 ,0.19811 ,0.51548 
28710000 ,3.22359 ,3.21781 ,0.04030 ,3.90688 ,3.95183 ,0.05767 ,4.73344 ,4.78751 ,0.01615 ,2872,0.04861 ,0.19328 ,0.52924 
28720000 ,3.22359 ,3.29914 ,0.04496 ,3.90688 ,3.90321 ,0.01871 ,4.73895 ,4.77189 ,0.02469 ,2873,0.03179 ,0.20849 ,0.53245 
28730000 ,3.22359 ,3.19869 ,0.01969 ,3.91239 ,3.90215 ,0.02403 ,4.73895 ,4.77610 ,0.01626 ,2874,0.02183 ,0.19912 ,0.51104 
28740000 ,3.22910 ,3.25760 ,0.04279 ,3.91239 ,3.87479 ,0.03813 ,4.73895 ,4.75228 ,0.02824 ,2875,0.02233 ,0.19839 ,0.51999 
28750000 ,3.22910 ,3.19473 ,0.04220 ,3.91239 ,3.95255 ,0.02879 ,4.74446 ,4.78291 ,0.00922 ,2876,0.04825 ,0.23206 ,0.53000 
28760000 ,3.22910 ,3.29470 ,0.05564 ,3.91790 ,3.93690 ,0.04176 ,4.74446 ,4.77415 ,0.02675 ,2877,0.01843 ,0.22754 ,0.52629 
28770000 ,3.22910 ,3.27448 ,0.04684 ,3.91790 ,3.91391 ,0.03477 ,4.74446 ,4.84005 ,0.01433 ,2878,0.01893 ,0.22103 ,0.53453 
28780000 ,3.23461 ,3.21351 ,0.05437 ,3.91790 ,3.90352 ,0.04102 ,4.74997 ,4.78809 ,0.01887 ,2879,0.03196 ,0.19239 ,0.53441 
28790000 ,3.23461 ,3.20107 ,0.05390 ,3.91790 ,3.95616 ,0.03836 ,4.74997 ,4.71586 ,0.01211 ,2880,0.02634 ,0.19095 ,0.50831 
28800000 ,3.23461 ,3.25957 ,0.03795 ,3.92341 ,3.90101 ,0.01864 ,4.74997 ,4.85546 ,0.02120 ,2881,0.01888 ,0.19371 ,0.49125 
28810000 ,3.23461 ,3.28124 ,0.02534 ,3.92341 ,3.93799 ,0.02119 ,4.74997 ,4.76281 ,0.04012 ,2882,0.02843 ,0.22583 ,0.50985 
28820000 ,3.23461 ,3.30492 ,0.04078 ,3.92341 ,3.90039 ,0.04896 ,4.75549 ,4.73430 ,0.03997 ,2883,0.02744 ,0.22565 ,0.52011 
28830000 ,3.24012 ,3.27965 ,0.00317 ,3.92341 ,3.91856 ,0.01717 ,4.75549 ,4.82514 ,0.04888 ,2884,0.03778 ,0.21160 ,0.52825 
28840000 ,3.24012 ,3.25780 ,0.05499 ,3.92341 ,3.90240 ,0.02573 ,4.75549 ,4.82887 ,0.02070 ,2885,0.04130 ,0.20929 ,0.50574 
28850000 ,3.24012 ,3.24570 ,0.05481 ,3.92892 ,3.92244 ,0.00456 ,4.75549 ,4.83539 ,0.00992 ,2886,0.04377 ,0.20887 ,0.48869 
28860000 ,3.24012 ,3.25333 ,0.02799 ,3.92892 ,3.88232 ,0.01961 ,4.76100 ,4.81763 ,0.01517 ,2887,0.03122 ,0.21157 ,0.50729 
28870000 ,3.24563 ,3.24253 ,0.01336 ,3.92892 ,3.88079 ,0.05580 ,4.76100 ,4.76459 ,0.01956 ,2888,0.04076 ,0.22034 ,0.51019 
28880000 ,3.24563 ,3.23503 ,0.01055 ,3.92892 ,3.95871 ,0.03226 ,4.76100 ,4.85889 ,0.01854 ,2889,0.03011 ,0.21582 ,0.51230 
28890000 ,3.24563 ,3.18099 ,0.01437 ,3.93443 ,3.98221 ,0.04425 ,4.76651 ,4.83152 ,0.01758 ,2890,0.03981 ,0.22871 ,0.52987 
28900000 ,3.24563 ,3.25695 ,0.01821 ,3.93443 ,3.92479 ,0.02114 ,4.76651 ,4.75502 ,0.03364 ,2891,0.03419 ,0.22419 ,0.50296 
28910000 ,3.25114 ,3.30527 ,0.02668 ,3.93443 ,3.91885 ,0.04794 ,4.76651 ,4.84658 ,0.01578 ,2892,0.03376 ,0.22147 ,0.52156 
28920000 ,3.25114 ,3.26144 ,0.01372 ,3.93994 ,3.96328 ,0.02360 ,4.77202 ,4.83277 ,0.02395 ,2893,0.03945 ,0.21916 ,0.52142 
28930000 ,3.25114 ,3.31895 ,0.02518 ,3.93994 ,3.96605 ,0.01152 ,4.77202 ,4.82677 ,0.04468 ,2894,0.03178 ,0.22017 ,0.52818 
28940000 ,3.25114 ,3.22378 ,0.02208 ,3.93994 ,3.88954 ,0.05512 ,4.77202 ,4.83668 ,0.00368 ,2895,0.04904 ,0.22525 ,0.53642 
28950000 ,3.25665 ,3.31627 ,0.03123 ,3.93994 ,3.95969 ,0.02665 ,4.77202 ,4.86542 ,0.01079 ,2896,0.05150 ,0.23265 ,0.50451 
28960000 ,3.25665 ,3.23291 ,0.02214 ,3.94545 ,3.96050 ,0.00393 ,4.77753 ,4.84035 ,0.00311 ,2897,0.03761 ,0.23247 ,0.51787 
28970000 ,3.25665 ,3.29225 ,0.03634 ,3.94545 ,3.96905 ,0.01725 ,4.77753 ,4.76269 ,0.04016 ,2898,0.03199 ,0.21829 ,0.52856 
28980000 ,3.26216 ,3.30385 ,0.02350 ,3.94545 ,3.91470 ,0.01218 ,4.77753 ,4.74642 ,0.02710 ,2899,0.02737 ,0.21701 ,0.50103 
28990000 ,3.26216 ,3.29665 ,0.02434 ,3.94545 ,3.96727 ,0.02290 ,4.78304 ,4.81543 ,0.01042 ,2900,0.01970 ,0.19931 ,0.51506 
29000000 ,3.26216 ,3.20884 ,0.03436 ,3.95096 ,3.98845 ,0.03344 ,4.78304 ,4.83167 ,0.04177 ,2901,0.03338 ,0.21084 ,0.51663 
29010000 ,3.26216 ,3.26414 ,0.02689 ,3.95096 ,3.97888 ,0.06446 ,4.78304 ,4.85668 ,0.03822 ,2902,0.03096 ,0.20161 ,0.53550 
29020000 ,3.26216 ,3.33134 ,0.03147 ,3.95096 ,3.97528 ,0.03174 ,4.78304 ,4.77817 ,0.03860 ,2903,0.04485 ,0.19709 ,0.50591 
29030000 ,3.26767 ,3.29467 ,0.03206 ,3.95096 ,3.91394 ,0.02700 ,4.78855 ,4.77931 ,0.01993 ,2904,0.04048 ,0.19226 ,0.49687 
29040000 ,3.26767 ,3.25117 ,0.04587 ,3.95647 ,3.97749 ,0.03190 ,4.78855 ,4.91312 ,0.00933 ,2905,0.03052 ,0.20747 ,0.49532 
29050000 ,3.26767 ,3.31807 ,0.01918 ,3.95647 ,3.96840 ,0.01804 ,4.78855 ,4.83467 ,0.00795 ,2906,0.03102 ,0.19810 ,0.50936 
29060000 ,3.26767 ,3.30109 ,0.02896 ,3.95647 ,3.93265 ,0.02093 ,4.78855 ,4.85746 ,0.03697 ,2907,0.04005 ,0.19738 ,0.51093 
29070000 ,3.26767 ,3.26024 ,0.02464 ,3.95647 ,3.98786 ,0.02267 ,4.79406 ,4.89691 ,0.04052 ,2908,0.04574 ,0.23104 ,0.52979 
29080000 ,3.27318 ,3.28961 ,0.02661 ,3.96198 ,3.99779 ,0.02166 ,4.79406 ,4.82756 ,0.04265 ,2909,0.03807 ,0.22652 ,0.49455 
29090000 ,3.27318 ,3.26992 ,0.01202 ,3.96198 ,3.99133 ,0.04137 ,4.79957 ,4.91879 ,0.02926 ,2910,0.04801 ,0.22001 ,0.50967 
29100000 ,3.27318 ,3.30139 ,0.01331 ,3.96198 ,3.98289 ,0.02306 ,4.79957 ,4.84090 ,0.04692 ,2911,0.06191 ,0.20461 ,0.48522 
29110000 ,3.27869 ,3.25832 ,0.01165 ,3.96198 ,3.97463 ,0.04745 ,4.79957 ,4.83190 ,0.02155 ,2912,0.03798 ,0.19524 ,0.49925 
29120000 ,3.27869 ,3.30133 ,0.03230 ,3.96750 ,4.02738 ,0.04178 ,4.79957 ,4.78595 ,0.01870 ,2913,0.03848 ,0.19452 ,0.49851 
29130000 ,3.27869 ,3.34424 ,0.01552 ,3.96750 ,3.94749 ,0.03145 ,4.80508 ,4.86439 ,0.03146 ,2914,0.04498 ,0.22304 ,0.49695 
29140000 ,3.27869 ,3.31898 ,0.05858 ,3.96750 ,3.94655 ,0.01363 ,4.80508 ,4.79906 ,0.00944 ,2915,0.02431 ,0.22232 ,0.51071 
29150000 ,3.27869 ,3.35211 ,0.03048 ,3.96750 ,4.02268 ,0.03728 ,4.80508 ,4.81080 ,0.04072 ,2916,0.05317 ,0.21615 ,0.52493 
29160000 ,3.28420 ,3.32933 ,0.04149 ,3.97301 ,3.95532 ,0.02779 ,4.80508 ,4.82076 ,0.06494 ,2917,0.04635 ,0.22113 ,0.52464 
29170000 ,3.28420 ,3.31488 ,0.03139 ,3.97301 ,3.97692 ,0.02506 ,4.81059 ,4.86502 ,0.03211 ,2918,0.03868 ,0.21661 ,0.52119 
29180000 ,3.28420 ,3.26727 ,0.02592 ,3.97301 ,3.96809 ,0.04888 ,4.81059 ,4.83881 ,0.02354 ,2919,0.05697 ,0.21473 ,0.50863 
29190000 ,3.28420 ,3.31510 ,0.02966 ,3.97852 ,4.00191 ,0.04875 ,4.81059 ,4.82990 ,0.01044 ,2920,0.06114 ,0.21401 ,0.52266 
29200000 ,3.28972 ,3.26820 ,0.02635 ,3.97852 ,3.99042 ,0.05080 ,4.81610 ,4.82335 ,0.01491 ,2921,0.03702 ,0.20783 ,0.51499 
29210000 ,3.28972 ,3.28280 ,0.03050 ,3.97852 ,3.97120 ,0.01862 ,4.81610 ,4.91069 ,0.04664 ,2922,0.05091 ,0.23707 ,0.52875 
29220000 ,3.28972 ,3.37573 ,0.01132 ,3.97852 ,4.02854 ,0.04086 ,4.81610 ,4.90222 ,0.03662 ,2923,0.04135 ,0.24623 ,0.52633 
29230000 ,3.29523 ,3.33437 ,0.00451 ,3.98403 ,4.01367 ,0.00947 ,4.81610 ,4.92524 ,0.04883 ,2924,0.05165 ,0.23640 ,0.52970 
29240000 ,3.29523 ,3.36446 ,0.02572 ,3.98403 ,4.01931 ,0.05214 ,4.82161 ,4.83238 ,0.03354 ,2925,0.06338 ,0.21431 ,0.53323 
29250000 ,3.29523 ,3.31184 ,0.02376 ,3.98403 ,4.02296 ,0.03327 ,4.82161 ,4.86340 ,0.00447 ,2926,0.06755 ,0.20380 ,0.54052 
29260000 ,3.29523 ,3.27486 ,0.02509 ,3.98403 ,3.93942 ,0.05203 ,4.82161 ,4.88916 ,0.00573 ,2927,0.03357 ,0.20575 ,0.54159 
29270000 ,3.30074 ,3.35961 ,0.02963 ,3.98954 ,3.97383 ,0.02048 ,4.82161 ,4.84914 ,0.01505 ,2928,0.03407 ,0.20344 ,0.49182 
29280000 ,3.30074 ,3.30369 ,0.03457 ,3.98954 ,3.98889 ,0.01363 ,4.82712 ,4.90142 ,0.01591 ,2929,0.04710 ,0.21764 ,0.49025 
29290000 ,3.30074 ,3.33418 ,0.01688 ,3.98954 ,3.92873 ,0.02821 ,4.82712 ,4.87487 ,0.02229 ,2930,0.04148 ,0.21533 ,0.50401 
29300000 ,3.30074 ,3.33645 ,0.02138 ,3.98954 ,4.04042 ,0.01063 ,4.83263 ,4.86066 ,0.02449 ,2931,0.05782 ,0.21491 ,0.51756 
29310000 ,3.30625 ,3.36499 ,0.01997 ,3.99505 ,3.97289 ,0.03524 ,4.83263 ,4.81569 ,0.01768 ,2932,0.07171 ,0.21755 ,0.53132 
29320000 ,3.30625 ,3.29521 ,0.03467 ,3.99505 ,4.07836 ,0.03457 ,4.83263 ,4.87696 ,0.04209 ,2933,0.04778 ,0.21615 ,0.53453 
29330000 ,3.30625 ,3.36318 ,0.02366 ,3.99505 ,3.99279 ,0.02328 ,4.83263 ,4.87173 ,0.04651 ,2934,0.04828 ,0.20386 ,0.49237 
29340000 ,3.30625 ,3.30956 ,0.02099 ,4.00056 ,4.03445 ,0.01038 ,4.83814 ,4.90354 ,0.03336 ,2935,0.05478 ,0.20242 ,0.51039 
29350000 ,3.31176 ,3.35984 ,0.02005 ,4.00056 ,4.04409 ,0.02753 ,4.83814 ,4.92468 ,0.02680 ,2936,0.03411 ,0.21858 ,0.49980 
29360000 ,3.31176 ,3.35480 ,0.03764 ,4.00056 ,4.02160 ,0.03651 ,4.83814 ,4.90208 ,0.00298 ,2937,0.05974 ,0.21714 ,0.51009 
29370000 ,3.31176 ,3.29060 ,0.02279 ,4.00607 ,4.00543 ,0.01859 ,4.83814 ,4.88368 ,0.03905 ,2938,0.07004 ,0.19973 ,0.50665 
29380000 ,3.31176 ,3.33353 ,0.04942 ,4.00607 ,4.01116 ,0.00382 ,4.84365 ,4.80754 ,0.03401 ,2939,0.05685 ,0.21125 ,0.50771 
29390000 ,3.31727 ,3.30213 ,0.05638 ,4.00607 ,4.00897 ,0.03578 ,4.84365 ,4.85690 ,0.04892 ,2940,0.05123 ,0.19874 ,0.49926 
29400000 ,3.31727 ,3.32431 ,0.04501 ,4.00607 ,3.99938 ,0.03393 ,4.84365 ,4.93264 ,0.01738 ,2941,0.05383 ,0.24040 ,0.50956 
29410000 ,3.31727 ,3.31818 ,0.04135 ,4.00607 ,3.99889 ,0.00796 ,4.84916 ,4.86776 ,0.01088 ,2942,0.03316 ,0.20522 ,0.51853 
29420000 ,3.31727 ,3.31155 ,0.03851 ,4.01158 ,3.98033 ,0.03497 ,4.84916 ,4.83981 ,0.01830 ,2943,0.03437 ,0.20292 ,0.53371 
29430000 ,3.32278 ,3.30810 ,0.03031 ,4.01158 ,4.00601 ,0.02207 ,4.84916 ,4.89910 ,0.01923 ,2944,0.03683 ,0.20249 ,0.49480 
29440000 ,3.32278 ,3.36636 ,0.00862 ,4.01158 ,4.03125 ,0.04811 ,4.84916 ,4.89418 ,0.05016 ,2945,0.02179 ,0.20773 ,0.50883 
29450000 ,3.32278 ,3.37621 ,0.04212 ,4.01158 ,4.08673 ,0.01652 ,4.85467 ,4.98840 ,0.05347 ,2946,0.04961 ,0.20629 ,0.50116 
29460000 ,3.32278 ,3.34397 ,0.02143 ,4.01709 ,4.01191 ,0.02660 ,4.85467 ,4.89987 ,0.02148 ,2947,0.05208 ,0.21375 ,0.51492 
29470000 ,3.32829 ,3.35738 ,0.03435 ,4.01709 ,3.99876 ,0.01826 ,4.85467 ,4.86300 ,0.02432 ,2948,0.03819 ,0.21303 ,0.51249 
29480000 ,3.32829 ,3.37123 ,0.01158 ,4.01709 ,4.06051 ,0.00890 ,4.86018 ,4.90374 ,0.00255 ,2949,0.03257 ,0.20238 ,0.51587 
29490000 ,3.32829 ,3.43676 ,0.04724 ,4.02260 ,4.03663 ,0.03996 ,4.86018 ,4.84851 ,0.01170 ,2950,0.02794 ,0.21424 ,0.50779 
29500000 ,3.32829 ,3.35984 ,0.04493 ,4.02260 ,4.00605 ,0.02021 ,4.86018 ,4.89913 ,0.01951 ,2951,0.02027 ,0.21193 ,0.52155 
29510000 ,3.33380 ,3.33514 ,0.01827 ,4.02260 ,4.08783 ,0.02425 ,4.86569 ,4.92437 ,0.00593 ,2952,0.04963 ,0.22232 ,0.52475 
29520000 ,3.33380 ,3.34672 ,0.03131 ,4.02260 ,4.04050 ,0.01793 ,4.86569 ,4.88076 ,0.00700 ,2953,0.04281 ,0.22160 ,0.52424 
29530000 ,3.33380 ,3.42432 ,0.01980 ,4.02811 ,4.04869 ,0.02825 ,4.86569 ,4.95159 ,0.03776 ,2954,0.03514 ,0.22860 ,0.52761 
29540000 ,3.33380 ,3.26430 ,0.01852 ,4.02811 ,4.03853 ,0.03733 ,4.86569 ,4.84457 ,0.01754 ,2955,0.03071 ,0.22996 ,0.53386 
29550000 ,3.33931 ,3.42974 ,0.05302 ,4.02811 ,4.07785 ,0.04897 ,4.87120 ,4.92133 ,0.03248 ,2956,0.04556 ,0.22363 ,0.52117 
29560000 ,3.33931 ,3.36013 ,0.00552 ,4.03362 ,4.06275 ,0.03774 ,4.87120 ,4.95242 ,0.04010 ,2957,0.04973 ,0.22672 ,0.52846 
29570000 ,3.33931 ,3.32716 ,0.06768 ,4.03362 ,4.08283 ,0.02561 ,4.87120 ,4.89574 ,0.02586 ,2958,0.03291 ,0.22218 ,0.52953 
29580000 ,3.34482 ,3.36377 ,0.03477 ,4.03362 ,3.98926 ,0.04718 ,4.87671 ,4.89555 ,0.01063 ,2959,0.02295 ,0.19490 ,0.53419 
29590000 ,3.34482 ,3.34610 ,0.04360 ,4.03362 ,4.07535 ,0.00797 ,4.87671 ,4.92251 ,0.02372 ,2960,0.02345 ,0.19347 ,0.53526 
29600000 ,3.34482 ,3.43343 ,0.02062 ,4.03913 ,4.01657 ,0.03326 ,4.87671 ,4.98457 ,0.01604 ,2961,0.04937 ,0.19623 ,0.54103 
29610000 ,3.34482 ,3.31276 ,0.01080 ,4.03913 ,4.02853 ,0.00753 ,4.88222 ,4.91395 ,0.03926 ,2962,0.01955 ,0.21361 ,0.50293 
29620000 ,3.34482 ,3.41822 ,0.02381 ,4.03913 ,4.02052 ,0.02717 ,4.88222 ,4.89383 ,0.02777 ,2963,0.02005 ,0.21217 ,0.51363 
29630000 ,3.35033 ,3.39304 ,0.01804 ,4.03913 ,4.06481 ,0.02388 ,4.88222 ,4.88778 ,0.00891 ,2964,0.03308 ,0.22403 ,0.51138 
29640000 ,3.35033 ,3.40832 ,0.02249 ,4.04464 ,4.08875 ,0.04271 ,4.88222 ,4.89544 ,0.01070 ,2965,0.02746 ,0.19635 ,0.52383 
29650000 ,3.35033 ,3.36905 ,0.00233 ,4.04464 ,4.10024 ,0.05372 ,4.88773 ,4.98922 ,0.01648 ,2966,0.04608 ,0.19492 ,0.53168 
29660000 ,3.35033 ,3.34908 ,0.04378 ,4.04464 ,4.10114 ,0.02746 ,4.88773 ,4.97448 ,0.01908 ,2967,0.04849 ,0.19768 ,0.53967 
29670000 ,3.35584 ,3.37818 ,0.02158 ,4.05015 ,4.05111 ,0.05393 ,4.88773 ,5.00229 ,0.02329 ,2968,0.05346 ,0.22979 ,0.53295 
29680000 ,3.35584 ,3.34764 ,0.03700 ,4.05015 ,3.97647 ,0.03209 ,4.88773 ,4.93173 ,0.01033 ,2969,0.04441 ,0.22961 ,0.49457 
29690000 ,3.35584 ,3.38010 ,0.02841 ,4.05015 ,4.01354 ,0.02293 ,4.89324 ,4.94478 ,0.05239 ,2970,0.04775 ,0.20638 ,0.50860 
29700000 ,3.36135 ,3.36990 ,0.02677 ,4.05015 ,4.01239 ,0.02215 ,4.89324 ,4.96389 ,0.02880 ,2971,0.03779 ,0.20408 ,0.50832 
29710000 ,3.36135 ,3.37366 ,0.05315 ,4.05566 ,3.99862 ,0.04183 ,4.89875 ,4.88557 ,0.01700 ,2972,0.03829 ,0.20365 ,0.50467 
29720000 ,3.36135 ,3.36644 ,0.03743 ,4.05566 ,3.96133 ,0.04148 ,4.89875 ,4.96941 ,0.03499 ,2973,0.05618 ,0.20889 ,0.51266 
29730000 ,3.36135 ,3.43261 ,0.03795 ,4.05566 ,4.06515 ,0.01202 ,4.89875 ,4.91471 ,0.02323 ,2974,0.05668 ,0.20745 ,0.50807 
29740000 ,3.36686 ,3.41214 ,0.02535 ,4.05566 ,4.07567 ,0.01409 ,4.90426 ,4.94668 ,0.05366 ,2975,0.04227 ,0.21491 ,0.52183 
29750000 ,3.36686 ,3.33475 ,0.01309 ,4.06117 ,4.05641 ,0.03517 ,4.90426 ,5.01821 ,0.01313 ,2976,0.02435 ,0.21419 ,0.51228 
29760000 ,3.36686 ,3.39091 ,0.04296 ,4.06117 ,3.99053 ,0.01926 ,4.90426 ,4.91157 ,0.00806 ,2977,0.02931 ,0.20354 ,0.52229 
29770000 ,3.36686 ,3.38750 ,0.01932 ,4.06117 ,4.04603 ,0.02540 ,4.90426 ,4.90661 ,0.05907 ,2978,0.03341 ,0.21539 ,0.50883 
29780000 ,3.37237 ,3.40964 ,0.02379 ,4.06117 ,4.12365 ,0.05400 ,4.90978 ,4.95128 ,0.03288 ,2979,0.05456 ,0.21309 ,0.52287 
29790000 ,3.37237 ,3.41617 ,0.03648 ,4.06668 ,4.08133 ,0.02292 ,4.90978 ,4.99046 ,0.04333 ,2980,0.05872 ,0.22348 ,0.51520 
29800000 ,3.37237 ,3.41205 ,0.02021 ,4.06668 ,4.00250 ,0.04977 ,4.90978 ,4.93189 ,0.04872 ,2981,0.02474 ,0.22276 ,0.52896 
29810000 ,3.37237 ,3.40705 ,0.01382 ,4.06668 ,4.09649 ,0.04665 ,4.91529 ,4.95316 ,0.04731 ,2982,0.02524 ,0.22976 ,0.52653 
29820000 ,3.37788 ,3.39215 ,0.01801 ,4.07219 ,4.07263 ,0.02223 ,4.91529 ,4.98566 ,0.01166 ,2983,0.03827 ,0.23112 ,0.52990 
29830000 ,3.37788 ,3.45227 ,0.03328 ,4.07219 ,4.07276 ,0.01584 ,4.91529 ,4.92858 ,0.02165 ,2984,0.03265 ,0.22479 ,0.52904 
29840000 ,3.37788 ,3.39599 ,0.02841 ,4.07219 ,4.09599 ,0.05638 ,4.91529 ,4.95370 ,0.00570 ,2985,0.04785 ,0.21375 ,0.53563 
29850000 ,3.37788 ,3.39842 ,0.04280 ,4.07219 ,4.06721 ,0.01590 ,4.92080 ,5.04163 ,0.03583 ,2986,0.05282 ,0.21903 ,0.53400 
29860000 ,3.38339 ,3.43961 ,0.04000 ,4.07770 ,4.09455 ,0.04259 ,4.92080 ,4.94166 ,0.02499 ,2987,0.04376 ,0.23049 ,0.54273 
29870000 ,3.38339 ,3.43159 ,0.06248 ,4.07770 ,4.07285 ,0.01671 ,4.92080 ,4.96032 ,0.00082 ,2988,0.05258 ,0.21632 ,0.54610 
29880000 ,3.38339 ,3.41736 ,0.01702 ,4.07770 ,4.15653 ,0.03427 ,4.92631 ,5.01695 ,0.02910 ,2989,0.05308 ,0.21810 ,0.49762 
29890000 ,3.38339 ,3.44494 ,0.02494 ,4.08322 ,4.10412 ,0.02719 ,4.92631 ,4.97233 ,0.00772 ,2990,0.03867 ,0.21792 ,0.50833 
29900000 ,3.38890 ,3.37927 ,0.03530 ,4.08322 ,4.13014 ,0.03511 ,4.92631 ,4.91995 ,0.00510 ,2991,0.06098 ,0.22661 ,0.50313 
29910000 ,3.38890 ,3.44606 ,0.02645 ,4.08322 ,4.04914 ,0.03590 ,4.93182 ,5.04977 ,0.04237 ,2992,0.05536 ,0.21487 ,0.51113 
29920000 ,3.38890 ,3.47185 ,0.00307 ,4.08322 ,4.05424 ,0.02442 ,4.93182 ,4.91411 ,0.02639 ,2993,0.03750 ,0.23590 ,0.50653 
29930000 ,3.39441 ,3.47182 ,0.02525 ,4.08873 ,4.05981 ,0.01261 ,4.93182 ,5.06937 ,0.01248 ,2994,0.01608 ,0.23360 ,0.51075 
29940000 ,3.39441 ,3.46399 ,0.06834 ,4.08873 ,4.05594 ,0.03472 ,4.93182 ,5.05414 ,0.01716 ,2995,0.01395 ,0.24902 ,0.52076 
29950000 ,3.39441 ,3.49264 ,0.00936 ,4.08873 ,4.04573 ,0.03146 ,4.93733 ,4.99240 ,0.03770 ,2996,0.01891 ,0.24633 ,0.53132 
29960000 ,3.39441 ,3.47436 ,0.02108 ,4.09424 ,4.09554 ,0.01155 ,4.93733 ,4.94880 ,0.01779 ,2997,0.02000 ,0.22953 ,0.52691 
29970000 ,3.39992 ,3.42589 ,0.01761 ,4.09424 ,4.07475 ,0.03215 ,4.93733 ,4.94534 ,0.04457 ,2998,0.01758 ,0.23138 ,0.54067 
29980000 ,3.39992 ,3.43989 ,0.01860 ,4.09424 ,4.12498 ,0.01969 ,4.94284 ,4.95785 ,0.02003 ,2999,0.03147 ,0.21823 ,0.54388 
29990000 ,3.39992 ,3.47094 ,0.03979 ,4.09424 ,4.10127 ,0.02301 ,4.94284 ,4.95562 ,0.02250 ,3000,0.01984 ,0.21592 ,0.52247 
30000000 ,3.39992 ,3.45401 ,0.03775 ,4.09975 ,4.11475 ,0.04044 ,4.94284 ,5.02178 ,0.02463 ,3001,0.02481 ,0.21550 ,0.53142 
30010000 ,3.40544 ,3.43035 ,0.02525 ,4.09975 ,4.08372 ,0.04106 ,4.94835 ,5.03084 ,0.02901 ,3002,0.02038 ,0.21820 ,0.54143 
30020000 ,3.40544 ,3.43915 ,0.05996 ,4.09975 ,4.13576 ,0.01006 ,4.94835 ,4.96154 ,0.01163 ,3003,0.03427 ,0.22697 ,0.53772 
30030000 ,3.41095 ,3.44599 ,0.03925 ,4.09975 ,4.14323 ,0.04189 ,4.94835 ,5.01041 ,0.05143 ,3004,0.02149 ,0.22245 ,0.54596 
30040000 ,3.41095 ,3.46571 ,0.04401 ,4.10526 ,4.16037 ,0.02208 ,4.95386 ,5.03756 ,0.01903 ,3005,0.03108 ,0.23534 ,0.54584 
30050000 ,3.41095 ,3.45779 ,0.03286 ,4.10526 ,4.13015 ,0.02149 ,4.95386 ,5.11648 ,0.01656 ,3006,0.01584 ,0.23082 ,0.49937 
30060000 ,3.41095 ,3.43284 ,0.06285 ,4.10526 ,4.11084 ,0.03082 ,4.95386 ,5.01856 ,0.01129 ,3007,0.02539 ,0.22810 ,0.50661 
30070000 ,3.41095 ,3.42134 ,0.03062 ,4.11077 ,4.04064 ,0.03035 ,4.95386 ,4.99213 ,0.03338 ,3008,0.02439 ,0.22579 ,0.52064 
30080000 ,3.41646 ,3.47324 ,0.00987 ,4.11077 ,4.09674 ,0.01422 ,4.95937 ,4.97721 ,0.03982 ,3009,0.03474 ,0.22680 ,0.51855 
30090000 ,3.41646 ,3.44229 ,0.03395 ,4.11077 ,4.13050 ,0.05481 ,4.95937 ,4.99221 ,0.02703 ,3010,0.03826 ,0.23188 ,0.51183 
30100000 ,3.41646 ,3.39906 ,0.00802 ,4.11628 ,4.12909 ,0.01271 ,4.95937 ,4.98578 ,0.02597 ,3011,0.04072 ,0.23928 ,0.49033 
30110000 ,3.41646 ,3.42364 ,0.04217 ,4.11628 ,4.08593 ,0.02905 ,4.96488 ,4.96401 ,0.04311 ,3012,0.02818 ,0.23910 ,0.50879 
30120000 ,3.42196 ,3.45765 ,0.03743 ,4.11628 ,4.13114 ,0.03486 ,4.96488 ,4.95519 ,0.02379 ,3013,0.03772 ,0.23590 ,0.52635 
30130000 ,3.42196 ,3.44319 ,0.04823 ,4.11628 ,4.16373 ,0.01274 ,4.96488 ,4.94885 ,0.01404 ,3014,0.02706 ,0.23138 ,0.51555 
30140000 ,3.42196 ,3.38960 ,0.05120 ,4.12179 ,4.13686 ,0.04855 ,4.97039 ,4.97512 ,0.04150 ,3015,0.03677 ,0.22949 ,0.52379 
30150000 ,3.42747 ,3.48328 ,0.02841 ,4.12179 ,4.13621 ,0.01283 ,4.97039 ,4.99478 ,0.03981 ,3016,0.03115 ,0.22877 ,0.54055 
30160000 ,3.42747 ,3.41004 ,0.01278 ,4.12179 ,4.11342 ,0.03558 ,4.97039 ,5.08209 ,0.02758 ,3017,0.03072 ,0.22260 ,0.53360 
30170000 ,3.42747 ,3.45624 ,0.01512 ,4.12179 ,4.15333 ,0.02524 ,4.97039 ,5.02035 ,0.04477 ,3018,0.03641 ,0.25183 ,0.53495 
30180000 ,3.42747 ,3.43884 ,0.02120 ,4.12730 ,4.11418 ,0.00884 ,4.97590 ,4.97845 ,0.01187 ,3019,0.02874 ,0.26100 ,0.52824 
30190000 ,3.43298 ,3.41569 ,0.04544 ,4.12730 ,4.10574 ,0.00988 ,4.97590 ,4.96429 ,0.03996 ,3020,0.04600 ,0.25117 ,0.54245 
30200000 ,3.43298 ,3.43883 ,0.02894 ,4.12730 ,4.10402 ,0.02177 ,4.97590 ,5.08851 ,0.01657 ,3021,0.04846 ,0.22435 ,0.55069 
30210000 ,3.43298 ,3.42378 ,0.04582 ,4.13281 ,4.10811 ,0.03948 ,4.98141 ,4.97986 ,0.03812 ,3022,0.03457 ,0.22612 ,0.54240 
30220000 ,3.43298 ,3.49958 ,0.03229 ,4.13281 ,4.16816 ,0.04541 ,4.98141 ,5.00216 ,0.01338 ,3023,0.02895 ,0.22594 ,0.55065 
30230000 ,3.43298 ,3.48299 ,0.01553 ,4.13281 ,4.13023 ,0.02041 ,4.98141 ,5.06411 ,0.04294 ,3024,0.02433 ,0.23464 ,0.50734 
30240000 ,3.43849 ,3.44435 ,0.06522 ,4.13281 ,4.16343 ,0.03775 ,4.98692 ,5.13201 ,0.05383 ,3025,0.01666 ,0.23700 ,0.52138 
30250000 ,3.43849 ,3.50560 ,0.01161 ,4.13832 ,4.17446 ,0.03871 ,4.98692 ,4.99123 ,0.03147 ,3026,0.03486 ,0.24617 ,0.51370 
30260000 ,3.44401 ,3.54140 ,0.02960 ,4.13832 ,4.16147 ,0.05398 ,4.98692 ,5.04601 ,0.02612 ,3027,0.03728 ,0.23634 ,0.52746 
30270000 ,3.44401 ,3.41398 ,0.05385 ,4.13832 ,4.11257 ,0.03470 ,4.98692 ,5.06374 ,0.03519 ,3028,0.04224 ,0.23272 ,0.52504 
30280000 ,3.44401 ,3.42078 ,0.05250 ,4.14383 ,4.18227 ,0.03362 ,4.99243 ,4.98347 ,0.03683 ,3029,0.03319 ,0.23519 ,0.52841 
30290000 ,3.44401 ,3.49538 ,0.04232 ,4.14383 ,4.11093 ,0.03455 ,4.99243 ,5.11930 ,0.02513 ,3030,0.03045 ,0.24177 ,0.52033 
30300000 ,3.44952 ,3.49929 ,0.01237 ,4.14383 ,4.13724 ,0.02276 ,4.99794 ,4.98991 ,0.01310 ,3031,0.02802 ,0.19401 ,0.53409 
30310000 ,3.44952 ,3.48037 ,0.00830 ,4.14383 ,4.12084 ,0.04059 ,4.99794 ,5.02776 ,0.03146 ,3032,0.04191 ,0.19596 ,0.53730 
30320000 ,3.44952 ,3.55036 ,0.01590 ,4.14934 ,4.17931 ,0.02864 ,4.99794 ,5.03951 ,0.02862 ,3033,0.02971 ,0.19365 ,0.53679 
30330000 ,3.44952 ,3.46329 ,0.03439 ,4.14934 ,4.16908 ,0.03442 ,4.99794 ,5.07539 ,0.01486 ,3034,0.03925 ,0.20512 ,0.54016 
30340000 ,3.45503 ,3.39951 ,0.01378 ,4.14934 ,4.12043 ,0.02047 ,5.00345 ,5.02801 ,0.03461 ,3035,0.02859 ,0.19805 ,0.54640 
30350000 ,3.45503 ,3.48520 ,0.04072 ,4.15485 ,4.22418 ,0.02308 ,5.00345 ,4.99919 ,0.04057 ,3036,0.03830 ,0.19854 ,0.52282 
30360000 ,3.45503 ,3.47767 ,0.02852 ,4.15485 ,4.18785 ,0.02422 ,5.00345 ,5.04383 ,0.01704 ,3037,0.03268 ,0.21006 ,0.53081 
30370000 ,3.46054 ,3.53314 ,0.04183 ,4.15485 ,4.18666 ,0.01372 ,5.00345 ,5.01941 ,0.02405 ,3038,0.03856 ,0.19756 ,0.52409 
30380000 ,3.46054 ,3.48800 ,0.03241 ,4.16036 ,4.11998 ,0.02164 ,5.00896 ,5.02217 ,0.04446 ,3039,0.04939 ,0.23921 ,0.52502 
30390000 ,3.46054 ,3.55994 ,0.02599 ,4.16036 ,4.20290 ,0.03868 ,5.00896 ,5.05911 ,0.03481 ,3040,0.05711 ,0.23492 ,0.53161 
30400000 ,3.46054 ,3.50529 ,0.03428 ,4.16036 ,4.19076 ,0.04834 ,5.01447 ,4.97495 ,0.01321 ,3041,0.07100 ,0.21477 ,0.52998 
30410000 ,3.46054 ,3.42228 ,0.01529 ,4.16036 ,4.14191 ,0.03575 ,5.01447 ,5.07928 ,0.01135 ,3042,0.04831 ,0.24935 ,0.53870 
30420000 ,3.46605 ,3.48329 ,0.03902 ,4.16587 ,4.15044 ,0.03481 ,5.01447 ,5.00828 ,0.01098 ,3043,0.05104 ,0.21892 ,0.54208 
30430000 ,3.46605 ,3.50770 ,0.03440 ,4.16587 ,4.17694 ,0.03751 ,5.01447 ,5.02823 ,0.01830 ,3044,0.04156 ,0.24228 ,0.51983 
30440000 ,3.46605 ,3.42056 ,0.04278 ,4.16587 ,4.23549 ,0.01925 ,5.01999 ,5.03020 ,0.01302 ,3045,0.05836 ,0.24708 ,0.52878 
30450000 ,3.46605 ,3.45614 ,0.00200 ,4.17138 ,4.21162 ,0.03009 ,5.01999 ,5.15939 ,0.03756 ,3046,0.05274 ,0.24276 ,0.53508 
30460000 ,3.47156 ,3.47534 ,0.03394 ,4.17138 ,4.24163 ,0.03611 ,5.01999 ,5.04846 ,0.01286 ,3047,0.03488 ,0.23565 ,0.54332 
30470000 ,3.47156 ,3.52965 ,0.00810 ,4.17138 ,4.15319 ,0.03578 ,5.02550 ,5.06290 ,0.02007 ,3048,0.02655 ,0.24045 ,0.54320 
30480000 ,3.47707 ,3.50858 ,0.02490 ,4.17138 ,4.17073 ,0.01711 ,5.02550 ,5.07100 ,0.03722 ,3049,0.03223 ,0.24392 ,0.53718 
30490000 ,3.47707 ,3.52810 ,0.01812 ,4.17689 ,4.14569 ,0.01783 ,5.03101 ,5.11382 ,0.04513 ,3050,0.02456 ,0.23816 ,0.54468 
30500000 ,3.47707 ,3.45662 ,0.01735 ,4.17689 ,4.22327 ,0.06136 ,5.03101 ,5.01783 ,0.02362 ,3051,0.04179 ,0.22554 ,0.54463 
30510000 ,3.47707 ,3.42259 ,0.01865 ,4.17689 ,4.19888 ,0.03699 ,5.03101 ,5.13085 ,0.04036 ,3052,0.03124 ,0.24331 ,0.55288 
30520000 ,3.48258 ,3.43615 ,0.03054 ,4.18240 ,4.21914 ,0.02416 ,5.03101 ,5.05267 ,0.00188 ,3053,0.03621 ,0.24811 ,0.53763 
30530000 ,3.48258 ,3.52796 ,0.01988 ,4.18240 ,4.13903 ,0.03904 ,5.03652 ,5.08369 ,0.00875 ,3054,0.03178 ,0.21912 ,0.54100 
30540000 ,3.48258 ,3.53022 ,0.03469 ,4.18240 ,4.14099 ,0.03209 ,5.03652 ,5.08266 ,0.00644 ,3055,0.04567 ,0.21772 ,0.54724 
30550000 ,3.48258 ,3.44495 ,0.01625 ,4.18240 ,4.21400 ,0.01333 ,5.03652 ,5.09613 ,0.04380 ,3056,0.03289 ,0.20961 ,0.51837 
30560000 ,3.48809 ,3.54485 ,0.02131 ,4.18791 ,4.18230 ,0.02199 ,5.04203 ,5.04464 ,0.03741 ,3057,0.04248 ,0.20509 ,0.50028 
30570000 ,3.48809 ,3.57211 ,0.05138 ,4.18791 ,4.17430 ,0.02650 ,5.04203 ,5.00960 ,0.01116 ,3058,0.04513 ,0.20420 ,0.51002 
30580000 ,3.48809 ,3.47757 ,0.02300 ,4.18791 ,4.21505 ,0.04183 ,5.04203 ,5.07647 ,0.01297 ,3059,0.05009 ,0.21833 ,0.50305 
30590000 ,3.49360 ,3.47312 ,0.04781 ,4.18791 ,4.25238 ,0.03734 ,5.04754 ,5.09417 ,0.06589 ,3060,0.04104 ,0.21129 ,0.49974 
30600000 ,3.49360 ,3.49177 ,0.01132 ,4.19342 ,4.16904 ,0.04122 ,5.04754 ,5.07296 ,0.01252 ,3061,0.05857 ,0.20530 ,0.50948 
30610000 ,3.49360 ,3.54132 ,0.03896 ,4.19342 ,4.21705 ,0.01514 ,5.04754 ,5.08635 ,0.01954 ,3062,0.07246 ,0.21463 ,0.50914 
30620000 ,3.49911 ,3.55266 ,0.00516 ,4.19342 ,4.21914 ,0.04071 ,5.05305 ,5.09236 ,0.04596 ,3063,0.04978 ,0.19872 ,0.51418 
30630000 ,3.49911 ,3.51114 ,0.04911 ,4.19893 ,4.18911 ,0.02809 ,5.05305 ,5.05205 ,0.03483 ,3064,0.05251 ,0.22223 ,0.51524 
30640000 ,3.49911 ,3.50403 ,0.00821 ,4.19893 ,4.20851 ,0.03644 ,5.05305 ,5.13168 ,0.03067 ,3065,0.04302 ,0.21369 ,0.52343 
30650000 ,3.49911 ,3.53467 ,0.03259 ,4.19893 ,4.17235 ,0.01723 ,5.05856 ,5.07309 ,0.05318 ,3066,0.06611 ,0.21230 ,0.53073 
30660000 ,3.49911 ,3.51703 ,0.00347 ,4.20444 ,4.20730 ,0.01864 ,5.05856 ,5.12036 ,0.01084 ,3067,0.07570 ,0.20564 ,0.53179 
30670000 ,3.50462 ,3.52741 ,0.01848 ,4.20444 ,4.20855 ,0.00788 ,5.05856 ,5.19906 ,0.04124 ,3068,0.05335 ,0.20492 ,0.52168 
30680000 ,3.50462 ,3.51391 ,0.04607 ,4.20444 ,4.24487 ,0.01145 ,5.06407 ,5.11634 ,0.02804 ,3069,0.05655 ,0.21493 ,0.50097 
30690000 ,3.50462 ,3.55691 ,0.04198 ,4.20444 ,4.22506 ,0.01440 ,5.06407 ,5.07533 ,0.05022 ,3070,0.06329 ,0.21224 ,0.51071 
30700000 ,3.51013 ,3.54356 ,0.03210 ,4.20995 ,4.20445 ,0.03845 ,5.06407 ,5.07137 ,0.02678 ,3071,0.05380 ,0.23048 ,0.51037 
30710000 ,3.51013 ,3.53317 ,0.03418 ,4.20995 ,4.19026 ,0.00615 ,5.06958 ,5.07935 ,0.03431 ,3072,0.04656 ,0.22976 ,0.51541 
30720000 ,3.51013 ,3.46665 ,0.03425 ,4.20995 ,4.22204 ,0.02542 ,5.06958 ,5.08529 ,0.03433 ,3073,0.04902 ,0.22508 ,0.51648 
30730000 ,3.51013 ,3.54774 ,0.04847 ,4.21546 ,4.14922 ,0.04001 ,5.06958 ,5.04843 ,0.01011 ,3074,0.03513 ,0.23425 ,0.51117 
30740000 ,3.51564 ,3.52348 ,0.01929 ,4.21546 ,4.20783 ,0.03231 ,5.06958 ,5.19682 ,0.00531 ,3075,0.02951 ,0.23444 ,0.52012 
30750000 ,3.51564 ,3.56384 ,0.00548 ,4.21546 ,4.22391 ,0.02539 ,5.07509 ,5.08466 ,0.00732 ,3076,0.02489 ,0.23175 ,0.52642 
30760000 ,3.51564 ,3.46623 ,0.02524 ,4.21546 ,4.31497 ,0.03196 ,5.07509 ,5.08967 ,0.02093 ,3077,0.01722 ,0.22548 ,0.53466 
30770000 ,3.51564 ,3.56762 ,0.00474 ,4.22097 ,4.24089 ,0.01867 ,5.08060 ,5.14626 ,0.00609 ,3078,0.05703 ,0.23465 ,0.53454 
30780000 ,3.52115 ,3.57550 ,0.05500 ,4.22097 ,4.26238 ,0.02875 ,5.08060 ,5.07096 ,0.01808 ,3079,0.05141 ,0.20723 ,0.53370 
30790000 ,3.52115 ,3.53955 ,0.03766 ,4.22648 ,4.18880 ,0.04661 ,5.08060 ,5.21772 ,0.04248 ,3080,0.03355 ,0.20019 ,0.53477 
30800000 ,3.52666 ,3.52108 ,0.04260 ,4.22648 ,4.17807 ,0.04041 ,5.08060 ,5.15234 ,0.02973 ,3081,0.05904 ,0.23162 ,0.54054 
30810000 ,3.52666 ,3.53393 ,0.05185 ,4.22648 ,4.21907 ,0.05426 ,5.08611 ,5.17349 ,0.03267 ,3082,0.05138 ,0.22893 ,0.52053 
30820000 ,3.52666 ,3.53104 ,0.03176 ,4.22648 ,4.22309 ,0.03420 ,5.08611 ,5.19338 ,0.01242 ,3083,0.04651 ,0.22266 ,0.52783 
30830000 ,3.52666 ,3.53763 ,0.02293 ,4.23200 ,4.22787 ,0.01336 ,5.08611 ,5.06601 ,0.02456 ,3084,0.03157 ,0.23183 ,0.52889 
30840000 ,3.53217 ,3.50334 ,0.04316 ,4.23200 ,4.22627 ,0.01972 ,5.08611 ,5.12448 ,0.04096 ,3085,0.02914 ,0.22516 ,0.53356 
30850000 ,3.53217 ,3.58540 ,0.05789 ,4.23200 ,4.26748 ,0.04541 ,5.09162 ,5.15584 ,0.00777 ,3086,0.04303 ,0.22392 ,0.53462 
30860000 ,3.53217 ,3.55984 ,0.04923 ,4.23200 ,4.30318 ,0.04027 ,5.09162 ,5.15868 ,0.02718 ,3087,0.03866 ,0.21119 ,0.54040 
30870000 ,3.53217 ,3.56855 ,0.02579 ,4.23751 ,4.24193 ,0.03554 ,5.09713 ,5.08719 ,0.00802 ,3088,0.02870 ,0.20976 ,0.51973 
30880000 ,3.53768 ,3.54084 ,0.01248 ,4.23751 ,4.22813 ,0.01151 ,5.09713 ,5.10909 ,0.05258 ,3089,0.02920 ,0.22339 ,0.53043 
30890000 ,3.53768 ,3.58161 ,0.03741 ,4.23751 ,4.22795 ,0.02508 ,5.09713 ,5.09916 ,0.02539 ,3090,0.03823 ,0.23353 ,0.51537 
30900000 ,3.54319 ,3.52468 ,0.01109 ,4.24302 ,4.26660 ,0.04068 ,5.10264 ,5.10430 ,0.05350 ,3091,0.04392 ,0.20539 ,0.51247 
30910000 ,3.54319 ,3.54544 ,0.01384 ,4.24302 ,4.23919 ,0.05138 ,5.10264 ,5.20703 ,0.01417 ,3092,0.03625 ,0.21473 ,0.50604 
30920000 ,3.54319 ,3.62886 ,0.00118 ,4.24302 ,4.31698 ,0.04311 ,5.10264 ,5.14395 ,0.02947 ,3093,0.04620 ,0.20850 ,0.52008 
30930000 ,3.54319 ,3.58583 ,0.01461 ,4.24853 ,4.27626 ,0.00736 ,5.10815 ,5.14823 ,0.00448 ,3094,0.06009 ,0.20454 ,0.51910 
30940000 ,3.54319 ,3.57158 ,0.00660 ,4.24853 ,4.27357 ,0.00091 ,5.10815 ,5.15474 ,0.04249 ,3095,0.03616 ,0.22426 ,0.52003 
30950000 ,3.54870 ,3.58616 ,0.05125 ,4.24853 ,4.22931 ,0.02089 ,5.10815 ,5.14988 ,0.04064 ,3096,0.03666 ,0.21489 ,0.52726 
30960000 ,3.54870 ,3.55191 ,0.01826 ,4.25404 ,4.27937 ,0.01335 ,5.11366 ,5.09192 ,0.00619 ,3097,0.04317 ,0.21417 ,0.54129 
30970000 ,3.54870 ,3.56170 ,0.01939 ,4.25404 ,4.26187 ,0.01794 ,5.11366 ,5.10517 ,0.00775 ,3098,0.02249 ,0.21810 ,0.53920 
30980000 ,3.54870 ,3.51977 ,0.02584 ,4.25404 ,4.30882 ,0.01843 ,5.11366 ,5.23711 ,0.04088 ,3099,0.05135 ,0.22743 ,0.53248 
30990000 ,3.55422 ,3.52275 ,0.00347 ,4.25404 ,4.27367 ,0.01764 ,5.11366 ,5.17408 ,0.02977 ,3100,0.04453 ,0.21152 ,0.54875 
31000000 ,3.55422 ,3.62289 ,0.05010 ,4.25955 ,4.27209 ,0.01700 ,5.11917 ,5.20284 ,0.03454 ,3101,0.03686 ,0.22685 ,0.49264 
31010000 ,3.55973 ,3.56852 ,0.03307 ,4.25955 ,4.20191 ,0.03601 ,5.11917 ,5.18659 ,0.04944 ,3102,0.03872 ,0.22542 ,0.48785 
31020000 ,3.55973 ,3.59686 ,0.03849 ,4.25955 ,4.17287 ,0.03011 ,5.11917 ,5.16729 ,0.01861 ,3103,0.02876 ,0.23288 ,0.49585 
31030000 ,3.55973 ,3.64157 ,0.02497 ,4.26506 ,4.30473 ,0.02431 ,5.12468 ,5.12893 ,0.03817 ,3104,0.02926 ,0.23216 ,0.49142 
31040000 ,3.55973 ,3.52995 ,0.02360 ,4.26506 ,4.27151 ,0.03100 ,5.12468 ,5.24552 ,0.00850 ,3105,0.04715 ,0.22151 ,0.48128 
31050000 ,3.56524 ,3.60238 ,0.04215 ,4.26506 ,4.28066 ,0.01739 ,5.13019 ,5.18638 ,0.03395 ,3106,0.04765 ,0.22758 ,0.49930 
31060000 ,3.56524 ,3.61021 ,0.04891 ,4.27057 ,4.30626 ,0.03850 ,5.13019 ,5.14870 ,0.02661 ,3107,0.03324 ,0.24165 ,0.48892 
31070000 ,3.56524 ,3.62643 ,0.02086 ,4.27057 ,4.29570 ,0.00434 ,5.13019 ,5.12701 ,0.02018 ,3108,0.02953 ,0.23769 ,0.49866 
31080000 ,3.56524 ,3.63398 ,0.01365 ,4.27057 ,4.29802 ,0.06238 ,5.13570 ,5.23802 ,0.06417 ,3109,0.03521 ,0.23740 ,0.49218 
31090000 ,3.57075 ,3.62453 ,0.04408 ,4.27608 ,4.32395 ,0.07267 ,5.13570 ,5.26405 ,0.01026 ,3110,0.02754 ,0.23421 ,0.49083 
31100000 ,3.57075 ,3.57756 ,0.04526 ,4.27608 ,4.26843 ,0.02231 ,5.13570 ,5.16027 ,0.02614 ,3111,0.04477 ,0.21868 ,0.49833 
31110000 ,3.57075 ,3.63064 ,0.04190 ,4.27608 ,4.30435 ,0.02469 ,5.13570 ,5.23088 ,0.03620 ,3112,0.04602 ,0.23399 ,0.50834 
31120000 ,3.57626 ,3.64789 ,0.03604 ,4.27608 ,4.31389 ,0.05607 ,5.14121 ,5.19487 ,0.02348 ,3113,0.05991 ,0.21431 ,0.49725 
31130000 ,3.57626 ,3.61675 ,0.02750 ,4.28159 ,4.27172 ,0.02911 ,5.14121 ,5.17128 ,0.00876 ,3114,0.03599 ,0.20494 ,0.50468 
31140000 ,3.57626 ,3.53665 ,0.02358 ,4.28159 ,4.27219 ,0.00391 ,5.14672 ,5.17313 ,0.04178 ,3115,0.03649 ,0.20422 ,0.51259 
31150000 ,3.58177 ,3.66412 ,0.02802 ,4.28159 ,4.30759 ,0.01992 ,5.14672 ,5.14621 ,0.02426 ,3116,0.02232 ,0.23274 ,0.50417 
31160000 ,3.58177 ,3.60463 ,0.04908 ,4.28710 ,4.27143 ,0.02288 ,5.14672 ,5.15376 ,0.01275 ,3117,0.04690 ,0.23202 ,0.51357 
31170000 ,3.58177 ,3.65528 ,0.01859 ,4.28710 ,4.32378 ,0.04517 ,5.15223 ,5.22595 ,0.02444 ,3118,0.04740 ,0.22584 ,0.52358 
31180000 ,3.58177 ,3.59401 ,0.01159 ,4.28710 ,4.30547 ,0.03347 ,5.15223 ,5.19867 ,0.01032 ,3119,0.03299 ,0.20517 ,0.51861 
31190000 ,3.58728 ,3.58235 ,0.04318 ,4.29261 ,4.37364 ,0.02672 ,5.15223 ,5.20256 ,0.03817 ,3120,0.06116 ,0.21451 ,0.51968 
31200000 ,3.58728 ,3.62756 ,0.04057 ,4.29261 ,4.30213 ,0.02003 ,5.15223 ,5.17456 ,0.00778 ,3121,0.04049 ,0.19860 ,0.48083 
31210000 ,3.59279 ,3.58996 ,0.04533 ,4.29261 ,4.24610 ,0.02718 ,5.15774 ,5.29491 ,0.01945 ,3122,0.03942 ,0.22386 ,0.48746 
31220000 ,3.59279 ,3.67789 ,0.03224 ,4.29812 ,4.27106 ,0.03651 ,5.15774 ,5.17247 ,0.01530 ,3123,0.02919 ,0.22246 ,0.49610 
31230000 ,3.59279 ,3.59736 ,0.00924 ,4.29812 ,4.29221 ,0.03782 ,5.16325 ,5.18938 ,0.00147 ,3124,0.03415 ,0.20373 ,0.50353 
31240000 ,3.59279 ,3.56781 ,0.02143 ,4.29812 ,4.32815 ,0.03382 ,5.16325 ,5.17321 ,0.03827 ,3125,0.03825 ,0.21307 ,0.51144 
31250000 ,3.59279 ,3.61572 ,0.00796 ,4.29812 ,4.36980 ,0.02016 ,5.16325 ,5.30053 ,0.02240 ,3126,0.04452 ,0.21104 ,0.50712 
31260000 ,3.59830 ,3.61456 ,0.02506 ,4.30363 ,4.33528 ,0.01979 ,5.16876 ,5.15414 ,0.03139 ,3127,0.04948 ,0.22101 ,0.51112 
31270000 ,3.59830 ,3.53721 ,0.02277 ,4.30363 ,4.31238 ,0.02619 ,5.16876 ,5.16712 ,0.04769 ,3128,0.04505 ,0.22214 ,0.52182 
31280000 ,3.59830 ,3.56826 ,0.00390 ,4.30363 ,4.37463 ,0.03733 ,5.16876 ,5.16483 ,0.02642 ,3129,0.05894 ,0.22663 ,0.50107 
31290000 ,3.60381 ,3.62786 ,0.01272 ,4.30914 ,4.32248 ,0.03145 ,5.16876 ,5.21975 ,0.01891 ,3130,0.04616 ,0.20631 ,0.49628 
31300000 ,3.60381 ,3.63188 ,0.03087 ,4.30914 ,4.32557 ,0.05476 ,5.17428 ,5.26433 ,0.02712 ,3131,0.05575 ,0.21111 ,0.50427 
31310000 ,3.60381 ,3.58138 ,0.04126 ,4.30914 ,4.32923 ,0.02935 ,5.17428 ,5.23239 ,0.06268 ,3132,0.04571 ,0.20662 ,0.53939 
31320000 ,3.60932 ,3.59561 ,0.03302 ,4.31465 ,4.35834 ,0.02694 ,5.17979 ,5.19377 ,0.01684 ,3133,0.04449 ,0.21579 ,0.50500 
31330000 ,3.60932 ,3.61357 ,0.04088 ,4.31465 ,4.32736 ,0.02407 ,5.17979 ,5.18310 ,0.01031 ,3134,0.05408 ,0.22677 ,0.50209 
31340000 ,3.60932 ,3.66638 ,0.00900 ,4.31465 ,4.30468 ,0.00889 ,5.17979 ,5.19539 ,0.00305 ,3135,0.05975 ,0.22225 ,0.49567 
31350000 ,3.60932 ,3.59425 ,0.05393 ,4.32016 ,4.23953 ,0.04834 ,5.18530 ,5.18561 ,0.02926 ,3136,0.06391 ,0.23445 ,0.50970 
31360000 ,3.61483 ,3.66296 ,0.02367 ,4.32016 ,4.32112 ,0.04608 ,5.18530 ,5.28916 ,0.01330 ,3137,0.03980 ,0.23894 ,0.50873 
31370000 ,3.61483 ,3.66719 ,0.03217 ,4.32016 ,4.29727 ,0.00278 ,5.18530 ,5.26446 ,0.03147 ,3138,0.05369 ,0.21900 ,0.50965 
31380000 ,3.61483 ,3.64667 ,0.02556 ,4.32016 ,4.27611 ,0.03824 ,5.19081 ,5.22100 ,0.02618 ,3139,0.04413 ,0.22936 ,0.51689 
31390000 ,3.62034 ,3.63969 ,0.04123 ,4.32567 ,4.38018 ,0.00938 ,5.19081 ,5.25159 ,0.05002 ,3140,0.05443 ,0.23318 ,0.53092 
31400000 ,3.62034 ,3.65351 ,0.05402 ,4.32567 ,4.27645 ,0.02855 ,5.19632 ,5.22058 ,0.02097 ,3141,0.06616 ,0.24027 ,0.52883 
31410000 ,3.62034 ,3.59198 ,0.02430 ,4.32567 ,4.33121 ,0.02703 ,5.19632 ,5.23239 ,0.01700 ,3142,0.07033 ,0.23585 ,0.52211 
31420000 ,3.62585 ,3.62751 ,0.02527 ,4.33118 ,4.28690 ,0.04545 ,5.19632 ,5.27086 ,0.01790 ,3143,0.03635 ,0.23882 ,0.53838 
31430000 ,3.62585 ,3.69990 ,0.01382 ,4.33118 ,4.29770 ,0.03975 ,5.19632 ,5.31531 ,0.03864 ,3144,0.03685 ,0.24799 ,0.50815 
31440000 ,3.62585 ,3.67647 ,0.01235 ,4.33669 ,4.31634 ,0.02592 ,5.20183 ,5.20496 ,0.02228 ,3145,0.04988 ,0.22422 ,0.50891 
31450000 ,3.62585 ,3.61032 ,0.01126 ,4.33669 ,4.30076 ,0.02750 ,5.20183 ,5.17900 ,0.02028 ,3146,0.04425 ,0.22350 ,0.51031 
31460000 ,3.63136 ,3.66252 ,0.01151 ,4.33669 ,4.34192 ,0.02410 ,5.20183 ,5.32721 ,0.06124 ,3147,0.06060 ,0.21285 ,0.52446 
31470000 ,3.63136 ,3.69851 ,0.02469 ,4.33669 ,4.37097 ,0.01022 ,5.20734 ,5.25352 ,0.02858 ,3148,0.07449 ,0.23064 ,0.52416 
31480000 ,3.63136 ,3.70664 ,0.05032 ,4.34221 ,4.43045 ,0.02157 ,5.20734 ,5.35918 ,0.00939 ,3149,0.05056 ,0.24000 ,0.52072 
31490000 ,3.63687 ,3.68845 ,0.01973 ,4.34221 ,4.34473 ,0.02960 ,5.21285 ,5.27885 ,0.03978 ,3150,0.05106 ,0.24709 ,0.52310 
31500000 ,3.63687 ,3.71861 ,0.02935 ,4.34221 ,4.35355 ,0.00443 ,5.21285 ,5.23412 ,0.04806 ,3151,0.05756 ,0.23596 ,0.53898 
31510000 ,3.63687 ,3.71164 ,0.06801 ,4.34772 ,4.34390 ,0.01505 ,5.21285 ,5.22509 ,0.03557 ,3152,0.03689 ,0.24203 ,0.48939 
31520000 ,3.64238 ,3.66345 ,0.03304 ,4.34772 ,4.38287 ,0.02714 ,5.21836 ,5.26554 ,0.03949 ,3153,0.06251 ,0.24421 ,0.48648 
31530000 ,3.64238 ,3.62300 ,0.04702 ,4.34772 ,4.35516 ,0.01560 ,5.21836 ,5.23253 ,0.01186 ,3154,0.07281 ,0.23253 ,0.48006 
31540000 ,3.64238 ,3.72940 ,0.06395 ,4.35323 ,4.34983 ,0.01979 ,5.21836 ,5.32605 ,0.02427 ,3155,0.05963 ,0.22857 ,0.49409 
31550000 ,3.64789 ,3.70653 ,0.02351 ,4.35323 ,4.30701 ,0.01534 ,5.21836 ,5.30878 ,0.03316 ,3156,0.05401 ,0.22828 ,0.49312 
31560000 ,3.64789 ,3.68579 ,0.02249 ,4.35323 ,4.36525 ,0.02529 ,5.22387 ,5.24628 ,0.01186 ,3157,0.05661 ,0.23997 ,0.48984 
31570000 ,3.64789 ,3.66292 ,0.01436 ,4.35874 ,4.38445 ,0.04634 ,5.22387 ,5.35704 ,0.03876 ,3158,0.03594 ,0.24294 ,0.49738 
31580000 ,3.64789 ,3.70506 ,0.01276 ,4.35874 ,4.33598 ,0.00766 ,5.22938 ,5.26832 ,0.04984 ,3159,0.02517 ,0.25211 ,0.48849 
31590000 ,3.65340 ,3.61349 ,0.02707 ,4.35874 ,4.38034 ,0.03192 ,5.22938 ,5.32037 ,0.04211 ,3160,0.03013 ,0.23319 ,0.49878 
31600000 ,3.65340 ,3.67720 ,0.05147 ,4.36424 ,4.33878 ,0.02574 ,5.22938 ,5.32570 ,0.02165 ,3161,0.03423 ,0.21767 ,0.49599 
31610000 ,3.65340 ,3.65724 ,0.03134 ,4.36424 ,4.35424 ,0.02472 ,5.23489 ,5.27505 ,0.00789 ,3162,0.05538 ,0.23297 ,0.49280 
31620000 ,3.65891 ,3.69005 ,0.06167 ,4.36424 ,4.36652 ,0.01193 ,5.23489 ,5.26739 ,0.05216 ,3163,0.05954 ,0.22084 ,0.49491 
31630000 ,3.65891 ,3.70801 ,0.01063 ,4.36424 ,4.35824 ,0.01497 ,5.23489 ,5.32885 ,0.03637 ,3164,0.02556 ,0.24035 ,0.51248 
31640000 ,3.65891 ,3.66735 ,0.02709 ,4.36975 ,4.35574 ,0.03825 ,5.24040 ,5.23830 ,0.02767 ,3165,0.02606 ,0.23076 ,0.49985 
31650000 ,3.66442 ,3.69297 ,0.02682 ,4.36975 ,4.32925 ,0.02486 ,5.24040 ,5.25457 ,0.04495 ,3166,0.03909 ,0.20508 ,0.51372 
31660000 ,3.66442 ,3.72024 ,0.01467 ,4.36975 ,4.35410 ,0.02962 ,5.24040 ,5.25314 ,0.06467 ,3167,0.03347 ,0.21825 ,0.52210 
31670000 ,3.66442 ,3.70623 ,0.01292 ,4.37526 ,4.36679 ,0.02594 ,5.24591 ,5.31511 ,0.04170 ,3168,0.04868 ,0.21216 ,0.53034 
31680000 ,3.66442 ,3.72060 ,0.05003 ,4.37526 ,4.38702 ,0.02036 ,5.24591 ,5.24658 ,0.02070 ,3169,0.05364 ,0.21658 ,0.51304 
31690000 ,3.66993 ,3.67636 ,0.04023 ,4.38078 ,4.36929 ,0.00962 ,5.24591 ,5.29729 ,0.03461 ,3170,0.04459 ,0.22591 ,0.52201 
31700000 ,3.66993 ,3.70236 ,0.03231 ,4.38078 ,4.35541 ,0.02730 ,5.25142 ,5.27515 ,0.03180 ,3171,0.05340 ,0.22070 ,0.53420 
31710000 ,3.67544 ,3.74730 ,0.02425 ,4.38078 ,4.40855 ,0.01629 ,5.25142 ,5.26337 ,0.02730 ,3172,0.05390 ,0.23387 ,0.52724 
31720000 ,3.67544 ,3.71122 ,0.06862 ,4.38078 ,4.35449 ,0.04211 ,5.25142 ,5.35707 ,0.00923 ,3173,0.03949 ,0.21531 ,0.51400 
31730000 ,3.67544 ,3.68103 ,0.00894 ,4.38629 ,4.42555 ,0.02153 ,5.25693 ,5.29382 ,0.01890 ,3174,0.06180 ,0.22567 ,0.52925 
31740000 ,3.67544 ,3.71717 ,0.03263 ,4.38629 ,4.35870 ,0.00990 ,5.25693 ,5.35060 ,0.00378 ,3175,0.05618 ,0.22964 ,0.53737 
31750000 ,3.68095 ,3.69961 ,0.02376 ,4.38629 ,4.42864 ,0.03023 ,5.26244 ,5.31048 ,0.02036 ,3176,0.03832 ,0.24435 ,0.49224 
31760000 ,3.68095 ,3.70014 ,0.01761 ,4.39180 ,4.39060 ,0.02514 ,5.26244 ,5.27232 ,0.01814 ,3177,0.03989 ,0.23627 ,0.51026 
31770000 ,3.68095 ,3.71454 ,0.01985 ,4.39180 ,4.42372 ,0.06757 ,5.26244 ,5.34967 ,0.04123 ,3178,0.04485 ,0.24662 ,0.49967 
31780000 ,3.68095 ,3.76965 ,0.03102 ,4.39180 ,4.33970 ,0.04671 ,5.26795 ,5.38262 ,0.05087 ,3179,0.04042 ,0.22766 ,0.50997 
31790000 ,3.68646 ,3.71988 ,0.03452 ,4.39731 ,4.36449 ,0.04057 ,5.26795 ,5.26981 ,0.01675 ,3180,0.05431 ,0.21214 ,0.50652 
31800000 ,3.68646 ,3.66184 ,0.02129 ,4.39731 ,4.41766 ,0.01382 ,5.26795 ,5.28141 ,0.03170 ,3181,0.04153 ,0.24605 ,0.50759 
31810000 ,3.69197 ,3.72958 ,0.04873 ,4.40282 ,4.35727 ,0.03578 ,5.27346 ,5.27474 ,0.03129 ,3182,0.05112 ,0.24329 ,0.49914 
31820000 ,3.69197 ,3.72159 ,0.01628 ,4.40282 ,4.41108 ,0.02077 ,5.27346 ,5.23120 ,0.02033 ,3183,0.05377 ,0.23226 ,0.50943 
31830000 ,3.69197 ,3.65519 ,0.02087 ,4.40282 ,4.41572 ,0.03302 ,5.27897 ,5.41757 ,0.04775 ,3184,0.05873 ,0.23706 ,0.51840 
31840000 ,3.69748 ,3.74544 ,0.03785 ,4.40282 ,4.41657 ,0.00543 ,5.27897 ,5.26105 ,0.00868 ,3185,0.04968 ,0.22989 ,0.53359 
31850000 ,3.69748 ,3.73075 ,0.03140 ,4.40833 ,4.48169 ,0.02975 ,5.27897 ,5.32755 ,0.01336 ,3186,0.06721 ,0.23352 ,0.48731 
31860000 ,3.69748 ,3.66601 ,0.06126 ,4.40833 ,4.41318 ,0.03249 ,5.27897 ,5.30824 ,0.00689 ,3187,0.08110 ,0.23045 ,0.49455 
31870000 ,3.69748 ,3.66205 ,0.01874 ,4.40833 ,4.46868 ,0.03372 ,5.28449 ,5.32004 ,0.00608 ,3188,0.05842 ,0.23526 ,0.50858 
31880000 ,3.70300 ,3.69084 ,0.02102 ,4.41384 ,4.38159 ,0.02862 ,5.28449 ,5.30272 ,0.02123 ,3189,0.06115 ,0.23901 ,0.50649 
31890000 ,3.70300 ,3.73055 ,0.04827 ,4.41384 ,4.37516 ,0.02332 ,5.28449 ,5.38866 ,0.00953 ,3190,0.05166 ,0.24264 ,0.49977 
31900000 ,3.70300 ,3.80125 ,0.00617 ,4.41384 ,4.44818 ,0.01065 ,5.29000 ,5.31854 ,0.01534 ,3191,0.07475 ,0.22306 ,0.47827 
31910000 ,3.70851 ,3.68102 ,0.06070 ,4.41935 ,4.44977 ,0.00788 ,5.29000 ,5.34671 ,0.00769 ,3192,0.08434 ,0.22995 ,0.49673 
31920000 ,3.70851 ,3.68292 ,0.03427 ,4.41935 ,4.39990 ,0.01330 ,5.29551 ,5.35547 ,0.01845 ,3193,0.06199 ,0.23475 ,0.51429 
31930000 ,3.70851 ,3.75777 ,0.02431 ,4.41935 ,4.45245 ,0.05685 ,5.29551 ,5.28561 ,0.00941 ,3194,0.06519 ,0.23851 ,0.50349 
31940000 ,3.71402 ,3.74549 ,0.03389 ,4.42486 ,4.41140 ,0.02952 ,5.30102 ,5.36778 ,0.02210 ,3195,0.07193 ,0.24213 ,0.51173 
31950000 ,3.71402 ,3.68115 ,0.01501 ,4.42486 ,4.40516 ,0.04368 ,5.30102 ,5.34723 ,0.05304 ,3196,0.06244 ,0.24017 ,0.52850 
31960000 ,3.71402 ,3.81284 ,0.03892 ,4.42486 ,4.49573 ,0.06617 ,5.30102 ,5.29011 ,0.03272 ,3197,0.05654 ,0.23209 ,0.52154 
31970000 ,3.71953 ,3.79110 ,0.00352 ,4.43037 ,4.46768 ,0.02214 ,5.30102 ,5.28575 ,0.03615 ,3198,0.07043 ,0.24244 ,0.52290 
31980000 ,3.71953 ,3.82665 ,0.01128 ,4.43037 ,4.46315 ,0.02886 ,5.30653 ,5.28843 ,0.02419 ,3199,0.04651 ,0.21724 ,0.51618 
31990000 ,3.71953 ,3.78696 ,0.00355 ,4.43037 ,4.47612 ,0.05395 ,5.30653 ,5.37452 ,0.04363 ,3200,0.04701 ,0.22658 ,0.53040 
32000000 ,3.72504 ,3.76782 ,0.01920 ,4.43588 ,4.51839 ,0.02712 ,5.31203 ,5.32810 ,0.02451 ,3201,0.03284 ,0.21066 ,0.53864 
32010000 ,3.72504 ,3.80557 ,0.02726 ,4.43588 ,4.45649 ,0.02907 ,5.31203 ,5.31825 ,0.02820 ,3202,0.05742 ,0.23417 ,0.53034 
32020000 ,3.72504 ,3.71851 ,0.02045 ,4.43588 ,4.46376 ,0.03418 ,5.31203 ,5.33757 ,0.02086 ,3203,0.05792 ,0.21549 ,0.53860 
32030000 ,3.73055 ,3.77882 ,0.01586 ,4.44139 ,4.47444 ,0.01749 ,5.31754 ,5.39923 ,0.01649 ,3204,0.04351 ,0.20612 ,0.52296 
32040000 ,3.73055 ,3.76207 ,0.02706 ,4.44139 ,4.44613 ,0.05166 ,5.31754 ,5.29815 ,0.01016 ,3205,0.07168 ,0.20540 ,0.51200 
32050000 ,3.73055 ,3.74227 ,0.04508 ,4.44690 ,4.39302 ,0.03678 ,5.31754 ,5.35776 ,0.03418 ,3206,0.05101 ,0.23392 ,0.53582 
32060000 ,3.73055 ,3.74424 ,0.00889 ,4.44690 ,4.40506 ,0.01011 ,5.32306 ,5.33746 ,0.01025 ,3207,0.04994 ,0.23320 ,0.49936 
32070000 ,3.73606 ,3.74865 ,0.05407 ,4.44690 ,4.46787 ,0.05214 ,5.32306 ,5.40859 ,0.04057 ,3208,0.04889 ,0.22703 ,0.50735 
32080000 ,3.73606 ,3.72420 ,0.00358 ,4.44690 ,4.50848 ,0.03274 ,5.32857 ,5.32906 ,0.00840 ,3209,0.04766 ,0.21076 ,0.50173 
32090000 ,3.74157 ,3.71461 ,0.02149 ,4.45241 ,4.43082 ,0.04197 ,5.32857 ,5.31641 ,0.00963 ,3210,0.05726 ,0.22393 ,0.54402 
32100000 ,3.74157 ,3.80372 ,0.04149 ,4.45241 ,4.41147 ,0.02871 ,5.32857 ,5.41007 ,0.02665 ,3211,0.06459 ,0.21784 ,0.54000 
32110000 ,3.74157 ,3.77880 ,0.01667 ,4.45241 ,4.46482 ,0.04434 ,5.33408 ,5.33580 ,0.03878 ,3212,0.07489 ,0.22226 ,0.53879 
32120000 ,3.74157 ,3.82509 ,0.06023 ,4.45792 ,4.43701 ,0.02012 ,5.33408 ,5.40090 ,0.00505 ,3213,0.06171 ,0.23159 ,0.53046 
32130000 ,3.74708 ,3.74210 ,0.04239 ,4.45792 ,4.43474 ,0.01559 ,5.33408 ,5.34288 ,0.01899 ,3214,0.05609 ,0.22638 ,0.55292 
32140000 ,3.74708 ,3.74432 ,0.04591 ,4.45792 ,4.47034 ,0.04034 ,5.33959 ,5.38289 ,0.01045 ,3215,0.05869 ,0.23956 ,0.51915 
32150000 ,3.74708 ,3.82165 ,0.02621 ,4.46343 ,4.49917 ,0.03092 ,5.33959 ,5.34887 ,0.02799 ,3216,0.03801 ,0.22099 ,0.52038 
32160000 ,3.75259 ,3.76940 ,0.04400 ,4.46343 ,4.51037 ,0.06771 ,5.34510 ,5.45384 ,0.02545 ,3217,0.06981 ,0.23135 ,0.53013 
32170000 ,3.75259 ,3.78898 ,0.01864 ,4.46894 ,4.45803 ,0.03750 ,5.34510 ,5.33780 ,0.00025 ,3218,0.07083 ,0.23532 ,0.50061 
32180000 ,3.75810 ,3.85800 ,0.01363 ,4.46894 ,4.47100 ,0.02359 ,5.34510 ,5.41965 ,0.04471 ,3219,0.06521 ,0.25003 ,0.49047 
32190000 ,3.75810 ,3.82288 ,0.02390 ,4.46894 ,4.44084 ,0.02981 ,5.35061 ,5.31805 ,0.02848 ,3220,0.06047 ,0.24195 ,0.50849 
32200000 ,3.75810 ,3.83712 ,0.02111 ,4.47445 ,4.49445 ,0.03513 ,5.35061 ,5.32535 ,0.02334 ,3221,0.06366 ,0.25230 ,0.49811 
32210000 ,3.75810 ,3.78058 ,0.02420 ,4.47445 ,4.52168 ,0.03365 ,5.35061 ,5.31860 ,0.03283 ,3222,0.04735 ,0.20981 ,0.50785 
32220000 ,3.76361 ,3.77784 ,0.01762 ,4.47445 ,4.46054 ,0.01824 ,5.35612 ,5.46606 ,0.02974 ,3223,0.08298 ,0.21915 ,0.50137 
32230000 ,3.76361 ,3.74456 ,0.01789 ,4.47445 ,4.48561 ,0.03680 ,5.35612 ,5.35862 ,0.02639 ,3224,0.09257 ,0.20323 ,0.50002 
32240000 ,3.76361 ,3.79706 ,0.02777 ,4.47996 ,4.49999 ,0.03217 ,5.36163 ,5.52648 ,0.03340 ,3225,0.07022 ,0.21994 ,0.50752 
32250000 ,3.76361 ,3.82826 ,0.03296 ,4.47996 ,4.50663 ,0.02103 ,5.36163 ,5.43889 ,0.01730 ,3226,0.07341 ,0.22928 ,0.51753 
32260000 ,3.76912 ,3.81090 ,0.02557 ,4.47996 ,4.51465 ,0.06406 ,5.36163 ,5.41741 ,0.04519 ,3227,0.08016 ,0.22407 ,0.50643 
32270000 ,3.76912 ,3.79765 ,0.01523 ,4.48547 ,4.45766 ,0.04477 ,5.36714 ,5.42283 ,0.02378 ,3228,0.07067 ,0.23724 ,0.51387 
32280000 ,3.77463 ,3.82565 ,0.00811 ,4.48547 ,4.48903 ,0.05948 ,5.36714 ,5.42333 ,0.01962 ,3229,0.07894 ,0.21868 ,0.52178 
32290000 ,3.77463 ,3.75177 ,0.03173 ,4.49098 ,4.48082 ,0.01389 ,5.36714 ,5.42772 ,0.01938 ,3230,0.05827 ,0.22903 ,0.51336 
32300000 ,3.77463 ,3.81035 ,0.04861 ,4.49098 ,4.44302 ,0.02731 ,5.36714 ,5.43000 ,0.01090 ,3231,0.05720 ,0.22021 ,0.52276 
32310000 ,3.78014 ,3.84854 ,0.02116 ,4.49098 ,4.51449 ,0.05133 ,5.37265 ,5.44298 ,0.03815 ,3232,0.04232 ,0.21878 ,0.53277 
32320000 ,3.78014 ,3.83094 ,0.01658 ,4.49650 ,4.47598 ,0.04329 ,5.37265 ,5.43301 ,0.04069 ,3233,0.04478 ,0.23076 ,0.52780 
32330000 ,3.78014 ,3.82509 ,0.02478 ,4.49650 ,4.46399 ,0.04079 ,5.37816 ,5.47106 ,0.00749 ,3234,0.02974 ,0.22949 ,0.52887 
32340000 ,3.78565 ,3.74846 ,0.03300 ,4.49650 ,4.59259 ,0.01911 ,5.37816 ,5.36278 ,0.01693 ,3235,0.05756 ,0.22136 ,0.50600 
32350000 ,3.78565 ,3.84965 ,0.02384 ,4.50201 ,4.49817 ,0.01413 ,5.38367 ,5.43129 ,0.01618 ,3236,0.06002 ,0.22616 ,0.50275 
32360000 ,3.78565 ,3.78399 ,0.03403 ,4.50201 ,4.50713 ,0.06256 ,5.38367 ,5.42102 ,0.02336 ,3237,0.04613 ,0.24658 ,0.52295 
32370000 ,3.79116 ,3.86450 ,0.00443 ,4.50201 ,4.54412 ,0.00986 ,5.38367 ,5.40710 ,0.05880 ,3238,0.04051 ,0.24766 ,0.53297 
32380000 ,3.79116 ,3.74395 ,0.00694 ,4.50752 ,4.51283 ,0.04377 ,5.38918 ,5.41282 ,0.01857 ,3239,0.03589 ,0.25802 ,0.53749 
32390000 ,3.79116 ,3.86600 ,0.02116 ,4.50752 ,4.49715 ,0.01103 ,5.38918 ,5.41766 ,0.05425 ,3240,0.02822 ,0.22540 ,0.53465 
32400000 ,3.79667 ,3.76098 ,0.03306 ,4.51303 ,4.48983 ,0.03613 ,5.39469 ,5.48359 ,0.03276 ,3241,0.05758 ,0.24126 ,0.54043 
32410000 ,3.79667 ,3.86764 ,0.01220 ,4.51303 ,4.53551 ,0.04022 ,5.39469 ,5.39578 ,0.01157 ,3242,0.05076 ,0.24164 ,0.50226 
32420000 ,3.79667 ,3.75153 ,0.03472 ,4.51303 ,4.49033 ,0.02892 ,5.39469 ,5.42391 ,0.00577 ,3243,0.04309 ,0.23773 ,0.51165 
32430000 ,3.80218 ,3.81505 ,0.02172 ,4.51854 ,4.52749 ,0.04339 ,5.40020 ,5.41758 ,0.04783 ,3244,0.06002 ,0.22498 ,0.52167 
32440000 ,3.80218 ,3.81177 ,0.03070 ,4.51854 ,4.57589 ,0.00725 ,5.40020 ,5.51819 ,0.00771 ,3245,0.06249 ,0.22426 ,0.51670 
32450000 ,3.80769 ,3.77515 ,0.00463 ,4.51854 ,4.49903 ,0.04965 ,5.40020 ,5.52108 ,0.01323 ,3246,0.04860 ,0.21808 ,0.51776 
32460000 ,3.80769 ,3.85783 ,0.02885 ,4.52405 ,4.46524 ,0.03871 ,5.40571 ,5.46491 ,0.02743 ,3247,0.04298 ,0.22345 ,0.51246 
32470000 ,3.80769 ,3.87232 ,0.02022 ,4.52405 ,4.54405 ,0.05383 ,5.40571 ,5.41184 ,0.01899 ,3248,0.03835 ,0.23783 ,0.52141 
32480000 ,3.80769 ,3.87465 ,0.03244 ,4.52405 ,4.52692 ,0.04663 ,5.41122 ,5.58036 ,0.00866 ,3249,0.03068 ,0.22974 ,0.53142 
32490000 ,3.81320 ,3.85786 ,0.01704 ,4.52956 ,4.57429 ,0.01511 ,5.41122 ,5.43890 ,0.01550 ,3250,0.07049 ,0.24010 ,0.52771 
32500000 ,3.81320 ,3.79578 ,0.05976 ,4.52956 ,4.49664 ,0.01934 ,5.41122 ,5.41040 ,0.02318 ,3251,0.06487 ,0.23455 ,0.53595 
32510000 ,3.81320 ,3.84632 ,0.04445 ,4.53507 ,4.51198 ,0.01539 ,5.41673 ,5.44569 ,0.02915 ,3252,0.04701 ,0.23564 ,0.53499 
32520000 ,3.81320 ,3.85172 ,0.04009 ,4.53507 ,4.55256 ,0.02427 ,5.41673 ,5.42477 ,0.00641 ,3253,0.07251 ,0.24599 ,0.53605 
32530000 ,3.81872 ,3.86294 ,0.03436 ,4.53507 ,4.57069 ,0.05289 ,5.41673 ,5.48140 ,0.01020 ,3254,0.06484 ,0.22065 ,0.54183 
32540000 ,3.81872 ,3.85733 ,0.01842 ,4.53507 ,4.56807 ,0.05031 ,5.42224 ,5.45712 ,0.01574 ,3255,0.05997 ,0.21926 ,0.49164 
32550000 ,3.82423 ,3.82848 ,0.02680 ,4.54058 ,4.57604 ,0.01450 ,5.42224 ,5.54659 ,0.01467 ,3256,0.06204 ,0.21260 ,0.49828 
32560000 ,3.82423 ,3.80016 ,0.01320 ,4.54058 ,4.54123 ,0.02185 ,5.42775 ,5.47483 ,0.04130 ,3257,0.05523 ,0.21188 ,0.50691 
32570000 ,3.82423 ,3.85876 ,0.04610 ,4.54609 ,4.54872 ,0.02040 ,5.42775 ,5.50753 ,0.03266 ,3258,0.04756 ,0.22189 ,0.51434 
32580000 ,3.82974 ,3.84615 ,0.02174 ,4.54609 ,4.56242 ,0.03643 ,5.42775 ,5.43171 ,0.01079 ,3259,0.07377 ,0.21920 ,0.52226 
32590000 ,3.82974 ,3.87675 ,0.04107 ,4.54609 ,4.52326 ,0.00870 ,5.43327 ,5.42639 ,0.01843 ,3260,0.06610 ,0.23744 ,0.53478 
32600000 ,3.82974 ,3.86212 ,0.00659 ,4.55160 ,4.52012 ,0.01724 ,5.43327 ,5.47945 ,0.02817 ,3261,0.06123 ,0.23672 ,0.54055 
32610000 ,3.83525 ,3.89188 ,0.01871 ,4.55160 ,4.49568 ,0.04820 ,5.43327 ,5.52196 ,0.04023 ,3262,0.01937 ,0.23204 ,0.51856 
32620000 ,3.83525 ,3.81147 ,0.03237 ,4.55711 ,4.53004 ,0.02172 ,5.43878 ,5.48167 ,0.03307 ,3263,0.02981 ,0.24121 ,0.53306 
32630000 ,3.84076 ,3.80846 ,0.01365 ,4.55711 ,4.55019 ,0.02397 ,5.43878 ,5.51158 ,0.03267 ,3264,0.07632 ,0.24140 ,0.53441 
32640000 ,3.84076 ,3.87815 ,0.04003 ,4.55711 ,4.56289 ,0.03814 ,5.44429 ,5.53795 ,0.00866 ,3265,0.06012 ,0.23871 ,0.51270 
32650000 ,3.84076 ,3.90292 ,0.01833 ,4.55711 ,4.60143 ,0.05325 ,5.44429 ,5.52718 ,0.00766 ,3266,0.02638 ,0.23244 ,0.51065 
32660000 ,3.84627 ,3.89718 ,0.01304 ,4.56262 ,4.59214 ,0.02608 ,5.44429 ,5.52853 ,0.02607 ,3267,0.03493 ,0.24161 ,0.52401 
32670000 ,3.84627 ,3.89375 ,0.02800 ,4.56262 ,4.50071 ,0.03289 ,5.44980 ,5.46868 ,0.03182 ,3268,0.04527 ,0.20914 ,0.53471 
32680000 ,3.84627 ,3.87450 ,0.03198 ,4.56262 ,4.57666 ,0.00466 ,5.44980 ,5.59295 ,0.02697 ,3269,0.02552 ,0.21847 ,0.50717 
32690000 ,3.84627 ,3.83972 ,0.02264 ,4.56813 ,4.57693 ,0.01802 ,5.45531 ,5.60336 ,0.04312 ,3270,0.03586 ,0.20256 ,0.52120 
32700000 ,3.85178 ,3.89229 ,0.04667 ,4.56813 ,4.57913 ,0.06003 ,5.45531 ,5.53384 ,0.04741 ,3271,0.03354 ,0.22782 ,0.52278 
32710000 ,3.85178 ,3.84158 ,0.05695 ,4.57364 ,4.54543 ,0.03463 ,5.46082 ,5.56829 ,0.05827 ,3272,0.05675 ,0.22643 ,0.54164 
32720000 ,3.85729 ,3.86665 ,0.03794 ,4.57364 ,4.56628 ,0.06581 ,5.46082 ,5.53454 ,0.04531 ,3273,0.03037 ,0.20769 ,0.51779 
32730000 ,3.85729 ,3.88047 ,0.06095 ,4.57364 ,4.57972 ,0.00557 ,5.46082 ,5.48198 ,0.03093 ,3274,0.03892 ,0.21703 ,0.50882 
32740000 ,3.85729 ,3.91925 ,0.03105 ,4.57915 ,4.55920 ,0.00826 ,5.46633 ,5.48354 ,0.01696 ,3275,0.04926 ,0.21500 ,0.51856 
32750000 ,3.86280 ,3.91253 ,0.03136 ,4.57915 ,4.55819 ,0.03872 ,5.46633 ,5.46146 ,0.03646 ,3276,0.05205 ,0.22498 ,0.52786 
32760000 ,3.86280 ,3.84891 ,0.03647 ,4.57915 ,4.56622 ,0.01149 ,5.46633 ,5.47451 ,0.04124 ,3277,0.03297 ,0.22610 ,0.53161 
32770000 ,3.86280 ,3.86561 ,0.02467 ,4.58466 ,4.57657 ,0.04004 ,5.47184 ,5.52934 ,0.01360 ,3278,0.04956 ,0.23060 ,0.53985 
32780000 ,3.86831 ,3.93624 ,0.04907 ,4.58466 ,4.60188 ,0.06175 ,5.47184 ,5.52775 ,0.02287 ,3279,0.06758 ,0.21027 ,0.52536 
32790000 ,3.86831 ,3.96253 ,0.04405 ,4.58466 ,4.57141 ,0.03972 ,5.47735 ,5.53236 ,0.03078 ,3280,0.07792 ,0.21508 ,0.51395 
32800000 ,3.87382 ,3.93222 ,0.01417 ,4.59017 ,4.63572 ,0.02703 ,5.47735 ,5.46731 ,0.02766 ,3281,0.04658 ,0.21059 ,0.52845 
32810000 ,3.87382 ,3.91359 ,0.02323 ,4.59017 ,4.63790 ,0.04726 ,5.48286 ,5.58445 ,0.00900 ,3282,0.06318 ,0.21975 ,0.51186 
32820000 ,3.87382 ,3.91684 ,0.02230 ,4.59568 ,4.58799 ,0.05053 ,5.48286 ,5.52340 ,0.04820 ,3283,0.06267 ,0.23074 ,0.52522 
32830000 ,3.87382 ,3.85652 ,0.01724 ,4.59568 ,4.61227 ,0.02379 ,5.48286 ,5.45933 ,0.00672 ,3284,0.06586 ,0.22622 ,0.53592 
32840000 ,3.87933 ,3.90931 ,0.03282 ,4.59568 ,4.56826 ,0.03342 ,5.48837 ,5.54044 ,0.01511 ,3285,0.03366 ,0.23841 ,0.50838 
32850000 ,3.87933 ,3.86005 ,0.04105 ,4.60119 ,4.63369 ,0.06591 ,5.48837 ,5.55250 ,0.05481 ,3286,0.04400 ,0.24291 ,0.52242 
32860000 ,3.87933 ,3.89674 ,0.04229 ,4.60119 ,4.57242 ,0.03715 ,5.49388 ,5.51370 ,0.03846 ,3287,0.04169 ,0.22297 ,0.52399 
32870000 ,3.88484 ,3.94224 ,0.02708 ,4.60119 ,4.56234 ,0.01795 ,5.49388 ,5.54846 ,0.02662 ,3288,0.03421 ,0.23332 ,0.54285 
32880000 ,3.88484 ,3.87657 ,0.05469 ,4.60670 ,4.61808 ,0.02662 ,5.49388 ,5.62067 ,0.05002 ,3289,0.06258 ,0.23714 ,0.51994 
32890000 ,3.89035 ,3.92661 ,0.02786 ,4.60670 ,4.64059 ,0.04094 ,5.49939 ,5.50497 ,0.00772 ,3290,0.05965 ,0.24423 ,0.51097 
32900000 ,3.89035 ,3.91377 ,0.01104 ,4.61221 ,4.66221 ,0.02322 ,5.49939 ,5.55904 ,0.04221 ,3291,0.07182 ,0.23981 ,0.51822 
32910000 ,3.89035 ,3.85553 ,0.01000 ,4.61221 ,4.60979 ,0.00955 ,5.49939 ,5.51748 ,0.03880 ,3292,0.08216 ,0.24278 ,0.52538 
32920000 ,3.89586 ,3.92747 ,0.04820 ,4.61221 ,4.61230 ,0.05048 ,5.50490 ,5.55305 ,0.03870 ,3293,0.05083 ,0.25195 ,0.52650 
32930000 ,3.89586 ,3.94191 ,0.04596 ,4.61772 ,4.62021 ,0.01494 ,5.50490 ,5.48006 ,0.01408 ,3294,0.06743 ,0.23238 ,0.54319 
32940000 ,3.89586 ,3.87354 ,0.01921 ,4.61772 ,4.61721 ,0.03195 ,5.51041 ,5.50418 ,0.05007 ,3295,0.06692 ,0.21686 ,0.54417 
32950000 ,3.90137 ,3.96966 ,0.04465 ,4.62323 ,4.60446 ,0.02855 ,5.51041 ,5.53429 ,0.03043 ,3296,0.07011 ,0.25077 ,0.52200 
32960000 ,3.90137 ,3.91263 ,0.04707 ,4.62323 ,4.68423 ,0.03579 ,5.51041 ,5.50713 ,0.02928 ,3297,0.05501 ,0.24801 ,0.52531 
32970000 ,3.90137 ,3.99032 ,0.06202 ,4.62323 ,4.64063 ,0.03761 ,5.51592 ,5.56773 ,0.02936 ,3298,0.05299 ,0.23698 ,0.52316 
32980000 ,3.90688 ,3.85302 ,0.05272 ,4.62874 ,4.62748 ,0.02717 ,5.51592 ,5.58345 ,0.03879 ,3299,0.06940 ,0.24178 ,0.50668 
32990000 ,3.90688 ,3.93748 ,0.04928 ,4.62874 ,4.67855 ,0.05187 ,5.52143 ,5.67289 ,0.01177 ,3300,0.07148 ,0.23461 ,0.51762 
33000000 ,3.90688 ,3.94801 ,0.03846 ,4.62874 ,4.67611 ,0.02695 ,5.52143 ,5.62288 ,0.03972 ,3301,0.06214 ,0.23824 ,0.51182 
33010000 ,3.91239 ,3.96399 ,0.01271 ,4.63425 ,4.67604 ,0.01905 ,5.52694 ,5.62563 ,0.00355 ,3302,0.06533 ,0.23517 ,0.52156 
33020000 ,3.91239 ,3.99717 ,0.01474 ,4.63425 ,4.69385 ,0.03951 ,5.52694 ,5.64758 ,0.01739 ,3303,0.01916 ,0.23998 ,0.53996 
33030000 ,3.91790 ,3.92878 ,0.02891 ,4.63976 ,4.61496 ,0.02735 ,5.52694 ,5.59152 ,0.04716 ,3304,0.02771 ,0.24373 ,0.54193 
33040000 ,3.91790 ,3.96309 ,0.06251 ,4.63976 ,4.62345 ,0.02332 ,5.53245 ,5.57572 ,0.01964 ,3305,0.03805 ,0.24736 ,0.53160 
33050000 ,3.91790 ,3.99755 ,0.04998 ,4.63976 ,4.63077 ,0.01812 ,5.53245 ,5.63121 ,0.01545 ,3306,0.04084 ,0.22656 ,0.50323 
33060000 ,3.92341 ,3.95049 ,0.02609 ,4.64528 ,4.68440 ,0.02204 ,5.53245 ,5.62207 ,0.01358 ,3307,0.02175 ,0.24241 ,0.50921 
33070000 ,3.92341 ,3.95067 ,0.02947 ,4.64528 ,4.69130 ,0.03235 ,5.53796 ,5.53170 ,0.01465 ,3308,0.03835 ,0.24279 ,0.51720 
33080000 ,3.92341 ,3.94263 ,0.03345 ,4.64528 ,4.62486 ,0.02026 ,5.54347 ,5.59773 ,0.02849 ,3309,0.05636 ,0.23889 ,0.50442 
33090000 ,3.92892 ,3.88672 ,0.04581 ,4.65079 ,4.64000 ,0.03779 ,5.54347 ,5.59117 ,0.05054 ,3310,0.06670 ,0.21620 ,0.51845 
33100000 ,3.92892 ,3.94188 ,0.04962 ,4.65079 ,4.67872 ,0.03182 ,5.54347 ,5.55901 ,0.01146 ,3311,0.03537 ,0.23102 ,0.51158 
33110000 ,3.92892 ,4.02464 ,0.02016 ,4.65079 ,4.67121 ,0.01884 ,5.54898 ,5.59485 ,0.01232 ,3312,0.05197 ,0.22650 ,0.51817 
33120000 ,3.93443 ,3.93477 ,0.02312 ,4.65630 ,4.70006 ,0.04344 ,5.54898 ,5.62425 ,0.03956 ,3313,0.05146 ,0.23244 ,0.53689 
33130000 ,3.93443 ,3.98675 ,0.05585 ,4.65630 ,4.65113 ,0.03221 ,5.54898 ,5.62943 ,0.02551 ,3314,0.05465 ,0.23172 ,0.52742 
33140000 ,3.93994 ,3.95079 ,0.01985 ,4.66181 ,4.68623 ,0.03567 ,5.55449 ,5.70888 ,0.01432 ,3315,0.04453 ,0.22704 ,0.54145 
33150000 ,3.93994 ,3.90858 ,0.02616 ,4.66181 ,4.63752 ,0.01101 ,5.55449 ,5.59183 ,0.02528 ,3316,0.02545 ,0.23621 ,0.54412 
33160000 ,3.93994 ,4.01991 ,0.04186 ,4.66732 ,4.64165 ,0.00488 ,5.56000 ,5.64377 ,0.03427 ,3317,0.04204 ,0.22226 ,0.55413 
33170000 ,3.94545 ,3.96501 ,0.00740 ,4.66732 ,4.74247 ,0.03458 ,5.56000 ,5.63497 ,0.03500 ,3318,0.03966 ,0.21774 ,0.54015 
33180000 ,3.94545 ,4.01813 ,0.01927 ,4.66732 ,4.67094 ,0.02996 ,5.56551 ,5.54861 ,0.01277 ,3319,0.05626 ,0.22994 ,0.52962 
33190000 ,3.94545 ,3.91754 ,0.00958 ,4.67283 ,4.67550 ,0.01076 ,5.56551 ,5.60145 ,0.02039 ,3320,0.05228 ,0.23443 ,0.53622 
33200000 ,3.95096 ,3.94999 ,0.04216 ,4.67283 ,4.66927 ,0.03172 ,5.56551 ,5.64441 ,0.04536 ,3321,0.05579 ,0.21449 ,0.53977 
33210000 ,3.95096 ,3.97786 ,0.04419 ,4.67283 ,4.70490 ,0.05016 ,5.57102 ,5.64035 ,0.03789 ,3322,0.06613 ,0.22485 ,0.52548 
33220000 ,3.95647 ,3.93358 ,0.04834 ,4.67834 ,4.68603 ,0.02495 ,5.57102 ,5.68941 ,0.00717 ,3323,0.03480 ,0.23834 ,0.50516 
33230000 ,3.95647 ,3.96957 ,0.03927 ,4.67834 ,4.71460 ,0.02287 ,5.57653 ,5.58572 ,0.05652 ,3324,0.05139 ,0.23559 ,0.50456 
33240000 ,3.95647 ,3.97898 ,0.01751 ,4.68385 ,4.69266 ,0.03996 ,5.57653 ,5.54472 ,0.04681 ,3325,0.05088 ,0.22455 ,0.50700 
33250000 ,3.96198 ,4.03682 ,0.02804 ,4.68385 ,4.68082 ,0.03214 ,5.58204 ,5.60697 ,0.00405 ,3326,0.05408 ,0.22935 ,0.51454 
33260000 ,3.96198 ,4.05599 ,0.01056 ,4.68385 ,4.68684 ,0.03012 ,5.58204 ,5.64325 ,0.05106 ,3327,0.03206 ,0.22218 ,0.49399 
33270000 ,3.96198 ,3.98622 ,0.02517 ,4.68936 ,4.67882 ,0.02799 ,5.58204 ,5.60982 ,0.01328 ,3328,0.04866 ,0.22581 ,0.50756 
33280000 ,3.96750 ,3.94085 ,0.04988 ,4.68936 ,4.72218 ,0.02460 ,5.58756 ,5.62514 ,0.04340 ,3329,0.04468 ,0.23665 ,0.50568 
33290000 ,3.96750 ,4.01039 ,0.01026 ,4.69487 ,4.64881 ,0.05020 ,5.59307 ,5.62882 ,0.01363 ,3330,0.05263 ,0.23704 ,0.51227 
33300000 ,3.97301 ,4.03567 ,0.00323 ,4.69487 ,4.70266 ,0.03760 ,5.59307 ,5.70869 ,0.02697 ,3331,0.05583 ,0.23313 ,0.52869 
33310000 ,3.97301 ,3.94037 ,0.01070 ,4.69487 ,4.71701 ,0.03048 ,5.59307 ,5.65655 ,0.02186 ,3332,0.05309 ,0.24223 ,0.50556 
33320000 ,3.97301 ,4.01464 ,0.03494 ,4.70038 ,4.70375 ,0.01953 ,5.59858 ,5.59997 ,0.04843 ,3333,0.02463 ,0.24703 ,0.50599 
33330000 ,3.97852 ,3.96326 ,0.05458 ,4.70038 ,4.75621 ,0.01025 ,5.59858 ,5.63418 ,0.00650 ,3334,0.03497 ,0.24732 ,0.50357 
33340000 ,3.97852 ,4.01569 ,0.00880 ,4.70038 ,4.75255 ,0.06434 ,5.60409 ,5.64715 ,0.01968 ,3335,0.03266 ,0.25235 ,0.49067 
33350000 ,3.97852 ,4.03797 ,0.00391 ,4.70589 ,4.73171 ,0.00495 ,5.60409 ,5.67821 ,0.02126 ,3336,0.02518 ,0.24511 ,0.50424 
33360000 ,3.98403 ,3.99949 ,0.05315 ,4.70589 ,4.70294 ,0.03372 ,5.60960 ,5.61437 ,0.00538 ,3337,0.05355 ,0.23879 ,0.49644 
33370000 ,3.98403 ,4.07213 ,0.02029 ,4.71140 ,4.67737 ,0.01455 ,5.60960 ,5.67883 ,0.04017 ,3338,0.05062 ,0.24242 ,0.51048 
33380000 ,3.98954 ,3.95142 ,0.00910 ,4.71140 ,4.75023 ,0.01911 ,5.60960 ,5.58359 ,0.03401 ,3339,0.06279 ,0.22545 ,0.50354 
33390000 ,3.98954 ,3.99007 ,0.01771 ,4.71140 ,4.71490 ,0.01668 ,5.61511 ,5.63917 ,0.03017 ,3340,0.07313 ,0.23253 ,0.51108 
33400000 ,3.98954 ,4.03833 ,0.03351 ,4.71691 ,4.69841 ,0.02830 ,5.61511 ,5.64182 ,0.03975 ,3341,0.04180 ,0.22390 ,0.50219 
33410000 ,3.99505 ,4.01649 ,0.01324 ,4.71691 ,4.73281 ,0.05023 ,5.61511 ,5.65583 ,0.01197 ,3342,0.05840 ,0.22870 ,0.51248 
33420000 ,3.99505 ,3.98626 ,0.01797 ,4.72242 ,4.71830 ,0.00780 ,5.62062 ,5.70086 ,0.04493 ,3343,0.05788 ,0.23246 ,0.50969 
33430000 ,3.99505 ,4.00529 ,0.01980 ,4.72242 ,4.76109 ,0.01607 ,5.62062 ,5.62163 ,0.02660 ,3344,0.06108 ,0.23608 ,0.52264 
33440000 ,4.00056 ,4.00970 ,0.02995 ,4.72242 ,4.71831 ,0.02449 ,5.62613 ,5.69878 ,0.04587 ,3345,0.04598 ,0.24123 ,0.52700 
33450000 ,4.00056 ,4.07099 ,0.03312 ,4.72793 ,4.74761 ,0.03444 ,5.62613 ,5.68445 ,0.01401 ,3346,0.04396 ,0.23491 ,0.51753 
33460000 ,4.00607 ,3.95780 ,0.03054 ,4.72793 ,4.66883 ,0.03831 ,5.63164 ,5.72734 ,0.01530 ,3347,0.06037 ,0.23854 ,0.53157 
33470000 ,4.00607 ,4.00356 ,0.01190 ,4.73344 ,4.73736 ,0.02938 ,5.63164 ,5.75369 ,0.04722 ,3348,0.06245 ,0.22319 ,0.53423 
33480000 ,4.00607 ,4.04963 ,0.02611 ,4.73344 ,4.72821 ,0.01745 ,5.63164 ,5.62965 ,0.02919 ,3349,0.05311 ,0.22616 ,0.54424 
33490000 ,4.01158 ,4.02231 ,0.01697 ,4.73895 ,4.70669 ,0.01995 ,5.63715 ,5.65890 ,0.02744 ,3350,0.05630 ,0.23532 ,0.53026 
33500000 ,4.01158 ,4.08497 ,0.02654 ,4.73895 ,4.74583 ,0.01757 ,5.64266 ,5.71439 ,0.02404 ,3351,0.05877 ,0.23085 ,0.48879 
33510000 ,4.01158 ,4.03384 ,0.03150 ,4.73895 ,4.70814 ,0.00842 ,5.64266 ,5.67027 ,0.04113 ,3352,0.06911 ,0.23013 ,0.49678 
33520000 ,4.01709 ,4.05398 ,0.03524 ,4.74446 ,4.77817 ,0.03699 ,5.64266 ,5.67428 ,0.02941 ,3353,0.03778 ,0.21948 ,0.49178 
33530000 ,4.01709 ,4.02430 ,0.04206 ,4.74446 ,4.76075 ,0.02162 ,5.64817 ,5.72309 ,0.06076 ,3354,0.05437 ,0.23727 ,0.48912 
33540000 ,4.02260 ,3.99366 ,0.00666 ,4.74997 ,4.70640 ,0.03821 ,5.64817 ,5.63330 ,0.03357 ,3355,0.05386 ,0.24663 ,0.49665 
33550000 ,4.02260 ,4.06847 ,0.03359 ,4.74997 ,4.78982 ,0.06078 ,5.65368 ,5.69727 ,0.01967 ,3356,0.05706 ,0.25372 ,0.47610 
33560000 ,4.02811 ,4.02173 ,0.05201 ,4.75549 ,4.79540 ,0.04283 ,5.65368 ,5.64190 ,0.01941 ,3357,0.03504 ,0.24259 ,0.48968 
33570000 ,4.02811 ,4.06547 ,0.04931 ,4.75549 ,4.77968 ,0.03942 ,5.65919 ,5.72798 ,0.03418 ,3358,0.05164 ,0.24866 ,0.48779 
33580000 ,4.02811 ,4.09071 ,0.04798 ,4.75549 ,4.77375 ,0.02706 ,5.65919 ,5.69707 ,0.04893 ,3359,0.04766 ,0.25084 ,0.49439 
33590000 ,4.03362 ,4.07843 ,0.05252 ,4.76100 ,4.78329 ,0.01076 ,5.65919 ,5.66987 ,0.03451 ,3360,0.05561 ,0.23783 ,0.49308 
33600000 ,4.03362 ,4.09365 ,0.03673 ,4.76100 ,4.79995 ,0.01798 ,5.66470 ,5.72829 ,0.05067 ,3361,0.05881 ,0.24471 ,0.50061 
33610000 ,4.03913 ,4.04913 ,0.02731 ,4.76100 ,4.79917 ,0.03337 ,5.66470 ,5.76983 ,0.05983 ,3362,0.05606 ,0.24952 ,0.49172 
33620000 ,4.03913 ,4.04263 ,0.01395 ,4.76651 ,4.75577 ,0.04926 ,5.67021 ,5.72961 ,0.02044 ,3363,0.05816 ,0.25327 ,0.50202 
33630000 ,4.03913 ,4.13026 ,0.02871 ,4.76651 ,4.73311 ,0.03499 ,5.67021 ,5.65240 ,0.02325 ,3364,0.06928 ,0.25690 ,0.49922 
33640000 ,4.04464 ,4.02224 ,0.00124 ,4.77202 ,4.79897 ,0.02468 ,5.67572 ,5.69340 ,0.06592 ,3365,0.05994 ,0.23263 ,0.50924 
33650000 ,4.04464 ,4.02531 ,0.04387 ,4.77202 ,4.80063 ,0.01721 ,5.67572 ,5.69327 ,0.01479 ,3366,0.06313 ,0.23191 ,0.50730 
33660000 ,4.04464 ,4.05948 ,0.03933 ,4.77753 ,4.79899 ,0.02677 ,5.68123 ,5.73187 ,0.04403 ,3367,0.06969 ,0.22574 ,0.51530 
33670000 ,4.05015 ,4.14131 ,0.03354 ,4.77753 ,4.78707 ,0.03608 ,5.68123 ,5.77377 ,0.01135 ,3368,0.07288 ,0.23347 ,0.50976 
33680000 ,4.05015 ,4.08507 ,0.01954 ,4.77753 ,4.84180 ,0.06027 ,5.68123 ,5.79139 ,0.02056 ,3369,0.07014 ,0.24056 ,0.52333 
33690000 ,4.05566 ,4.08714 ,0.01130 ,4.78304 ,4.82807 ,0.05335 ,5.68674 ,5.79329 ,0.02448 ,3370,0.02812 ,0.23192 ,0.51472 
33700000 ,4.05566 ,4.13762 ,0.03348 ,4.78304 ,4.81396 ,0.04965 ,5.69225 ,5.69212 ,0.00576 ,3371,0.02616 ,0.23673 ,0.52502 
33710000 ,4.05566 ,4.09530 ,0.05808 ,4.78855 ,4.73315 ,0.03765 ,5.69225 ,5.68406 ,0.02099 ,3372,0.03010 ,0.24048 ,0.52013 
33720000 ,4.06117 ,4.06417 ,0.01713 ,4.78855 ,4.74748 ,0.06097 ,5.69225 ,5.76147 ,0.03448 ,3373,0.03217 ,0.24411 ,0.53770 
33730000 ,4.06117 ,4.12673 ,0.04938 ,4.79406 ,4.76866 ,0.01797 ,5.69777 ,5.70402 ,0.05538 ,3374,0.03464 ,0.24925 ,0.52169 
33740000 ,4.06668 ,4.12256 ,0.01589 ,4.79406 ,4.83599 ,0.05231 ,5.69777 ,5.71183 ,0.01806 ,3375,0.04694 ,0.24293 ,0.53154 
33750000 ,4.06668 ,4.04549 ,0.04282 ,4.79406 ,4.86196 ,0.05507 ,5.70328 ,5.76341 ,0.01498 ,3376,0.05110 ,0.24656 ,0.52908 
33760000 ,4.07219 ,4.04369 ,0.01073 ,4.79957 ,4.84149 ,0.02991 ,5.70328 ,5.78364 ,0.04310 ,3377,0.04155 ,0.23079 ,0.53245 
33770000 ,4.07219 ,4.20831 ,0.02169 ,4.79957 ,4.77906 ,0.03348 ,5.70879 ,5.71909 ,0.03370 ,3378,0.03171 ,0.23686 ,0.50605 
33780000 ,4.07219 ,4.18926 ,0.02022 ,4.80508 ,4.80217 ,0.01964 ,5.70879 ,5.71206 ,0.03304 ,3379,0.03077 ,0.23904 ,0.52131 
33790000 ,4.07770 ,4.08368 ,0.04338 ,4.80508 ,4.76896 ,0.02468 ,5.71430 ,5.70826 ,0.00814 ,3380,0.04031 ,0.24411 ,0.53116 
33800000 ,4.07770 ,4.11236 ,0.04543 ,4.80508 ,4.84333 ,0.04317 ,5.71430 ,5.74537 ,0.04886 ,3381,0.03932 ,0.24695 ,0.52274 
33810000 ,4.07770 ,4.11435 ,0.03927 ,4.81059 ,4.83937 ,0.02686 ,5.71430 ,5.77676 ,0.03427 ,3382,0.04966 ,0.24299 ,0.52934 
33820000 ,4.08322 ,4.11856 ,0.03091 ,4.81059 ,4.82572 ,0.00394 ,5.71981 ,5.71602 ,0.01268 ,3383,0.05318 ,0.24271 ,0.52770 
33830000 ,4.08322 ,4.11687 ,0.05281 ,4.81610 ,4.84624 ,0.03724 ,5.71981 ,5.73910 ,0.00237 ,3384,0.05565 ,0.25440 ,0.53772 
33840000 ,4.08873 ,4.12397 ,0.00760 ,4.81610 ,4.78634 ,0.02774 ,5.72532 ,5.72314 ,0.06257 ,3385,0.02991 ,0.25737 ,0.53643 
33850000 ,4.08873 ,4.14097 ,0.03665 ,4.82161 ,4.83223 ,0.04030 ,5.72532 ,5.72817 ,0.04583 ,3386,0.04025 ,0.26653 ,0.53980 
33860000 ,4.08873 ,4.11858 ,0.02436 ,4.82161 ,4.88144 ,0.06488 ,5.73083 ,5.81216 ,0.02760 ,3387,0.03841 ,0.26104 ,0.48127 
33870000 ,4.09424 ,4.08172 ,0.05758 ,4.82161 ,4.85590 ,0.05893 ,5.73083 ,5.75342 ,0.03239 ,3388,0.05230 ,0.25296 ,0.49830 
33880000 ,4.09424 ,4.16675 ,0.01716 ,4.82712 ,4.80253 ,0.03155 ,5.73634 ,5.74058 ,0.01147 ,3389,0.03793 ,0.26331 ,0.49948 
33890000 ,4.09424 ,4.10612 ,0.01684 ,4.82712 ,4.80331 ,0.04107 ,5.73634 ,5.79953 ,0.02996 ,3390,0.05697 ,0.23849 ,0.49608 
33900000 ,4.09975 ,4.09204 ,0.02646 ,4.83263 ,4.82948 ,0.01052 ,5.74185 ,5.79409 ,0.01102 ,3391,0.06114 ,0.25287 ,0.51133 
33910000 ,4.10526 ,4.10674 ,0.03977 ,4.83263 ,4.82762 ,0.00331 ,5.74185 ,5.80353 ,0.03356 ,3392,0.04840 ,0.24478 ,0.52118 
33920000 ,4.10526 ,4.08471 ,0.06773 ,4.83814 ,4.83789 ,0.01784 ,5.74736 ,5.84384 ,0.05124 ,3393,0.05087 ,0.25514 ,0.49068 
33930000 ,4.10526 ,4.04833 ,0.02244 ,4.83814 ,4.78849 ,0.04332 ,5.74736 ,5.79693 ,0.00903 ,3394,0.03582 ,0.24959 ,0.49134 
33940000 ,4.11077 ,4.19056 ,0.05095 ,4.83814 ,4.89480 ,0.01573 ,5.74736 ,5.76228 ,0.00433 ,3395,0.02345 ,0.25068 ,0.49794 
33950000 ,4.11077 ,4.12406 ,0.05698 ,4.84365 ,4.85751 ,0.03230 ,5.75287 ,5.80636 ,0.05790 ,3396,0.03300 ,0.26104 ,0.49968 
33960000 ,4.11628 ,4.12241 ,0.01889 ,4.84365 ,4.85366 ,0.04446 ,5.75838 ,5.77096 ,0.03539 ,3397,0.03200 ,0.23838 ,0.49021 
33970000 ,4.11628 ,4.17415 ,0.00246 ,4.84916 ,4.85968 ,0.03645 ,5.75838 ,5.86435 ,0.01142 ,3398,0.04235 ,0.24135 ,0.50425 
33980000 ,4.11628 ,4.17258 ,0.03944 ,4.84916 ,4.85210 ,0.03020 ,5.76389 ,5.84321 ,0.08485 ,3399,0.04587 ,0.25051 ,0.50691 
33990000 ,4.12179 ,4.10193 ,0.00129 ,4.85467 ,4.80399 ,0.01731 ,5.76389 ,5.81877 ,0.01699 ,3400,0.04833 ,0.20790 ,0.51692 
34000000 ,4.12179 ,4.15509 ,0.06293 ,4.85467 ,4.88045 ,0.05177 ,5.76389 ,5.77675 ,0.02310 ,3401,0.02737 ,0.20641 ,0.50294 
34010000 ,4.12179 ,4.13326 ,0.04281 ,4.85467 ,4.82564 ,0.02541 ,5.76940 ,5.80236 ,0.01119 ,3402,0.03692 ,0.22135 ,0.51172 
34020000 ,4.12730 ,4.19340 ,0.01981 ,4.86018 ,4.89615 ,0.03165 ,5.76940 ,5.76572 ,0.02984 ,3403,0.01052 ,0.21996 ,0.51832 
34030000 ,4.12730 ,4.14275 ,0.03008 ,4.86018 ,4.83436 ,0.01424 ,5.77491 ,5.79383 ,0.01676 ,3404,0.03144 ,0.20816 ,0.51669 
34040000 ,4.13281 ,4.20014 ,0.05049 ,4.86569 ,4.88651 ,0.03887 ,5.77491 ,5.76782 ,0.01228 ,3405,0.03491 ,0.21525 ,0.52670 
34050000 ,4.13281 ,4.17230 ,0.03838 ,4.86569 ,4.87510 ,0.04531 ,5.78042 ,5.76671 ,0.03052 ,3406,0.04521 ,0.21825 ,0.52541 
34060000 ,4.13832 ,4.12381 ,0.03293 ,4.87120 ,4.89686 ,0.03273 ,5.78042 ,5.87634 ,0.03322 ,3407,0.03682 ,0.21686 ,0.52878 
34070000 ,4.13832 ,4.14530 ,0.02480 ,4.87120 ,4.86412 ,0.03097 ,5.78593 ,5.78635 ,0.04456 ,3408,0.04716 ,0.20554 ,0.51613 
34080000 ,4.14383 ,4.16325 ,0.03041 ,4.87120 ,4.96989 ,0.03494 ,5.78593 ,5.88949 ,0.01196 ,3409,0.01446 ,0.22782 ,0.53135 
34090000 ,4.14383 ,4.18845 ,0.02042 ,4.87671 ,4.85299 ,0.04661 ,5.79144 ,5.80109 ,0.04686 ,3410,0.03539 ,0.21012 ,0.53332 
34100000 ,4.14383 ,4.18874 ,0.02878 ,4.87671 ,4.97322 ,0.02193 ,5.79144 ,5.85574 ,0.03965 ,3411,0.03729 ,0.22164 ,0.51398 
34110000 ,4.14934 ,4.19044 ,0.02885 ,4.88222 ,4.87213 ,0.01162 ,5.79695 ,5.80514 ,0.01157 ,3412,0.04688 ,0.21242 ,0.51442 
34120000 ,4.14934 ,4.21834 ,0.03791 ,4.88773 ,4.83464 ,0.03339 ,5.79695 ,5.91403 ,0.01146 ,3413,0.05597 ,0.20790 ,0.51200 
34130000 ,4.15485 ,4.12260 ,0.03385 ,4.88773 ,4.88421 ,0.01616 ,5.80246 ,5.82188 ,0.02960 ,3414,0.05844 ,0.20306 ,0.49910 
34140000 ,4.15485 ,4.21874 ,0.05047 ,4.88773 ,4.90316 ,0.00776 ,5.80246 ,5.83228 ,0.02319 ,3415,0.04501 ,0.20947 ,0.51267 
34150000 ,4.16036 ,4.20557 ,0.02356 ,4.89324 ,4.88905 ,0.04336 ,5.80797 ,5.97003 ,0.04930 ,3416,0.05531 ,0.22099 ,0.50487 
34160000 ,4.16036 ,4.19593 ,0.02404 ,4.89324 ,4.86424 ,0.02367 ,5.80797 ,5.85217 ,0.02873 ,3417,0.03920 ,0.19848 ,0.51891 
34170000 ,4.16036 ,4.23828 ,0.02971 ,4.89875 ,4.89570 ,0.04321 ,5.81348 ,5.82817 ,0.01965 ,3418,0.04879 ,0.20781 ,0.51197 
34180000 ,4.16587 ,4.24187 ,0.00862 ,4.89875 ,4.82162 ,0.02392 ,5.81348 ,5.84250 ,0.02445 ,3419,0.05189 ,0.20848 ,0.51951 
34190000 ,4.16587 ,4.23522 ,0.03989 ,4.90426 ,4.90429 ,0.00831 ,5.81348 ,5.88122 ,0.02711 ,3420,0.05605 ,0.20987 ,0.51062 
34200000 ,4.17138 ,4.18943 ,0.00721 ,4.90426 ,4.90751 ,0.02086 ,5.81899 ,5.86372 ,0.01904 ,3421,0.04651 ,0.22707 ,0.52091 
34210000 ,4.17138 ,4.13646 ,0.04272 ,4.90978 ,4.93253 ,0.03065 ,5.82450 ,5.95834 ,0.01124 ,3422,0.04206 ,0.22568 ,0.51812 
34220000 ,4.17138 ,4.18033 ,0.04888 ,4.90978 ,4.98233 ,0.06402 ,5.82450 ,5.89818 ,0.03900 ,3423,0.03113 ,0.21903 ,0.53107 
34230000 ,4.17689 ,4.23124 ,0.04753 ,4.91529 ,4.98128 ,0.04676 ,5.83001 ,5.88188 ,0.01092 ,3424,0.04148 ,0.21831 ,0.53543 
34240000 ,4.17689 ,4.23221 ,0.03800 ,4.91529 ,4.89536 ,0.02319 ,5.83001 ,5.87918 ,0.03913 ,3425,0.03963 ,0.22832 ,0.52596 
34250000 ,4.18240 ,4.23184 ,0.04305 ,4.91529 ,4.89383 ,0.04114 ,5.83001 ,5.84611 ,0.00488 ,3426,0.05352 ,0.22562 ,0.54000 
34260000 ,4.18240 ,4.20753 ,0.03510 ,4.92080 ,4.88179 ,0.04332 ,5.83552 ,5.88485 ,0.02339 ,3427,0.03916 ,0.22121 ,0.54266 
34270000 ,4.18791 ,4.18441 ,0.04117 ,4.92080 ,4.95433 ,0.05332 ,5.84103 ,5.94433 ,0.02966 ,3428,0.04990 ,0.22998 ,0.55267 
34280000 ,4.18791 ,4.22652 ,0.00357 ,4.92631 ,4.94667 ,0.05675 ,5.84103 ,5.93572 ,0.01552 ,3429,0.06024 ,0.22546 ,0.53869 
34290000 ,4.19342 ,4.26665 ,0.01713 ,4.92631 ,4.91099 ,0.03139 ,5.84103 ,5.91927 ,0.05649 ,3430,0.02753 ,0.23473 ,0.50051 
34300000 ,4.19342 ,4.17780 ,0.05349 ,4.93182 ,4.95502 ,0.02048 ,5.84655 ,5.84106 ,0.02263 ,3431,0.04846 ,0.23204 ,0.49809 
34310000 ,4.19342 ,4.23291 ,0.03676 ,4.93182 ,4.91181 ,0.02831 ,5.85206 ,5.85967 ,0.02103 ,3432,0.05036 ,0.22080 ,0.50695 
34320000 ,4.19893 ,4.22165 ,0.05580 ,4.93733 ,4.96731 ,0.00424 ,5.85206 ,5.88279 ,0.04658 ,3433,0.05995 ,0.23621 ,0.51987 
34330000 ,4.19893 ,4.24290 ,0.02687 ,4.93733 ,4.97525 ,0.00954 ,5.85757 ,5.88300 ,0.00369 ,3434,0.06491 ,0.24664 ,0.50432 
34340000 ,4.20444 ,4.22896 ,0.02462 ,4.93733 ,4.95518 ,0.04679 ,5.85757 ,5.86681 ,0.01932 ,3435,0.06908 ,0.24803 ,0.51291 
34350000 ,4.20444 ,4.26919 ,0.04847 ,4.94284 ,5.01715 ,0.03187 ,5.86308 ,5.86785 ,0.00667 ,3436,0.03510 ,0.18650 ,0.50690 
34360000 ,4.20444 ,4.29780 ,0.04109 ,4.94284 ,4.92640 ,0.01085 ,5.86308 ,5.88445 ,0.01439 ,3437,0.03560 ,0.19583 ,0.51101 
34370000 ,4.20995 ,4.22410 ,0.02665 ,4.94835 ,4.96697 ,0.04028 ,5.86859 ,5.95790 ,0.05690 ,3438,0.04863 ,0.19788 ,0.50772 
34380000 ,4.20995 ,4.24031 ,0.04719 ,4.94835 ,4.99410 ,0.03096 ,5.86859 ,5.90544 ,0.04726 ,3439,0.04301 ,0.23165 ,0.51896 
34390000 ,4.21546 ,4.29543 ,0.01816 ,4.95386 ,4.94606 ,0.04308 ,5.87410 ,5.88795 ,0.01206 ,3440,0.06525 ,0.20887 ,0.51262 
34400000 ,4.21546 ,4.25587 ,0.02135 ,4.95386 ,4.99073 ,0.01737 ,5.87410 ,5.88307 ,0.02609 ,3441,0.06044 ,0.20748 ,0.51473 
34410000 ,4.22097 ,4.29380 ,0.01233 ,4.95937 ,4.93194 ,0.01444 ,5.87961 ,5.97270 ,0.03774 ,3442,0.07433 ,0.19713 ,0.53229 
34420000 ,4.22097 ,4.26359 ,0.05551 ,4.95937 ,4.99344 ,0.03461 ,5.87961 ,6.00611 ,0.02676 ,3443,0.04977 ,0.19261 ,0.51813 
34430000 ,4.22648 ,4.25990 ,0.05037 ,4.96488 ,4.96664 ,0.04226 ,5.88512 ,5.85558 ,0.03722 ,3444,0.04415 ,0.19568 ,0.52612 
34440000 ,4.22648 ,4.24999 ,0.02790 ,4.96488 ,5.03767 ,0.06465 ,5.88512 ,5.90942 ,0.03719 ,3445,0.06061 ,0.19172 ,0.53584 
34450000 ,4.23200 ,4.23515 ,0.03835 ,4.97039 ,4.99316 ,0.01807 ,5.89063 ,5.91832 ,0.04288 ,3446,0.04938 ,0.22906 ,0.53095 
34460000 ,4.23200 ,4.21485 ,0.00290 ,4.97039 ,5.00736 ,0.01852 ,5.89063 ,5.92177 ,0.01319 ,3447,0.04816 ,0.22454 ,0.54852 
34470000 ,4.23751 ,4.23828 ,0.02881 ,4.97590 ,4.97110 ,0.03303 ,5.89614 ,6.05346 ,0.03053 ,3448,0.05775 ,0.22348 ,0.53251 
34480000 ,4.23751 ,4.26620 ,0.05033 ,4.97590 ,4.99339 ,0.03901 ,5.89614 ,5.92240 ,0.01079 ,3449,0.03585 ,0.21952 ,0.54236 
34490000 ,4.23751 ,4.28091 ,0.02123 ,4.97590 ,4.93057 ,0.02904 ,5.90165 ,5.92017 ,0.01403 ,3450,0.06147 ,0.20415 ,0.54390 
34500000 ,4.24302 ,4.31036 ,0.03499 ,4.98141 ,4.97103 ,0.00564 ,5.90165 ,5.94552 ,0.02755 ,3451,0.06563 ,0.20579 ,0.53718 
34510000 ,4.24302 ,4.32565 ,0.02518 ,4.98141 ,5.04919 ,0.06060 ,5.90716 ,5.93868 ,0.03363 ,3452,0.04152 ,0.21456 ,0.54334 
34520000 ,4.24853 ,4.35779 ,0.01316 ,4.98692 ,5.04166 ,0.04968 ,5.90716 ,5.95861 ,0.02549 ,3453,0.05541 ,0.21004 ,0.51907 
34530000 ,4.24853 ,4.30598 ,0.02531 ,4.98692 ,4.99887 ,0.05788 ,5.91267 ,5.97377 ,0.04838 ,3454,0.04585 ,0.21931 ,0.51899 
34540000 ,4.25404 ,4.29721 ,0.02680 ,4.99243 ,4.97450 ,0.04796 ,5.91267 ,6.00232 ,0.04116 ,3455,0.05615 ,0.21662 ,0.52352 
34550000 ,4.25404 ,4.28666 ,0.01028 ,4.99794 ,4.95693 ,0.05150 ,5.91818 ,5.94999 ,0.01262 ,3456,0.06945 ,0.20538 ,0.53410 
34560000 ,4.25955 ,4.25258 ,0.04837 ,4.99794 ,5.03183 ,0.02185 ,5.92369 ,5.93216 ,0.02176 ,3457,0.06464 ,0.22066 ,0.53793 
34570000 ,4.25955 ,4.23169 ,0.04072 ,4.99794 ,5.00287 ,0.04286 ,5.92369 ,5.99472 ,0.03551 ,3458,0.07853 ,0.21670 ,0.54862 
34580000 ,4.25955 ,4.35701 ,0.02350 ,5.00345 ,4.97903 ,0.01962 ,5.92369 ,6.00835 ,0.05889 ,3459,0.05397 ,0.22745 ,0.49485 
34590000 ,4.26506 ,4.30696 ,0.01978 ,5.00345 ,5.01695 ,0.01870 ,5.92920 ,6.02429 ,0.02928 ,3460,0.04835 ,0.22866 ,0.50285 
34600000 ,4.27057 ,4.33138 ,0.00415 ,5.00896 ,5.06911 ,0.03250 ,5.92920 ,5.96180 ,0.01430 ,3461,0.06482 ,0.23910 ,0.49007 
34610000 ,4.27057 ,4.29955 ,0.01983 ,5.00896 ,5.04935 ,0.01285 ,5.93471 ,5.98628 ,0.01653 ,3462,0.05331 ,0.24048 ,0.50410 
34620000 ,4.27057 ,4.29123 ,0.04746 ,5.01447 ,5.02406 ,0.03098 ,5.94022 ,6.00144 ,0.03578 ,3463,0.06361 ,0.23457 ,0.49722 
34630000 ,4.27608 ,4.30938 ,0.01854 ,5.01447 ,5.01885 ,0.05472 ,5.94022 ,5.99597 ,0.00932 ,3464,0.04912 ,0.22682 ,0.50382 
34640000 ,4.27608 ,4.35895 ,0.01704 ,5.01999 ,5.07460 ,0.06091 ,5.94573 ,5.95990 ,0.02378 ,3465,0.05319 ,0.22542 ,0.50633 
34650000 ,4.28159 ,4.31177 ,0.02251 ,5.01999 ,5.02657 ,0.01638 ,5.94573 ,6.01003 ,0.01368 ,3466,0.05566 ,0.21411 ,0.50751 
34660000 ,4.28159 ,4.34372 ,0.01049 ,5.02550 ,4.96941 ,0.06081 ,5.95124 ,5.97490 ,0.05700 ,3467,0.04061 ,0.21731 ,0.49930 
34670000 ,4.28710 ,4.35640 ,0.03025 ,5.02550 ,5.05204 ,0.05649 ,5.95124 ,5.93324 ,0.02977 ,3468,0.06935 ,0.21279 ,0.50729 
34680000 ,4.28710 ,4.30745 ,0.02226 ,5.03101 ,5.03441 ,0.02344 ,5.95675 ,5.96925 ,0.03491 ,3469,0.07181 ,0.21190 ,0.51533 
34690000 ,4.29261 ,4.31700 ,0.02408 ,5.03101 ,5.07488 ,0.05496 ,5.95675 ,6.04764 ,0.02320 ,3470,0.05839 ,0.22603 ,0.51701 
34700000 ,4.29261 ,4.31050 ,0.04869 ,5.03652 ,5.03798 ,0.02435 ,5.96227 ,5.94879 ,0.00989 ,3471,0.06869 ,0.21899 ,0.51213 
34710000 ,4.29261 ,4.32152 ,0.02301 ,5.03652 ,5.08084 ,0.05554 ,5.96227 ,6.03173 ,0.02384 ,3472,0.05257 ,0.21614 ,0.52969 
34720000 ,4.29812 ,4.34812 ,0.02468 ,5.04203 ,5.05355 ,0.05107 ,5.96778 ,6.00381 ,0.03439 ,3473,0.06216 ,0.21475 ,0.51368 
34730000 ,4.30363 ,4.32698 ,0.02175 ,5.04203 ,5.12061 ,0.07405 ,5.97329 ,5.97815 ,0.03246 ,3474,0.05483 ,0.20344 ,0.52353 
34740000 ,4.30363 ,4.39960 ,0.02169 ,5.04754 ,5.06166 ,0.02279 ,5.97329 ,5.99969 ,0.00978 ,3475,0.05360 ,0.21458 ,0.52445 
34750000 ,4.30363 ,4.37600 ,0.02699 ,5.04754 ,5.03592 ,0.01928 ,5.97880 ,6.00257 ,0.04923 ,3476,0.06319 ,0.22471 ,0.50630 
34760000 ,4.30914 ,4.33543 ,0.04177 ,5.05305 ,5.04239 ,0.01218 ,5.97880 ,6.06037 ,0.03655 ,3477,0.04083 ,0.19658 ,0.52033 
34770000 ,4.30914 ,4.37791 ,0.02292 ,5.05305 ,5.06112 ,0.04854 ,5.98431 ,6.08844 ,0.02248 ,3478,0.04500 ,0.20591 ,0.52191 
34780000 ,4.31465 ,4.33879 ,0.05750 ,5.05856 ,5.04577 ,0.03835 ,5.98431 ,6.06610 ,0.04395 ,3479,0.03545 ,0.19968 ,0.53947 
34790000 ,4.31465 ,4.31794 ,0.02052 ,5.05856 ,5.11517 ,0.04763 ,5.98982 ,6.03568 ,0.00940 ,3480,0.02560 ,0.19572 ,0.53252 
34800000 ,4.32016 ,4.42607 ,0.03129 ,5.06407 ,5.04621 ,0.01696 ,5.98982 ,5.99065 ,0.00760 ,3481,0.03282 ,0.20504 ,0.54077 
34810000 ,4.32016 ,4.36743 ,0.03554 ,5.06407 ,5.11848 ,0.06876 ,5.99533 ,6.17319 ,0.01771 ,3482,0.04237 ,0.21517 ,0.51136 
34820000 ,4.32567 ,4.34592 ,0.04848 ,5.06958 ,5.04776 ,0.01650 ,5.99533 ,6.01309 ,0.04768 ,3483,0.04703 ,0.19607 ,0.51796 
34830000 ,4.32567 ,4.39370 ,0.03626 ,5.06958 ,5.17940 ,0.03645 ,6.00084 ,6.04235 ,0.02335 ,3484,0.02700 ,0.20605 ,0.52687 
34840000 ,4.33118 ,4.36205 ,0.04168 ,5.07509 ,5.11511 ,0.06224 ,6.00635 ,6.06699 ,0.04410 ,3485,0.03654 ,0.20463 ,0.53672 
34850000 ,4.33669 ,4.37497 ,0.05807 ,5.07509 ,5.03958 ,0.02920 ,6.00635 ,6.05022 ,0.01503 ,3486,0.01014 ,0.20194 ,0.53447 
34860000 ,4.33669 ,4.40830 ,0.03537 ,5.08060 ,5.08401 ,0.00629 ,6.01186 ,6.10285 ,0.03027 ,3487,0.03453 ,0.23143 ,0.54273 
34870000 ,4.33669 ,4.35683 ,0.05159 ,5.08060 ,5.09500 ,0.04621 ,6.01186 ,5.98012 ,0.01589 ,3488,0.04483 ,0.23003 ,0.50805 
34880000 ,4.34221 ,4.38728 ,0.03164 ,5.08611 ,5.11710 ,0.01964 ,6.01737 ,6.16517 ,0.01335 ,3489,0.04714 ,0.21130 ,0.51082 
34890000 ,4.34221 ,4.37072 ,0.03898 ,5.08611 ,5.09329 ,0.03748 ,6.01737 ,6.07382 ,0.03809 ,3490,0.03242 ,0.22064 ,0.49321 
34900000 ,4.34221 ,4.38771 ,0.01765 ,5.09162 ,5.17288 ,0.03034 ,6.02288 ,6.02633 ,0.03366 ,3491,0.04272 ,0.21861 ,0.50724 
34910000 ,4.34772 ,4.35222 ,0.03859 ,5.09162 ,5.09972 ,0.02624 ,6.02839 ,6.00086 ,0.02530 ,3492,0.02568 ,0.22858 ,0.49957 
34920000 ,4.35323 ,4.42529 ,0.02986 ,5.09713 ,5.10425 ,0.03307 ,6.02839 ,6.03164 ,0.04820 ,3493,0.03522 ,0.22971 ,0.51333 
34930000 ,4.35323 ,4.42404 ,0.03311 ,5.09713 ,5.14454 ,0.06877 ,6.03390 ,6.10756 ,0.03974 ,3494,0.03989 ,0.21388 ,0.51090 
34940000 ,4.35874 ,4.38460 ,0.02556 ,5.10264 ,5.20657 ,0.03096 ,6.03390 ,6.05778 ,0.03603 ,3495,0.01936 ,0.21419 ,0.51428 
34950000 ,4.35874 ,4.42873 ,0.01488 ,5.10815 ,5.13061 ,0.04010 ,6.03941 ,6.00251 ,0.02807 ,3496,0.02788 ,0.22336 ,0.54247 
34960000 ,4.36424 ,4.44816 ,0.00889 ,5.10815 ,5.06924 ,0.04323 ,6.04492 ,6.17106 ,0.03924 ,3497,0.03743 ,0.23183 ,0.52503 
34970000 ,4.36424 ,4.41636 ,0.04728 ,5.11366 ,5.11609 ,0.03273 ,6.04492 ,6.08362 ,0.01649 ,3498,0.01825 ,0.22919 ,0.51829 
34980000 ,4.36975 ,4.40173 ,0.03239 ,5.11366 ,5.14716 ,0.02929 ,6.05043 ,6.11888 ,0.01209 ,3499,0.02677 ,0.22743 ,0.52122 
34990000 ,4.36975 ,4.36675 ,0.02695 ,5.11366 ,5.18608 ,0.02185 ,6.05043 ,6.07818 ,0.00311 ,3500,0.02525 ,0.22347 ,0.51866 
35000000 ,4.37526 ,4.45942 ,0.00854 ,5.11917 ,5.08792 ,0.01729 ,6.05594 ,6.08437 ,0.03216 ,3501,0.04714 ,0.23839 ,0.51858 
35010000 ,4.37526 ,4.40351 ,0.01652 ,5.12468 ,5.11251 ,0.02168 ,6.05594 ,6.08362 ,0.03039 ,3502,0.05387 ,0.23570 ,0.52310 
35020000 ,4.38078 ,4.33151 ,0.03950 ,5.12468 ,5.14737 ,0.01748 ,6.06145 ,6.05365 ,0.02938 ,3503,0.04906 ,0.22944 ,0.53368 
35030000 ,4.38078 ,4.33648 ,0.02993 ,5.13019 ,5.15244 ,0.03805 ,6.06145 ,6.03515 ,0.03076 ,3504,0.06295 ,0.23860 ,0.53752 
35040000 ,4.38629 ,4.38422 ,0.04713 ,5.13019 ,5.11345 ,0.01634 ,6.06696 ,6.19466 ,0.02463 ,3505,0.03839 ,0.21332 ,0.54821 
35050000 ,4.38629 ,4.45427 ,0.04227 ,5.13570 ,5.11481 ,0.04349 ,6.07247 ,6.07005 ,0.04373 ,3506,0.03277 ,0.21192 ,0.51981 
35060000 ,4.39180 ,4.42942 ,0.01001 ,5.13570 ,5.15159 ,0.05127 ,6.07247 ,6.13879 ,0.01738 ,3507,0.04924 ,0.20158 ,0.50562 
35070000 ,4.39180 ,4.45094 ,0.04681 ,5.14121 ,5.13633 ,0.05692 ,6.07798 ,6.10148 ,0.02550 ,3508,0.04780 ,0.19706 ,0.51159 
35080000 ,4.39731 ,4.35661 ,0.02731 ,5.14121 ,5.07139 ,0.05408 ,6.07798 ,6.07075 ,0.01369 ,3509,0.05197 ,0.20012 ,0.51959 
35090000 ,4.39731 ,4.43496 ,0.05040 ,5.14672 ,5.12205 ,0.05668 ,6.08349 ,6.07708 ,0.04552 ,3510,0.04242 ,0.19616 ,0.50681 
35100000 ,4.40282 ,4.48069 ,0.03102 ,5.15223 ,5.12103 ,0.02000 ,6.08349 ,6.18651 ,0.03073 ,3511,0.02948 ,0.23224 ,0.52084 
35110000 ,4.40282 ,4.43749 ,0.02323 ,5.15223 ,5.15865 ,0.03231 ,6.08900 ,6.19515 ,0.01559 ,3512,0.03902 ,0.22828 ,0.51396 
35120000 ,4.40833 ,4.46790 ,0.04185 ,5.15774 ,5.19838 ,0.02672 ,6.09451 ,6.12926 ,0.03719 ,3513,0.01262 ,0.22838 ,0.52056 
35130000 ,4.40833 ,4.48896 ,0.04287 ,5.15774 ,5.18519 ,0.02754 ,6.09451 ,6.18420 ,0.02883 ,3514,0.03355 ,0.22991 ,0.53927 
35140000 ,4.41384 ,4.36458 ,0.04179 ,5.16325 ,5.18186 ,0.03128 ,6.10002 ,6.19379 ,0.03764 ,3515,0.03701 ,0.21835 ,0.52981 
35150000 ,4.41384 ,4.44422 ,0.01100 ,5.16325 ,5.20270 ,0.04297 ,6.10002 ,6.16879 ,0.05048 ,3516,0.04731 ,0.21528 ,0.54384 
35160000 ,4.41935 ,4.45577 ,0.02110 ,5.16876 ,5.14191 ,0.04768 ,6.10553 ,6.09216 ,0.01995 ,3517,0.03657 ,0.21132 ,0.54650 
35170000 ,4.41935 ,4.43612 ,0.01632 ,5.16876 ,5.20101 ,0.01004 ,6.11105 ,6.23640 ,0.08549 ,3518,0.04611 ,0.21819 ,0.55651 
35180000 ,4.42486 ,4.43226 ,0.03911 ,5.17428 ,5.15498 ,0.03224 ,6.11105 ,6.15077 ,0.04371 ,3519,0.02694 ,0.21676 ,0.54254 
35190000 ,4.42486 ,4.38322 ,0.05611 ,5.17428 ,5.23450 ,0.04891 ,6.11656 ,6.17363 ,0.03558 ,3520,0.03546 ,0.22849 ,0.53201 
35200000 ,4.43037 ,4.48949 ,0.04223 ,5.17979 ,5.13137 ,0.04926 ,6.12207 ,6.12689 ,0.05000 ,3521,0.07646 ,0.22584 ,0.53860 
35210000 ,4.43037 ,4.50910 ,0.03566 ,5.17979 ,5.18259 ,0.01291 ,6.12207 ,6.28107 ,0.01564 ,3522,0.08063 ,0.23019 ,0.54216 
35220000 ,4.43588 ,4.48706 ,0.02861 ,5.18530 ,5.16932 ,0.01812 ,6.12758 ,6.16755 ,0.02941 ,3523,0.04623 ,0.22947 ,0.50227 
35230000 ,4.43588 ,4.47817 ,0.03952 ,5.19081 ,5.22944 ,0.02313 ,6.12758 ,6.14716 ,0.00742 ,3524,0.06716 ,0.22330 ,0.51930 
35240000 ,4.44139 ,4.45861 ,0.02880 ,5.19081 ,5.21155 ,0.01506 ,6.13309 ,6.24062 ,0.02858 ,3525,0.05006 ,0.23906 ,0.51707 
35250000 ,4.44139 ,4.50044 ,0.04646 ,5.19632 ,5.21698 ,0.05719 ,6.13860 ,6.13173 ,0.03658 ,3526,0.05858 ,0.23510 ,0.53232 
35260000 ,4.44690 ,4.52162 ,0.02774 ,5.19632 ,5.24402 ,0.04882 ,6.13860 ,6.18297 ,0.01668 ,3527,0.04780 ,0.23520 ,0.54217 
35270000 ,4.45241 ,4.50813 ,0.02759 ,5.20183 ,5.24751 ,0.05320 ,6.14411 ,6.24698 ,0.04390 ,3528,0.05475 ,0.23673 ,0.50628 
35280000 ,4.45241 ,4.50842 ,0.03557 ,5.20183 ,5.23951 ,0.01439 ,6.14411 ,6.19260 ,0.01899 ,3529,0.05610 ,0.22470 ,0.51428 
35290000 ,4.45241 ,4.43385 ,0.02738 ,5.20734 ,5.20594 ,0.01909 ,6.14962 ,6.13541 ,0.01811 ,3530,0.05513 ,0.22074 ,0.50150 
35300000 ,4.45792 ,4.53760 ,0.03781 ,5.21285 ,5.23003 ,0.04362 ,6.15513 ,6.20119 ,0.02035 ,3531,0.06762 ,0.23566 ,0.51553 
35310000 ,4.45792 ,4.54028 ,0.02278 ,5.21285 ,5.16186 ,0.04428 ,6.15513 ,6.16304 ,0.05274 ,3532,0.04694 ,0.23297 ,0.50865 
35320000 ,4.46343 ,4.52407 ,0.04710 ,5.21836 ,5.25060 ,0.03036 ,6.16064 ,6.25628 ,0.04083 ,3533,0.05878 ,0.22670 ,0.51525 
35330000 ,4.46894 ,4.49535 ,0.04884 ,5.21836 ,5.28734 ,0.07419 ,6.16064 ,6.23629 ,0.02548 ,3534,0.03943 ,0.23587 ,0.51776 
35340000 ,4.46894 ,4.46036 ,0.03750 ,5.22387 ,5.22094 ,0.06217 ,6.16615 ,6.20361 ,0.04057 ,3535,0.05970 ,0.20876 ,0.51894 
35350000 ,4.47445 ,4.47498 ,0.04221 ,5.22387 ,5.24622 ,0.03883 ,6.17166 ,6.22513 ,0.04039 ,3536,0.07000 ,0.20631 ,0.51073 
35360000 ,4.47445 ,4.45406 ,0.03659 ,5.22938 ,5.27117 ,0.03136 ,6.17166 ,6.17980 ,0.03495 ,3537,0.05682 ,0.20826 ,0.51872 
35370000 ,4.47996 ,4.57023 ,0.03736 ,5.23489 ,5.27206 ,0.01531 ,6.17717 ,6.23193 ,0.04368 ,3538,0.05120 ,0.20596 ,0.52676 
35380000 ,4.47996 ,4.58723 ,0.00618 ,5.23489 ,5.26504 ,0.01651 ,6.18268 ,6.19011 ,0.04642 ,3539,0.05380 ,0.22014 ,0.52844 
35390000 ,4.48547 ,4.57111 ,0.03426 ,5.24040 ,5.27273 ,0.03787 ,6.18268 ,6.24258 ,0.01329 ,3540,0.03312 ,0.21874 ,0.52356 
35400000 ,4.49098 ,4.57173 ,0.01893 ,5.24040 ,5.30560 ,0.04557 ,6.18819 ,6.28978 ,0.04210 ,3541,0.03527 ,0.20743 ,0.54112 
35410000 ,4.49098 ,4.48199 ,0.04051 ,5.24591 ,5.26274 ,0.01385 ,6.18819 ,6.15711 ,0.00877 ,3542,0.04039 ,0.22970 ,0.52511 
35420000 ,4.49098 ,4.58980 ,0.01810 ,5.24591 ,5.25612 ,0.04453 ,6.19370 ,6.20195 ,0.01035 ,3543,0.06228 ,0.21201 ,0.53496 
35430000 ,4.49650 ,4.47360 ,0.05004 ,5.25142 ,5.25938 ,0.02246 ,6.19921 ,6.24414 ,0.01063 ,3544,0.06858 ,0.22353 ,0.53588 
35440000 ,4.50201 ,4.58081 ,0.03868 ,5.25693 ,5.26196 ,0.02270 ,6.19921 ,6.27953 ,0.02899 ,3545,0.04923 ,0.21431 ,0.51773 
35450000 ,4.50201 ,4.49279 ,0.02857 ,5.25693 ,5.22675 ,0.06158 ,6.20472 ,6.24594 ,0.01861 ,3546,0.06810 ,0.20979 ,0.53176 
35460000 ,4.50752 ,4.55417 ,0.03323 ,5.26244 ,5.28854 ,0.01725 ,6.21023 ,6.35487 ,0.03369 ,3547,0.05834 ,0.20495 ,0.53334 
35470000 ,4.50752 ,4.45032 ,0.03906 ,5.26244 ,5.26500 ,0.05093 ,6.21023 ,6.24006 ,0.02155 ,3548,0.05353 ,0.21136 ,0.55090 
35480000 ,4.51303 ,4.54544 ,0.03784 ,5.26795 ,5.28937 ,0.03858 ,6.21574 ,6.32802 ,0.06544 ,3549,0.06742 ,0.22288 ,0.54395 
35490000 ,4.51303 ,4.61702 ,0.02924 ,5.27346 ,5.29815 ,0.01475 ,6.22125 ,6.28320 ,0.01560 ,3550,0.04286 ,0.20036 ,0.55220 
35500000 ,4.51854 ,4.57669 ,0.04107 ,5.27346 ,5.28834 ,0.01244 ,6.22125 ,6.22368 ,0.03407 ,3551,0.03724 ,0.20970 ,0.52279 
35510000 ,4.51854 ,4.57276 ,0.03987 ,5.27897 ,5.24807 ,0.02808 ,6.22677 ,6.25799 ,0.03832 ,3552,0.05371 ,0.21037 ,0.52939 
35520000 ,4.52405 ,4.59125 ,0.02268 ,5.27897 ,5.26885 ,0.04066 ,6.22677 ,6.26078 ,0.03397 ,3553,0.05025 ,0.21175 ,0.53830 
35530000 ,4.52405 ,4.54542 ,0.04293 ,5.28449 ,5.27341 ,0.03722 ,6.23228 ,6.26737 ,0.01325 ,3554,0.02958 ,0.22896 ,0.54815 
35540000 ,4.52956 ,4.62296 ,0.02765 ,5.28449 ,5.32525 ,0.04326 ,6.23779 ,6.26094 ,0.05048 ,3555,0.05661 ,0.22757 ,0.54590 
35550000 ,4.53507 ,4.60526 ,0.00511 ,5.29000 ,5.23552 ,0.01374 ,6.23779 ,6.26641 ,0.04426 ,3556,0.04227 ,0.22091 ,0.55416 
35560000 ,4.53507 ,4.50376 ,0.02100 ,5.29551 ,5.28873 ,0.01514 ,6.24330 ,6.23689 ,0.01579 ,3557,0.05713 ,0.22019 ,0.53140 
35570000 ,4.54058 ,4.56798 ,0.01075 ,5.29551 ,5.30863 ,0.01068 ,6.24881 ,6.27143 ,0.00420 ,3558,0.06129 ,0.23020 ,0.52194 
35580000 ,4.54058 ,4.57146 ,0.02717 ,5.30102 ,5.33438 ,0.04433 ,6.24881 ,6.30246 ,0.07589 ,3559,0.03592 ,0.22751 ,0.53597 
35590000 ,4.54609 ,4.64576 ,0.01784 ,5.30653 ,5.32082 ,0.04560 ,6.25431 ,6.23229 ,0.02054 ,3560,0.04879 ,0.22309 ,0.53863 
35600000 ,4.55160 ,4.54461 ,0.04687 ,5.30653 ,5.31825 ,0.02035 ,6.25983 ,6.29066 ,0.04502 ,3561,0.05126 ,0.23186 ,0.54865 
35610000 ,4.55160 ,4.49588 ,0.04302 ,5.31203 ,5.34848 ,0.04203 ,6.25983 ,6.29700 ,0.04890 ,3562,0.03644 ,0.22735 ,0.53467 
35620000 ,4.55711 ,4.57503 ,0.01797 ,5.31203 ,5.30114 ,0.04076 ,6.26534 ,6.35538 ,0.01967 ,3563,0.03402 ,0.23662 ,0.51558 
35630000 ,4.55711 ,4.62923 ,0.00560 ,5.31754 ,5.34593 ,0.00894 ,6.27085 ,6.31259 ,0.01707 ,3564,0.04791 ,0.23393 ,0.53083 
35640000 ,4.56262 ,4.51085 ,0.02588 ,5.32306 ,5.26312 ,0.05689 ,6.27085 ,6.31614 ,0.02029 ,3565,0.05258 ,0.22269 ,0.54068 
35650000 ,4.56262 ,4.59360 ,0.05987 ,5.32306 ,5.31392 ,0.00422 ,6.27636 ,6.40736 ,0.04971 ,3566,0.03263 ,0.23810 ,0.51115 
35660000 ,4.56813 ,4.56981 ,0.04747 ,5.32857 ,5.32991 ,0.01681 ,6.27636 ,6.33110 ,0.03890 ,3567,0.04653 ,0.24853 ,0.52518 
35670000 ,4.56813 ,4.60958 ,0.03351 ,5.33408 ,5.32061 ,0.02876 ,6.28187 ,6.40931 ,0.03450 ,3568,0.03696 ,0.24991 ,0.52676 
35680000 ,4.57364 ,4.57550 ,0.03500 ,5.33408 ,5.36812 ,0.04688 ,6.28738 ,6.38433 ,0.03540 ,3569,0.04726 ,0.21512 ,0.54432 
35690000 ,4.57915 ,4.62409 ,0.03584 ,5.33959 ,5.32053 ,0.01434 ,6.29289 ,6.29731 ,0.04313 ,3570,0.04401 ,0.21373 ,0.53737 
35700000 ,4.57915 ,4.62404 ,0.04129 ,5.33959 ,5.29085 ,0.01275 ,6.29289 ,6.41556 ,0.04980 ,3571,0.04648 ,0.20242 ,0.54562 
35710000 ,4.58466 ,4.54197 ,0.02119 ,5.34510 ,5.37092 ,0.04635 ,6.29840 ,6.35249 ,0.03281 ,3572,0.03143 ,0.21356 ,0.54107 
35720000 ,4.58466 ,4.64187 ,0.00837 ,5.35061 ,5.39134 ,0.05417 ,6.30391 ,6.37211 ,0.04892 ,3573,0.02680 ,0.22369 ,0.54912 
35730000 ,4.59017 ,4.58620 ,0.02256 ,5.35061 ,5.37580 ,0.04117 ,6.30391 ,6.36876 ,0.04746 ,3574,0.03634 ,0.19556 ,0.55897 
35740000 ,4.59017 ,4.63311 ,0.05054 ,5.35612 ,5.28725 ,0.06062 ,6.30942 ,6.34933 ,0.03591 ,3575,0.04101 ,0.20490 ,0.56807 
35750000 ,4.59568 ,4.67104 ,0.05447 ,5.35612 ,5.42058 ,0.06100 ,6.31493 ,6.41357 ,0.03785 ,3576,0.03100 ,0.19867 ,0.56726 
35760000 ,4.60119 ,4.62323 ,0.02260 ,5.36163 ,5.37090 ,0.01274 ,6.32044 ,6.29796 ,0.04083 ,3577,0.03349 ,0.19471 ,0.53813 
35770000 ,4.60119 ,4.62316 ,0.03473 ,5.36714 ,5.46668 ,0.03817 ,6.32044 ,6.35616 ,0.02528 ,3578,0.02048 ,0.20402 ,0.55472 
35780000 ,4.60670 ,4.70630 ,0.00989 ,5.36714 ,5.38961 ,0.02743 ,6.32595 ,6.32224 ,0.02266 ,3579,0.04141 ,0.21415 ,0.52315 
35790000 ,4.60670 ,4.61546 ,0.01881 ,5.37265 ,5.34724 ,0.02684 ,6.32595 ,6.38295 ,0.02138 ,3580,0.04008 ,0.19505 ,0.52975 
35800000 ,4.61221 ,4.64326 ,0.04818 ,5.37816 ,5.40883 ,0.00838 ,6.33697 ,6.35451 ,0.02940 ,3581,0.05397 ,0.20503 ,0.53330 
35810000 ,4.61772 ,4.66942 ,0.03118 ,5.37816 ,5.40280 ,0.03812 ,6.33697 ,6.33919 ,0.01066 ,3582,0.02900 ,0.20361 ,0.52016 
35820000 ,4.61772 ,4.67831 ,0.05326 ,5.38367 ,5.42145 ,0.05110 ,6.34248 ,6.47289 ,0.04188 ,3583,0.03855 ,0.20092 ,0.52675 
35830000 ,4.62323 ,4.71639 ,0.02393 ,5.38367 ,5.39573 ,0.02892 ,6.34248 ,6.40170 ,0.01560 ,3584,0.02789 ,0.23041 ,0.53566 
35840000 ,4.62323 ,4.67867 ,0.04128 ,5.38918 ,5.35026 ,0.03833 ,6.34799 ,6.39944 ,0.03197 ,3585,0.03760 ,0.22901 ,0.54326 
35850000 ,4.62874 ,4.71841 ,0.01364 ,5.39469 ,5.38372 ,0.03137 ,6.35350 ,6.46527 ,0.05305 ,3586,0.03198 ,0.21028 ,0.55152 
35860000 ,4.63425 ,4.67772 ,0.04032 ,5.40020 ,5.37922 ,0.01570 ,6.35901 ,6.32374 ,0.02590 ,3587,0.02637 ,0.21962 ,0.53898 
35870000 ,4.63425 ,4.70175 ,0.01480 ,5.40020 ,5.31889 ,0.04187 ,6.35901 ,6.32154 ,0.00821 ,3588,0.04730 ,0.21759 ,0.55557 
35880000 ,4.63976 ,4.66755 ,0.01927 ,5.40571 ,5.43097 ,0.03367 ,6.36452 ,6.38525 ,0.01463 ,3589,0.04826 ,0.22756 ,0.51307 
35890000 ,4.64528 ,4.62369 ,0.04629 ,5.40571 ,5.43921 ,0.05887 ,6.37003 ,6.41144 ,0.04148 ,3590,0.05499 ,0.22869 ,0.50997 
35900000 ,4.64528 ,4.66164 ,0.02364 ,5.41122 ,5.45878 ,0.02631 ,6.37003 ,6.39195 ,0.02113 ,3591,0.05018 ,0.21286 ,0.51471 
35910000 ,4.65079 ,4.62015 ,0.02472 ,5.41673 ,5.36307 ,0.04941 ,6.37555 ,6.40299 ,0.03664 ,3592,0.06407 ,0.21317 ,0.50575 
35920000 ,4.65079 ,4.73250 ,0.06296 ,5.41673 ,5.42786 ,0.04088 ,6.38106 ,6.41674 ,0.04588 ,3593,0.03951 ,0.22234 ,0.51549 
35930000 ,4.65630 ,4.70941 ,0.05407 ,5.42224 ,5.46452 ,0.00627 ,6.38657 ,6.42392 ,0.04049 ,3594,0.03389 ,0.23082 ,0.52478 
35940000 ,4.66181 ,4.70968 ,0.03376 ,5.42775 ,5.43121 ,0.01759 ,6.38657 ,6.49151 ,0.03185 ,3595,0.05036 ,0.22817 ,0.52854 
35950000 ,4.66181 ,4.67118 ,0.03985 ,5.42775 ,5.43747 ,0.02987 ,6.39208 ,6.39944 ,0.03414 ,3596,0.04460 ,0.22642 ,0.53678 
35960000 ,4.66732 ,4.72501 ,0.04326 ,5.43327 ,5.48808 ,0.04123 ,6.39759 ,6.36174 ,0.00650 ,3597,0.05946 ,0.22246 ,0.52860 
35970000 ,4.67283 ,4.69187 ,0.02941 ,5.43878 ,5.42940 ,0.03782 ,6.40310 ,6.42252 ,0.00903 ,3598,0.06362 ,0.23738 ,0.53072 
35980000 ,4.67283 ,4.73495 ,0.03334 ,5.44429 ,5.44283 ,0.03125 ,6.40310 ,6.48701 ,0.04525 ,3599,0.03856 ,0.23468 ,0.54286 
35990000 ,4.67834 ,4.70636 ,0.05509 ,5.44429 ,5.47657 ,0.03609 ,6.40861 ,6.46201 ,0.04238 ,3600,0.04105 ,0.22842 ,0.52665 
36000000 ,4.67834 ,4.71881 ,0.03519 ,5.44980 ,5.43170 ,0.00966 ,6.40861 ,6.37728 ,0.02207 ,3601,0.02804 ,0.23758 ,0.51365 
36010000 ,4.68385 ,4.69698 ,0.04194 ,5.44980 ,5.49941 ,0.02987 ,6.41412 ,6.53153 ,0.03324 ,3602,0.04897 ,0.22274 ,0.52165 
36020000 ,4.68936 ,4.68762 ,0.04441 ,5.45531 ,5.48852 ,0.01227 ,6.41963 ,6.47082 ,0.01141 ,3603,0.04764 ,0.20504 ,0.51665 
36030000 ,4.68936 ,4.75748 ,0.02335 ,5.46082 ,5.43866 ,0.04259 ,6.42514 ,6.47816 ,0.04854 ,3604,0.06153 ,0.21657 ,0.51704 
36040000 ,4.69487 ,4.69108 ,0.00511 ,5.46633 ,5.47225 ,0.02311 ,6.43065 ,6.39579 ,0.03241 ,3605,0.03441 ,0.20734 ,0.52498 
36050000 ,4.69487 ,4.72507 ,0.05178 ,5.46633 ,5.44274 ,0.04764 ,6.43065 ,6.50640 ,0.01087 ,3606,0.03690 ,0.20282 ,0.52019 
36060000 ,4.70038 ,4.74714 ,0.06830 ,5.47184 ,5.46692 ,0.02202 ,6.43616 ,6.45882 ,0.04160 ,3607,0.03203 ,0.19799 ,0.52818 
36070000 ,4.70589 ,4.74914 ,0.04990 ,5.47735 ,5.45280 ,0.03216 ,6.44167 ,6.43633 ,0.00232 ,3608,0.04306 ,0.20116 ,0.53243 
36080000 ,4.70589 ,4.75382 ,0.03512 ,5.47735 ,5.50469 ,0.05196 ,6.44718 ,6.48624 ,0.04668 ,3609,0.03128 ,0.21130 ,0.52229 
36090000 ,4.71140 ,4.72102 ,0.02568 ,5.48286 ,5.44720 ,0.02213 ,6.45269 ,6.55608 ,0.06411 ,3610,0.05132 ,0.19220 ,0.54031 
36100000 ,4.71691 ,4.79024 ,0.02102 ,5.48837 ,5.48727 ,0.03242 ,6.45269 ,6.50323 ,0.02424 ,3611,0.03833 ,0.20217 ,0.52992 
36110000 ,4.71691 ,4.77217 ,0.04768 ,5.49388 ,5.48906 ,0.00979 ,6.45820 ,6.48347 ,0.03017 ,3612,0.03512 ,0.20076 ,0.53966 
36120000 ,4.72242 ,4.75761 ,0.01671 ,5.49388 ,5.47215 ,0.05480 ,6.46371 ,6.48771 ,0.02985 ,3613,0.03562 ,0.19807 ,0.52681 
36130000 ,4.72793 ,4.75754 ,0.04794 ,5.49939 ,5.44516 ,0.03860 ,6.46922 ,6.44979 ,0.04953 ,3614,0.04311 ,0.21888 ,0.52391 
36140000 ,4.73344 ,4.73171 ,0.06795 ,5.50490 ,5.47838 ,0.03134 ,6.46922 ,6.51386 ,0.02165 ,3615,0.05270 ,0.21635 ,0.51748 
36150000 ,4.73344 ,4.77181 ,0.01740 ,5.50490 ,5.42298 ,0.05280 ,6.47473 ,6.60939 ,0.04543 ,3616,0.05004 ,0.21618 ,0.53152 
36160000 ,4.73895 ,4.79284 ,0.03089 ,5.51041 ,5.51426 ,0.01556 ,6.48024 ,6.57163 ,0.04389 ,3617,0.07008 ,0.22770 ,0.53054 
36170000 ,4.73895 ,4.84846 ,0.03498 ,5.51592 ,5.49603 ,0.02610 ,6.48575 ,6.52915 ,0.03867 ,3618,0.05909 ,0.21168 ,0.52839 
36180000 ,4.74446 ,4.83642 ,0.05318 ,5.51592 ,5.55847 ,0.02667 ,6.49126 ,6.66209 ,0.06174 ,3619,0.05709 ,0.22485 ,0.53638 
36190000 ,4.74997 ,4.78416 ,0.02168 ,5.52143 ,5.52847 ,0.03599 ,6.49126 ,6.61775 ,0.06472 ,3620,0.04721 ,0.21160 ,0.52360 
36200000 ,4.74997 ,4.79674 ,0.02486 ,5.52694 ,5.55433 ,0.03883 ,6.49677 ,6.53858 ,0.02547 ,3621,0.05416 ,0.21875 ,0.53764 
36210000 ,4.75549 ,4.81283 ,0.03389 ,5.52694 ,5.55548 ,0.05158 ,6.50228 ,6.56081 ,0.03079 ,3622,0.07701 ,0.22413 ,0.53076 
36220000 ,4.76100 ,4.76720 ,0.03294 ,5.53245 ,5.57002 ,0.04169 ,6.50779 ,6.50975 ,0.00415 ,3623,0.08118 ,0.23410 ,0.53735 
36230000 ,4.76100 ,4.79425 ,0.04477 ,5.53796 ,5.52182 ,0.02038 ,6.50779 ,6.57683 ,0.03265 ,3624,0.04678 ,0.21984 ,0.54419 
36240000 ,4.76651 ,4.88946 ,0.03848 ,5.54347 ,5.57995 ,0.04445 ,6.51330 ,6.57290 ,0.02419 ,3625,0.06771 ,0.22818 ,0.55393 
36250000 ,4.77202 ,4.87101 ,0.03070 ,5.54898 ,5.53408 ,0.02750 ,6.51881 ,6.50863 ,0.02616 ,3626,0.05061 ,0.22366 ,0.54696 
36260000 ,4.77202 ,4.86466 ,0.05595 ,5.54898 ,5.58861 ,0.05053 ,6.52433 ,6.54885 ,0.02811 ,3627,0.05913 ,0.23585 ,0.52406 
36270000 ,4.77753 ,4.79324 ,0.04127 ,5.55449 ,5.54418 ,0.02494 ,6.52433 ,6.56288 ,0.02858 ,3628,0.04835 ,0.22041 ,0.51392 
36280000 ,4.78304 ,4.80907 ,0.04944 ,5.55449 ,5.62999 ,0.05041 ,6.53535 ,6.53413 ,0.04016 ,3629,0.05530 ,0.23158 ,0.53194 
36290000 ,4.78304 ,4.88764 ,0.04672 ,5.56000 ,5.62049 ,0.05042 ,6.53535 ,6.52630 ,0.03464 ,3630,0.05665 ,0.24242 ,0.52156 
36300000 ,4.78855 ,4.81889 ,0.04532 ,5.56551 ,5.49711 ,0.04903 ,6.54086 ,6.60671 ,0.04499 ,3631,0.05568 ,0.23972 ,0.53130 
36310000 ,4.79406 ,4.86604 ,0.04311 ,5.57102 ,5.60262 ,0.02146 ,6.54637 ,6.57850 ,0.02448 ,3632,0.06817 ,0.23839 ,0.52075 
36320000 ,4.79957 ,4.80649 ,0.00653 ,5.57653 ,5.55891 ,0.01250 ,6.55188 ,6.62168 ,0.03746 ,3633,0.04750 ,0.24555 ,0.52829 
36330000 ,4.79957 ,4.87696 ,0.06044 ,5.57653 ,5.62575 ,0.02276 ,6.55739 ,6.58758 ,0.03617 ,3634,0.05537 ,0.23140 ,0.50774 
36340000 ,4.80508 ,4.86332 ,0.03132 ,5.58204 ,5.65824 ,0.01725 ,6.55739 ,6.55535 ,0.02000 ,3635,0.06927 ,0.19760 ,0.52131 
36350000 ,4.80508 ,4.87891 ,0.02974 ,5.58756 ,5.57252 ,0.02318 ,6.56290 ,6.65659 ,0.05426 ,3636,0.04534 ,0.18805 ,0.51943 
36360000 ,4.81059 ,4.88709 ,0.04074 ,5.59307 ,5.58896 ,0.03346 ,6.56841 ,6.56898 ,0.04086 ,3637,0.04584 ,0.19738 ,0.52602 
36370000 ,4.81610 ,4.78414 ,0.04397 ,5.59307 ,5.68945 ,0.04009 ,6.57392 ,6.64904 ,0.02532 ,3638,0.05234 ,0.19944 ,0.51879 
36380000 ,4.82161 ,4.87215 ,0.05004 ,5.59858 ,5.56623 ,0.01514 ,6.57943 ,6.65829 ,0.06766 ,3639,0.03167 ,0.20958 ,0.53681 
36390000 ,4.82161 ,4.88339 ,0.01539 ,5.60409 ,5.65534 ,0.05579 ,6.58494 ,6.63672 ,0.01904 ,3640,0.05756 ,0.22110 ,0.51867 
36400000 ,4.82712 ,4.87393 ,0.02678 ,5.60960 ,5.64210 ,0.00720 ,6.58494 ,6.57086 ,0.02227 ,3641,0.06715 ,0.20500 ,0.53225 
36410000 ,4.83263 ,4.91129 ,0.05036 ,5.61511 ,5.64451 ,0.06594 ,6.59045 ,6.62109 ,0.04141 ,3642,0.06090 ,0.21586 ,0.53326 
36420000 ,4.83263 ,4.89684 ,0.05277 ,5.61511 ,5.59631 ,0.00289 ,6.59596 ,6.65673 ,0.02856 ,3643,0.03991 ,0.22925 ,0.52655 
36430000 ,4.83814 ,4.89348 ,0.02387 ,5.62062 ,5.67322 ,0.05644 ,6.60147 ,6.64810 ,0.00953 ,3644,0.05278 ,0.24398 ,0.54265 
36440000 ,4.84365 ,4.89993 ,0.02840 ,5.62613 ,5.62647 ,0.04006 ,6.60698 ,6.60664 ,0.02987 ,3645,0.05525 ,0.23719 ,0.55239 
36450000 ,4.84916 ,4.88793 ,0.05391 ,5.63164 ,5.63699 ,0.04660 ,6.61249 ,6.62811 ,0.05754 ,3646,0.04797 ,0.19652 ,0.54908 
36460000 ,4.84916 ,4.86889 ,0.03588 ,5.63715 ,5.66683 ,0.03953 ,6.61800 ,6.64964 ,0.01733 ,3647,0.06801 ,0.19847 ,0.55567 
36470000 ,4.85467 ,4.85819 ,0.04284 ,5.63715 ,5.66823 ,0.05396 ,6.62351 ,6.64347 ,0.08661 ,3648,0.05702 ,0.19616 ,0.55780 
36480000 ,4.86018 ,4.94237 ,0.04083 ,5.64266 ,5.62709 ,0.03170 ,6.62351 ,6.64068 ,0.07183 ,3649,0.06159 ,0.21954 ,0.55108 
36490000 ,4.86569 ,4.91606 ,0.03624 ,5.64817 ,5.68864 ,0.05105 ,6.62902 ,6.68112 ,0.06306 ,3650,0.05871 ,0.21815 ,0.49994 
36500000 ,4.86569 ,4.92678 ,0.02059 ,5.65368 ,5.63559 ,0.03629 ,6.63453 ,6.65968 ,0.03349 ,3651,0.05774 ,0.21149 ,0.50793 
36510000 ,4.87120 ,4.88595 ,0.04520 ,5.65919 ,5.66126 ,0.03659 ,6.64005 ,6.69420 ,0.02967 ,3652,0.07343 ,0.21077 ,0.50293 
36520000 ,4.87120 ,4.82222 ,0.03330 ,5.65919 ,5.62095 ,0.00821 ,6.64556 ,6.66442 ,0.01658 ,3653,0.07589 ,0.22078 ,0.50344 
36530000 ,4.88222 ,4.85982 ,0.02598 ,5.66470 ,5.69212 ,0.01661 ,6.65107 ,6.70521 ,0.02113 ,3654,0.05933 ,0.21809 ,0.50053 
36540000 ,4.88222 ,4.94755 ,0.04415 ,5.67021 ,5.70044 ,0.03133 ,6.65658 ,6.67159 ,0.06034 ,3655,0.05836 ,0.22488 ,0.49411 
36550000 ,4.88773 ,4.93532 ,0.04416 ,5.67572 ,5.66486 ,0.01307 ,6.65658 ,6.74617 ,0.02438 ,3656,0.04885 ,0.22349 ,0.50814 
36560000 ,4.89324 ,4.94608 ,0.06299 ,5.67572 ,5.68216 ,0.04600 ,6.66209 ,6.69128 ,0.02128 ,3657,0.05204 ,0.20475 ,0.50717 
36570000 ,4.89324 ,4.94347 ,0.03775 ,5.68123 ,5.67852 ,0.04303 ,6.66760 ,6.66999 ,0.01870 ,3658,0.06479 ,0.21409 ,0.50659 
36580000 ,4.89875 ,4.90167 ,0.04969 ,5.68674 ,5.71029 ,0.02475 ,6.67311 ,6.70866 ,0.01537 ,3659,0.04459 ,0.21206 ,0.52461 
36590000 ,4.90426 ,4.87486 ,0.06522 ,5.69225 ,5.66760 ,0.03383 ,6.67862 ,6.73168 ,0.03760 ,3660,0.04216 ,0.22204 ,0.50647 
36600000 ,4.90978 ,4.98031 ,0.02241 ,5.69777 ,5.69147 ,0.04212 ,6.68413 ,6.68917 ,0.04182 ,3661,0.05605 ,0.22316 ,0.52004 
36610000 ,4.91529 ,5.01405 ,0.00510 ,5.70328 ,5.71738 ,0.03777 ,6.68964 ,6.74868 ,0.04857 ,3662,0.04385 ,0.20733 ,0.52106 
36620000 ,4.91529 ,4.97703 ,0.02352 ,5.70328 ,5.66512 ,0.04596 ,6.69515 ,6.80863 ,0.05200 ,3663,0.05339 ,0.20765 ,0.51434 
36630000 ,4.92080 ,4.93343 ,0.05105 ,5.70879 ,5.78653 ,0.03471 ,6.70066 ,6.69232 ,0.02364 ,3664,0.04273 ,0.21681 ,0.51590 
36640000 ,4.92080 ,5.00097 ,0.04561 ,5.71430 ,5.66528 ,0.05397 ,6.70617 ,6.74276 ,0.04785 ,3665,0.05244 ,0.22043 ,0.52390 
36650000 ,4.93182 ,4.95156 ,0.05296 ,5.71981 ,5.75902 ,0.01984 ,6.70617 ,6.77696 ,0.01588 ,3666,0.04682 ,0.23041 ,0.51930 
36660000 ,4.93182 ,4.90883 ,0.03802 ,5.72532 ,5.69365 ,0.01456 ,6.71719 ,6.72383 ,0.04819 ,3667,0.05270 ,0.21614 ,0.52352 
36670000 ,4.93733 ,5.04879 ,0.03412 ,5.73083 ,5.75076 ,0.02151 ,6.71719 ,6.76352 ,0.03419 ,3668,0.06353 ,0.21532 ,0.53353 
36680000 ,4.94284 ,4.95210 ,0.03795 ,5.73083 ,5.77954 ,0.04862 ,6.72270 ,6.77243 ,0.01268 ,3669,0.07125 ,0.22871 ,0.53251 
36690000 ,4.94835 ,4.96955 ,0.05529 ,5.73634 ,5.81106 ,0.07167 ,6.73372 ,6.74230 ,0.01048 ,3670,0.08514 ,0.22909 ,0.52305 
36700000 ,4.94835 ,5.03550 ,0.06024 ,5.74185 ,5.70315 ,0.06106 ,6.73372 ,6.73735 ,0.00128 ,3671,0.06245 ,0.22719 ,0.53708 
36710000 ,4.95386 ,5.06910 ,0.02467 ,5.74736 ,5.74023 ,0.06149 ,6.73923 ,6.76452 ,0.03459 ,3672,0.06518 ,0.22488 ,0.53974 
36720000 ,4.95937 ,5.01242 ,0.02021 ,5.75287 ,5.74968 ,0.00633 ,6.74474 ,6.87655 ,0.06481 ,3673,0.05570 ,0.23528 ,0.54976 
36730000 ,4.96488 ,4.95149 ,0.03097 ,5.75838 ,5.80985 ,0.02631 ,6.75025 ,6.86801 ,0.07936 ,3674,0.07250 ,0.23455 ,0.53578 
36740000 ,4.96488 ,4.97932 ,0.04649 ,5.76389 ,5.77463 ,0.02510 ,6.75576 ,6.83251 ,0.01560 ,3675,0.06688 ,0.24155 ,0.52832 
36750000 ,4.97039 ,5.06412 ,0.04606 ,5.76940 ,5.78967 ,0.03805 ,6.76127 ,6.77643 ,0.00697 ,3676,0.04902 ,0.24291 ,0.53630 
36760000 ,4.97590 ,4.99712 ,0.05539 ,5.76940 ,5.84050 ,0.04992 ,6.76678 ,6.82309 ,0.00768 ,3677,0.05556 ,0.24484 ,0.52958 
36770000 ,4.98141 ,5.04663 ,0.05196 ,5.77491 ,5.76391 ,0.05662 ,6.77229 ,6.78224 ,0.01796 ,3678,0.05973 ,0.24215 ,0.51574 
36780000 ,4.98692 ,5.03507 ,0.04232 ,5.78042 ,5.83133 ,0.04220 ,6.77780 ,6.86011 ,0.06620 ,3679,0.03561 ,0.24579 ,0.51851 
36790000 ,4.98692 ,5.06741 ,0.03122 ,5.78593 ,5.70773 ,0.03593 ,6.78331 ,6.75783 ,0.00642 ,3680,0.04950 ,0.25496 ,0.52467 
36800000 ,4.99794 ,5.05430 ,0.03508 ,5.79144 ,5.78173 ,0.04256 ,6.78883 ,6.90447 ,0.03988 ,3681,0.03994 ,0.24513 ,0.53111 
36810000 ,4.99794 ,5.00102 ,0.05062 ,5.79695 ,5.74573 ,0.06716 ,6.79434 ,6.92486 ,0.02288 ,3682,0.05024 ,0.22091 ,0.53770 
36820000 ,5.00345 ,5.01400 ,0.01291 ,5.80246 ,5.77396 ,0.00762 ,6.79985 ,6.81194 ,0.04057 ,3683,0.03156 ,0.21826 ,0.53983 
36830000 ,5.00345 ,5.02932 ,0.01074 ,5.80246 ,5.84687 ,0.05600 ,6.80536 ,6.80423 ,0.01069 ,3684,0.05345 ,0.21986 ,0.53311 
36840000 ,5.01447 ,5.01381 ,0.05288 ,5.80797 ,5.80588 ,0.01598 ,6.81087 ,6.94245 ,0.03666 ,3685,0.07710 ,0.21535 ,0.52564 
36850000 ,5.01447 ,5.10166 ,0.01235 ,5.81348 ,5.84584 ,0.05081 ,6.81638 ,6.84829 ,0.02440 ,3686,0.08127 ,0.22754 ,0.53363 
36860000 ,5.01999 ,5.06766 ,0.02247 ,5.81899 ,5.86489 ,0.03839 ,6.82189 ,6.85944 ,0.02871 ,3687,0.04687 ,0.23203 ,0.52691 
36870000 ,5.02550 ,5.02195 ,0.02625 ,5.82450 ,5.84021 ,0.04120 ,6.82740 ,6.80746 ,0.01212 ,3688,0.06780 ,0.21209 ,0.50188 
36880000 ,5.03101 ,5.08054 ,0.03858 ,5.83001 ,5.87316 ,0.02896 ,6.83291 ,6.93913 ,0.03759 ,3689,0.05070 ,0.22245 ,0.50988 
36890000 ,5.03652 ,5.06721 ,0.02469 ,5.83552 ,5.82892 ,0.02927 ,6.83842 ,6.83434 ,0.01162 ,3690,0.05922 ,0.24433 ,0.50488 
36900000 ,5.04203 ,5.10507 ,0.04020 ,5.84103 ,5.76928 ,0.03080 ,6.84393 ,6.93980 ,0.01523 ,3691,0.04844 ,0.24164 ,0.50527 
36910000 ,5.04754 ,5.11253 ,0.04857 ,5.84655 ,5.84651 ,0.03095 ,6.84944 ,6.98939 ,0.05519 ,3692,0.05539 ,0.23958 ,0.52144 
36920000 ,5.04754 ,5.14775 ,0.02937 ,5.85206 ,5.88773 ,0.07658 ,6.85495 ,6.96303 ,0.04353 ,3693,0.05674 ,0.24067 ,0.52210 
36930000 ,5.05305 ,5.05320 ,0.05686 ,5.85757 ,5.90646 ,0.04786 ,6.86046 ,6.89089 ,0.01554 ,3694,0.05577 ,0.25102 ,0.49802 
36940000 ,5.05856 ,5.12700 ,0.03627 ,5.86308 ,5.82889 ,0.03084 ,6.86597 ,6.85146 ,0.02694 ,3695,0.06826 ,0.22963 ,0.49741 
36950000 ,5.06407 ,5.10444 ,0.02052 ,5.86859 ,5.82325 ,0.04066 ,6.87148 ,6.90122 ,0.04399 ,3696,0.04758 ,0.24006 ,0.51970 
36960000 ,5.06958 ,5.13849 ,0.02898 ,5.87410 ,5.83119 ,0.01923 ,6.87699 ,6.93236 ,0.01093 ,3697,0.05885 ,0.24144 ,0.50907 
36970000 ,5.06958 ,5.10074 ,0.03897 ,5.87961 ,5.86328 ,0.06437 ,6.88250 ,6.92917 ,0.03871 ,3698,0.06580 ,0.22072 ,0.52382 
36980000 ,5.08060 ,5.16147 ,0.03246 ,5.88512 ,5.88188 ,0.01481 ,6.88801 ,6.86585 ,0.02868 ,3699,0.06158 ,0.21676 ,0.48473 
36990000 ,5.08060 ,5.09991 ,0.01466 ,5.88512 ,5.93148 ,0.05089 ,6.89352 ,6.94597 ,0.00109 ,3700,0.05210 ,0.23168 ,0.52069 
37000000 ,5.08611 ,5.13386 ,0.02534 ,5.89063 ,5.91198 ,0.05356 ,6.89904 ,6.95401 ,0.04330 ,3701,0.06649 ,0.22899 ,0.51636 
37010000 ,5.09162 ,5.13172 ,0.02560 ,5.90165 ,5.92371 ,0.01863 ,6.90455 ,6.98559 ,0.02454 ,3702,0.07679 ,0.22273 ,0.51157 
37020000 ,5.09713 ,5.18869 ,0.06748 ,5.90716 ,5.93133 ,0.04312 ,6.91557 ,6.93157 ,0.03747 ,3703,0.05964 ,0.23189 ,0.51957 
37030000 ,5.10264 ,5.07640 ,0.07865 ,5.90716 ,5.88448 ,0.01390 ,6.92108 ,6.87848 ,0.04133 ,3704,0.05867 ,0.22475 ,0.52381 
37040000 ,5.10815 ,5.20756 ,0.03153 ,5.91267 ,5.94796 ,0.02044 ,6.92659 ,6.97180 ,0.04093 ,3705,0.06041 ,0.23559 ,0.51367 
37050000 ,5.11366 ,5.11393 ,0.05444 ,5.92369 ,5.93514 ,0.04132 ,6.93210 ,6.92383 ,0.03690 ,3706,0.05092 ,0.23290 ,0.53169 
37060000 ,5.11366 ,5.16691 ,0.04498 ,5.92369 ,5.92245 ,0.05018 ,6.93761 ,6.93988 ,0.02323 ,3707,0.07341 ,0.23156 ,0.52131 
37070000 ,5.11917 ,5.16100 ,0.00481 ,5.92920 ,5.94272 ,0.04318 ,6.94312 ,6.91108 ,0.00174 ,3708,0.07001 ,0.23872 ,0.53105 
37080000 ,5.12468 ,5.14790 ,0.04968 ,5.93471 ,5.89180 ,0.04856 ,6.94863 ,6.97097 ,0.02603 ,3709,0.04934 ,0.22457 ,0.51820 
37090000 ,5.13019 ,5.12199 ,0.03620 ,5.94573 ,5.89554 ,0.04815 ,6.95414 ,6.94691 ,0.01258 ,3710,0.04799 ,0.23980 ,0.51529 
37100000 ,5.13570 ,5.15812 ,0.03393 ,5.94573 ,6.00757 ,0.04470 ,6.96516 ,7.00237 ,0.04540 ,3711,0.05046 ,0.23301 ,0.50887 
37110000 ,5.14121 ,5.10571 ,0.04203 ,5.95124 ,5.99958 ,0.06585 ,6.97067 ,7.01442 ,0.01549 ,3712,0.03541 ,0.24292 ,0.52290 
37120000 ,5.14672 ,5.21358 ,0.04359 ,5.96227 ,6.01415 ,0.05159 ,6.97618 ,7.07300 ,0.01752 ,3713,0.06419 ,0.25209 ,0.52193 
37130000 ,5.15223 ,5.16758 ,0.03794 ,5.96778 ,5.99943 ,0.02006 ,6.98169 ,6.99174 ,0.03835 ,3714,0.05938 ,0.24226 ,0.51977 
37140000 ,5.15774 ,5.20069 ,0.01859 ,5.96778 ,5.99290 ,0.01585 ,6.98720 ,7.06726 ,0.01885 ,3715,0.07327 ,0.21169 ,0.52777 
37150000 ,5.16325 ,5.14700 ,0.02069 ,5.97329 ,5.99127 ,0.04135 ,6.99271 ,7.03913 ,0.00368 ,3716,0.04871 ,0.21042 ,0.51499 
37160000 ,5.16876 ,5.15492 ,0.04826 ,5.98431 ,5.93558 ,0.02910 ,6.99822 ,7.15397 ,0.06457 ,3717,0.04309 ,0.20898 ,0.52902 
37170000 ,5.16876 ,5.18300 ,0.03437 ,5.98982 ,5.99169 ,0.06570 ,7.00373 ,7.04243 ,0.04560 ,3718,0.05955 ,0.21174 ,0.52214 
37180000 ,5.17979 ,5.28097 ,0.01987 ,5.99533 ,6.02389 ,0.04526 ,7.01475 ,7.17261 ,0.01446 ,3719,0.05978 ,0.22439 ,0.52874 
37190000 ,5.18530 ,5.15184 ,0.03453 ,6.00084 ,5.99478 ,0.03734 ,7.02026 ,7.03761 ,0.06014 ,3720,0.07367 ,0.22132 ,0.53558 
37200000 ,5.18530 ,5.20233 ,0.02616 ,6.00635 ,6.05891 ,0.03185 ,7.02577 ,7.01090 ,0.03378 ,3721,0.04974 ,0.21736 ,0.54532 
37210000 ,5.19632 ,5.26369 ,0.01979 ,6.01186 ,6.00226 ,0.03160 ,7.03128 ,7.04516 ,0.04382 ,3722,0.05024 ,0.22973 ,0.53835 
37220000 ,5.19632 ,5.25553 ,0.05799 ,6.01737 ,5.94670 ,0.04142 ,7.03679 ,7.08384 ,0.03594 ,3723,0.05675 ,0.20943 ,0.50645 
37230000 ,5.20183 ,5.19768 ,0.04285 ,6.02288 ,6.00235 ,0.03129 ,7.04781 ,7.10378 ,0.02776 ,3724,0.03607 ,0.22095 ,0.50584 
37240000 ,5.20734 ,5.29964 ,0.05055 ,6.02839 ,6.05210 ,0.03101 ,7.05333 ,7.10422 ,0.02292 ,3725,0.07478 ,0.19844 ,0.52813 
37250000 ,5.21285 ,5.25700 ,0.02080 ,6.03390 ,6.08867 ,0.05855 ,7.05884 ,7.10902 ,0.04769 ,3726,0.07725 ,0.20777 ,0.51750 
37260000 ,5.21836 ,5.23340 ,0.01674 ,6.03941 ,6.08092 ,0.04972 ,7.06435 ,7.08989 ,0.03724 ,3727,0.06068 ,0.20844 ,0.53224 
37270000 ,5.22387 ,5.26655 ,0.01192 ,6.04492 ,6.06198 ,0.03581 ,7.06986 ,7.12335 ,0.04012 ,3728,0.05971 ,0.20983 ,0.50237 
37280000 ,5.22938 ,5.21377 ,0.06028 ,6.05594 ,6.05338 ,0.05933 ,7.08088 ,7.21721 ,0.02852 ,3729,0.05021 ,0.24220 ,0.49757 
37290000 ,5.23489 ,5.26882 ,0.02893 ,6.06145 ,6.11878 ,0.03526 ,7.08639 ,7.09788 ,0.04252 ,3730,0.05340 ,0.24359 ,0.50557 
37300000 ,5.24040 ,5.32451 ,0.03283 ,6.06696 ,6.15312 ,0.05396 ,7.09190 ,7.10249 ,0.01356 ,3731,0.07140 ,0.20328 ,0.50632 
37310000 ,5.24591 ,5.36802 ,0.00780 ,6.07247 ,6.09284 ,0.04751 ,7.09741 ,7.14101 ,0.05074 ,3732,0.07242 ,0.19373 ,0.50390 
37320000 ,5.25142 ,5.26673 ,0.04200 ,6.07798 ,6.17640 ,0.02688 ,7.10843 ,7.12091 ,0.00304 ,3733,0.06680 ,0.20307 ,0.49100 
37330000 ,5.25693 ,5.30494 ,0.06866 ,6.08349 ,6.08945 ,0.01273 ,7.11394 ,7.15898 ,0.01413 ,3734,0.06206 ,0.20512 ,0.50457 
37340000 ,5.26244 ,5.38897 ,0.01927 ,6.08900 ,6.10083 ,0.04138 ,7.11945 ,7.27148 ,0.03642 ,3735,0.06526 ,0.21526 ,0.49677 
37350000 ,5.26795 ,5.34352 ,0.02749 ,6.10002 ,6.13959 ,0.05614 ,7.13047 ,7.14230 ,0.03134 ,3736,0.04894 ,0.22678 ,0.51081 
37360000 ,5.27346 ,5.38448 ,0.03523 ,6.10553 ,6.10301 ,0.00656 ,7.13598 ,7.19265 ,0.05344 ,3737,0.07683 ,0.21068 ,0.49660 
37370000 ,5.27897 ,5.25432 ,0.01775 ,6.11105 ,6.19877 ,0.03910 ,7.14149 ,7.16797 ,0.02647 ,3738,0.07343 ,0.22154 ,0.49725 
37380000 ,5.28449 ,5.27661 ,0.04093 ,6.11656 ,6.15991 ,0.03975 ,7.14700 ,7.18375 ,0.03829 ,3739,0.05276 ,0.23493 ,0.50100 
37390000 ,5.29000 ,5.25942 ,0.02401 ,6.12207 ,6.06655 ,0.04653 ,7.15251 ,7.15608 ,0.04720 ,3740,0.05672 ,0.24966 ,0.51038 
37400000 ,5.29551 ,5.37029 ,0.05563 ,6.12758 ,6.14219 ,0.04120 ,7.16354 ,7.18835 ,0.01351 ,3741,0.06631 ,0.24288 ,0.51378 
37410000 ,5.30102 ,5.29784 ,0.04659 ,6.13309 ,6.10854 ,0.01815 ,7.16905 ,7.19188 ,0.03386 ,3742,0.06007 ,0.20141 ,0.52058 
37420000 ,5.31203 ,5.37616 ,0.03825 ,6.14411 ,6.11055 ,0.06106 ,7.18007 ,7.22706 ,0.04422 ,3743,0.06736 ,0.19998 ,0.53415 
37430000 ,5.31754 ,5.32340 ,0.05944 ,6.14962 ,6.18147 ,0.01487 ,7.18558 ,7.32509 ,0.05737 ,3744,0.02128 ,0.20274 ,0.52554 
37440000 ,5.32306 ,5.32268 ,0.06691 ,6.15513 ,6.27256 ,0.04681 ,7.19109 ,7.22691 ,0.04353 ,3745,0.01218 ,0.23350 ,0.53990 
37450000 ,5.32857 ,5.40831 ,0.05403 ,6.16064 ,6.22464 ,0.06805 ,7.19660 ,7.19604 ,0.03748 ,3746,0.02172 ,0.21198 ,0.54327 
37460000 ,5.33408 ,5.39406 ,0.03930 ,6.16615 ,6.23813 ,0.05484 ,7.20762 ,7.23887 ,0.04629 ,3747,0.02073 ,0.20890 ,0.51203 
37470000 ,5.33959 ,5.39569 ,0.02464 ,6.17717 ,6.13861 ,0.04807 ,7.21313 ,7.25140 ,0.04857 ,3748,0.03107 ,0.20494 ,0.52606 
37480000 ,5.34510 ,5.42358 ,0.02874 ,6.18268 ,6.23889 ,0.04860 ,7.21864 ,7.23081 ,0.03261 ,3749,0.03460 ,0.21162 ,0.51839 
37490000 ,5.35061 ,5.31007 ,0.04254 ,6.18819 ,6.25456 ,0.05453 ,7.22966 ,7.26660 ,0.00693 ,3750,0.03706 ,0.22502 ,0.53215 
37500000 ,5.35612 ,5.32832 ,0.02623 ,6.19370 ,6.23900 ,0.05262 ,7.23517 ,7.30923 ,0.04169 ,3751,0.01610 ,0.23004 ,0.52973 
37510000 ,5.36163 ,5.45260 ,0.05726 ,6.20472 ,6.19904 ,0.05010 ,7.24619 ,7.33462 ,0.02936 ,3752,0.02564 ,0.22608 ,0.53310 
37520000 ,5.36714 ,5.40159 ,0.01344 ,6.21023 ,6.23856 ,0.01840 ,7.25170 ,7.34596 ,0.05373 ,3753,-0.00076 ,0.22160 ,0.51153 
37530000 ,5.37816 ,5.50007 ,0.05366 ,6.21574 ,6.28270 ,0.04606 ,7.26272 ,7.29258 ,0.01434 ,3754,0.02017 ,0.22688 ,0.50139 
37540000 ,5.38367 ,5.40929 ,0.03614 ,6.22677 ,6.26718 ,0.05765 ,7.26823 ,7.24542 ,0.02081 ,3755,0.02363 ,0.23835 ,0.51941 
37550000 ,5.38918 ,5.44048 ,0.02400 ,6.23228 ,6.26455 ,0.05868 ,7.27374 ,7.33819 ,0.05625 ,3756,0.03393 ,0.23148 ,0.50903 
37560000 ,5.39469 ,5.35912 ,0.05485 ,6.23779 ,6.21347 ,0.03384 ,7.28476 ,7.34162 ,0.01731 ,3757,0.02555 ,0.23287 ,0.51877 
37570000 ,5.40020 ,5.47584 ,0.04432 ,6.24330 ,6.27615 ,0.06069 ,7.29027 ,7.22806 ,0.03816 ,3758,0.03589 ,0.23746 ,0.51040 
37580000 ,5.40571 ,5.40867 ,0.03471 ,6.25431 ,6.27565 ,0.01458 ,7.30129 ,7.31252 ,0.05268 ,3759,0.00318 ,0.23067 ,0.51381 
37590000 ,5.41673 ,5.40979 ,0.01987 ,6.25983 ,6.27882 ,0.04476 ,7.30680 ,7.38153 ,0.03228 ,3760,0.02411 ,0.22463 ,0.51598 
37600000 ,5.42224 ,5.50176 ,0.01206 ,6.26534 ,6.25550 ,0.05741 ,7.31232 ,7.36927 ,0.05984 ,3761,0.02601 ,0.21583 ,0.51925 
37610000 ,5.42775 ,5.41889 ,0.03024 ,6.27636 ,6.26328 ,0.03445 ,7.32334 ,7.36112 ,0.04310 ,3762,0.03560 ,0.21444 ,0.52642 
37620000 ,5.43327 ,5.48286 ,0.01009 ,6.28187 ,6.30854 ,0.03151 ,7.32885 ,7.33965 ,0.03245 ,3763,0.04470 ,0.20409 ,0.53627 
37630000 ,5.43878 ,5.45900 ,0.04616 ,6.28738 ,6.35532 ,0.02762 ,7.33987 ,7.34492 ,0.00982 ,3764,0.04717 ,0.19957 ,0.51991 
37640000 ,5.44429 ,5.51574 ,0.01510 ,6.29840 ,6.33814 ,0.05078 ,7.34538 ,7.32304 ,0.02946 ,3765,0.03374 ,0.20264 ,0.53378 
37650000 ,5.44980 ,5.49253 ,0.03244 ,6.30391 ,6.36332 ,0.04432 ,7.35640 ,7.41278 ,0.03476 ,3766,0.04404 ,0.19868 ,0.54216 
37660000 ,5.46082 ,5.45250 ,0.00874 ,6.30942 ,6.35714 ,0.03273 ,7.36191 ,7.38357 ,0.02803 ,3767,0.02792 ,0.23602 ,0.55040 
37670000 ,5.46633 ,5.49688 ,0.05348 ,6.32044 ,6.33914 ,0.02059 ,7.37293 ,7.42065 ,0.03366 ,3768,0.03752 ,0.23150 ,0.52671 
37680000 ,5.47184 ,5.44782 ,0.01388 ,6.32595 ,6.34370 ,0.01538 ,7.37844 ,7.47037 ,0.03947 ,3769,0.02870 ,0.23044 ,0.53645 
37690000 ,5.48286 ,5.55112 ,0.02956 ,6.33697 ,6.40442 ,0.05090 ,7.38946 ,7.40512 ,0.05124 ,3770,0.04157 ,0.22648 ,0.54575 
37700000 ,5.48837 ,5.52610 ,0.04324 ,6.34248 ,6.34642 ,0.01216 ,7.39497 ,7.44174 ,0.04911 ,3771,0.04404 ,0.21728 ,0.55560 
37710000 ,5.49388 ,5.50817 ,0.00391 ,6.34799 ,6.36849 ,0.02382 ,7.40599 ,7.35404 ,0.02204 ,3772,0.03676 ,0.21589 ,0.54950 
37720000 ,5.49939 ,5.54867 ,0.02971 ,6.35901 ,6.38741 ,0.05827 ,7.41701 ,7.44436 ,0.06541 ,3773,0.05680 ,0.20554 ,0.55774 
37730000 ,5.51041 ,5.54782 ,0.03491 ,6.36452 ,6.38010 ,0.02413 ,7.42252 ,7.53776 ,0.05698 ,3774,0.04580 ,0.20102 ,0.54506 
37740000 ,5.51592 ,5.53791 ,0.04418 ,6.37555 ,6.38421 ,0.00608 ,7.43354 ,7.41343 ,0.01661 ,3775,0.05038 ,0.20409 ,0.49553 
37750000 ,5.52143 ,5.56002 ,0.01176 ,6.38106 ,6.35347 ,0.03416 ,7.44456 ,7.59299 ,0.02942 ,3776,0.04750 ,0.20013 ,0.49263 
37760000 ,5.52694 ,5.55315 ,0.05497 ,6.39208 ,6.44303 ,0.08819 ,7.45007 ,7.49680 ,0.05159 ,3777,0.04653 ,0.23620 ,0.48620 
37770000 ,5.53245 ,5.63620 ,0.06605 ,6.39759 ,6.46537 ,0.06637 ,7.46109 ,7.55102 ,0.04251 ,3778,0.06221 ,0.23224 ,0.50023 
37780000 ,5.54347 ,5.61936 ,0.05597 ,6.40861 ,6.46022 ,0.05016 ,7.46661 ,7.51275 ,0.01399 ,3779,0.06468 ,0.23234 ,0.49926 
37790000 ,5.54898 ,5.52677 ,0.00617 ,6.41412 ,6.38316 ,0.03310 ,7.47763 ,7.48901 ,0.03956 ,3780,0.04811 ,0.23387 ,0.49598 
37800000 ,5.56000 ,5.55840 ,0.01521 ,6.42514 ,6.41645 ,0.04130 ,7.48314 ,7.50265 ,0.02269 ,3781,0.04714 ,0.20124 ,0.50352 
37810000 ,5.56551 ,5.67895 ,0.03347 ,6.43065 ,6.41320 ,0.03977 ,7.49416 ,7.51995 ,0.05814 ,3782,0.03764 ,0.20319 ,0.49463 
37820000 ,5.57653 ,5.59070 ,0.04574 ,6.44167 ,6.42318 ,0.01918 ,7.50518 ,7.50442 ,0.00877 ,3783,0.04083 ,0.20088 ,0.50492 
37830000 ,5.58204 ,5.63290 ,0.03593 ,6.44718 ,6.51137 ,0.04842 ,7.51069 ,7.52561 ,0.05974 ,3784,0.05357 ,0.22426 ,0.50213 
37840000 ,5.58756 ,5.55370 ,0.01613 ,6.45820 ,6.43244 ,0.04586 ,7.52171 ,7.52169 ,0.02226 ,3785,0.02654 ,0.22286 ,0.51214 
37850000 ,5.59307 ,5.57844 ,0.01604 ,6.46371 ,6.47257 ,0.04370 ,7.53273 ,7.54749 ,0.01995 ,3786,0.03609 ,0.21621 ,0.49894 
37860000 ,5.60409 ,5.67159 ,0.02016 ,6.47473 ,6.49273 ,0.02941 ,7.54375 ,7.56679 ,0.01228 ,3787,0.00969 ,0.21549 ,0.50105 
37870000 ,5.60960 ,5.68445 ,0.04485 ,6.48024 ,6.55280 ,0.03797 ,7.54926 ,7.60766 ,0.06029 ,3788,0.03061 ,0.22550 ,0.51862 
37880000 ,5.62062 ,5.65230 ,0.06040 ,6.49126 ,6.53125 ,0.02396 ,7.56028 ,7.53469 ,0.02348 ,3789,0.03408 ,0.22281 ,0.50599 
37890000 ,5.62613 ,5.63458 ,0.02193 ,6.50228 ,6.51013 ,0.04492 ,7.57130 ,7.62744 ,0.03471 ,3790,0.04438 ,0.22960 ,0.51987 
37900000 ,5.63715 ,5.66666 ,0.02925 ,6.50779 ,6.51330 ,0.04549 ,7.58233 ,7.60360 ,0.01437 ,3791,0.05407 ,0.22821 ,0.52824 
37910000 ,5.64266 ,5.69864 ,0.04955 ,6.51881 ,6.53063 ,0.05188 ,7.59335 ,7.58799 ,0.00908 ,3792,0.05119 ,0.20947 ,0.53648 
37920000 ,5.64817 ,5.64682 ,0.05249 ,6.52433 ,6.51065 ,0.04565 ,7.59886 ,7.63110 ,0.05731 ,3793,0.05022 ,0.21881 ,0.50889 
37930000 ,5.65919 ,5.70217 ,0.01241 ,6.53535 ,6.58619 ,0.05665 ,7.60988 ,7.62961 ,0.02670 ,3794,0.04299 ,0.21678 ,0.51919 
37940000 ,5.66470 ,5.74218 ,0.01513 ,6.54637 ,6.61111 ,0.06938 ,7.62090 ,7.65529 ,0.04460 ,3795,0.06392 ,0.22675 ,0.52816 
37950000 ,5.67572 ,5.70559 ,0.04927 ,6.55739 ,6.58234 ,0.04942 ,7.63192 ,7.73560 ,0.04347 ,3796,0.06176 ,0.22788 ,0.54034 
37960000 ,5.68123 ,5.74918 ,0.04255 ,6.56290 ,6.58350 ,0.04570 ,7.64294 ,7.65273 ,0.02034 ,3797,0.06387 ,0.21205 ,0.53339 
37970000 ,5.69225 ,5.76010 ,0.02939 ,6.57392 ,6.59005 ,0.01282 ,7.64845 ,7.70855 ,0.02081 ,3798,0.07417 ,0.21237 ,0.52014 
37980000 ,5.69777 ,5.68135 ,0.07046 ,6.58494 ,6.53636 ,0.05552 ,7.65947 ,7.62324 ,0.04319 ,3799,0.05702 ,0.22153 ,0.52909 
37990000 ,5.70879 ,5.76012 ,0.04706 ,6.59045 ,6.65669 ,0.01834 ,7.67049 ,7.69439 ,0.00566 ,3800,0.05605 ,0.22515 ,0.53911 
38000000 ,5.71430 ,5.72246 ,0.01549 ,6.60147 ,6.65362 ,0.04085 ,7.68151 ,7.72400 ,0.04929 ,3801,0.05779 ,0.23512 ,0.53539 
38010000 ,5.72532 ,5.82598 ,0.01739 ,6.61249 ,6.58768 ,0.01165 ,7.69253 ,7.70043 ,0.01965 ,3802,0.04830 ,0.22086 ,0.54363 
38020000 ,5.73083 ,5.76732 ,0.01182 ,6.62351 ,6.63425 ,0.02808 ,7.70355 ,7.85758 ,0.06300 ,3803,0.01687 ,0.22004 ,0.54351 
38030000 ,5.74185 ,5.78361 ,0.04497 ,6.62902 ,6.62640 ,0.05130 ,7.71457 ,7.69292 ,0.00435 ,3804,0.03425 ,0.23343 ,0.49276 
38040000 ,5.74736 ,5.74149 ,0.01980 ,6.64005 ,6.62154 ,0.03918 ,7.72560 ,7.73785 ,0.03494 ,3805,0.04459 ,0.23381 ,0.50175 
38050000 ,5.75838 ,5.80112 ,0.03332 ,6.65107 ,6.66487 ,0.02259 ,7.73662 ,7.76992 ,0.02826 ,3806,0.01188 ,0.23191 ,0.50672 
38060000 ,5.76940 ,5.77188 ,0.02385 ,6.66209 ,6.65631 ,0.03540 ,7.74764 ,7.86713 ,0.04271 ,3807,0.03281 ,0.22960 ,0.52108 
38070000 ,5.77491 ,5.87673 ,0.05804 ,6.67311 ,6.62030 ,0.05382 ,7.75866 ,7.82575 ,0.07366 ,3808,0.03471 ,0.23999 ,0.53457 
38080000 ,5.78593 ,5.85677 ,0.05921 ,6.68413 ,6.65743 ,0.02701 ,7.76968 ,7.76851 ,0.01200 ,3809,0.04430 ,0.23927 ,0.53954 
38090000 ,5.79695 ,5.81515 ,0.04887 ,6.69515 ,6.73112 ,0.04652 ,7.78070 ,7.77716 ,0.00883 ,3810,0.03539 ,0.24627 ,0.54291 
38100000 ,5.80246 ,5.90161 ,0.04805 ,6.70617 ,6.74264 ,0.02087 ,7.79172 ,7.82914 ,0.02049 ,3811,0.05632 ,0.24763 ,0.51399 
38110000 ,5.81348 ,5.90712 ,0.03106 ,6.71719 ,6.67612 ,0.04285 ,7.80274 ,7.83313 ,0.03447 ,3812,0.05417 ,0.24956 ,0.50452 
38120000 ,5.82450 ,5.84626 ,0.06833 ,6.72270 ,6.76569 ,0.06127 ,7.81376 ,7.88612 ,0.05626 ,3813,0.06045 ,0.24687 ,0.51855 
38130000 ,5.83001 ,5.83175 ,0.03794 ,6.73372 ,6.77067 ,0.05940 ,7.83029 ,7.81586 ,0.01668 ,3814,0.04003 ,0.25051 ,0.52122 
38140000 ,5.84103 ,5.93617 ,0.02317 ,6.74474 ,6.72119 ,0.04398 ,7.84132 ,7.86775 ,0.02586 ,3815,0.04867 ,0.25968 ,0.53123 
38150000 ,5.85206 ,5.88041 ,0.06747 ,6.75576 ,6.80672 ,0.06063 ,7.85234 ,7.86366 ,0.03114 ,3816,0.06540 ,0.24985 ,0.51725 
38160000 ,5.86308 ,5.94888 ,0.02034 ,6.76678 ,6.83573 ,0.04232 ,7.86336 ,7.92617 ,0.01595 ,3817,0.07499 ,0.21314 ,0.53771 
38170000 ,5.87410 ,5.84284 ,0.08995 ,6.77780 ,6.83459 ,0.04160 ,7.87438 ,7.89437 ,0.05431 ,3818,0.06257 ,0.21006 ,0.51910 
38180000 ,5.87961 ,5.99295 ,0.00181 ,6.78883 ,6.80695 ,0.02114 ,7.89091 ,7.89672 ,0.02461 ,3819,0.05255 ,0.20610 ,0.52805 
38190000 ,5.89063 ,5.95566 ,0.04110 ,6.79985 ,6.85522 ,0.02165 ,7.90193 ,7.90659 ,0.04101 ,3820,0.05501 ,0.21278 ,0.53806 
38200000 ,5.90165 ,6.00515 ,0.06417 ,6.81638 ,6.77598 ,0.02757 ,7.91295 ,7.93029 ,0.02852 ,3821,0.04159 ,0.22617 ,0.53435 
38210000 ,5.91267 ,5.93943 ,0.04714 ,6.82740 ,6.87941 ,0.02401 ,7.92397 ,7.86830 ,0.02386 ,3822,0.05189 ,0.23119 ,0.54259 
38220000 ,5.92369 ,6.01769 ,0.04498 ,6.83842 ,6.84613 ,0.05367 ,7.94050 ,7.94200 ,0.04618 ,3823,0.03577 ,0.22723 ,0.53284 
38230000 ,5.92920 ,5.99279 ,0.05480 ,6.84944 ,6.85628 ,0.00852 ,7.95152 ,7.98948 ,0.03409 ,3824,0.04536 ,0.22151 ,0.53781 
38240000 ,5.94022 ,6.05162 ,0.03031 ,6.86046 ,6.91187 ,0.05321 ,7.96254 ,8.01417 ,0.00752 ,3825,0.06250 ,0.21920 ,0.54118 
38250000 ,5.95124 ,5.93575 ,0.01565 ,6.87148 ,6.88225 ,0.01366 ,7.97907 ,8.03506 ,0.05961 ,3826,0.06496 ,0.22016 ,0.51831 
38260000 ,5.96227 ,5.96428 ,0.04509 ,6.88801 ,6.88662 ,0.03394 ,7.99010 ,8.02560 ,0.03313 ,3827,0.04840 ,0.22861 ,0.52448 
38270000 ,5.97329 ,6.00775 ,0.05467 ,6.89904 ,6.93782 ,0.06309 ,8.00663 ,8.06438 ,0.05313 ,3828,0.04743 ,0.21948 ,0.52766 
38280000 ,5.98431 ,6.02444 ,0.02577 ,6.91006 ,6.88570 ,0.06177 ,8.01765 ,8.16471 ,0.04309 ,3829,0.03792 ,0.21717 ,0.51369 
38290000 ,5.99533 ,5.96590 ,0.05351 ,6.92108 ,6.92712 ,0.04768 ,8.02867 ,8.09124 ,0.04093 ,3830,0.04111 ,0.22757 ,0.50355 
38300000 ,6.00635 ,6.01520 ,0.06511 ,6.93761 ,6.93566 ,0.02408 ,8.04520 ,8.07722 ,0.03218 ,3831,0.06254 ,0.22684 ,0.52157 
38310000 ,6.01737 ,6.03791 ,0.04900 ,6.94863 ,6.89277 ,0.07354 ,8.05622 ,8.14670 ,0.06499 ,3832,0.07284 ,0.23384 ,0.51118 
38320000 ,6.02839 ,6.12454 ,0.02002 ,6.95965 ,6.97231 ,0.02717 ,8.07275 ,8.10008 ,0.01519 ,3833,0.05569 ,0.23520 ,0.52092 
38330000 ,6.04492 ,6.13842 ,0.04295 ,6.97618 ,6.98135 ,0.03188 ,8.08928 ,8.10099 ,0.04661 ,3834,0.05472 ,0.22544 ,0.51038 
38340000 ,6.05594 ,6.08851 ,0.05858 ,6.98720 ,7.04673 ,0.02262 ,8.10030 ,8.13976 ,0.05820 ,3835,0.05646 ,0.22148 ,0.51791 
38350000 ,6.06145 ,6.04262 ,0.05385 ,7.00373 ,6.95140 ,0.06325 ,8.11684 ,8.15077 ,0.04700 ,3836,0.04697 ,0.24430 ,0.49736 
38360000 ,6.07798 ,6.07937 ,0.02922 ,7.01475 ,7.05194 ,0.05795 ,8.12786 ,8.17218 ,0.05239 ,3837,0.07224 ,0.23481 ,0.51094 
38370000 ,6.08900 ,6.19931 ,0.03698 ,7.03128 ,7.05125 ,0.03383 ,8.14439 ,8.17229 ,0.01951 ,3838,0.08183 ,0.24398 ,0.50905 
38380000 ,6.10002 ,6.13129 ,0.05467 ,7.04230 ,7.08329 ,0.06382 ,8.16092 ,8.19225 ,0.01557 ,3839,0.05948 ,0.23476 ,0.51565 
38390000 ,6.11105 ,6.15582 ,0.03022 ,7.05884 ,7.07358 ,0.01385 ,8.17745 ,8.18923 ,0.01683 ,3840,0.06268 ,0.22273 ,0.50842 
38400000 ,6.12758 ,6.24322 ,0.03824 ,7.06986 ,7.01705 ,0.04807 ,8.18847 ,8.20947 ,0.02098 ,3841,0.06942 ,0.21877 ,0.52644 
38410000 ,6.13860 ,6.11086 ,0.01991 ,7.08639 ,7.07390 ,0.02816 ,8.20500 ,8.24896 ,0.01642 ,3842,0.05993 ,0.23369 ,0.50830 
38420000 ,6.14962 ,6.13298 ,0.00716 ,7.09741 ,7.10197 ,0.01937 ,8.22153 ,8.35990 ,0.07299 ,3843,0.06024 ,0.23100 ,0.52187 
38430000 ,6.16064 ,6.15017 ,0.05259 ,7.11394 ,7.10651 ,0.01154 ,8.23806 ,8.30717 ,0.05675 ,3844,0.02006 ,0.22473 ,0.52289 
38440000 ,6.17717 ,6.20304 ,0.05413 ,7.13047 ,7.14977 ,0.05741 ,8.25460 ,8.28203 ,0.06511 ,3845,0.02400 ,0.23390 ,0.51617 
38450000 ,6.18819 ,6.22485 ,0.03353 ,7.14700 ,7.20925 ,0.06294 ,8.27113 ,8.28609 ,0.03038 ,3846,0.02607 ,0.22451 ,0.53227 
38460000 ,6.20472 ,6.20028 ,0.00608 ,7.16354 ,7.24511 ,0.07015 ,8.28766 ,8.36465 ,0.02994 ,3847,0.02854 ,0.22055 ,0.54201 
38470000 ,6.21574 ,6.23447 ,0.06111 ,7.18007 ,7.19815 ,0.04301 ,8.30419 ,8.36595 ,0.02453 ,3848,0.04468 ,0.22064 ,0.53870 
38480000 ,6.23228 ,6.33171 ,0.02100 ,7.19109 ,7.18739 ,0.01426 ,8.32072 ,8.38826 ,0.05959 ,3849,0.04884 ,0.22218 ,0.54530 
38490000 ,6.24330 ,6.28444 ,0.03255 ,7.20762 ,7.18231 ,0.03013 ,8.33725 ,8.39228 ,0.02022 ,3850,0.03929 ,0.23828 ,0.54743 
38500000 ,6.25983 ,6.27102 ,0.05226 ,7.22415 ,7.19117 ,0.04435 ,8.35378 ,8.48005 ,0.04679 ,3851,0.03485 ,0.23559 ,0.54071 
38510000 ,6.27636 ,6.34744 ,0.04639 ,7.24068 ,7.22445 ,0.05040 ,8.37582 ,8.38252 ,0.02889 ,3852,0.02392 ,0.23093 ,0.51112 
38520000 ,6.28738 ,6.30345 ,0.03582 ,7.25721 ,7.23033 ,0.03547 ,8.39235 ,8.41917 ,0.02761 ,3853,0.03426 ,0.24010 ,0.50098 
38530000 ,6.30391 ,6.29850 ,0.03168 ,7.27374 ,7.24746 ,0.04773 ,8.40889 ,8.42907 ,0.03789 ,3854,0.03242 ,0.23087 ,0.51900 
38540000 ,6.32044 ,6.34841 ,0.05705 ,7.29027 ,7.34823 ,0.07366 ,8.42542 ,8.48826 ,0.06380 ,3855,0.04631 ,0.23108 ,0.50862 
38550000 ,6.33146 ,6.31209 ,0.08705 ,7.31232 ,7.27950 ,0.05040 ,8.44746 ,8.49553 ,0.04425 ,3856,0.03195 ,0.24025 ,0.51836 
38560000 ,6.34799 ,6.32760 ,0.03557 ,7.32885 ,7.38254 ,0.05082 ,8.46399 ,8.55604 ,0.06764 ,3857,0.04268 ,0.23042 ,0.50999 
38570000 ,6.36452 ,6.39780 ,0.04814 ,7.34538 ,7.30003 ,0.04834 ,8.48603 ,8.53846 ,0.06299 ,3858,0.05303 ,0.23474 ,0.51339 
38580000 ,6.38106 ,6.41629 ,0.04261 ,7.36191 ,7.39205 ,0.01327 ,8.50256 ,8.48734 ,0.01659 ,3859,0.02032 ,0.22436 ,0.51557 
38590000 ,6.39208 ,6.48465 ,0.05612 ,7.38395 ,7.38589 ,0.04587 ,8.52461 ,8.54669 ,0.04006 ,3860,0.04125 ,0.22128 ,0.51884 
38600000 ,6.40861 ,6.49643 ,0.05013 ,7.40048 ,7.37460 ,0.02208 ,8.54665 ,8.57694 ,0.03834 ,3861,0.04315 ,0.21732 ,0.52601 
38610000 ,6.43065 ,6.36384 ,0.04700 ,7.42252 ,7.41330 ,0.01043 ,8.56318 ,8.57863 ,0.02482 ,3862,0.05274 ,0.22291 ,0.53586 
38620000 ,6.44718 ,6.44732 ,0.03726 ,7.43905 ,7.48272 ,0.05396 ,8.58522 ,8.71229 ,0.05804 ,3863,0.05770 ,0.23168 ,0.51950 
38630000 ,6.46371 ,6.59680 ,0.01076 ,7.46109 ,7.45707 ,0.05242 ,8.60726 ,8.65332 ,0.04617 ,3864,0.06187 ,0.22717 ,0.53337 
38640000 ,6.48024 ,6.60816 ,0.04008 ,7.47763 ,7.47873 ,0.01749 ,8.62930 ,8.65495 ,0.05669 ,3865,0.02789 ,0.23644 ,0.54174 
38650000 ,6.50228 ,6.50427 ,0.02205 ,7.49967 ,7.56726 ,0.03305 ,8.65134 ,8.63632 ,0.02935 ,3866,0.02839 ,0.23375 ,0.54998 
38660000 ,6.51881 ,6.51552 ,0.06092 ,7.52171 ,7.43612 ,0.06667 ,8.67339 ,8.78331 ,0.03626 ,3867,0.04141 ,0.22251 ,0.52630 
38670000 ,6.53535 ,6.63223 ,0.07616 ,7.54375 ,7.51957 ,0.02764 ,8.69543 ,8.72958 ,0.06422 ,3868,0.03579 ,0.23779 ,0.53604 
38680000 ,6.55188 ,6.55708 ,0.03008 ,7.56579 ,7.56693 ,0.03713 ,8.71747 ,8.68661 ,0.02667 ,3869,0.05803 ,0.23383 ,0.54534 
38690000 ,6.57392 ,6.57227 ,0.06322 ,7.58784 ,7.60819 ,0.02341 ,8.73951 ,8.76928 ,0.02345 ,3870,0.05322 ,0.24875 ,0.55519 
38700000 ,6.59596 ,6.54750 ,0.08569 ,7.60988 ,7.66698 ,0.02595 ,8.76706 ,8.78746 ,0.07470 ,3871,0.06711 ,0.24606 ,0.54909 
38710000 ,6.61249 ,6.60370 ,0.04592 ,7.63192 ,7.67856 ,0.01101 ,8.78911 ,8.84175 ,0.03422 ,3872,0.04255 ,0.23979 ,0.55733 
38720000 ,6.63453 ,6.74369 ,0.05166 ,7.65396 ,7.65880 ,0.05204 ,8.81666 ,8.86512 ,0.04326 ,3873,0.03693 ,0.24896 ,0.54465 
38730000 ,6.65658 ,6.66563 ,0.05834 ,7.68151 ,7.70329 ,0.03454 ,8.83870 ,8.89314 ,0.04928 ,3874,0.05340 ,0.24458 ,0.49477 
38740000 ,6.67862 ,6.63187 ,0.04606 ,7.70355 ,7.71347 ,0.04600 ,8.86625 ,8.88479 ,0.05736 ,3875,0.04217 ,0.22498 ,0.50230 
38750000 ,6.70066 ,6.72618 ,0.02074 ,7.73111 ,7.77461 ,0.06579 ,8.89380 ,8.92512 ,0.01641 ,3876,0.04095 ,0.22191 ,0.48175 
38760000 ,6.72270 ,6.80514 ,0.02749 ,7.75315 ,7.81788 ,0.05075 ,8.92135 ,8.94474 ,0.01678 ,3877,0.05054 ,0.21795 ,0.49533 
38770000 ,6.74474 ,6.70299 ,0.06869 ,7.78070 ,7.80884 ,0.02509 ,8.94891 ,8.93276 ,0.01206 ,3878,0.04598 ,0.22482 ,0.49344 
38780000 ,6.77229 ,6.81293 ,0.05519 ,7.80825 ,7.81582 ,0.02450 ,8.97646 ,9.01377 ,0.00931 ,3879,0.05015 ,0.22339 ,0.50004 
38790000 ,6.79434 ,6.87695 ,0.02257 ,7.83580 ,7.91405 ,0.01390 ,9.00401 ,8.97435 ,0.03133 ,3880,0.04060 ,0.23512 ,0.49818 
38800000 ,6.81638 ,6.92992 ,0.05458 ,7.86336 ,7.85243 ,0.02497 ,9.03707 ,9.12783 ,0.05404 ,3881,0.02766 ,0.23247 ,0.50572 
38810000 ,6.84393 ,6.92986 ,0.05709 ,7.89091 ,7.95296 ,0.05747 ,9.06463 ,9.10159 ,0.04528 ,3882,0.03720 ,0.23682 ,0.50145 
38820000 ,6.87148 ,6.99902 ,0.06414 ,7.92397 ,7.93914 ,0.06047 ,9.09769 ,9.13271 ,0.03902 ,3883,0.01080 ,0.23610 ,0.51630 
38830000 ,6.89904 ,6.93407 ,0.06453 ,7.95152 ,7.92948 ,0.04006 ,9.13075 ,9.12722 ,0.03447 ,3884,0.03173 ,0.22993 ,0.50862 
38840000 ,6.92659 ,6.91065 ,0.06375 ,7.98458 ,8.01378 ,0.04996 ,9.16381 ,9.21889 ,0.05642 ,3885,0.03519 ,0.24569 ,0.49656 
38850000 ,6.95414 ,6.96244 ,0.06726 ,8.01765 ,8.08523 ,0.05640 ,9.19688 ,9.35079 ,0.05144 ,3886,0.04549 ,0.24173 ,0.51013 
38860000 ,6.98720 ,7.08770 ,0.07571 ,8.05071 ,8.07842 ,0.02164 ,9.22994 ,9.23749 ,0.00899 ,3887,0.03475 ,0.24183 ,0.50858 
38870000 ,7.01475 ,7.01565 ,0.05540 ,8.08377 ,8.10595 ,0.04851 ,9.26851 ,9.31026 ,0.03381 ,3888,0.04430 ,0.24336 ,0.52342 
38880000 ,7.04781 ,7.08978 ,0.04363 ,8.12235 ,8.16881 ,0.06081 ,9.30157 ,9.36095 ,0.05980 ,3889,0.02512 ,0.23567 ,0.52208 
38890000 ,7.08088 ,7.03975 ,0.03507 ,8.15541 ,8.14705 ,0.03217 ,9.34566 ,9.33549 ,0.01439 ,3890,0.03364 ,0.23302 ,0.53034 
38900000 ,7.11394 ,7.10542 ,0.04174 ,8.19398 ,8.20928 ,0.04005 ,9.37872 ,9.41219 ,0.03317 ,3891,0.07464 ,0.23463 ,0.51433 
38910000 ,7.15251 ,7.18829 ,0.04437 ,8.23255 ,8.30541 ,0.07197 ,9.42280 ,9.45975 ,0.06191 ,3892,0.07881 ,0.23011 ,0.52092 
38920000 ,7.19109 ,7.19930 ,0.06388 ,8.27113 ,8.27082 ,0.04763 ,9.46689 ,9.50648 ,0.03762 ,3893,0.04441 ,0.24230 ,0.52983 
38930000 ,7.22966 ,7.27560 ,0.05978 ,8.31521 ,8.33284 ,0.05445 ,9.51097 ,9.53826 ,0.03927 ,3894,0.06534 ,0.24680 ,0.53744 
38940000 ,7.26823 ,7.25434 ,0.05676 ,8.35929 ,8.36860 ,0.03839 ,9.55505 ,9.62711 ,0.04832 ,3895,0.04824 ,0.22686 ,0.54569 
38950000 ,7.31232 ,7.41417 ,0.02252 ,8.40338 ,8.43862 ,0.01783 ,9.60465 ,9.66581 ,0.06481 ,3896,0.05676 ,0.23721 ,0.49300 
38960000 ,7.35089 ,7.34003 ,0.01238 ,8.45297 ,8.43105 ,0.05960 ,9.65424 ,9.65130 ,0.01538 ,3897,0.04598 ,0.25910 ,0.49539 
38970000 ,7.40048 ,7.45310 ,0.06862 ,8.50256 ,8.55838 ,0.06277 ,9.70383 ,9.77025 ,0.02786 ,3898,0.05293 ,0.25641 ,0.51341 
38980000 ,7.45007 ,7.46140 ,0.06494 ,8.55216 ,8.54257 ,0.05290 ,9.76445 ,9.76415 ,0.03118 ,3899,0.05428 ,0.25434 ,0.49527 
38990000 ,7.50518 ,7.49523 ,0.05832 ,8.61277 ,8.56155 ,0.05079 ,9.81955 ,9.82178 ,0.01940 ,3900,0.05331 ,0.25543 ,0.50885 
39000000 ,7.56028 ,7.60065 ,0.06701 ,8.67339 ,8.72790 ,0.05024 ,9.88017 ,9.87780 ,0.06695 ,3901,0.06580 ,0.26578 ,0.50987 
39010000 ,7.61539 ,7.65582 ,0.05006 ,8.73400 ,8.75418 ,0.03200 ,9.94629 ,10.00550 ,0.05089 ,3902,0.04513 ,0.22926 ,0.50315 
39020000 ,7.68151 ,7.79844 ,0.05803 ,8.80013 ,8.77089 ,0.06929 ,10.01242 ,10.01403 ,0.01910 ,3903,0.05696 ,0.23453 ,0.49984 
39030000 ,7.74764 ,7.86475 ,0.05367 ,8.87176 ,8.83977 ,0.04702 ,10.08956 ,10.14998 ,0.02660 ,3904,0.03761 ,0.24600 ,0.51786 
39040000 ,7.82478 ,7.92486 ,0.06294 ,8.94891 ,8.95616 ,0.02004 ,10.16671 ,10.16050 ,0.01734 ,3905,0.05788 ,0.23076 ,0.51371 
39050000 ,7.90744 ,7.94931 ,0.06053 ,9.04259 ,9.10440 ,0.05332 ,10.25488 ,10.40464 ,0.04882 ,3906,0.06818 ,0.22680 ,0.52855 
39060000 ,8.00112 ,7.98122 ,0.05194 ,9.13075 ,9.19878 ,0.02971 ,10.35406 ,10.49609 ,0.07019 ,3907,0.05500 ,0.24172 ,0.52209 
39070000 ,8.10582 ,8.09683 ,0.01830 ,9.23545 ,9.27261 ,0.04806 ,10.45876 ,10.50925 ,0.05413 ,3908,0.04938 ,0.23902 ,0.53033 
39080000 ,8.22704 ,8.34408 ,0.04811 ,9.35668 ,9.36027 ,0.04845 ,10.57448 ,10.57295 ,0.01888 ,3909,0.05198 ,0.23276 ,0.49294 
39090000 ,8.37031 ,8.47839 ,0.04945 ,9.49444 ,9.53519 ,0.02536 ,10.71775 ,10.74441 ,0.04172 ,3910,0.03131 ,0.24193 ,0.50652 
39100000 ,8.54665 ,8.61221 ,0.03506 ,9.65975 ,9.69285 ,0.02151 ,10.88306 ,10.89618 ,0.04024 ,3911,0.03556 ,0.23253 ,0.50497 
39110000 ,8.77809 ,8.86434 ,0.07190 ,9.86363 ,9.82336 ,0.05208 ,11.09797 ,11.14063 ,0.05062 ,3912,0.03313 ,0.22857 ,0.51847 
39120000 ,9.11973 ,9.17057 ,0.06318 ,10.15569 ,10.28314 ,0.07729 ,11.39002 ,11.50690 ,0.06702 ,3913,0.04702 ,0.22867 ,0.52672 
,,,,,,,,,,3914,0.03482 ,0.23020 ,0.51663 
,,,,,,,,,,3915,0.04436 ,0.24631 ,0.53935 
,,,,,,,,,,3916,0.03370 ,0.24362 ,0.56689 
,,,,,,,,,,3917,0.04341 ,0.23895 ,0.53305 
,,,,,,,,,,3918,0.03779 ,0.24812 ,0.54055 
,,,,,,,,,,3919,0.04367 ,0.23890 ,0.54050 
,,,,,,,,,,3920,0.05450 ,0.23197 ,0.54875 
,,,,,,,,,,3921,0.06222 ,0.23951 ,0.51686 
,,,,,,,,,,3922,0.07611 ,0.24060 ,0.52660 
,,,,,,,,,,3923,0.05342 ,0.25096 ,0.52329 
,,,,,,,,,,3924,0.05615 ,0.23445 ,0.52989 
,,,,,,,,,,3925,0.04667 ,0.24761 ,0.53201 
,,,,,,,,,,3926,0.06347 ,0.25805 ,0.52529 
,,,,,,,,,,3927,0.05785 ,0.25943 ,0.50607 
,,,,,,,,,,3928,0.03999 ,0.25352 ,0.51581 
,,,,,,,,,,3929,0.01985 ,0.23913 ,0.52511 
,,,,,,,,,,3930,0.03723 ,0.23517 ,0.53496 
,,,,,,,,,,3931,0.04757 ,0.25009 ,0.52886 
,,,,,,,,,,3932,0.01486 ,0.24739 ,0.53710 
,,,,,,,,,,3933,0.03579 ,0.24113 ,0.51278 
,,,,,,,,,,3934,0.03769 ,0.25030 ,0.51938 
,,,,,,,,,,3935,0.04728 ,0.25050 ,0.52829 
,,,,,,,,,,3936,0.03837 ,0.26093 ,0.53589 
,,,,,,,,,,3937,0.05930 ,0.26232 ,0.54415 
,,,,,,,,,,3938,0.05714 ,0.24160 ,0.53445 
,,,,,,,,,,3939,0.06342 ,0.23764 ,0.52773 
,,,,,,,,,,3940,0.04300 ,0.25256 ,0.54195 
,,,,,,,,,,3941,0.05165 ,0.24986 ,0.55019 
,,,,,,,,,,3942,0.06837 ,0.24360 ,0.54190 
,,,,,,,,,,3943,0.07797 ,0.25276 ,0.55015 
,,,,,,,,,,3944,0.06555 ,0.24563 ,0.52782 
,,,,,,,,,,3945,0.03364 ,0.25646 ,0.51048 
,,,,,,,,,,3946,0.03571 ,0.25377 ,0.52142 
,,,,,,,,,,3947,0.03817 ,0.25244 ,0.51562 
,,,,,,,,,,3948,0.05955 ,0.25959 ,0.49533 
,,,,,,,,,,3949,0.06372 ,0.24545 ,0.50332 
,,,,,,,,,,3950,0.02973 ,0.26067 ,0.49832 
,,,,,,,,,,3951,0.03024 ,0.25389 ,0.49883 
,,,,,,,,,,3952,0.04326 ,0.26379 ,0.49593 
,,,,,,,,,,3953,0.03764 ,0.27296 ,0.48950 
,,,,,,,,,,3954,0.07432 ,0.26313 ,0.50353 
,,,,,,,,,,3955,0.07848 ,0.24652 ,0.50256 
,,,,,,,,,,3956,0.04409 ,0.24791 ,0.50198 
,,,,,,,,,,3957,0.06501 ,0.25250 ,0.52000 
,,,,,,,,,,3958,0.04791 ,0.24571 ,0.50186 
,,,,,,,,,,3959,0.05644 ,0.24627 ,0.51544 
,,,,,,,,,,3960,0.04566 ,0.25544 ,0.51645 
,,,,,,,,,,3961,0.05261 ,0.24561 ,0.50973 
,,,,,,,,,,3962,0.05395 ,0.19858 ,0.51129 
,,,,,,,,,,3963,0.05298 ,0.19614 ,0.51929 
,,,,,,,,,,3964,0.06547 ,0.19809 ,0.51469 
,,,,,,,,,,3965,0.04480 ,0.19578 ,0.51891 
,,,,,,,,,,3966,0.04831 ,0.20190 ,0.52892 
,,,,,,,,,,3967,0.05684 ,0.20063 ,0.52790 
,,,,,,,,,,3968,0.04630 ,0.19920 ,0.51844 
,,,,,,,,,,3969,0.06915 ,0.20196 ,0.53247 
,,,,,,,,,,3970,0.04873 ,0.21460 ,0.53513 
,,,,,,,,,,3971,0.05737 ,0.21153 ,0.54515 
,,,,,,,,,,3972,0.07372 ,0.20757 ,0.53117 
,,,,,,,,,,3973,0.07618 ,0.21994 ,0.52371 
,,,,,,,,,,3974,0.06573 ,0.18873 ,0.53169 
,,,,,,,,,,3975,0.06623 ,0.19068 ,0.52497 
,,,,,,,,,,3976,0.06937 ,0.18837 ,0.49960 
,,,,,,,,,,3977,0.06058 ,0.20753 ,0.50760 
,,,,,,,,,,3978,0.06923 ,0.20446 ,0.50259 
,,,,,,,,,,3979,0.05357 ,0.20050 ,0.49993 
,,,,,,,,,,3980,0.06509 ,0.21322 ,0.50746 
,,,,,,,,,,3981,0.04960 ,0.21091 ,0.48691 
,,,,,,,,,,3982,0.06259 ,0.21186 ,0.50049 
,,,,,,,,,,3983,0.07648 ,0.21893 ,0.49860 
,,,,,,,,,,3984,0.07086 ,0.22031 ,0.50520 
,,,,,,,,,,3985,0.07124 ,0.21021 ,0.50389 
,,,,,,,,,,3986,0.07027 ,0.19749 ,0.51142 
,,,,,,,,,,3987,0.05567 ,0.20901 ,0.50253 
,,,,,,,,,,3988,0.06866 ,0.19650 ,0.51283 
,,,,,,,,,,3989,0.06903 ,0.23026 ,0.51004 
,,,,,,,,,,3990,0.04835 ,0.23319 ,0.52005 
,,,,,,,,,,3991,0.04728 ,0.22905 ,0.51812 
,,,,,,,,,,3992,0.05682 ,0.22766 ,0.52611 
,,,,,,,,,,3993,0.05201 ,0.21586 ,0.52057 
,,,,,,,,,,3994,0.06590 ,0.22295 ,0.53414 
,,,,,,,,,,3995,0.04134 ,0.19904 ,0.52554 
,,,,,,,,,,3996,0.03572 ,0.21057 ,0.53583 
,,,,,,,,,,3997,0.05218 ,0.19806 ,0.53094 
,,,,,,,,,,3998,0.05678 ,0.24260 ,0.54851 
,,,,,,,,,,3999,0.03841 ,0.21221 ,0.53250 
,,,,,,,,,,4000,0.03744 ,0.22098 ,0.54235 
