"S(0,0)","S_NAG(0,0)","S(-10,10)","S_NAG(-10,10)","S(15,-15)","S_NAG(15,-15)"
0.00633 ,0.00646 ,0.18004 ,0.00482 ,0.46941 ,0.00524 
-0.01494 ,0.00651 ,0.19186 ,0.00610 ,0.46619 ,0.00674 
0.01030 ,0.00686 ,0.19047 ,0.00692 ,0.47233 ,0.00714 
-0.00259 ,0.00754 ,0.17884 ,0.00729 ,0.46341 ,0.00752 
0.00899 ,0.00799 ,0.18221 ,0.00777 ,0.46956 ,0.00787 
-0.01124 ,0.00816 ,0.17653 ,0.00793 ,0.46900 ,0.00815 
-0.00695 ,0.00831 ,0.16106 ,0.00908 ,0.46051 ,0.00827 
0.01629 ,0.00927 ,0.18849 ,0.00915 ,0.45744 ,0.00840 
0.00189 ,0.00946 ,0.17592 ,0.00918 ,0.46813 ,0.00865 
0.01238 ,0.00963 ,0.22047 ,0.00924 ,0.47234 ,0.00897 
0.02020 ,0.00986 ,0.16532 ,0.00935 ,0.47845 ,0.00933 
0.00880 ,0.01009 ,0.18711 ,0.00972 ,0.48460 ,0.00951 
-0.00479 ,0.01012 ,0.22145 ,0.00982 ,0.47097 ,0.00959 
0.01424 ,0.01020 ,0.22069 ,0.01036 ,0.46178 ,0.00977 
0.01517 ,0.01034 ,0.23517 ,0.01073 ,0.47915 ,0.00977 
-0.00585 ,0.01041 ,0.17453 ,0.01078 ,0.46970 ,0.01043 
0.00175 ,0.01041 ,0.21912 ,0.01081 ,0.48693 ,0.01067 
0.00223 ,0.01047 ,0.16336 ,0.01089 ,0.46772 ,0.01067 
0.00531 ,0.01062 ,0.18390 ,0.01106 ,0.48384 ,0.01076 
0.00559 ,0.01067 ,0.17350 ,0.01109 ,0.47246 ,0.01079 
0.01126 ,0.01067 ,0.18457 ,0.01115 ,0.47849 ,0.01096 
-0.00372 ,0.01080 ,0.18595 ,0.01120 ,0.47857 ,0.01109 
-0.00287 ,0.01120 ,0.16105 ,0.01124 ,0.52571 ,0.01126 
0.02711 ,0.01125 ,0.21728 ,0.01148 ,0.45878 ,0.01131 
0.00134 ,0.01130 ,0.16674 ,0.01152 ,0.47846 ,0.01131 
0.00562 ,0.01136 ,0.22231 ,0.01153 ,0.53599 ,0.01131 
-0.00448 ,0.01137 ,0.18160 ,0.01160 ,0.53280 ,0.01147 
0.00920 ,0.01141 ,0.17230 ,0.01166 ,0.53575 ,0.01150 
0.02550 ,0.01146 ,0.16063 ,0.01170 ,0.46492 ,0.01155 
0.00071 ,0.01164 ,0.17668 ,0.01178 ,0.47884 ,0.01158 
0.00194 ,0.01171 ,0.21825 ,0.01195 ,0.47874 ,0.01160 
-0.00197 ,0.01172 ,0.18558 ,0.01197 ,0.46938 ,0.01161 
0.00661 ,0.01176 ,0.17457 ,0.01203 ,0.48078 ,0.01162 
-0.00589 ,0.01177 ,0.22364 ,0.01207 ,0.53050 ,0.01184 
-0.00295 ,0.01185 ,0.17413 ,0.01207 ,0.46665 ,0.01190 
-0.00687 ,0.01190 ,0.20641 ,0.01209 ,0.47769 ,0.01191 
-0.00407 ,0.01191 ,0.23862 ,0.01211 ,0.47316 ,0.01200 
-0.00799 ,0.01196 ,0.24173 ,0.01233 ,0.47123 ,0.01201 
0.02474 ,0.01211 ,0.18261 ,0.01238 ,0.46333 ,0.01215 
0.00306 ,0.01219 ,0.18399 ,0.01242 ,0.46983 ,0.01220 
0.02128 ,0.01220 ,0.17881 ,0.01261 ,0.47003 ,0.01221 
0.00653 ,0.01221 ,0.19665 ,0.01269 ,0.47930 ,0.01223 
-0.00061 ,0.01234 ,0.18021 ,0.01291 ,0.47738 ,0.01224 
-0.00365 ,0.01238 ,0.22135 ,0.01292 ,0.46651 ,0.01226 
-0.01294 ,0.01238 ,0.22179 ,0.01294 ,0.48079 ,0.01229 
0.02084 ,0.01239 ,0.18251 ,0.01295 ,0.46452 ,0.01234 
0.01222 ,0.01260 ,0.16842 ,0.01304 ,0.47864 ,0.01238 
-0.00841 ,0.01272 ,0.22392 ,0.01315 ,0.52320 ,0.01239 
0.03629 ,0.01272 ,0.17919 ,0.01317 ,0.48018 ,0.01241 
-0.01239 ,0.01274 ,0.23472 ,0.01319 ,0.45218 ,0.01242 
0.01311 ,0.01280 ,0.19768 ,0.01330 ,0.53937 ,0.01243 
0.03026 ,0.01283 ,0.17813 ,0.01331 ,0.49365 ,0.01246 
0.00527 ,0.01291 ,0.22709 ,0.01331 ,0.53397 ,0.01247 
-0.00669 ,0.01292 ,0.18452 ,0.01336 ,0.47266 ,0.01248 
0.00374 ,0.01297 ,0.16763 ,0.01344 ,0.48417 ,0.01249 
0.01134 ,0.01297 ,0.20514 ,0.01353 ,0.47235 ,0.01255 
0.00469 ,0.01303 ,0.22490 ,0.01356 ,0.53912 ,0.01260 
0.01027 ,0.01306 ,0.16567 ,0.01357 ,0.51243 ,0.01261 
-0.00229 ,0.01314 ,0.18249 ,0.01364 ,0.47152 ,0.01279 
0.01885 ,0.01318 ,0.17009 ,0.01369 ,0.48399 ,0.01281 
0.00426 ,0.01319 ,0.18659 ,0.01369 ,0.48511 ,0.01285 
-0.00607 ,0.01321 ,0.21458 ,0.01370 ,0.49852 ,0.01293 
-0.00308 ,0.01325 ,0.23450 ,0.01370 ,0.47732 ,0.01297 
-0.00999 ,0.01325 ,0.22437 ,0.01378 ,0.48657 ,0.01297 
0.00394 ,0.01327 ,0.16882 ,0.01388 ,0.53102 ,0.01297 
-0.00941 ,0.01339 ,0.17428 ,0.01391 ,0.46792 ,0.01299 
0.02605 ,0.01347 ,0.22820 ,0.01393 ,0.47738 ,0.01304 
0.01139 ,0.01352 ,0.21861 ,0.01394 ,0.48090 ,0.01308 
0.00672 ,0.01362 ,0.18995 ,0.01395 ,0.47842 ,0.01316 
0.01061 ,0.01363 ,0.17826 ,0.01399 ,0.53763 ,0.01322 
-0.00471 ,0.01363 ,0.18428 ,0.01401 ,0.48749 ,0.01329 
0.00841 ,0.01364 ,0.18251 ,0.01412 ,0.46917 ,0.01329 
0.00069 ,0.01378 ,0.19149 ,0.01412 ,0.53618 ,0.01337 
0.00000 ,0.01379 ,0.18034 ,0.01413 ,0.50085 ,0.01340 
0.01879 ,0.01379 ,0.18189 ,0.01413 ,0.52658 ,0.01343 
0.01748 ,0.01381 ,0.17573 ,0.01413 ,0.46137 ,0.01344 
0.00704 ,0.01402 ,0.18010 ,0.01417 ,0.52773 ,0.01345 
0.00440 ,0.01404 ,0.18207 ,0.01417 ,0.54724 ,0.01352 
0.03467 ,0.01409 ,0.17197 ,0.01420 ,0.54242 ,0.01353 
0.04814 ,0.01410 ,0.17305 ,0.01423 ,0.50980 ,0.01356 
0.02140 ,0.01412 ,0.16308 ,0.01424 ,0.46758 ,0.01359 
-0.00236 ,0.01415 ,0.20066 ,0.01425 ,0.46374 ,0.01360 
0.01318 ,0.01416 ,0.19221 ,0.01433 ,0.47071 ,0.01365 
0.00762 ,0.01429 ,0.23817 ,0.01433 ,0.53863 ,0.01368 
0.02914 ,0.01432 ,0.24062 ,0.01436 ,0.47881 ,0.01371 
0.01527 ,0.01433 ,0.19359 ,0.01436 ,0.50865 ,0.01371 
0.03077 ,0.01433 ,0.19026 ,0.01436 ,0.47016 ,0.01376 
-0.00417 ,0.01439 ,0.18980 ,0.01438 ,0.53184 ,0.01380 
0.01714 ,0.01439 ,0.22145 ,0.01438 ,0.48904 ,0.01381 
0.00464 ,0.01440 ,0.17821 ,0.01440 ,0.49854 ,0.01381 
0.00617 ,0.01441 ,0.18376 ,0.01444 ,0.47521 ,0.01383 
0.01279 ,0.01444 ,0.20116 ,0.01444 ,0.48750 ,0.01388 
-0.00223 ,0.01445 ,0.18851 ,0.01444 ,0.48576 ,0.01390 
0.00552 ,0.01445 ,0.25851 ,0.01444 ,0.53078 ,0.01391 
0.00521 ,0.01447 ,0.19417 ,0.01446 ,0.49989 ,0.01392 
0.00034 ,0.01449 ,0.19818 ,0.01446 ,0.48121 ,0.01399 
0.03158 ,0.01449 ,0.21677 ,0.01447 ,0.47877 ,0.01400 
0.00292 ,0.01451 ,0.18515 ,0.01447 ,0.54273 ,0.01404 
0.01014 ,0.01463 ,0.17074 ,0.01450 ,0.47109 ,0.01406 
-0.00010 ,0.01463 ,0.26365 ,0.01465 ,0.47110 ,0.01408 
0.01752 ,0.01466 ,0.21832 ,0.01466 ,0.53782 ,0.01409 
0.00593 ,0.01475 ,0.20189 ,0.01467 ,0.48492 ,0.01412 
0.01581 ,0.01476 ,0.23974 ,0.01471 ,0.52103 ,0.01412 
0.02120 ,0.01483 ,0.16351 ,0.01473 ,0.50897 ,0.01416 
0.00928 ,0.01485 ,0.16180 ,0.01476 ,0.49979 ,0.01416 
0.00816 ,0.01490 ,0.19279 ,0.01483 ,0.51732 ,0.01417 
0.01191 ,0.01499 ,0.16651 ,0.01483 ,0.53894 ,0.01417 
0.03093 ,0.01500 ,0.21775 ,0.01484 ,0.47256 ,0.01419 
0.02110 ,0.01505 ,0.22576 ,0.01484 ,0.50308 ,0.01419 
0.00774 ,0.01506 ,0.17032 ,0.01486 ,0.47912 ,0.01424 
0.01729 ,0.01507 ,0.22465 ,0.01493 ,0.53384 ,0.01425 
0.01885 ,0.01514 ,0.18645 ,0.01494 ,0.48536 ,0.01425 
0.04733 ,0.01519 ,0.19673 ,0.01499 ,0.47745 ,0.01428 
0.02623 ,0.01526 ,0.21958 ,0.01500 ,0.46412 ,0.01433 
0.00647 ,0.01527 ,0.20457 ,0.01500 ,0.48208 ,0.01433 
0.04621 ,0.01527 ,0.23319 ,0.01502 ,0.47679 ,0.01436 
0.02276 ,0.01528 ,0.17958 ,0.01507 ,0.48072 ,0.01437 
0.02844 ,0.01529 ,0.25479 ,0.01507 ,0.47311 ,0.01450 
0.00673 ,0.01530 ,0.20590 ,0.01510 ,0.47770 ,0.01451 
0.02445 ,0.01532 ,0.21303 ,0.01512 ,0.47309 ,0.01451 
0.00281 ,0.01536 ,0.22643 ,0.01514 ,0.49144 ,0.01452 
0.01696 ,0.01538 ,0.25256 ,0.01514 ,0.57058 ,0.01455 
0.01877 ,0.01539 ,0.21934 ,0.01515 ,0.47243 ,0.01455 
0.02222 ,0.01544 ,0.19826 ,0.01518 ,0.48762 ,0.01458 
0.04210 ,0.01546 ,0.18113 ,0.01521 ,0.49241 ,0.01459 
0.01161 ,0.01548 ,0.19031 ,0.01523 ,0.50925 ,0.01461 
0.00488 ,0.01556 ,0.17929 ,0.01523 ,0.46983 ,0.01465 
0.01642 ,0.01558 ,0.24754 ,0.01526 ,0.46811 ,0.01465 
0.01975 ,0.01561 ,0.18898 ,0.01529 ,0.51823 ,0.01466 
0.00109 ,0.01566 ,0.25370 ,0.01533 ,0.49183 ,0.01467 
0.00940 ,0.01566 ,0.19625 ,0.01535 ,0.48785 ,0.01467 
0.00774 ,0.01567 ,0.17706 ,0.01536 ,0.49147 ,0.01468 
0.00869 ,0.01567 ,0.20554 ,0.01536 ,0.47925 ,0.01469 
0.00382 ,0.01571 ,0.20874 ,0.01537 ,0.48001 ,0.01471 
0.00469 ,0.01572 ,0.18052 ,0.01537 ,0.49499 ,0.01471 
-0.00189 ,0.01576 ,0.25434 ,0.01537 ,0.53521 ,0.01473 
0.00516 ,0.01581 ,0.26789 ,0.01540 ,0.49755 ,0.01475 
0.01258 ,0.01582 ,0.19083 ,0.01541 ,0.51608 ,0.01478 
-0.00132 ,0.01582 ,0.23134 ,0.01542 ,0.50756 ,0.01487 
0.01584 ,0.01582 ,0.18726 ,0.01545 ,0.52488 ,0.01488 
0.02929 ,0.01587 ,0.24335 ,0.01548 ,0.54100 ,0.01490 
0.02385 ,0.01590 ,0.17673 ,0.01551 ,0.51316 ,0.01491 
0.00266 ,0.01591 ,0.24645 ,0.01551 ,0.48612 ,0.01493 
0.06062 ,0.01599 ,0.25785 ,0.01554 ,0.51255 ,0.01498 
0.02087 ,0.01600 ,0.24709 ,0.01556 ,0.46846 ,0.01501 
0.02444 ,0.01601 ,0.22871 ,0.01556 ,0.49672 ,0.01501 
0.00376 ,0.01602 ,0.17450 ,0.01558 ,0.53740 ,0.01501 
0.01709 ,0.01603 ,0.18684 ,0.01559 ,0.54231 ,0.01508 
0.00996 ,0.01605 ,0.18388 ,0.01560 ,0.47587 ,0.01514 
-0.00173 ,0.01607 ,0.22095 ,0.01562 ,0.47040 ,0.01514 
0.01181 ,0.01608 ,0.18822 ,0.01563 ,0.47660 ,0.01515 
0.01069 ,0.01612 ,0.19732 ,0.01571 ,0.47480 ,0.01518 
0.03838 ,0.01614 ,0.19995 ,0.01575 ,0.52687 ,0.01519 
0.00935 ,0.01616 ,0.22333 ,0.01578 ,0.47890 ,0.01523 
0.02597 ,0.01621 ,0.22842 ,0.01581 ,0.59554 ,0.01523 
0.01767 ,0.01623 ,0.16430 ,0.01583 ,0.48535 ,0.01524 
0.01276 ,0.01624 ,0.20735 ,0.01584 ,0.49961 ,0.01524 
0.02343 ,0.01624 ,0.16859 ,0.01586 ,0.47946 ,0.01526 
0.01695 ,0.01624 ,0.19221 ,0.01586 ,0.49431 ,0.01527 
0.01319 ,0.01625 ,0.23770 ,0.01588 ,0.45926 ,0.01536 
0.00999 ,0.01626 ,0.21356 ,0.01592 ,0.47766 ,0.01539 
0.01375 ,0.01627 ,0.23530 ,0.01597 ,0.47878 ,0.01539 
0.01589 ,0.01634 ,0.18010 ,0.01598 ,0.48604 ,0.01539 
-0.00167 ,0.01634 ,0.27674 ,0.01599 ,0.48793 ,0.01545 
0.01749 ,0.01637 ,0.18765 ,0.01602 ,0.49207 ,0.01545 
0.02385 ,0.01637 ,0.23951 ,0.01602 ,0.48183 ,0.01545 
0.03026 ,0.01641 ,0.25048 ,0.01604 ,0.48888 ,0.01546 
-0.00093 ,0.01642 ,0.18630 ,0.01604 ,0.52464 ,0.01550 
0.01646 ,0.01643 ,0.22134 ,0.01604 ,0.53386 ,0.01550 
0.05720 ,0.01644 ,0.22682 ,0.01606 ,0.48220 ,0.01553 
0.03620 ,0.01644 ,0.18768 ,0.01607 ,0.51975 ,0.01558 
0.00180 ,0.01646 ,0.27243 ,0.01607 ,0.52151 ,0.01559 
0.01945 ,0.01648 ,0.22339 ,0.01608 ,0.54610 ,0.01563 
0.01412 ,0.01648 ,0.18125 ,0.01609 ,0.47297 ,0.01564 
0.00290 ,0.01648 ,0.16629 ,0.01611 ,0.48823 ,0.01565 
0.01793 ,0.01649 ,0.19870 ,0.01616 ,0.47638 ,0.01566 
0.00288 ,0.01651 ,0.25083 ,0.01622 ,0.51099 ,0.01567 
0.00190 ,0.01651 ,0.20594 ,0.01624 ,0.54066 ,0.01568 
-0.00191 ,0.01652 ,0.18236 ,0.01625 ,0.50548 ,0.01569 
0.02184 ,0.01654 ,0.16145 ,0.01626 ,0.53588 ,0.01570 
0.01286 ,0.01654 ,0.23400 ,0.01628 ,0.48573 ,0.01571 
0.03673 ,0.01655 ,0.18760 ,0.01630 ,0.48537 ,0.01573 
-0.00303 ,0.01656 ,0.23249 ,0.01632 ,0.47781 ,0.01574 
-0.00118 ,0.01656 ,0.16919 ,0.01635 ,0.53198 ,0.01574 
-0.00902 ,0.01657 ,0.17959 ,0.01635 ,0.47782 ,0.01575 
0.00886 ,0.01657 ,0.24703 ,0.01637 ,0.55234 ,0.01577 
0.01995 ,0.01658 ,0.19694 ,0.01638 ,0.47531 ,0.01580 
0.01526 ,0.01658 ,0.20783 ,0.01638 ,0.49152 ,0.01584 
-0.00376 ,0.01667 ,0.23479 ,0.01641 ,0.52403 ,0.01588 
0.01118 ,0.01670 ,0.18177 ,0.01642 ,0.51912 ,0.01588 
0.02713 ,0.01671 ,0.17220 ,0.01644 ,0.48744 ,0.01592 
0.00741 ,0.01673 ,0.17499 ,0.01644 ,0.50603 ,0.01596 
0.05212 ,0.01674 ,0.18649 ,0.01648 ,0.47015 ,0.01597 
0.03282 ,0.01674 ,0.20287 ,0.01648 ,0.51233 ,0.01601 
0.00171 ,0.01676 ,0.25145 ,0.01649 ,0.50049 ,0.01601 
-0.00303 ,0.01683 ,0.19858 ,0.01652 ,0.47604 ,0.01601 
0.01637 ,0.01683 ,0.20411 ,0.01654 ,0.48744 ,0.01601 
0.00989 ,0.01685 ,0.25596 ,0.01654 ,0.49485 ,0.01605 
-0.00695 ,0.01687 ,0.23001 ,0.01655 ,0.47372 ,0.01606 
0.00288 ,0.01688 ,0.24618 ,0.01655 ,0.47355 ,0.01607 
0.01413 ,0.01688 ,0.17721 ,0.01659 ,0.53772 ,0.01608 
0.02296 ,0.01688 ,0.23928 ,0.01659 ,0.51695 ,0.01608 
-0.00789 ,0.01689 ,0.19333 ,0.01659 ,0.50487 ,0.01609 
0.00501 ,0.01691 ,0.19688 ,0.01661 ,0.53347 ,0.01610 
0.00517 ,0.01691 ,0.21772 ,0.01661 ,0.46833 ,0.01611 
-0.00016 ,0.01692 ,0.20303 ,0.01662 ,0.48030 ,0.01612 
0.01597 ,0.01693 ,0.23405 ,0.01666 ,0.48687 ,0.01613 
0.01858 ,0.01695 ,0.16766 ,0.01667 ,0.47800 ,0.01613 
0.00380 ,0.01696 ,0.18232 ,0.01667 ,0.52048 ,0.01618 
0.01485 ,0.01697 ,0.19078 ,0.01672 ,0.46845 ,0.01619 
0.01556 ,0.01699 ,0.21126 ,0.01674 ,0.48348 ,0.01622 
0.00488 ,0.01702 ,0.17657 ,0.01675 ,0.54431 ,0.01623 
0.01560 ,0.01704 ,0.17239 ,0.01675 ,0.47574 ,0.01623 
0.04777 ,0.01705 ,0.23854 ,0.01679 ,0.46585 ,0.01624 
0.00699 ,0.01707 ,0.20504 ,0.01679 ,0.48772 ,0.01627 
0.06515 ,0.01710 ,0.19358 ,0.01684 ,0.48357 ,0.01627 
0.01608 ,0.01714 ,0.17735 ,0.01685 ,0.49264 ,0.01627 
0.04237 ,0.01714 ,0.25159 ,0.01685 ,0.53247 ,0.01628 
0.01362 ,0.01718 ,0.17044 ,0.01685 ,0.50825 ,0.01629 
0.02021 ,0.01719 ,0.22095 ,0.01686 ,0.49988 ,0.01630 
0.02064 ,0.01722 ,0.23274 ,0.01687 ,0.50440 ,0.01631 
0.01231 ,0.01722 ,0.19830 ,0.01689 ,0.48030 ,0.01632 
0.01909 ,0.01723 ,0.21012 ,0.01690 ,0.57607 ,0.01632 
0.05725 ,0.01723 ,0.21479 ,0.01691 ,0.47082 ,0.01633 
0.04387 ,0.01723 ,0.23093 ,0.01691 ,0.47701 ,0.01633 
0.02301 ,0.01725 ,0.23590 ,0.01692 ,0.52424 ,0.01634 
0.00613 ,0.01725 ,0.17277 ,0.01693 ,0.54308 ,0.01634 
-0.00613 ,0.01725 ,0.24976 ,0.01693 ,0.50762 ,0.01635 
0.04070 ,0.01729 ,0.23810 ,0.01695 ,0.48993 ,0.01636 
0.00950 ,0.01731 ,0.21411 ,0.01695 ,0.50866 ,0.01638 
0.01218 ,0.01733 ,0.23052 ,0.01696 ,0.51001 ,0.01638 
0.02213 ,0.01734 ,0.22598 ,0.01697 ,0.48431 ,0.01640 
0.00663 ,0.01735 ,0.24296 ,0.01698 ,0.55227 ,0.01640 
0.01631 ,0.01739 ,0.17625 ,0.01700 ,0.47200 ,0.01641 
0.06039 ,0.01741 ,0.20219 ,0.01705 ,0.47458 ,0.01642 
0.01519 ,0.01743 ,0.28435 ,0.01706 ,0.46545 ,0.01643 
0.06492 ,0.01743 ,0.21588 ,0.01706 ,0.51433 ,0.01643 
0.02850 ,0.01747 ,0.18655 ,0.01710 ,0.53410 ,0.01643 
0.03688 ,0.01748 ,0.20782 ,0.01715 ,0.46786 ,0.01646 
0.02054 ,0.01750 ,0.18437 ,0.01715 ,0.51351 ,0.01646 
-0.00503 ,0.01751 ,0.19220 ,0.01715 ,0.48845 ,0.01646 
0.02241 ,0.01753 ,0.17362 ,0.01718 ,0.50520 ,0.01647 
0.02568 ,0.01753 ,0.18202 ,0.01718 ,0.49931 ,0.01649 
0.02660 ,0.01753 ,0.22014 ,0.01719 ,0.60182 ,0.01651 
0.00750 ,0.01754 ,0.19692 ,0.01721 ,0.48011 ,0.01652 
0.02346 ,0.01754 ,0.18057 ,0.01722 ,0.47978 ,0.01653 
0.01541 ,0.01754 ,0.23190 ,0.01723 ,0.47386 ,0.01653 
0.01158 ,0.01755 ,0.18795 ,0.01725 ,0.54456 ,0.01654 
0.00812 ,0.01764 ,0.20097 ,0.01728 ,0.46328 ,0.01656 
0.02656 ,0.01765 ,0.28095 ,0.01729 ,0.58464 ,0.01656 
0.04496 ,0.01766 ,0.26721 ,0.01729 ,0.53535 ,0.01657 
0.03937 ,0.01767 ,0.17128 ,0.01730 ,0.47331 ,0.01659 
0.00419 ,0.01767 ,0.18885 ,0.01732 ,0.49202 ,0.01661 
0.02328 ,0.01768 ,0.20001 ,0.01733 ,0.48563 ,0.01661 
0.02145 ,0.01769 ,0.18934 ,0.01734 ,0.49884 ,0.01662 
0.01357 ,0.01770 ,0.24957 ,0.01734 ,0.50721 ,0.01666 
0.00530 ,0.01770 ,0.17913 ,0.01737 ,0.50896 ,0.01667 
0.03192 ,0.01772 ,0.22937 ,0.01737 ,0.54372 ,0.01668 
0.02763 ,0.01773 ,0.21686 ,0.01737 ,0.51793 ,0.01669 
0.02846 ,0.01777 ,0.19272 ,0.01737 ,0.47494 ,0.01670 
0.00921 ,0.01779 ,0.22177 ,0.01739 ,0.52500 ,0.01671 
0.00622 ,0.01779 ,0.25777 ,0.01739 ,0.50586 ,0.01672 
0.03029 ,0.01782 ,0.18712 ,0.01741 ,0.51304 ,0.01677 
0.01682 ,0.01782 ,0.21162 ,0.01741 ,0.54071 ,0.01679 
0.01973 ,0.01786 ,0.18048 ,0.01742 ,0.51976 ,0.01679 
0.03006 ,0.01787 ,0.18763 ,0.01744 ,0.53828 ,0.01680 
-0.01087 ,0.01787 ,0.21976 ,0.01747 ,0.48209 ,0.01680 
0.01683 ,0.01788 ,0.23753 ,0.01748 ,0.47964 ,0.01681 
0.02193 ,0.01790 ,0.24972 ,0.01749 ,0.48549 ,0.01683 
0.02229 ,0.01790 ,0.24987 ,0.01751 ,0.49096 ,0.01684 
0.03608 ,0.01791 ,0.18393 ,0.01751 ,0.53747 ,0.01685 
0.01295 ,0.01791 ,0.20697 ,0.01753 ,0.50523 ,0.01685 
0.01485 ,0.01797 ,0.21119 ,0.01754 ,0.50548 ,0.01686 
-0.00662 ,0.01797 ,0.26676 ,0.01755 ,0.54640 ,0.01687 
0.00236 ,0.01799 ,0.18865 ,0.01757 ,0.53177 ,0.01688 
0.05460 ,0.01801 ,0.20520 ,0.01758 ,0.46285 ,0.01689 
0.03976 ,0.01801 ,0.18693 ,0.01758 ,0.53555 ,0.01689 
0.06881 ,0.01804 ,0.19941 ,0.01760 ,0.47833 ,0.01690 
0.02965 ,0.01805 ,0.19261 ,0.01760 ,0.49342 ,0.01691 
0.04653 ,0.01808 ,0.21700 ,0.01761 ,0.47795 ,0.01693 
0.02548 ,0.01808 ,0.22810 ,0.01761 ,0.50658 ,0.01694 
0.05122 ,0.01811 ,0.18454 ,0.01763 ,0.48538 ,0.01698 
0.03100 ,0.01812 ,0.21803 ,0.01763 ,0.50086 ,0.01704 
0.02234 ,0.01813 ,0.16747 ,0.01765 ,0.51833 ,0.01707 
0.02736 ,0.01814 ,0.19227 ,0.01768 ,0.48862 ,0.01707 
0.02214 ,0.01815 ,0.18657 ,0.01769 ,0.53584 ,0.01707 
0.00169 ,0.01816 ,0.22782 ,0.01769 ,0.48410 ,0.01710 
0.01015 ,0.01818 ,0.23192 ,0.01771 ,0.56320 ,0.01712 
0.00427 ,0.01820 ,0.18197 ,0.01773 ,0.48530 ,0.01712 
0.03586 ,0.01820 ,0.25157 ,0.01773 ,0.48005 ,0.01713 
0.04237 ,0.01820 ,0.27070 ,0.01774 ,0.54401 ,0.01713 
0.01659 ,0.01821 ,0.18904 ,0.01775 ,0.52401 ,0.01714 
0.06679 ,0.01823 ,0.17976 ,0.01778 ,0.50107 ,0.01715 
0.00894 ,0.01824 ,0.26028 ,0.01779 ,0.52603 ,0.01718 
0.01548 ,0.01825 ,0.23030 ,0.01779 ,0.50488 ,0.01719 
0.05575 ,0.01825 ,0.19571 ,0.01780 ,0.52226 ,0.01720 
0.06263 ,0.01825 ,0.22279 ,0.01781 ,0.47332 ,0.01721 
-0.00388 ,0.01825 ,0.20787 ,0.01782 ,0.47464 ,0.01721 
0.03721 ,0.01826 ,0.19395 ,0.01783 ,0.48080 ,0.01722 
0.05159 ,0.01827 ,0.25653 ,0.01784 ,0.48917 ,0.01722 
0.03942 ,0.01827 ,0.20559 ,0.01784 ,0.46502 ,0.01724 
-0.00072 ,0.01830 ,0.26426 ,0.01785 ,0.49728 ,0.01725 
0.00721 ,0.01831 ,0.21216 ,0.01785 ,0.49725 ,0.01725 
0.02651 ,0.01831 ,0.21537 ,0.01785 ,0.46914 ,0.01726 
0.02345 ,0.01833 ,0.19625 ,0.01787 ,0.48283 ,0.01726 
0.05226 ,0.01834 ,0.22942 ,0.01788 ,0.49643 ,0.01728 
0.02067 ,0.01835 ,0.21603 ,0.01791 ,0.48619 ,0.01729 
0.04182 ,0.01835 ,0.24847 ,0.01792 ,0.51394 ,0.01731 
0.02644 ,0.01837 ,0.21586 ,0.01792 ,0.49561 ,0.01732 
0.01411 ,0.01837 ,0.17011 ,0.01792 ,0.52316 ,0.01732 
0.05086 ,0.01839 ,0.27922 ,0.01793 ,0.51377 ,0.01733 
0.03805 ,0.01842 ,0.20165 ,0.01793 ,0.47734 ,0.01734 
0.03160 ,0.01844 ,0.25112 ,0.01799 ,0.52163 ,0.01735 
0.03168 ,0.01845 ,0.21079 ,0.01801 ,0.51013 ,0.01735 
0.02081 ,0.01848 ,0.18643 ,0.01801 ,0.49810 ,0.01736 
0.04694 ,0.01848 ,0.27638 ,0.01803 ,0.49610 ,0.01737 
0.02075 ,0.01853 ,0.25984 ,0.01803 ,0.48813 ,0.01738 
0.01002 ,0.01853 ,0.23204 ,0.01803 ,0.48500 ,0.01744 
0.01849 ,0.01856 ,0.21063 ,0.01803 ,0.50853 ,0.01745 
-0.00472 ,0.01857 ,0.24812 ,0.01803 ,0.52312 ,0.01746 
0.01070 ,0.01857 ,0.17772 ,0.01807 ,0.47841 ,0.01746 
0.04666 ,0.01858 ,0.22503 ,0.01808 ,0.52750 ,0.01747 
-0.00735 ,0.01859 ,0.20930 ,0.01809 ,0.52493 ,0.01747 
0.01340 ,0.01859 ,0.20974 ,0.01810 ,0.47658 ,0.01750 
0.02292 ,0.01860 ,0.17155 ,0.01810 ,0.50603 ,0.01750 
0.01042 ,0.01862 ,0.20139 ,0.01811 ,0.53684 ,0.01750 
0.03266 ,0.01862 ,0.20452 ,0.01811 ,0.50516 ,0.01752 
0.00833 ,0.01862 ,0.18268 ,0.01812 ,0.50660 ,0.01752 
-0.01127 ,0.01862 ,0.22166 ,0.01813 ,0.53072 ,0.01754 
0.01617 ,0.01864 ,0.18601 ,0.01814 ,0.49033 ,0.01755 
0.00288 ,0.01864 ,0.26768 ,0.01814 ,0.52171 ,0.01756 
0.02930 ,0.01865 ,0.23482 ,0.01814 ,0.52313 ,0.01756 
0.05341 ,0.01866 ,0.25916 ,0.01817 ,0.53044 ,0.01757 
0.05110 ,0.01866 ,0.24635 ,0.01818 ,0.55111 ,0.01757 
0.02758 ,0.01866 ,0.18808 ,0.01821 ,0.49086 ,0.01758 
0.01021 ,0.01868 ,0.25565 ,0.01823 ,0.52701 ,0.01759 
0.05258 ,0.01869 ,0.22736 ,0.01824 ,0.47354 ,0.01762 
0.02988 ,0.01869 ,0.18347 ,0.01825 ,0.49070 ,0.01763 
0.03377 ,0.01872 ,0.23277 ,0.01826 ,0.51294 ,0.01764 
0.04275 ,0.01875 ,0.24767 ,0.01828 ,0.53679 ,0.01764 
0.03284 ,0.01882 ,0.17542 ,0.01829 ,0.48721 ,0.01765 
0.03286 ,0.01883 ,0.21651 ,0.01829 ,0.52118 ,0.01765 
0.01173 ,0.01883 ,0.24503 ,0.01831 ,0.52488 ,0.01767 
0.02083 ,0.01884 ,0.22631 ,0.01831 ,0.49517 ,0.01768 
0.05367 ,0.01885 ,0.19574 ,0.01831 ,0.46601 ,0.01769 
-0.00463 ,0.01885 ,0.17607 ,0.01831 ,0.51987 ,0.01770 
0.02350 ,0.01887 ,0.27057 ,0.01832 ,0.59561 ,0.01770 
0.01293 ,0.01890 ,0.17744 ,0.01833 ,0.48183 ,0.01771 
0.03045 ,0.01892 ,0.22865 ,0.01834 ,0.50043 ,0.01771 
0.02517 ,0.01892 ,0.19578 ,0.01834 ,0.50668 ,0.01772 
0.02376 ,0.01894 ,0.22678 ,0.01834 ,0.53370 ,0.01772 
0.05765 ,0.01894 ,0.18785 ,0.01834 ,0.52365 ,0.01772 
0.00645 ,0.01894 ,0.19258 ,0.01834 ,0.49643 ,0.01773 
0.02491 ,0.01895 ,0.23054 ,0.01834 ,0.52761 ,0.01773 
0.00011 ,0.01897 ,0.19596 ,0.01835 ,0.47201 ,0.01773 
0.00893 ,0.01899 ,0.17930 ,0.01836 ,0.56437 ,0.01773 
0.03329 ,0.01901 ,0.18103 ,0.01836 ,0.49056 ,0.01774 
0.04125 ,0.01901 ,0.22281 ,0.01840 ,0.49054 ,0.01775 
0.00979 ,0.01902 ,0.18309 ,0.01841 ,0.47506 ,0.01775 
-0.00174 ,0.01902 ,0.23268 ,0.01842 ,0.51985 ,0.01776 
0.02442 ,0.01906 ,0.24115 ,0.01843 ,0.49130 ,0.01777 
0.01055 ,0.01910 ,0.22743 ,0.01843 ,0.50049 ,0.01778 
0.02654 ,0.01910 ,0.22797 ,0.01844 ,0.59701 ,0.01778 
0.06278 ,0.01912 ,0.17994 ,0.01844 ,0.51330 ,0.01778 
0.04761 ,0.01912 ,0.20226 ,0.01845 ,0.47911 ,0.01780 
0.06118 ,0.01912 ,0.19780 ,0.01847 ,0.51700 ,0.01781 
0.02013 ,0.01913 ,0.23699 ,0.01848 ,0.52854 ,0.01781 
0.04184 ,0.01913 ,0.19024 ,0.01848 ,0.53748 ,0.01781 
0.00596 ,0.01915 ,0.23725 ,0.01850 ,0.48047 ,0.01782 
0.07022 ,0.01915 ,0.25874 ,0.01851 ,0.47256 ,0.01782 
0.03028 ,0.01915 ,0.19754 ,0.01851 ,0.46990 ,0.01782 
0.02222 ,0.01917 ,0.21332 ,0.01852 ,0.51594 ,0.01782 
0.00756 ,0.01920 ,0.26142 ,0.01853 ,0.51924 ,0.01782 
0.02076 ,0.01920 ,0.16661 ,0.01854 ,0.50207 ,0.01783 
0.01313 ,0.01921 ,0.17740 ,0.01855 ,0.49914 ,0.01784 
0.03071 ,0.01921 ,0.21512 ,0.01860 ,0.51043 ,0.01784 
0.01172 ,0.01922 ,0.20033 ,0.01862 ,0.54389 ,0.01785 
0.02484 ,0.01923 ,0.18109 ,0.01862 ,0.47216 ,0.01785 
0.07750 ,0.01924 ,0.23311 ,0.01863 ,0.48109 ,0.01785 
0.00975 ,0.01924 ,0.23179 ,0.01863 ,0.49922 ,0.01787 
0.00834 ,0.01925 ,0.16466 ,0.01864 ,0.49816 ,0.01788 
0.01420 ,0.01927 ,0.22197 ,0.01866 ,0.48130 ,0.01788 
0.03728 ,0.01928 ,0.18655 ,0.01867 ,0.49778 ,0.01788 
0.00458 ,0.01929 ,0.25343 ,0.01868 ,0.47178 ,0.01789 
0.00954 ,0.01929 ,0.20715 ,0.01868 ,0.53356 ,0.01791 
-0.00165 ,0.01930 ,0.24117 ,0.01869 ,0.49610 ,0.01792 
0.02925 ,0.01930 ,0.21604 ,0.01869 ,0.49454 ,0.01793 
0.04601 ,0.01931 ,0.18813 ,0.01871 ,0.49119 ,0.01793 
0.01791 ,0.01931 ,0.18834 ,0.01872 ,0.47077 ,0.01793 
0.02187 ,0.01931 ,0.22734 ,0.01873 ,0.47657 ,0.01796 
0.01623 ,0.01931 ,0.20088 ,0.01874 ,0.48673 ,0.01798 
0.02317 ,0.01932 ,0.18928 ,0.01874 ,0.49931 ,0.01799 
0.02638 ,0.01933 ,0.24531 ,0.01876 ,0.47121 ,0.01803 
0.03297 ,0.01933 ,0.19481 ,0.01876 ,0.52266 ,0.01804 
0.00589 ,0.01935 ,0.20337 ,0.01876 ,0.50158 ,0.01806 
0.01792 ,0.01936 ,0.17812 ,0.01877 ,0.51889 ,0.01806 
0.02680 ,0.01938 ,0.26366 ,0.01878 ,0.50181 ,0.01806 
0.03805 ,0.01939 ,0.22057 ,0.01878 ,0.49788 ,0.01807 
0.01493 ,0.01939 ,0.23608 ,0.01879 ,0.48226 ,0.01809 
0.03877 ,0.01943 ,0.26270 ,0.01881 ,0.49670 ,0.01809 
0.01414 ,0.01943 ,0.23263 ,0.01881 ,0.50544 ,0.01810 
0.05367 ,0.01944 ,0.20915 ,0.01882 ,0.56517 ,0.01811 
0.00878 ,0.01944 ,0.19345 ,0.01884 ,0.48274 ,0.01812 
0.01551 ,0.01944 ,0.23355 ,0.01884 ,0.49091 ,0.01813 
0.01494 ,0.01944 ,0.23356 ,0.01885 ,0.50448 ,0.01814 
0.06123 ,0.01945 ,0.21299 ,0.01885 ,0.50341 ,0.01815 
0.00409 ,0.01946 ,0.19677 ,0.01886 ,0.56079 ,0.01815 
0.01471 ,0.01947 ,0.21935 ,0.01888 ,0.52977 ,0.01816 
0.13864 ,0.01947 ,0.22265 ,0.01889 ,0.47516 ,0.01816 
0.03086 ,0.01948 ,0.20461 ,0.01890 ,0.53401 ,0.01817 
0.00220 ,0.01948 ,0.16375 ,0.01891 ,0.52098 ,0.01818 
0.03815 ,0.01948 ,0.23103 ,0.01891 ,0.52111 ,0.01818 
0.00667 ,0.01949 ,0.18596 ,0.01892 ,0.48379 ,0.01819 
0.01551 ,0.01949 ,0.20960 ,0.01892 ,0.47518 ,0.01820 
0.00248 ,0.01950 ,0.18691 ,0.01895 ,0.48645 ,0.01822 
0.03275 ,0.01950 ,0.18449 ,0.01897 ,0.48271 ,0.01823 
0.02753 ,0.01950 ,0.21614 ,0.01899 ,0.54012 ,0.01823 
0.02859 ,0.01951 ,0.22024 ,0.01900 ,0.58847 ,0.01823 
0.01794 ,0.01951 ,0.23346 ,0.01901 ,0.50957 ,0.01824 
0.03038 ,0.01952 ,0.18620 ,0.01901 ,0.49575 ,0.01826 
0.02738 ,0.01952 ,0.17315 ,0.01902 ,0.48193 ,0.01826 
-0.00405 ,0.01953 ,0.22554 ,0.01903 ,0.54049 ,0.01827 
0.05016 ,0.01953 ,0.24638 ,0.01903 ,0.47619 ,0.01828 
0.02702 ,0.01955 ,0.18173 ,0.01904 ,0.49612 ,0.01829 
0.08129 ,0.01955 ,0.27890 ,0.01905 ,0.49276 ,0.01829 
0.03991 ,0.01955 ,0.22502 ,0.01905 ,0.52508 ,0.01830 
0.00297 ,0.01956 ,0.27426 ,0.01905 ,0.54426 ,0.01830 
0.05657 ,0.01956 ,0.23491 ,0.01906 ,0.58933 ,0.01830 
0.01590 ,0.01956 ,0.18242 ,0.01906 ,0.53002 ,0.01832 
0.01195 ,0.01958 ,0.19872 ,0.01906 ,0.51020 ,0.01832 
0.03407 ,0.01960 ,0.22467 ,0.01907 ,0.50118 ,0.01833 
0.00239 ,0.01961 ,0.21105 ,0.01907 ,0.54040 ,0.01833 
0.01116 ,0.01962 ,0.26058 ,0.01908 ,0.47364 ,0.01834 
0.00553 ,0.01963 ,0.23081 ,0.01909 ,0.49382 ,0.01834 
0.01313 ,0.01964 ,0.17518 ,0.01910 ,0.47663 ,0.01835 
0.01342 ,0.01964 ,0.19728 ,0.01910 ,0.55143 ,0.01836 
0.01970 ,0.01965 ,0.21009 ,0.01911 ,0.49310 ,0.01837 
0.12766 ,0.01965 ,0.18570 ,0.01912 ,0.50215 ,0.01837 
0.05033 ,0.01967 ,0.22006 ,0.01913 ,0.50993 ,0.01838 
0.04005 ,0.01968 ,0.21605 ,0.01916 ,0.49197 ,0.01839 
0.02325 ,0.01969 ,0.18700 ,0.01918 ,0.50495 ,0.01839 
0.00854 ,0.01969 ,0.30204 ,0.01919 ,0.49631 ,0.01839 
0.03127 ,0.01969 ,0.24372 ,0.01920 ,0.52878 ,0.01839 
0.04769 ,0.01970 ,0.20272 ,0.01920 ,0.48481 ,0.01842 
0.05909 ,0.01971 ,0.22073 ,0.01923 ,0.50101 ,0.01842 
0.04349 ,0.01972 ,0.22661 ,0.01924 ,0.49097 ,0.01842 
0.02312 ,0.01973 ,0.19272 ,0.01924 ,0.50487 ,0.01842 
0.02050 ,0.01973 ,0.25109 ,0.01928 ,0.50186 ,0.01843 
0.00350 ,0.01974 ,0.19687 ,0.01928 ,0.47078 ,0.01844 
0.02724 ,0.01974 ,0.27381 ,0.01929 ,0.47503 ,0.01844 
0.02007 ,0.01975 ,0.21188 ,0.01929 ,0.53377 ,0.01844 
0.05431 ,0.01976 ,0.28072 ,0.01929 ,0.54225 ,0.01846 
0.04166 ,0.01977 ,0.18249 ,0.01930 ,0.52389 ,0.01847 
0.00943 ,0.01978 ,0.23419 ,0.01930 ,0.49163 ,0.01847 
0.02035 ,0.01978 ,0.24052 ,0.01930 ,0.47632 ,0.01847 
0.02234 ,0.01979 ,0.21963 ,0.01931 ,0.48975 ,0.01847 
0.00263 ,0.01979 ,0.21608 ,0.01932 ,0.51781 ,0.01848 
0.04253 ,0.01980 ,0.18935 ,0.01933 ,0.56160 ,0.01849 
0.00161 ,0.01981 ,0.20204 ,0.01934 ,0.56788 ,0.01850 
-0.00293 ,0.01982 ,0.18053 ,0.01936 ,0.48219 ,0.01852 
0.04681 ,0.01983 ,0.19962 ,0.01938 ,0.53831 ,0.01852 
0.00887 ,0.01989 ,0.21204 ,0.01938 ,0.48305 ,0.01853 
0.04122 ,0.01989 ,0.19323 ,0.01938 ,0.49076 ,0.01854 
0.05093 ,0.01989 ,0.19590 ,0.01938 ,0.49105 ,0.01854 
0.01871 ,0.01990 ,0.18469 ,0.01939 ,0.54885 ,0.01855 
0.04161 ,0.01990 ,0.32625 ,0.01940 ,0.48601 ,0.01855 
0.00582 ,0.01990 ,0.21701 ,0.01940 ,0.48806 ,0.01856 
0.02980 ,0.01991 ,0.21549 ,0.01941 ,0.46374 ,0.01857 
0.02094 ,0.01993 ,0.21749 ,0.01942 ,0.50782 ,0.01858 
0.03446 ,0.01995 ,0.19037 ,0.01942 ,0.49273 ,0.01858 
0.02629 ,0.01996 ,0.23665 ,0.01943 ,0.49397 ,0.01860 
0.01219 ,0.01997 ,0.18603 ,0.01944 ,0.47916 ,0.01862 
0.01571 ,0.01997 ,0.22495 ,0.01944 ,0.49815 ,0.01862 
0.01473 ,0.01997 ,0.28330 ,0.01944 ,0.49200 ,0.01863 
0.00016 ,0.01998 ,0.22531 ,0.01945 ,0.49645 ,0.01863 
0.02334 ,0.01998 ,0.18836 ,0.01946 ,0.58567 ,0.01863 
0.04994 ,0.01998 ,0.17424 ,0.01946 ,0.48785 ,0.01863 
0.01697 ,0.02000 ,0.19265 ,0.01949 ,0.49788 ,0.01864 
0.02646 ,0.02000 ,0.18474 ,0.01949 ,0.48440 ,0.01864 
0.02610 ,0.02000 ,0.18150 ,0.01949 ,0.52897 ,0.01865 
0.00608 ,0.02001 ,0.18018 ,0.01950 ,0.48576 ,0.01867 
0.01986 ,0.02002 ,0.21559 ,0.01950 ,0.60329 ,0.01868 
-0.00316 ,0.02004 ,0.19485 ,0.01950 ,0.52731 ,0.01869 
0.00851 ,0.02007 ,0.20207 ,0.01952 ,0.50718 ,0.01869 
0.05306 ,0.02007 ,0.20507 ,0.01952 ,0.51323 ,0.01870 
0.01575 ,0.02007 ,0.20604 ,0.01952 ,0.51217 ,0.01871 
0.05230 ,0.02007 ,0.26612 ,0.01953 ,0.57754 ,0.01872 
-0.00708 ,0.02007 ,0.22684 ,0.01953 ,0.49685 ,0.01872 
0.02939 ,0.02009 ,0.18221 ,0.01954 ,0.48806 ,0.01873 
0.03621 ,0.02010 ,0.20980 ,0.01954 ,0.52561 ,0.01874 
0.02050 ,0.02011 ,0.19477 ,0.01956 ,0.52640 ,0.01875 
0.06568 ,0.02011 ,0.23378 ,0.01956 ,0.51315 ,0.01875 
0.02774 ,0.02012 ,0.20181 ,0.01958 ,0.50520 ,0.01876 
-0.00136 ,0.02012 ,0.32377 ,0.01958 ,0.51761 ,0.01876 
0.06151 ,0.02013 ,0.29077 ,0.01958 ,0.51598 ,0.01876 
0.01931 ,0.02013 ,0.27102 ,0.01960 ,0.49769 ,0.01877 
0.03055 ,0.02014 ,0.19543 ,0.01961 ,0.51774 ,0.01877 
0.01610 ,0.02015 ,0.21160 ,0.01961 ,0.47160 ,0.01880 
0.07279 ,0.02016 ,0.18298 ,0.01962 ,0.53954 ,0.01882 
0.06419 ,0.02017 ,0.17268 ,0.01962 ,0.48600 ,0.01883 
0.00715 ,0.02017 ,0.20278 ,0.01963 ,0.47738 ,0.01884 
0.02058 ,0.02018 ,0.27782 ,0.01963 ,0.47204 ,0.01885 
0.01152 ,0.02019 ,0.16586 ,0.01964 ,0.50715 ,0.01885 
0.03403 ,0.02020 ,0.20084 ,0.01965 ,0.49823 ,0.01885 
0.00608 ,0.02022 ,0.22329 ,0.01966 ,0.47035 ,0.01886 
0.01980 ,0.02022 ,0.17193 ,0.01966 ,0.47495 ,0.01887 
0.02959 ,0.02024 ,0.25930 ,0.01967 ,0.47676 ,0.01887 
0.01164 ,0.02024 ,0.19528 ,0.01970 ,0.54319 ,0.01889 
0.01732 ,0.02026 ,0.18183 ,0.01970 ,0.49523 ,0.01890 
0.00640 ,0.02027 ,0.23763 ,0.01971 ,0.49164 ,0.01890 
0.02672 ,0.02028 ,0.25450 ,0.01971 ,0.54740 ,0.01890 
0.00923 ,0.02029 ,0.20743 ,0.01972 ,0.54016 ,0.01894 
0.00032 ,0.02029 ,0.18651 ,0.01972 ,0.49007 ,0.01894 
0.04458 ,0.02033 ,0.21162 ,0.01972 ,0.49412 ,0.01894 
0.02672 ,0.02033 ,0.27247 ,0.01972 ,0.54966 ,0.01896 
0.02223 ,0.02034 ,0.19893 ,0.01973 ,0.54608 ,0.01896 
0.05414 ,0.02036 ,0.26103 ,0.01974 ,0.52462 ,0.01897 
0.04693 ,0.02038 ,0.21680 ,0.01974 ,0.52019 ,0.01897 
-0.00199 ,0.02039 ,0.24333 ,0.01974 ,0.47211 ,0.01898 
0.01517 ,0.02039 ,0.21086 ,0.01977 ,0.47553 ,0.01901 
0.05667 ,0.02039 ,0.18690 ,0.01977 ,0.51535 ,0.01901 
0.02568 ,0.02040 ,0.25718 ,0.01978 ,0.52442 ,0.01902 
0.02132 ,0.02041 ,0.19961 ,0.01979 ,0.49517 ,0.01903 
0.05488 ,0.02041 ,0.26367 ,0.01980 ,0.47892 ,0.01903 
0.00040 ,0.02042 ,0.19163 ,0.01981 ,0.48632 ,0.01904 
0.02252 ,0.02042 ,0.22401 ,0.01982 ,0.51288 ,0.01904 
0.06974 ,0.02044 ,0.17400 ,0.01983 ,0.53599 ,0.01905 
0.00686 ,0.02044 ,0.20965 ,0.01984 ,0.48725 ,0.01906 
0.01982 ,0.02045 ,0.26870 ,0.01985 ,0.49543 ,0.01906 
0.00546 ,0.02046 ,0.20043 ,0.01985 ,0.51549 ,0.01907 
0.03826 ,0.02049 ,0.17535 ,0.01988 ,0.54886 ,0.01907 
0.01720 ,0.02051 ,0.17839 ,0.01988 ,0.48643 ,0.01908 
0.03361 ,0.02051 ,0.19045 ,0.01989 ,0.50287 ,0.01908 
0.02062 ,0.02051 ,0.17785 ,0.01991 ,0.55425 ,0.01910 
0.03163 ,0.02052 ,0.20038 ,0.01991 ,0.47476 ,0.01912 
0.04107 ,0.02052 ,0.22281 ,0.01992 ,0.49188 ,0.01912 
0.03945 ,0.02052 ,0.24273 ,0.01993 ,0.52226 ,0.01913 
0.03691 ,0.02052 ,0.19747 ,0.01993 ,0.50683 ,0.01913 
0.04497 ,0.02053 ,0.17151 ,0.01993 ,0.48699 ,0.01913 
0.01650 ,0.02053 ,0.19343 ,0.01993 ,0.47438 ,0.01913 
-0.00798 ,0.02055 ,0.23385 ,0.01994 ,0.47888 ,0.01913 
0.03856 ,0.02055 ,0.22386 ,0.01994 ,0.47997 ,0.01914 
0.01042 ,0.02055 ,0.25886 ,0.01995 ,0.56900 ,0.01915 
0.08271 ,0.02058 ,0.23223 ,0.01996 ,0.53714 ,0.01915 
0.01245 ,0.02060 ,0.23445 ,0.01996 ,0.56812 ,0.01916 
0.02083 ,0.02062 ,0.20001 ,0.01996 ,0.55597 ,0.01917 
0.04902 ,0.02062 ,0.21929 ,0.01997 ,0.47607 ,0.01919 
0.03945 ,0.02063 ,0.25540 ,0.01998 ,0.47305 ,0.01922 
0.01979 ,0.02063 ,0.19359 ,0.01998 ,0.48390 ,0.01922 
0.02108 ,0.02063 ,0.19755 ,0.02000 ,0.54821 ,0.01922 
0.02417 ,0.02063 ,0.17150 ,0.02001 ,0.51215 ,0.01922 
0.03609 ,0.02064 ,0.24577 ,0.02002 ,0.48897 ,0.01923 
0.03634 ,0.02065 ,0.19726 ,0.02002 ,0.60470 ,0.01923 
0.02660 ,0.02066 ,0.19516 ,0.02003 ,0.51109 ,0.01923 
0.05997 ,0.02067 ,0.23289 ,0.02003 ,0.51017 ,0.01925 
0.02971 ,0.02068 ,0.23429 ,0.02003 ,0.52935 ,0.01925 
0.00460 ,0.02069 ,0.28591 ,0.02004 ,0.63004 ,0.01925 
0.01376 ,0.02070 ,0.18053 ,0.02004 ,0.48234 ,0.01926 
0.04485 ,0.02072 ,0.19749 ,0.02005 ,0.49645 ,0.01926 
0.04133 ,0.02072 ,0.24408 ,0.02008 ,0.49802 ,0.01926 
0.02288 ,0.02072 ,0.18770 ,0.02009 ,0.48230 ,0.01927 
0.08106 ,0.02073 ,0.25966 ,0.02009 ,0.47723 ,0.01927 
0.04038 ,0.02076 ,0.18058 ,0.02010 ,0.51866 ,0.01928 
0.02521 ,0.02076 ,0.27669 ,0.02011 ,0.57365 ,0.01929 
0.04441 ,0.02076 ,0.19156 ,0.02011 ,0.48480 ,0.01929 
0.04054 ,0.02077 ,0.21839 ,0.02011 ,0.47451 ,0.01930 
0.10040 ,0.02078 ,0.18733 ,0.02012 ,0.48700 ,0.01930 
0.03078 ,0.02079 ,0.17981 ,0.02012 ,0.52224 ,0.01931 
0.02320 ,0.02080 ,0.25717 ,0.02014 ,0.52832 ,0.01933 
0.02802 ,0.02080 ,0.24411 ,0.02015 ,0.49235 ,0.01933 
0.04031 ,0.02081 ,0.23134 ,0.02015 ,0.49662 ,0.01933 
0.03514 ,0.02081 ,0.22698 ,0.02015 ,0.48768 ,0.01934 
0.03689 ,0.02081 ,0.20065 ,0.02015 ,0.57385 ,0.01934 
0.00273 ,0.02082 ,0.21656 ,0.02016 ,0.50774 ,0.01934 
0.01132 ,0.02084 ,0.20068 ,0.02019 ,0.49351 ,0.01936 
0.03829 ,0.02085 ,0.22941 ,0.02019 ,0.48950 ,0.01936 
0.01033 ,0.02087 ,0.18245 ,0.02020 ,0.55876 ,0.01936 
0.05124 ,0.02087 ,0.20444 ,0.02023 ,0.50379 ,0.01937 
0.01273 ,0.02088 ,0.24414 ,0.02024 ,0.48881 ,0.01938 
0.02101 ,0.02088 ,0.21680 ,0.02024 ,0.51135 ,0.01939 
0.08680 ,0.02089 ,0.18913 ,0.02024 ,0.48446 ,0.01939 
0.05234 ,0.02090 ,0.26376 ,0.02026 ,0.49628 ,0.01940 
0.01952 ,0.02091 ,0.24486 ,0.02027 ,0.47675 ,0.01941 
0.01558 ,0.02091 ,0.19343 ,0.02028 ,0.57843 ,0.01941 
0.00734 ,0.02093 ,0.24804 ,0.02029 ,0.49175 ,0.01942 
0.02973 ,0.02094 ,0.20449 ,0.02029 ,0.54177 ,0.01943 
0.01998 ,0.02094 ,0.24563 ,0.02029 ,0.51000 ,0.01944 
-0.00434 ,0.02094 ,0.20203 ,0.02030 ,0.52576 ,0.01944 
0.01946 ,0.02095 ,0.24627 ,0.02030 ,0.50447 ,0.01944 
0.05523 ,0.02095 ,0.19931 ,0.02031 ,0.48456 ,0.01945 
0.01804 ,0.02096 ,0.17011 ,0.02031 ,0.54872 ,0.01947 
0.01844 ,0.02097 ,0.21361 ,0.02032 ,0.47652 ,0.01947 
0.05709 ,0.02097 ,0.19734 ,0.02033 ,0.54054 ,0.01947 
0.01681 ,0.02098 ,0.25202 ,0.02034 ,0.54489 ,0.01947 
0.01284 ,0.02099 ,0.27430 ,0.02034 ,0.49282 ,0.01947 
0.02753 ,0.02099 ,0.24177 ,0.02035 ,0.52091 ,0.01948 
0.04997 ,0.02099 ,0.18086 ,0.02037 ,0.58198 ,0.01948 
0.06815 ,0.02099 ,0.22877 ,0.02038 ,0.48513 ,0.01949 
0.00418 ,0.02100 ,0.25651 ,0.02040 ,0.49740 ,0.01949 
0.02274 ,0.02100 ,0.26698 ,0.02041 ,0.55677 ,0.01949 
0.03486 ,0.02102 ,0.19405 ,0.02041 ,0.57914 ,0.01952 
0.02549 ,0.02103 ,0.22542 ,0.02042 ,0.48217 ,0.01954 
0.03330 ,0.02105 ,0.19282 ,0.02043 ,0.54517 ,0.01954 
0.00916 ,0.02106 ,0.17483 ,0.02043 ,0.48653 ,0.01954 
0.04042 ,0.02106 ,0.25676 ,0.02046 ,0.52016 ,0.01955 
0.01702 ,0.02106 ,0.17980 ,0.02046 ,0.59475 ,0.01955 
0.01894 ,0.02106 ,0.20654 ,0.02047 ,0.54173 ,0.01955 
0.01862 ,0.02108 ,0.20013 ,0.02048 ,0.50377 ,0.01956 
0.01759 ,0.02109 ,0.23702 ,0.02048 ,0.46438 ,0.01956 
0.00285 ,0.02109 ,0.18969 ,0.02048 ,0.47959 ,0.01958 
0.08634 ,0.02110 ,0.26023 ,0.02048 ,0.49304 ,0.01958 
0.00556 ,0.02111 ,0.18237 ,0.02049 ,0.50755 ,0.01958 
0.04982 ,0.02113 ,0.20486 ,0.02049 ,0.48452 ,0.01958 
0.00256 ,0.02116 ,0.22833 ,0.02050 ,0.50110 ,0.01959 
0.07420 ,0.02117 ,0.21542 ,0.02050 ,0.50728 ,0.01959 
0.02673 ,0.02117 ,0.25806 ,0.02050 ,0.49054 ,0.01960 
0.07329 ,0.02118 ,0.22935 ,0.02051 ,0.47813 ,0.01960 
0.02290 ,0.02119 ,0.20061 ,0.02051 ,0.52181 ,0.01960 
0.04227 ,0.02119 ,0.26625 ,0.02051 ,0.48501 ,0.01961 
0.08227 ,0.02119 ,0.25757 ,0.02051 ,0.56689 ,0.01962 
0.04870 ,0.02119 ,0.31315 ,0.02054 ,0.50855 ,0.01964 
0.01379 ,0.02119 ,0.20199 ,0.02054 ,0.51170 ,0.01964 
0.05906 ,0.02120 ,0.21704 ,0.02054 ,0.47875 ,0.01964 
0.01221 ,0.02121 ,0.24613 ,0.02054 ,0.50495 ,0.01965 
0.03178 ,0.02122 ,0.23854 ,0.02055 ,0.49596 ,0.01967 
0.01219 ,0.02123 ,0.21520 ,0.02057 ,0.47494 ,0.01968 
0.00511 ,0.02123 ,0.24065 ,0.02057 ,0.48966 ,0.01968 
0.03023 ,0.02124 ,0.23510 ,0.02057 ,0.50412 ,0.01969 
0.01482 ,0.02125 ,0.21462 ,0.02058 ,0.57946 ,0.01969 
0.01995 ,0.02125 ,0.18430 ,0.02058 ,0.56373 ,0.01969 
0.02306 ,0.02127 ,0.25943 ,0.02059 ,0.51323 ,0.01969 
0.03077 ,0.02128 ,0.34378 ,0.02059 ,0.51217 ,0.01970 
0.03956 ,0.02129 ,0.26294 ,0.02061 ,0.48607 ,0.01972 
0.02425 ,0.02131 ,0.25545 ,0.02062 ,0.52980 ,0.01973 
0.02227 ,0.02131 ,0.22442 ,0.02063 ,0.49451 ,0.01973 
0.01871 ,0.02132 ,0.21372 ,0.02063 ,0.50118 ,0.01974 
0.00903 ,0.02132 ,0.20395 ,0.02063 ,0.59708 ,0.01974 
0.00874 ,0.02133 ,0.22567 ,0.02064 ,0.50011 ,0.01975 
0.03836 ,0.02134 ,0.19550 ,0.02064 ,0.50656 ,0.01975 
0.04167 ,0.02134 ,0.25566 ,0.02064 ,0.48525 ,0.01975 
0.01133 ,0.02134 ,0.28375 ,0.02065 ,0.54373 ,0.01975 
0.03163 ,0.02134 ,0.20954 ,0.02066 ,0.54183 ,0.01975 
0.03932 ,0.02134 ,0.18481 ,0.02067 ,0.55224 ,0.01976 
0.02279 ,0.02135 ,0.23613 ,0.02067 ,0.50927 ,0.01976 
0.01900 ,0.02135 ,0.21195 ,0.02067 ,0.49273 ,0.01978 
0.00320 ,0.02136 ,0.25631 ,0.02068 ,0.49616 ,0.01979 
0.02991 ,0.02137 ,0.25346 ,0.02068 ,0.49314 ,0.01979 
0.03718 ,0.02137 ,0.18617 ,0.02068 ,0.50630 ,0.01979 
0.04155 ,0.02137 ,0.19339 ,0.02068 ,0.48753 ,0.01979 
0.02278 ,0.02138 ,0.21249 ,0.02069 ,0.54442 ,0.01981 
0.05873 ,0.02138 ,0.19365 ,0.02070 ,0.48357 ,0.01981 
0.02704 ,0.02139 ,0.24070 ,0.02073 ,0.46613 ,0.01982 
0.09994 ,0.02139 ,0.19809 ,0.02073 ,0.54313 ,0.01982 
0.04850 ,0.02139 ,0.19900 ,0.02073 ,0.49668 ,0.01984 
0.02364 ,0.02141 ,0.22979 ,0.02074 ,0.54927 ,0.01985 
0.01360 ,0.02142 ,0.19042 ,0.02074 ,0.48279 ,0.01985 
0.01916 ,0.02142 ,0.20849 ,0.02075 ,0.56105 ,0.01985 
0.04973 ,0.02143 ,0.18302 ,0.02076 ,0.51182 ,0.01986 
0.02720 ,0.02143 ,0.29741 ,0.02077 ,0.48579 ,0.01987 
0.04550 ,0.02143 ,0.17232 ,0.02077 ,0.50764 ,0.01987 
0.03909 ,0.02144 ,0.18422 ,0.02080 ,0.53878 ,0.01987 
0.05762 ,0.02144 ,0.19588 ,0.02081 ,0.48195 ,0.01988 
0.04556 ,0.02144 ,0.20585 ,0.02083 ,0.53843 ,0.01989 
0.03556 ,0.02145 ,0.20963 ,0.02084 ,0.53419 ,0.01989 
0.00943 ,0.02147 ,0.18894 ,0.02084 ,0.47541 ,0.01989 
0.03890 ,0.02148 ,0.27064 ,0.02084 ,0.55699 ,0.01989 
0.01681 ,0.02148 ,0.21542 ,0.02086 ,0.51889 ,0.01990 
0.03776 ,0.02149 ,0.18084 ,0.02087 ,0.51363 ,0.01990 
0.01993 ,0.02150 ,0.27762 ,0.02087 ,0.50487 ,0.01992 
0.01888 ,0.02151 ,0.22714 ,0.02089 ,0.52124 ,0.01992 
0.05351 ,0.02151 ,0.24383 ,0.02089 ,0.48323 ,0.01992 
0.04245 ,0.02152 ,0.23018 ,0.02090 ,0.59095 ,0.01993 
0.05654 ,0.02152 ,0.22249 ,0.02090 ,0.51522 ,0.01994 
-0.00009 ,0.02153 ,0.23266 ,0.02090 ,0.52890 ,0.01994 
0.00751 ,0.02153 ,0.21944 ,0.02090 ,0.48430 ,0.01995 
0.05672 ,0.02153 ,0.24642 ,0.02091 ,0.58855 ,0.01995 
0.03017 ,0.02154 ,0.16704 ,0.02091 ,0.47735 ,0.01995 
0.02874 ,0.02154 ,0.18715 ,0.02093 ,0.50818 ,0.01996 
0.07153 ,0.02156 ,0.20862 ,0.02093 ,0.51824 ,0.01996 
0.03093 ,0.02157 ,0.21564 ,0.02093 ,0.53924 ,0.01996 
0.06950 ,0.02157 ,0.22838 ,0.02094 ,0.52805 ,0.01997 
0.07666 ,0.02158 ,0.19538 ,0.02094 ,0.53594 ,0.01997 
0.02903 ,0.02158 ,0.27999 ,0.02096 ,0.50340 ,0.01997 
0.03128 ,0.02159 ,0.23375 ,0.02097 ,0.47307 ,0.01998 
0.06010 ,0.02159 ,0.18340 ,0.02097 ,0.53370 ,0.01999 
0.04160 ,0.02159 ,0.27115 ,0.02098 ,0.53028 ,0.02000 
0.10795 ,0.02159 ,0.26181 ,0.02098 ,0.50399 ,0.02001 
0.04906 ,0.02160 ,0.23450 ,0.02098 ,0.50645 ,0.02001 
0.03094 ,0.02161 ,0.19856 ,0.02098 ,0.47913 ,0.02001 
0.03165 ,0.02161 ,0.17542 ,0.02099 ,0.51479 ,0.02002 
0.03522 ,0.02162 ,0.19168 ,0.02100 ,0.46464 ,0.02003 
0.03801 ,0.02162 ,0.24759 ,0.02100 ,0.55995 ,0.02003 
0.04780 ,0.02164 ,0.20161 ,0.02101 ,0.60410 ,0.02004 
0.01191 ,0.02165 ,0.23877 ,0.02101 ,0.48270 ,0.02004 
0.00680 ,0.02165 ,0.23478 ,0.02101 ,0.54662 ,0.02004 
0.02569 ,0.02166 ,0.24315 ,0.02102 ,0.52508 ,0.02004 
0.04960 ,0.02166 ,0.22756 ,0.02102 ,0.46992 ,0.02004 
0.01940 ,0.02167 ,0.22115 ,0.02103 ,0.54904 ,0.02005 
0.02983 ,0.02167 ,0.23410 ,0.02103 ,0.53498 ,0.02005 
0.07117 ,0.02168 ,0.18178 ,0.02103 ,0.51135 ,0.02009 
0.05886 ,0.02170 ,0.19640 ,0.02105 ,0.51600 ,0.02009 
0.08248 ,0.02170 ,0.24275 ,0.02106 ,0.50299 ,0.02009 
0.04416 ,0.02170 ,0.19708 ,0.02106 ,0.47444 ,0.02010 
0.04200 ,0.02170 ,0.18053 ,0.02107 ,0.54830 ,0.02010 
0.02104 ,0.02170 ,0.21889 ,0.02107 ,0.48802 ,0.02010 
0.00367 ,0.02172 ,0.21831 ,0.02107 ,0.53468 ,0.02011 
0.02279 ,0.02173 ,0.20064 ,0.02107 ,0.53622 ,0.02011 
0.02447 ,0.02174 ,0.20036 ,0.02108 ,0.47655 ,0.02011 
0.04938 ,0.02175 ,0.19252 ,0.02108 ,0.50736 ,0.02012 
0.07712 ,0.02175 ,0.19777 ,0.02108 ,0.54750 ,0.02014 
0.02737 ,0.02175 ,0.34867 ,0.02108 ,0.48481 ,0.02014 
0.03137 ,0.02175 ,0.24561 ,0.02109 ,0.48074 ,0.02014 
0.08011 ,0.02177 ,0.19329 ,0.02109 ,0.49688 ,0.02014 
0.01806 ,0.02178 ,0.19312 ,0.02110 ,0.48909 ,0.02014 
0.03595 ,0.02178 ,0.20402 ,0.02110 ,0.47604 ,0.02015 
0.02205 ,0.02180 ,0.19391 ,0.02110 ,0.50171 ,0.02015 
0.05225 ,0.02182 ,0.27316 ,0.02110 ,0.47617 ,0.02017 
0.05267 ,0.02183 ,0.20202 ,0.02111 ,0.54731 ,0.02017 
0.02250 ,0.02183 ,0.23138 ,0.02111 ,0.54249 ,0.02018 
0.01349 ,0.02184 ,0.18148 ,0.02111 ,0.47583 ,0.02018 
0.06978 ,0.02185 ,0.19102 ,0.02113 ,0.53939 ,0.02019 
0.03200 ,0.02185 ,0.25771 ,0.02113 ,0.49679 ,0.02021 
0.00273 ,0.02185 ,0.18511 ,0.02113 ,0.52933 ,0.02022 
0.01645 ,0.02186 ,0.22902 ,0.02113 ,0.51349 ,0.02022 
-0.00631 ,0.02186 ,0.17114 ,0.02114 ,0.55058 ,0.02022 
0.02539 ,0.02186 ,0.19240 ,0.02115 ,0.48051 ,0.02023 
0.15597 ,0.02188 ,0.28704 ,0.02115 ,0.47859 ,0.02023 
0.03171 ,0.02188 ,0.23093 ,0.02116 ,0.57933 ,0.02023 
0.00531 ,0.02188 ,0.19575 ,0.02117 ,0.49512 ,0.02023 
0.01998 ,0.02189 ,0.19147 ,0.02118 ,0.49404 ,0.02024 
0.15054 ,0.02190 ,0.19432 ,0.02118 ,0.48464 ,0.02025 
0.07803 ,0.02191 ,0.19491 ,0.02118 ,0.57643 ,0.02025 
0.04133 ,0.02191 ,0.20683 ,0.02119 ,0.49843 ,0.02026 
0.06530 ,0.02192 ,0.20563 ,0.02119 ,0.54103 ,0.02027 
0.01956 ,0.02192 ,0.20368 ,0.02120 ,0.52850 ,0.02027 
0.07086 ,0.02192 ,0.23379 ,0.02120 ,0.53956 ,0.02027 
0.00289 ,0.02192 ,0.22436 ,0.02120 ,0.53572 ,0.02028 
0.02342 ,0.02192 ,0.22026 ,0.02122 ,0.49501 ,0.02028 
0.01593 ,0.02193 ,0.19353 ,0.02123 ,0.52401 ,0.02028 
0.06622 ,0.02194 ,0.22564 ,0.02124 ,0.47738 ,0.02028 
0.03469 ,0.02194 ,0.16831 ,0.02124 ,0.52673 ,0.02029 
0.00908 ,0.02195 ,0.24828 ,0.02124 ,0.55762 ,0.02030 
0.01377 ,0.02196 ,0.18830 ,0.02125 ,0.49542 ,0.02030 
0.01796 ,0.02197 ,0.25548 ,0.02125 ,0.50317 ,0.02031 
0.06304 ,0.02197 ,0.23178 ,0.02125 ,0.51585 ,0.02031 
0.00722 ,0.02197 ,0.19982 ,0.02126 ,0.52120 ,0.02033 
0.03167 ,0.02197 ,0.24660 ,0.02127 ,0.56726 ,0.02033 
0.02898 ,0.02197 ,0.21558 ,0.02127 ,0.50141 ,0.02033 
0.05684 ,0.02198 ,0.19199 ,0.02127 ,0.50139 ,0.02033 
0.02057 ,0.02198 ,0.18288 ,0.02127 ,0.46500 ,0.02034 
0.09903 ,0.02199 ,0.18718 ,0.02127 ,0.56076 ,0.02034 
0.01918 ,0.02199 ,0.25052 ,0.02128 ,0.55663 ,0.02035 
0.03055 ,0.02200 ,0.24815 ,0.02128 ,0.51734 ,0.02035 
0.00043 ,0.02200 ,0.23683 ,0.02128 ,0.54869 ,0.02036 
0.02803 ,0.02202 ,0.23061 ,0.02130 ,0.51380 ,0.02036 
0.03171 ,0.02202 ,0.28972 ,0.02130 ,0.48075 ,0.02036 
0.01496 ,0.02203 ,0.30377 ,0.02131 ,0.47682 ,0.02037 
0.04357 ,0.02203 ,0.29569 ,0.02131 ,0.48261 ,0.02037 
0.01827 ,0.02204 ,0.19732 ,0.02131 ,0.47387 ,0.02038 
0.05827 ,0.02204 ,0.20241 ,0.02131 ,0.49155 ,0.02038 
0.04059 ,0.02205 ,0.19671 ,0.02132 ,0.48747 ,0.02039 
0.02778 ,0.02205 ,0.21874 ,0.02132 ,0.48913 ,0.02039 
0.13956 ,0.02207 ,0.19639 ,0.02133 ,0.48352 ,0.02042 
0.02968 ,0.02207 ,0.23552 ,0.02133 ,0.52925 ,0.02043 
-0.00055 ,0.02207 ,0.20170 ,0.02133 ,0.49635 ,0.02043 
0.04059 ,0.02209 ,0.18775 ,0.02134 ,0.50724 ,0.02044 
0.02335 ,0.02210 ,0.22411 ,0.02134 ,0.51821 ,0.02045 
-0.00167 ,0.02210 ,0.20877 ,0.02135 ,0.53877 ,0.02047 
0.02233 ,0.02211 ,0.26917 ,0.02135 ,0.59080 ,0.02047 
0.04756 ,0.02211 ,0.24075 ,0.02135 ,0.49936 ,0.02047 
0.01675 ,0.02212 ,0.24484 ,0.02136 ,0.51207 ,0.02047 
0.02745 ,0.02216 ,0.20342 ,0.02136 ,0.47977 ,0.02048 
0.01251 ,0.02217 ,0.20455 ,0.02138 ,0.48195 ,0.02048 
0.06828 ,0.02218 ,0.20075 ,0.02140 ,0.48195 ,0.02049 
0.04037 ,0.02219 ,0.18727 ,0.02140 ,0.53854 ,0.02050 
0.08470 ,0.02220 ,0.17260 ,0.02141 ,0.50585 ,0.02050 
0.06599 ,0.02220 ,0.24327 ,0.02141 ,0.49928 ,0.02051 
0.05567 ,0.02220 ,0.18547 ,0.02142 ,0.63031 ,0.02051 
0.01794 ,0.02220 ,0.18174 ,0.02143 ,0.50202 ,0.02051 
0.01139 ,0.02220 ,0.22625 ,0.02143 ,0.54388 ,0.02052 
0.01732 ,0.02220 ,0.23743 ,0.02146 ,0.49114 ,0.02053 
0.03581 ,0.02221 ,0.18057 ,0.02146 ,0.52053 ,0.02053 
0.01158 ,0.02222 ,0.21242 ,0.02146 ,0.47198 ,0.02054 
0.02787 ,0.02223 ,0.23022 ,0.02146 ,0.51017 ,0.02055 
0.08511 ,0.02223 ,0.26243 ,0.02146 ,0.50177 ,0.02055 
0.03269 ,0.02223 ,0.18807 ,0.02147 ,0.52400 ,0.02056 
0.01062 ,0.02223 ,0.19689 ,0.02149 ,0.48767 ,0.02056 
0.01497 ,0.02224 ,0.21057 ,0.02149 ,0.58854 ,0.02056 
0.00189 ,0.02224 ,0.25822 ,0.02150 ,0.48984 ,0.02056 
0.03243 ,0.02224 ,0.26945 ,0.02150 ,0.49740 ,0.02056 
0.02517 ,0.02224 ,0.18650 ,0.02150 ,0.52092 ,0.02057 
0.00645 ,0.02225 ,0.19521 ,0.02151 ,0.49969 ,0.02057 
0.01772 ,0.02225 ,0.23017 ,0.02151 ,0.47619 ,0.02057 
0.01574 ,0.02225 ,0.27058 ,0.02151 ,0.48459 ,0.02059 
0.02653 ,0.02225 ,0.25826 ,0.02151 ,0.54149 ,0.02059 
0.01367 ,0.02226 ,0.17396 ,0.02151 ,0.54514 ,0.02061 
0.05339 ,0.02226 ,0.19302 ,0.02153 ,0.55727 ,0.02061 
0.05992 ,0.02226 ,0.20976 ,0.02153 ,0.51399 ,0.02062 
0.01385 ,0.02227 ,0.18877 ,0.02154 ,0.52031 ,0.02062 
0.08806 ,0.02227 ,0.25359 ,0.02155 ,0.54679 ,0.02063 
0.08204 ,0.02228 ,0.23158 ,0.02156 ,0.50603 ,0.02063 
0.02903 ,0.02228 ,0.27782 ,0.02156 ,0.53441 ,0.02063 
0.03062 ,0.02228 ,0.19170 ,0.02157 ,0.48547 ,0.02064 
0.02554 ,0.02229 ,0.18957 ,0.02158 ,0.51026 ,0.02065 
0.03175 ,0.02229 ,0.24272 ,0.02158 ,0.55744 ,0.02065 
0.09547 ,0.02230 ,0.30917 ,0.02159 ,0.49762 ,0.02065 
0.06069 ,0.02230 ,0.28122 ,0.02160 ,0.47151 ,0.02066 
0.02725 ,0.02231 ,0.19610 ,0.02161 ,0.49622 ,0.02066 
0.02273 ,0.02231 ,0.19345 ,0.02161 ,0.51674 ,0.02067 
0.13979 ,0.02231 ,0.19973 ,0.02161 ,0.53268 ,0.02067 
0.05652 ,0.02231 ,0.17951 ,0.02162 ,0.47716 ,0.02067 
0.01625 ,0.02232 ,0.17311 ,0.02163 ,0.52637 ,0.02067 
0.02136 ,0.02232 ,0.19748 ,0.02163 ,0.49777 ,0.02067 
0.11623 ,0.02232 ,0.25097 ,0.02163 ,0.47383 ,0.02068 
0.11773 ,0.02232 ,0.19618 ,0.02164 ,0.48387 ,0.02068 
0.03932 ,0.02233 ,0.26888 ,0.02165 ,0.49158 ,0.02069 
0.06390 ,0.02233 ,0.18928 ,0.02165 ,0.48266 ,0.02069 
0.03785 ,0.02234 ,0.21188 ,0.02166 ,0.48352 ,0.02069 
0.04086 ,0.02234 ,0.22428 ,0.02166 ,0.53392 ,0.02070 
0.04861 ,0.02235 ,0.19476 ,0.02167 ,0.55138 ,0.02071 
0.03193 ,0.02236 ,0.18818 ,0.02167 ,0.48604 ,0.02071 
0.02345 ,0.02237 ,0.20032 ,0.02168 ,0.58834 ,0.02072 
0.04444 ,0.02237 ,0.22250 ,0.02169 ,0.49050 ,0.02072 
0.05323 ,0.02237 ,0.24518 ,0.02169 ,0.52903 ,0.02073 
0.06483 ,0.02239 ,0.19724 ,0.02170 ,0.47170 ,0.02074 
0.02038 ,0.02239 ,0.22399 ,0.02170 ,0.52418 ,0.02075 
0.04798 ,0.02240 ,0.18015 ,0.02170 ,0.50446 ,0.02076 
0.02557 ,0.02241 ,0.21405 ,0.02171 ,0.50339 ,0.02077 
0.02949 ,0.02241 ,0.19290 ,0.02171 ,0.55202 ,0.02077 
-0.00013 ,0.02241 ,0.17768 ,0.02171 ,0.47448 ,0.02077 
0.04048 ,0.02242 ,0.21457 ,0.02172 ,0.54233 ,0.02078 
0.01926 ,0.02242 ,0.25781 ,0.02172 ,0.55562 ,0.02078 
0.07857 ,0.02243 ,0.23741 ,0.02172 ,0.54263 ,0.02079 
0.02621 ,0.02244 ,0.21289 ,0.02174 ,0.48091 ,0.02080 
0.03526 ,0.02245 ,0.23179 ,0.02175 ,0.48581 ,0.02080 
0.03704 ,0.02245 ,0.20554 ,0.02176 ,0.49785 ,0.02080 
0.03844 ,0.02246 ,0.27058 ,0.02177 ,0.56589 ,0.02081 
0.05120 ,0.02246 ,0.23849 ,0.02177 ,0.56275 ,0.02082 
0.07253 ,0.02246 ,0.18281 ,0.02177 ,0.49534 ,0.02083 
0.00560 ,0.02247 ,0.25375 ,0.02178 ,0.52086 ,0.02083 
0.03129 ,0.02247 ,0.24047 ,0.02178 ,0.53196 ,0.02084 
0.00532 ,0.02247 ,0.21073 ,0.02179 ,0.55472 ,0.02085 
0.02667 ,0.02247 ,0.24147 ,0.02179 ,0.50061 ,0.02085 
0.06837 ,0.02248 ,0.21393 ,0.02179 ,0.49943 ,0.02086 
0.03096 ,0.02248 ,0.19114 ,0.02180 ,0.58226 ,0.02086 
0.01840 ,0.02248 ,0.20987 ,0.02180 ,0.50695 ,0.02087 
0.06714 ,0.02249 ,0.18317 ,0.02180 ,0.56751 ,0.02088 
0.07294 ,0.02250 ,0.19799 ,0.02181 ,0.50146 ,0.02090 
0.02932 ,0.02250 ,0.22809 ,0.02181 ,0.53527 ,0.02090 
0.04791 ,0.02250 ,0.21504 ,0.02181 ,0.48062 ,0.02090 
0.01220 ,0.02251 ,0.21474 ,0.02182 ,0.49048 ,0.02090 
0.12233 ,0.02251 ,0.18743 ,0.02183 ,0.55807 ,0.02091 
0.04701 ,0.02252 ,0.20848 ,0.02183 ,0.48226 ,0.02092 
0.03097 ,0.02252 ,0.22026 ,0.02183 ,0.47871 ,0.02093 
0.05451 ,0.02252 ,0.25654 ,0.02184 ,0.49638 ,0.02093 
0.04735 ,0.02253 ,0.23608 ,0.02184 ,0.57060 ,0.02094 
0.02696 ,0.02253 ,0.19376 ,0.02184 ,0.49279 ,0.02094 
0.08783 ,0.02253 ,0.22761 ,0.02185 ,0.60398 ,0.02095 
0.02712 ,0.02254 ,0.22422 ,0.02185 ,0.51011 ,0.02095 
0.06129 ,0.02254 ,0.24656 ,0.02186 ,0.54455 ,0.02096 
0.04982 ,0.02254 ,0.20709 ,0.02187 ,0.53415 ,0.02096 
0.03763 ,0.02254 ,0.27853 ,0.02187 ,0.56599 ,0.02097 
0.02386 ,0.02255 ,0.20408 ,0.02188 ,0.54522 ,0.02098 
0.06058 ,0.02255 ,0.19673 ,0.02189 ,0.49068 ,0.02098 
0.05713 ,0.02256 ,0.20458 ,0.02189 ,0.50098 ,0.02098 
0.01246 ,0.02256 ,0.22280 ,0.02190 ,0.48099 ,0.02099 
0.01423 ,0.02256 ,0.25962 ,0.02191 ,0.54047 ,0.02101 
0.01063 ,0.02256 ,0.22152 ,0.02191 ,0.50526 ,0.02101 
0.00386 ,0.02258 ,0.23817 ,0.02192 ,0.52599 ,0.02101 
0.06034 ,0.02258 ,0.21119 ,0.02192 ,0.48365 ,0.02102 
0.01240 ,0.02259 ,0.19646 ,0.02193 ,0.53312 ,0.02103 
0.03266 ,0.02260 ,0.20989 ,0.02193 ,0.47675 ,0.02104 
-0.00006 ,0.02261 ,0.20245 ,0.02193 ,0.49055 ,0.02104 
0.00916 ,0.02261 ,0.19425 ,0.02193 ,0.52169 ,0.02104 
0.00814 ,0.02262 ,0.19666 ,0.02193 ,0.48522 ,0.02104 
0.04237 ,0.02263 ,0.22940 ,0.02194 ,0.48985 ,0.02104 
0.02182 ,0.02264 ,0.29272 ,0.02194 ,0.52950 ,0.02105 
0.07056 ,0.02264 ,0.26746 ,0.02195 ,0.49940 ,0.02105 
0.01808 ,0.02264 ,0.23816 ,0.02195 ,0.51557 ,0.02105 
0.04731 ,0.02265 ,0.25235 ,0.02195 ,0.51195 ,0.02105 
0.13125 ,0.02265 ,0.18459 ,0.02196 ,0.59320 ,0.02106 
0.03441 ,0.02266 ,0.33115 ,0.02196 ,0.52469 ,0.02107 
0.02771 ,0.02266 ,0.18255 ,0.02196 ,0.48886 ,0.02108 
0.05480 ,0.02267 ,0.27617 ,0.02196 ,0.51317 ,0.02109 
0.01638 ,0.02267 ,0.19854 ,0.02197 ,0.50759 ,0.02110 
0.05808 ,0.02267 ,0.21473 ,0.02198 ,0.47016 ,0.02110 
0.00099 ,0.02267 ,0.23509 ,0.02198 ,0.56670 ,0.02111 
0.05194 ,0.02268 ,0.21490 ,0.02198 ,0.54261 ,0.02111 
0.05138 ,0.02268 ,0.19158 ,0.02198 ,0.49721 ,0.02111 
0.07912 ,0.02270 ,0.20974 ,0.02199 ,0.47367 ,0.02112 
0.02326 ,0.02270 ,0.26722 ,0.02199 ,0.47515 ,0.02112 
0.00814 ,0.02271 ,0.27807 ,0.02200 ,0.51983 ,0.02112 
0.08831 ,0.02272 ,0.21218 ,0.02201 ,0.49162 ,0.02112 
0.02262 ,0.02272 ,0.24170 ,0.02202 ,0.60617 ,0.02112 
0.01790 ,0.02272 ,0.22131 ,0.02204 ,0.57232 ,0.02112 
0.00920 ,0.02275 ,0.20219 ,0.02205 ,0.57054 ,0.02113 
0.10872 ,0.02275 ,0.19110 ,0.02207 ,0.48898 ,0.02114 
0.06074 ,0.02276 ,0.22953 ,0.02207 ,0.47392 ,0.02114 
0.03315 ,0.02277 ,0.24242 ,0.02207 ,0.48972 ,0.02115 
0.00558 ,0.02278 ,0.24204 ,0.02208 ,0.56317 ,0.02116 
0.00891 ,0.02278 ,0.18931 ,0.02208 ,0.47797 ,0.02116 
0.04240 ,0.02278 ,0.28800 ,0.02209 ,0.55716 ,0.02116 
0.07102 ,0.02280 ,0.19703 ,0.02210 ,0.49555 ,0.02117 
0.01695 ,0.02280 ,0.22220 ,0.02211 ,0.49061 ,0.02119 
0.01160 ,0.02280 ,0.20701 ,0.02211 ,0.49361 ,0.02119 
0.01349 ,0.02280 ,0.23516 ,0.02211 ,0.54420 ,0.02121 
0.01882 ,0.02280 ,0.26999 ,0.02211 ,0.51115 ,0.02121 
0.08689 ,0.02281 ,0.21673 ,0.02211 ,0.52012 ,0.02122 
0.05915 ,0.02281 ,0.32866 ,0.02212 ,0.51732 ,0.02122 
0.02169 ,0.02281 ,0.22581 ,0.02213 ,0.58240 ,0.02122 
0.08035 ,0.02282 ,0.18561 ,0.02213 ,0.54964 ,0.02123 
0.01139 ,0.02282 ,0.25242 ,0.02214 ,0.55806 ,0.02123 
0.04235 ,0.02282 ,0.22753 ,0.02217 ,0.50913 ,0.02123 
0.01843 ,0.02282 ,0.19033 ,0.02217 ,0.54468 ,0.02126 
0.07221 ,0.02283 ,0.23367 ,0.02218 ,0.56050 ,0.02126 
0.04165 ,0.02283 ,0.26677 ,0.02220 ,0.53454 ,0.02127 
-0.00367 ,0.02283 ,0.20459 ,0.02220 ,0.50040 ,0.02127 
0.02244 ,0.02283 ,0.19429 ,0.02220 ,0.48381 ,0.02127 
0.02320 ,0.02283 ,0.24309 ,0.02221 ,0.48431 ,0.02128 
0.01154 ,0.02283 ,0.19223 ,0.02221 ,0.49884 ,0.02128 
0.02069 ,0.02284 ,0.24965 ,0.02222 ,0.50051 ,0.02129 
0.05700 ,0.02284 ,0.22202 ,0.02222 ,0.54643 ,0.02130 
0.01689 ,0.02284 ,0.24894 ,0.02223 ,0.50909 ,0.02130 
0.02742 ,0.02285 ,0.18621 ,0.02223 ,0.52112 ,0.02131 
0.02952 ,0.02285 ,0.25514 ,0.02224 ,0.54733 ,0.02131 
0.01596 ,0.02286 ,0.19134 ,0.02225 ,0.50460 ,0.02131 
0.03660 ,0.02286 ,0.22384 ,0.02226 ,0.53435 ,0.02131 
0.06047 ,0.02287 ,0.26530 ,0.02226 ,0.50354 ,0.02132 
0.02870 ,0.02287 ,0.22980 ,0.02227 ,0.52513 ,0.02132 
0.05478 ,0.02288 ,0.20770 ,0.02227 ,0.47455 ,0.02132 
0.01518 ,0.02288 ,0.20683 ,0.02227 ,0.51446 ,0.02133 
0.03050 ,0.02289 ,0.22653 ,0.02227 ,0.47864 ,0.02134 
0.11727 ,0.02289 ,0.21375 ,0.02228 ,0.48064 ,0.02134 
0.02567 ,0.02289 ,0.21441 ,0.02228 ,0.47052 ,0.02135 
0.03407 ,0.02289 ,0.24708 ,0.02229 ,0.52817 ,0.02135 
0.05684 ,0.02290 ,0.23356 ,0.02229 ,0.59053 ,0.02135 
0.11608 ,0.02290 ,0.25310 ,0.02229 ,0.48814 ,0.02135 
0.07894 ,0.02291 ,0.20175 ,0.02230 ,0.49210 ,0.02135 
0.08096 ,0.02291 ,0.22406 ,0.02230 ,0.57512 ,0.02136 
0.05165 ,0.02291 ,0.19615 ,0.02230 ,0.55112 ,0.02136 
0.13691 ,0.02293 ,0.20947 ,0.02230 ,0.50478 ,0.02136 
0.02916 ,0.02293 ,0.26054 ,0.02231 ,0.54443 ,0.02136 
0.03086 ,0.02294 ,0.27527 ,0.02232 ,0.52502 ,0.02136 
0.03026 ,0.02294 ,0.27769 ,0.02233 ,0.49710 ,0.02137 
0.07889 ,0.02296 ,0.22176 ,0.02233 ,0.48479 ,0.02137 
0.00324 ,0.02296 ,0.28847 ,0.02233 ,0.49528 ,0.02137 
0.03498 ,0.02297 ,0.17505 ,0.02233 ,0.51025 ,0.02137 
0.08808 ,0.02297 ,0.20413 ,0.02234 ,0.48427 ,0.02138 
0.09830 ,0.02297 ,0.20665 ,0.02236 ,0.50825 ,0.02138 
0.04602 ,0.02298 ,0.19324 ,0.02236 ,0.53462 ,0.02138 
0.05872 ,0.02298 ,0.23849 ,0.02236 ,0.53327 ,0.02140 
0.02172 ,0.02298 ,0.18761 ,0.02237 ,0.51365 ,0.02140 
0.07355 ,0.02298 ,0.20647 ,0.02238 ,0.48779 ,0.02141 
0.02107 ,0.02298 ,0.20103 ,0.02238 ,0.58005 ,0.02142 
0.02812 ,0.02299 ,0.24550 ,0.02238 ,0.52880 ,0.02143 
0.03987 ,0.02299 ,0.28315 ,0.02238 ,0.53302 ,0.02143 
0.02260 ,0.02299 ,0.23245 ,0.02239 ,0.48633 ,0.02143 
0.04707 ,0.02299 ,0.23017 ,0.02239 ,0.49624 ,0.02144 
0.02461 ,0.02300 ,0.19220 ,0.02239 ,0.48188 ,0.02145 
0.02600 ,0.02300 ,0.19140 ,0.02240 ,0.51497 ,0.02145 
0.03966 ,0.02300 ,0.20204 ,0.02240 ,0.54271 ,0.02145 
0.02721 ,0.02301 ,0.21291 ,0.02241 ,0.48638 ,0.02146 
0.04438 ,0.02301 ,0.22482 ,0.02241 ,0.49989 ,0.02146 
0.07067 ,0.02301 ,0.21351 ,0.02242 ,0.47573 ,0.02147 
0.02420 ,0.02301 ,0.25790 ,0.02242 ,0.47082 ,0.02148 
0.06375 ,0.02301 ,0.19353 ,0.02243 ,0.49825 ,0.02148 
0.00239 ,0.02302 ,0.20499 ,0.02243 ,0.51284 ,0.02149 
0.05870 ,0.02302 ,0.18613 ,0.02244 ,0.49811 ,0.02149 
0.04651 ,0.02302 ,0.24766 ,0.02244 ,0.53173 ,0.02149 
0.03723 ,0.02302 ,0.19607 ,0.02245 ,0.50503 ,0.02149 
0.02660 ,0.02303 ,0.22584 ,0.02245 ,0.54345 ,0.02150 
0.09293 ,0.02303 ,0.22736 ,0.02245 ,0.50874 ,0.02150 
0.05230 ,0.02303 ,0.21603 ,0.02246 ,0.47970 ,0.02150 
0.02634 ,0.02303 ,0.18616 ,0.02246 ,0.57176 ,0.02150 
0.07306 ,0.02303 ,0.27067 ,0.02246 ,0.52156 ,0.02150 
0.10274 ,0.02304 ,0.21195 ,0.02246 ,0.55724 ,0.02151 
0.04223 ,0.02305 ,0.20109 ,0.02246 ,0.48137 ,0.02152 
0.05412 ,0.02305 ,0.19503 ,0.02246 ,0.59680 ,0.02152 
0.01864 ,0.02305 ,0.21373 ,0.02248 ,0.48671 ,0.02152 
0.08666 ,0.02306 ,0.28347 ,0.02248 ,0.54417 ,0.02154 
0.04512 ,0.02307 ,0.23204 ,0.02248 ,0.48766 ,0.02155 
0.09698 ,0.02308 ,0.23227 ,0.02249 ,0.53392 ,0.02155 
0.12594 ,0.02308 ,0.26276 ,0.02250 ,0.60908 ,0.02155 
0.01266 ,0.02309 ,0.18806 ,0.02251 ,0.52585 ,0.02156 
0.03916 ,0.02309 ,0.23800 ,0.02251 ,0.48127 ,0.02158 
0.06969 ,0.02309 ,0.23700 ,0.02251 ,0.59570 ,0.02159 
0.01980 ,0.02310 ,0.23059 ,0.02251 ,0.51343 ,0.02159 
0.01696 ,0.02310 ,0.17407 ,0.02252 ,0.48079 ,0.02160 
-0.00212 ,0.02311 ,0.26333 ,0.02252 ,0.53581 ,0.02161 
0.03745 ,0.02311 ,0.19511 ,0.02252 ,0.47569 ,0.02161 
0.08497 ,0.02311 ,0.25008 ,0.02252 ,0.54631 ,0.02161 
0.07639 ,0.02311 ,0.20303 ,0.02253 ,0.58783 ,0.02162 
0.00835 ,0.02311 ,0.23945 ,0.02253 ,0.51567 ,0.02162 
0.02202 ,0.02312 ,0.26926 ,0.02255 ,0.49445 ,0.02162 
0.08016 ,0.02312 ,0.25709 ,0.02255 ,0.54546 ,0.02165 
0.03255 ,0.02313 ,0.19173 ,0.02255 ,0.55297 ,0.02165 
0.01726 ,0.02313 ,0.19759 ,0.02256 ,0.51642 ,0.02166 
0.05012 ,0.02315 ,0.18145 ,0.02256 ,0.54392 ,0.02166 
0.02802 ,0.02315 ,0.22178 ,0.02259 ,0.49688 ,0.02166 
0.01345 ,0.02315 ,0.17397 ,0.02260 ,0.55169 ,0.02166 
0.03079 ,0.02315 ,0.24870 ,0.02260 ,0.47827 ,0.02167 
0.08298 ,0.02316 ,0.20992 ,0.02260 ,0.48969 ,0.02168 
0.08770 ,0.02316 ,0.22940 ,0.02261 ,0.47601 ,0.02169 
0.04048 ,0.02316 ,0.20737 ,0.02261 ,0.51408 ,0.02170 
0.03357 ,0.02316 ,0.19586 ,0.02262 ,0.47388 ,0.02170 
0.06361 ,0.02317 ,0.26211 ,0.02262 ,0.48478 ,0.02171 
0.03452 ,0.02317 ,0.18924 ,0.02263 ,0.52128 ,0.02171 
0.01993 ,0.02317 ,0.23297 ,0.02264 ,0.47911 ,0.02172 
0.03521 ,0.02317 ,0.18376 ,0.02265 ,0.51073 ,0.02172 
0.06638 ,0.02318 ,0.27380 ,0.02266 ,0.50174 ,0.02172 
0.03482 ,0.02318 ,0.23352 ,0.02266 ,0.50762 ,0.02173 
0.06233 ,0.02318 ,0.24798 ,0.02268 ,0.49657 ,0.02173 
0.03198 ,0.02319 ,0.25230 ,0.02268 ,0.48285 ,0.02173 
0.03316 ,0.02319 ,0.28167 ,0.02270 ,0.56658 ,0.02173 
0.10065 ,0.02319 ,0.24365 ,0.02270 ,0.55241 ,0.02174 
0.19315 ,0.02319 ,0.25170 ,0.02270 ,0.47548 ,0.02175 
0.00880 ,0.02320 ,0.20510 ,0.02270 ,0.52498 ,0.02177 
0.08463 ,0.02320 ,0.25062 ,0.02271 ,0.49252 ,0.02177 
0.05899 ,0.02320 ,0.19974 ,0.02271 ,0.49209 ,0.02178 
0.07252 ,0.02320 ,0.23087 ,0.02272 ,0.48342 ,0.02178 
0.10289 ,0.02321 ,0.20091 ,0.02272 ,0.52205 ,0.02179 
0.04703 ,0.02321 ,0.20259 ,0.02272 ,0.55238 ,0.02179 
0.03157 ,0.02321 ,0.19258 ,0.02272 ,0.53716 ,0.02180 
0.04121 ,0.02322 ,0.19586 ,0.02272 ,0.48046 ,0.02180 
0.03313 ,0.02322 ,0.23595 ,0.02273 ,0.48557 ,0.02180 
0.02463 ,0.02323 ,0.19598 ,0.02273 ,0.55732 ,0.02180 
0.04128 ,0.02324 ,0.20363 ,0.02273 ,0.50870 ,0.02181 
0.08447 ,0.02324 ,0.22749 ,0.02273 ,0.48491 ,0.02181 
0.02193 ,0.02324 ,0.21525 ,0.02275 ,0.47240 ,0.02182 
0.05846 ,0.02324 ,0.32111 ,0.02275 ,0.51580 ,0.02183 
0.04172 ,0.02325 ,0.19073 ,0.02276 ,0.49184 ,0.02184 
0.04162 ,0.02325 ,0.33380 ,0.02277 ,0.49930 ,0.02184 
0.05133 ,0.02326 ,0.26877 ,0.02277 ,0.58789 ,0.02185 
0.18524 ,0.02326 ,0.35439 ,0.02277 ,0.53189 ,0.02186 
0.01711 ,0.02326 ,0.20653 ,0.02278 ,0.56386 ,0.02186 
0.03690 ,0.02326 ,0.23584 ,0.02278 ,0.55231 ,0.02186 
0.13203 ,0.02327 ,0.23680 ,0.02279 ,0.48621 ,0.02186 
0.09924 ,0.02328 ,0.24288 ,0.02279 ,0.48415 ,0.02186 
0.04921 ,0.02328 ,0.22612 ,0.02280 ,0.52478 ,0.02186 
0.04879 ,0.02328 ,0.20584 ,0.02280 ,0.52087 ,0.02187 
0.03560 ,0.02328 ,0.21475 ,0.02280 ,0.50350 ,0.02187 
0.02088 ,0.02329 ,0.24215 ,0.02281 ,0.49154 ,0.02187 
0.08929 ,0.02331 ,0.26309 ,0.02281 ,0.54571 ,0.02187 
0.01328 ,0.02333 ,0.21971 ,0.02281 ,0.52632 ,0.02188 
0.02158 ,0.02333 ,0.18841 ,0.02282 ,0.55351 ,0.02188 
0.02727 ,0.02333 ,0.20276 ,0.02282 ,0.56375 ,0.02188 
0.03497 ,0.02333 ,0.23246 ,0.02283 ,0.59763 ,0.02189 
0.05566 ,0.02333 ,0.22410 ,0.02283 ,0.58937 ,0.02189 
0.01210 ,0.02333 ,0.17673 ,0.02283 ,0.48441 ,0.02191 
0.09524 ,0.02334 ,0.24902 ,0.02284 ,0.50632 ,0.02192 
0.05279 ,0.02334 ,0.22358 ,0.02284 ,0.48998 ,0.02193 
0.03816 ,0.02334 ,0.21056 ,0.02284 ,0.54883 ,0.02193 
0.03777 ,0.02335 ,0.19596 ,0.02284 ,0.48459 ,0.02194 
0.04372 ,0.02335 ,0.18824 ,0.02284 ,0.59242 ,0.02194 
0.00936 ,0.02335 ,0.22274 ,0.02284 ,0.48960 ,0.02194 
0.06262 ,0.02335 ,0.23038 ,0.02285 ,0.53456 ,0.02195 
0.04146 ,0.02336 ,0.27103 ,0.02285 ,0.49175 ,0.02195 
0.10012 ,0.02337 ,0.18940 ,0.02287 ,0.51913 ,0.02196 
0.00403 ,0.02337 ,0.27427 ,0.02287 ,0.53718 ,0.02197 
0.01453 ,0.02338 ,0.22918 ,0.02287 ,0.49885 ,0.02198 
0.02261 ,0.02338 ,0.25287 ,0.02287 ,0.56887 ,0.02198 
0.00120 ,0.02338 ,0.18812 ,0.02289 ,0.51952 ,0.02198 
0.03646 ,0.02339 ,0.20569 ,0.02289 ,0.49971 ,0.02199 
0.05526 ,0.02340 ,0.21185 ,0.02289 ,0.49207 ,0.02199 
0.02165 ,0.02340 ,0.21549 ,0.02290 ,0.52885 ,0.02199 
0.01761 ,0.02340 ,0.20086 ,0.02290 ,0.52870 ,0.02199 
0.01827 ,0.02340 ,0.26055 ,0.02290 ,0.50630 ,0.02200 
0.01577 ,0.02341 ,0.17463 ,0.02290 ,0.49297 ,0.02201 
0.02856 ,0.02341 ,0.23303 ,0.02291 ,0.48386 ,0.02201 
0.01183 ,0.02343 ,0.22544 ,0.02291 ,0.53664 ,0.02201 
0.04286 ,0.02343 ,0.23611 ,0.02291 ,0.48994 ,0.02202 
0.02059 ,0.02344 ,0.19550 ,0.02292 ,0.50571 ,0.02202 
0.08564 ,0.02344 ,0.18698 ,0.02292 ,0.50474 ,0.02202 
0.01521 ,0.02344 ,0.22741 ,0.02293 ,0.54132 ,0.02203 
0.00082 ,0.02344 ,0.18071 ,0.02293 ,0.54551 ,0.02203 
0.04877 ,0.02345 ,0.21930 ,0.02293 ,0.60557 ,0.02203 
0.06228 ,0.02345 ,0.19804 ,0.02293 ,0.49666 ,0.02204 
0.03660 ,0.02345 ,0.23992 ,0.02293 ,0.50202 ,0.02204 
0.06199 ,0.02345 ,0.20242 ,0.02294 ,0.53340 ,0.02204 
0.03031 ,0.02346 ,0.18240 ,0.02294 ,0.62324 ,0.02205 
0.03202 ,0.02346 ,0.23161 ,0.02295 ,0.49777 ,0.02205 
0.02933 ,0.02346 ,0.21810 ,0.02295 ,0.50632 ,0.02208 
0.06752 ,0.02347 ,0.19311 ,0.02296 ,0.48230 ,0.02208 
0.03453 ,0.02347 ,0.20736 ,0.02296 ,0.51006 ,0.02208 
0.00227 ,0.02347 ,0.19047 ,0.02297 ,0.52254 ,0.02208 
0.02843 ,0.02348 ,0.18259 ,0.02297 ,0.55721 ,0.02209 
0.03975 ,0.02349 ,0.23425 ,0.02297 ,0.47992 ,0.02209 
0.01916 ,0.02349 ,0.24045 ,0.02298 ,0.60519 ,0.02210 
0.05039 ,0.02349 ,0.20143 ,0.02300 ,0.55127 ,0.02212 
0.02854 ,0.02350 ,0.19635 ,0.02300 ,0.55141 ,0.02212 
0.00926 ,0.02351 ,0.18466 ,0.02301 ,0.51511 ,0.02213 
0.04431 ,0.02351 ,0.19781 ,0.02301 ,0.52019 ,0.02213 
0.02489 ,0.02351 ,0.26161 ,0.02301 ,0.50248 ,0.02214 
0.04249 ,0.02351 ,0.21131 ,0.02302 ,0.49358 ,0.02214 
0.02894 ,0.02353 ,0.24815 ,0.02302 ,0.54409 ,0.02214 
0.03412 ,0.02353 ,0.19920 ,0.02302 ,0.48599 ,0.02215 
0.02133 ,0.02353 ,0.20940 ,0.02303 ,0.54937 ,0.02215 
0.02419 ,0.02354 ,0.22913 ,0.02303 ,0.49437 ,0.02215 
0.01309 ,0.02355 ,0.19496 ,0.02303 ,0.53559 ,0.02215 
0.01073 ,0.02356 ,0.18942 ,0.02304 ,0.49099 ,0.02215 
0.02425 ,0.02356 ,0.21325 ,0.02304 ,0.51443 ,0.02215 
0.02256 ,0.02356 ,0.21492 ,0.02304 ,0.52148 ,0.02216 
0.02584 ,0.02356 ,0.23076 ,0.02304 ,0.50861 ,0.02216 
0.05335 ,0.02357 ,0.22711 ,0.02306 ,0.53688 ,0.02216 
0.10503 ,0.02357 ,0.20883 ,0.02307 ,0.54315 ,0.02216 
0.06445 ,0.02358 ,0.21742 ,0.02307 ,0.48544 ,0.02217 
0.07064 ,0.02359 ,0.25024 ,0.02307 ,0.48939 ,0.02217 
0.02000 ,0.02359 ,0.23189 ,0.02308 ,0.49046 ,0.02218 
0.03789 ,0.02359 ,0.25544 ,0.02308 ,0.56970 ,0.02218 
0.03421 ,0.02360 ,0.19587 ,0.02308 ,0.46672 ,0.02219 
0.00939 ,0.02360 ,0.28415 ,0.02308 ,0.52490 ,0.02219 
0.12028 ,0.02361 ,0.22172 ,0.02308 ,0.51440 ,0.02219 
0.03068 ,0.02361 ,0.19339 ,0.02309 ,0.54648 ,0.02221 
0.01486 ,0.02361 ,0.18647 ,0.02310 ,0.51584 ,0.02221 
0.03869 ,0.02361 ,0.21565 ,0.02310 ,0.56582 ,0.02221 
0.02395 ,0.02362 ,0.23229 ,0.02311 ,0.57835 ,0.02223 
0.02180 ,0.02363 ,0.22375 ,0.02311 ,0.48139 ,0.02223 
0.07377 ,0.02363 ,0.19789 ,0.02312 ,0.50527 ,0.02225 
0.03619 ,0.02364 ,0.19098 ,0.02312 ,0.49467 ,0.02225 
0.06968 ,0.02364 ,0.22885 ,0.02312 ,0.52938 ,0.02225 
0.04540 ,0.02364 ,0.24179 ,0.02312 ,0.47208 ,0.02226 
0.07128 ,0.02364 ,0.17696 ,0.02312 ,0.55005 ,0.02226 
0.03042 ,0.02364 ,0.24006 ,0.02312 ,0.55126 ,0.02226 
0.03957 ,0.02365 ,0.23456 ,0.02313 ,0.61038 ,0.02226 
0.03872 ,0.02366 ,0.18809 ,0.02313 ,0.51835 ,0.02226 
0.01185 ,0.02366 ,0.21003 ,0.02314 ,0.54131 ,0.02226 
0.12858 ,0.02366 ,0.19366 ,0.02315 ,0.48437 ,0.02227 
0.02049 ,0.02366 ,0.19931 ,0.02316 ,0.49598 ,0.02227 
0.01901 ,0.02367 ,0.20672 ,0.02317 ,0.53430 ,0.02227 
0.06464 ,0.02367 ,0.18260 ,0.02317 ,0.52442 ,0.02227 
0.02854 ,0.02368 ,0.23140 ,0.02317 ,0.51232 ,0.02228 
0.04923 ,0.02368 ,0.20329 ,0.02317 ,0.53176 ,0.02228 
0.03902 ,0.02368 ,0.19890 ,0.02318 ,0.48070 ,0.02229 
0.06391 ,0.02368 ,0.18717 ,0.02318 ,0.49285 ,0.02229 
0.03021 ,0.02368 ,0.20420 ,0.02318 ,0.49486 ,0.02230 
0.03117 ,0.02369 ,0.19882 ,0.02319 ,0.64162 ,0.02230 
0.03460 ,0.02369 ,0.19478 ,0.02319 ,0.51659 ,0.02231 
0.06643 ,0.02369 ,0.22974 ,0.02320 ,0.58388 ,0.02231 
0.02145 ,0.02369 ,0.19718 ,0.02321 ,0.55818 ,0.02231 
0.01078 ,0.02369 ,0.22616 ,0.02321 ,0.51508 ,0.02231 
0.07063 ,0.02372 ,0.21136 ,0.02321 ,0.48553 ,0.02231 
0.00339 ,0.02372 ,0.20848 ,0.02321 ,0.55418 ,0.02231 
0.12825 ,0.02373 ,0.19221 ,0.02321 ,0.49890 ,0.02232 
0.05323 ,0.02373 ,0.35928 ,0.02322 ,0.56335 ,0.02233 
0.02683 ,0.02374 ,0.28704 ,0.02322 ,0.51527 ,0.02233 
0.01000 ,0.02374 ,0.20042 ,0.02323 ,0.56552 ,0.02234 
0.01610 ,0.02374 ,0.23634 ,0.02323 ,0.51325 ,0.02234 
0.03300 ,0.02374 ,0.21431 ,0.02323 ,0.52819 ,0.02234 
0.03438 ,0.02374 ,0.26945 ,0.02323 ,0.49601 ,0.02234 
0.01416 ,0.02375 ,0.17345 ,0.02324 ,0.50429 ,0.02234 
0.01012 ,0.02375 ,0.21447 ,0.02324 ,0.54320 ,0.02235 
0.02493 ,0.02376 ,0.21589 ,0.02324 ,0.61651 ,0.02235 
0.18201 ,0.02376 ,0.22124 ,0.02324 ,0.61452 ,0.02235 
0.01291 ,0.02376 ,0.17862 ,0.02324 ,0.50383 ,0.02235 
0.02985 ,0.02377 ,0.29605 ,0.02324 ,0.50958 ,0.02236 
0.01143 ,0.02378 ,0.20472 ,0.02325 ,0.50807 ,0.02237 
0.07515 ,0.02378 ,0.35627 ,0.02325 ,0.48330 ,0.02237 
0.12528 ,0.02378 ,0.19497 ,0.02325 ,0.52035 ,0.02237 
0.03435 ,0.02378 ,0.20344 ,0.02325 ,0.52233 ,0.02237 
0.07413 ,0.02378 ,0.32474 ,0.02326 ,0.54435 ,0.02238 
0.03228 ,0.02379 ,0.20023 ,0.02326 ,0.47711 ,0.02238 
0.03853 ,0.02379 ,0.23951 ,0.02326 ,0.47557 ,0.02239 
0.11668 ,0.02379 ,0.16975 ,0.02326 ,0.49553 ,0.02239 
0.05015 ,0.02379 ,0.19848 ,0.02327 ,0.66166 ,0.02240 
0.00948 ,0.02381 ,0.24586 ,0.02327 ,0.59703 ,0.02240 
0.03482 ,0.02381 ,0.25921 ,0.02329 ,0.50904 ,0.02241 
0.23289 ,0.02381 ,0.22796 ,0.02329 ,0.66040 ,0.02241 
0.08595 ,0.02381 ,0.17585 ,0.02329 ,0.54379 ,0.02241 
0.17410 ,0.02382 ,0.25027 ,0.02329 ,0.49937 ,0.02241 
0.09117 ,0.02382 ,0.24770 ,0.02329 ,0.50990 ,0.02242 
0.03363 ,0.02383 ,0.22386 ,0.02329 ,0.48656 ,0.02242 
0.02580 ,0.02383 ,0.22756 ,0.02330 ,0.54036 ,0.02242 
0.04078 ,0.02383 ,0.20063 ,0.02330 ,0.48654 ,0.02244 
0.07303 ,0.02384 ,0.21875 ,0.02330 ,0.59060 ,0.02245 
0.02032 ,0.02384 ,0.20118 ,0.02331 ,0.51024 ,0.02245 
0.02737 ,0.02385 ,0.24923 ,0.02332 ,0.54205 ,0.02246 
0.03558 ,0.02385 ,0.18968 ,0.02332 ,0.51868 ,0.02247 
0.00265 ,0.02385 ,0.24125 ,0.02332 ,0.54407 ,0.02247 
0.05126 ,0.02385 ,0.23871 ,0.02333 ,0.51054 ,0.02247 
0.01310 ,0.02385 ,0.21984 ,0.02334 ,0.50704 ,0.02248 
0.08409 ,0.02386 ,0.18697 ,0.02334 ,0.51629 ,0.02248 
0.03363 ,0.02387 ,0.19788 ,0.02335 ,0.50780 ,0.02249 
0.02730 ,0.02388 ,0.25355 ,0.02335 ,0.49664 ,0.02249 
0.01923 ,0.02388 ,0.26229 ,0.02336 ,0.54084 ,0.02249 
0.03024 ,0.02388 ,0.19440 ,0.02336 ,0.50313 ,0.02250 
0.03666 ,0.02389 ,0.18625 ,0.02336 ,0.50097 ,0.02250 
0.01575 ,0.02389 ,0.28322 ,0.02338 ,0.53639 ,0.02250 
0.02746 ,0.02390 ,0.18633 ,0.02338 ,0.55999 ,0.02251 
0.04207 ,0.02391 ,0.36959 ,0.02340 ,0.52328 ,0.02251 
0.08234 ,0.02391 ,0.25196 ,0.02341 ,0.48165 ,0.02251 
0.03115 ,0.02391 ,0.22845 ,0.02343 ,0.49142 ,0.02251 
0.04366 ,0.02392 ,0.22539 ,0.02343 ,0.49824 ,0.02252 
0.03570 ,0.02392 ,0.22534 ,0.02343 ,0.55416 ,0.02252 
0.09603 ,0.02392 ,0.23720 ,0.02343 ,0.48577 ,0.02253 
0.02429 ,0.02392 ,0.24415 ,0.02343 ,0.52049 ,0.02253 
0.02665 ,0.02393 ,0.23260 ,0.02344 ,0.51539 ,0.02253 
0.08416 ,0.02393 ,0.30724 ,0.02344 ,0.50732 ,0.02254 
0.05099 ,0.02394 ,0.22597 ,0.02344 ,0.53077 ,0.02255 
0.02567 ,0.02394 ,0.34294 ,0.02344 ,0.54647 ,0.02255 
0.01653 ,0.02394 ,0.21261 ,0.02344 ,0.56807 ,0.02255 
0.06618 ,0.02395 ,0.20004 ,0.02345 ,0.52169 ,0.02256 
0.10250 ,0.02395 ,0.23615 ,0.02345 ,0.54236 ,0.02256 
0.10041 ,0.02396 ,0.21216 ,0.02346 ,0.48706 ,0.02256 
0.01527 ,0.02396 ,0.27316 ,0.02347 ,0.50432 ,0.02257 
0.03091 ,0.02396 ,0.23135 ,0.02348 ,0.49376 ,0.02257 
0.03203 ,0.02397 ,0.27962 ,0.02348 ,0.53063 ,0.02258 
0.05318 ,0.02398 ,0.24347 ,0.02348 ,0.55616 ,0.02258 
0.03740 ,0.02398 ,0.26101 ,0.02348 ,0.51673 ,0.02258 
0.21709 ,0.02399 ,0.31089 ,0.02349 ,0.56747 ,0.02258 
0.04122 ,0.02399 ,0.18996 ,0.02350 ,0.48107 ,0.02259 
0.02455 ,0.02399 ,0.17728 ,0.02350 ,0.60824 ,0.02259 
0.03366 ,0.02400 ,0.24684 ,0.02351 ,0.55332 ,0.02259 
0.02378 ,0.02401 ,0.26240 ,0.02351 ,0.51999 ,0.02260 
0.02036 ,0.02401 ,0.25056 ,0.02351 ,0.51665 ,0.02260 
0.09071 ,0.02401 ,0.24849 ,0.02352 ,0.53781 ,0.02260 
0.02288 ,0.02403 ,0.26474 ,0.02352 ,0.65681 ,0.02260 
0.07976 ,0.02403 ,0.19734 ,0.02352 ,0.51405 ,0.02261 
0.09136 ,0.02403 ,0.22209 ,0.02352 ,0.54885 ,0.02262 
0.02716 ,0.02404 ,0.24997 ,0.02352 ,0.56391 ,0.02262 
0.02799 ,0.02404 ,0.27420 ,0.02352 ,0.47878 ,0.02262 
0.02193 ,0.02405 ,0.32549 ,0.02352 ,0.50237 ,0.02263 
0.00463 ,0.02405 ,0.18878 ,0.02353 ,0.52760 ,0.02263 
0.06474 ,0.02406 ,0.19398 ,0.02353 ,0.48403 ,0.02263 
0.16787 ,0.02407 ,0.26447 ,0.02354 ,0.47827 ,0.02263 
0.03156 ,0.02407 ,0.18825 ,0.02355 ,0.49164 ,0.02264 
0.07062 ,0.02407 ,0.23605 ,0.02355 ,0.55573 ,0.02264 
0.07961 ,0.02408 ,0.18402 ,0.02355 ,0.49193 ,0.02264 
0.02194 ,0.02409 ,0.23787 ,0.02355 ,0.53517 ,0.02265 
0.08376 ,0.02409 ,0.20561 ,0.02356 ,0.49168 ,0.02265 
0.07960 ,0.02410 ,0.21201 ,0.02356 ,0.48556 ,0.02266 
0.02275 ,0.02411 ,0.18028 ,0.02356 ,0.50995 ,0.02266 
0.06225 ,0.02411 ,0.23465 ,0.02357 ,0.56959 ,0.02266 
0.03614 ,0.02411 ,0.27621 ,0.02357 ,0.53353 ,0.02267 
0.02700 ,0.02411 ,0.19905 ,0.02358 ,0.51180 ,0.02267 
0.10371 ,0.02412 ,0.23567 ,0.02360 ,0.48526 ,0.02267 
0.03897 ,0.02413 ,0.22375 ,0.02361 ,0.54585 ,0.02267 
0.02975 ,0.02414 ,0.25046 ,0.02361 ,0.56770 ,0.02267 
0.04259 ,0.02414 ,0.25720 ,0.02361 ,0.49698 ,0.02267 
0.28808 ,0.02416 ,0.30616 ,0.02361 ,0.54052 ,0.02268 
0.12403 ,0.02416 ,0.25834 ,0.02362 ,0.59357 ,0.02269 
0.23261 ,0.02416 ,0.19237 ,0.02362 ,0.54873 ,0.02270 
0.02979 ,0.02416 ,0.22936 ,0.02362 ,0.50243 ,0.02270 
0.12684 ,0.02417 ,0.24868 ,0.02362 ,0.65493 ,0.02270 
0.03393 ,0.02417 ,0.27470 ,0.02362 ,0.60545 ,0.02270 
0.03802 ,0.02418 ,0.19293 ,0.02363 ,0.55323 ,0.02270 
0.10911 ,0.02418 ,0.23634 ,0.02363 ,0.49774 ,0.02271 
0.05165 ,0.02418 ,0.19290 ,0.02363 ,0.59477 ,0.02271 
0.01304 ,0.02419 ,0.22903 ,0.02363 ,0.59180 ,0.02271 
0.06083 ,0.02419 ,0.20190 ,0.02364 ,0.54912 ,0.02271 
0.03744 ,0.02419 ,0.25749 ,0.02364 ,0.48632 ,0.02272 
0.04708 ,0.02420 ,0.24405 ,0.02364 ,0.55891 ,0.02274 
0.04647 ,0.02421 ,0.27829 ,0.02364 ,0.56572 ,0.02274 
0.06002 ,0.02421 ,0.19823 ,0.02365 ,0.50957 ,0.02274 
0.03352 ,0.02422 ,0.24293 ,0.02365 ,0.52343 ,0.02274 
0.05092 ,0.02422 ,0.24123 ,0.02365 ,0.58138 ,0.02274 
0.03852 ,0.02423 ,0.19387 ,0.02365 ,0.55315 ,0.02274 
0.04140 ,0.02423 ,0.20268 ,0.02366 ,0.49912 ,0.02275 
0.12231 ,0.02423 ,0.24145 ,0.02368 ,0.49740 ,0.02276 
0.05944 ,0.02424 ,0.21135 ,0.02368 ,0.49778 ,0.02276 
0.05205 ,0.02424 ,0.32482 ,0.02370 ,0.45935 ,0.02276 
0.03425 ,0.02425 ,0.26149 ,0.02371 ,0.50321 ,0.02276 
0.05505 ,0.02425 ,0.19184 ,0.02373 ,0.50401 ,0.02277 
0.06866 ,0.02425 ,0.18873 ,0.02374 ,0.48501 ,0.02277 
0.04586 ,0.02426 ,0.19541 ,0.02374 ,0.53245 ,0.02277 
0.01789 ,0.02426 ,0.24083 ,0.02375 ,0.50105 ,0.02278 
0.01512 ,0.02426 ,0.19761 ,0.02375 ,0.49292 ,0.02279 
0.04424 ,0.02426 ,0.24511 ,0.02375 ,0.50169 ,0.02279 
0.05415 ,0.02426 ,0.21015 ,0.02375 ,0.48646 ,0.02279 
0.06253 ,0.02427 ,0.22853 ,0.02376 ,0.52830 ,0.02279 
0.09113 ,0.02428 ,0.17879 ,0.02376 ,0.57878 ,0.02280 
0.01583 ,0.02428 ,0.25600 ,0.02376 ,0.49248 ,0.02280 
0.03774 ,0.02429 ,0.26400 ,0.02377 ,0.51129 ,0.02280 
0.03736 ,0.02429 ,0.19201 ,0.02377 ,0.58317 ,0.02280 
0.02152 ,0.02429 ,0.22024 ,0.02378 ,0.49013 ,0.02281 
0.03838 ,0.02429 ,0.19487 ,0.02379 ,0.56905 ,0.02281 
0.11070 ,0.02429 ,0.26612 ,0.02379 ,0.61284 ,0.02281 
0.07695 ,0.02429 ,0.20377 ,0.02379 ,0.48897 ,0.02281 
0.11494 ,0.02429 ,0.28190 ,0.02379 ,0.56229 ,0.02282 
0.03829 ,0.02430 ,0.21577 ,0.02379 ,0.50738 ,0.02282 
0.02496 ,0.02430 ,0.21738 ,0.02380 ,0.50320 ,0.02282 
0.02949 ,0.02430 ,0.23464 ,0.02380 ,0.54643 ,0.02282 
0.08341 ,0.02430 ,0.26666 ,0.02380 ,0.53904 ,0.02282 
0.03261 ,0.02431 ,0.19365 ,0.02380 ,0.55861 ,0.02282 
0.02050 ,0.02431 ,0.19281 ,0.02380 ,0.50478 ,0.02282 
0.10807 ,0.02432 ,0.21171 ,0.02380 ,0.49747 ,0.02283 
0.04729 ,0.02433 ,0.20604 ,0.02381 ,0.50628 ,0.02283 
0.04083 ,0.02434 ,0.17670 ,0.02381 ,0.60197 ,0.02283 
0.01014 ,0.02434 ,0.26325 ,0.02382 ,0.47345 ,0.02284 
0.03340 ,0.02434 ,0.18448 ,0.02382 ,0.57598 ,0.02284 
0.02677 ,0.02434 ,0.21310 ,0.02383 ,0.51304 ,0.02284 
0.06842 ,0.02435 ,0.19945 ,0.02383 ,0.49001 ,0.02285 
0.04304 ,0.02435 ,0.22336 ,0.02384 ,0.58088 ,0.02286 
0.09629 ,0.02435 ,0.26056 ,0.02384 ,0.49051 ,0.02288 
0.03761 ,0.02435 ,0.20786 ,0.02384 ,0.48024 ,0.02289 
0.04083 ,0.02435 ,0.21090 ,0.02384 ,0.54040 ,0.02289 
0.02151 ,0.02435 ,0.23879 ,0.02384 ,0.52044 ,0.02290 
0.03476 ,0.02435 ,0.18427 ,0.02385 ,0.54762 ,0.02291 
0.10882 ,0.02435 ,0.18127 ,0.02385 ,0.47219 ,0.02292 
0.03984 ,0.02435 ,0.19614 ,0.02385 ,0.52033 ,0.02292 
0.04049 ,0.02436 ,0.23066 ,0.02386 ,0.49237 ,0.02292 
0.04935 ,0.02436 ,0.23749 ,0.02387 ,0.57350 ,0.02292 
0.06601 ,0.02436 ,0.26476 ,0.02388 ,0.54459 ,0.02293 
0.01414 ,0.02436 ,0.29064 ,0.02388 ,0.53141 ,0.02293 
0.01407 ,0.02436 ,0.25050 ,0.02388 ,0.50234 ,0.02293 
0.00592 ,0.02436 ,0.19626 ,0.02389 ,0.60037 ,0.02294 
0.03429 ,0.02437 ,0.20615 ,0.02389 ,0.51594 ,0.02295 
0.03750 ,0.02438 ,0.18529 ,0.02389 ,0.50597 ,0.02295 
0.00799 ,0.02438 ,0.18140 ,0.02389 ,0.47724 ,0.02295 
0.03464 ,0.02438 ,0.22049 ,0.02389 ,0.47992 ,0.02295 
0.02729 ,0.02438 ,0.22984 ,0.02390 ,0.48343 ,0.02295 
0.02199 ,0.02439 ,0.20997 ,0.02390 ,0.55820 ,0.02296 
0.03599 ,0.02439 ,0.21583 ,0.02390 ,0.50164 ,0.02296 
0.03510 ,0.02439 ,0.17732 ,0.02390 ,0.51642 ,0.02296 
0.03374 ,0.02440 ,0.20479 ,0.02391 ,0.47859 ,0.02297 
0.12380 ,0.02440 ,0.22839 ,0.02391 ,0.47856 ,0.02297 
0.01666 ,0.02440 ,0.26035 ,0.02391 ,0.56883 ,0.02298 
0.04116 ,0.02441 ,0.26291 ,0.02393 ,0.51968 ,0.02298 
0.09647 ,0.02441 ,0.20935 ,0.02395 ,0.55822 ,0.02299 
0.05235 ,0.02441 ,0.32816 ,0.02395 ,0.51025 ,0.02299 
0.02474 ,0.02442 ,0.21103 ,0.02395 ,0.47321 ,0.02300 
0.01765 ,0.02443 ,0.24048 ,0.02395 ,0.56349 ,0.02300 
0.03989 ,0.02444 ,0.22725 ,0.02396 ,0.49776 ,0.02300 
0.04600 ,0.02445 ,0.26355 ,0.02396 ,0.47631 ,0.02300 
0.01127 ,0.02446 ,0.20914 ,0.02396 ,0.52192 ,0.02300 
0.04528 ,0.02446 ,0.28781 ,0.02397 ,0.49498 ,0.02300 
0.06638 ,0.02446 ,0.19626 ,0.02397 ,0.55219 ,0.02301 
0.15169 ,0.02446 ,0.21451 ,0.02397 ,0.54612 ,0.02301 
0.02198 ,0.02447 ,0.28939 ,0.02398 ,0.47114 ,0.02301 
0.03254 ,0.02447 ,0.29865 ,0.02398 ,0.51583 ,0.02302 
0.12812 ,0.02447 ,0.17440 ,0.02398 ,0.52404 ,0.02302 
0.03693 ,0.02448 ,0.20556 ,0.02398 ,0.55552 ,0.02303 
0.02176 ,0.02448 ,0.25255 ,0.02398 ,0.49593 ,0.02303 
0.09549 ,0.02449 ,0.26153 ,0.02399 ,0.59226 ,0.02303 
0.04500 ,0.02449 ,0.22935 ,0.02399 ,0.58743 ,0.02304 
0.02273 ,0.02450 ,0.19285 ,0.02399 ,0.56638 ,0.02304 
0.01374 ,0.02451 ,0.21575 ,0.02399 ,0.56832 ,0.02306 
0.03592 ,0.02452 ,0.22843 ,0.02400 ,0.55493 ,0.02306 
0.02577 ,0.02453 ,0.18928 ,0.02400 ,0.49129 ,0.02306 
0.06013 ,0.02453 ,0.20020 ,0.02401 ,0.53526 ,0.02306 
0.07858 ,0.02453 ,0.17642 ,0.02401 ,0.50952 ,0.02306 
0.11047 ,0.02453 ,0.30228 ,0.02401 ,0.58214 ,0.02306 
0.04099 ,0.02453 ,0.21740 ,0.02402 ,0.61166 ,0.02306 
0.06601 ,0.02453 ,0.17086 ,0.02402 ,0.53352 ,0.02307 
0.06061 ,0.02454 ,0.20104 ,0.02402 ,0.50001 ,0.02307 
0.02796 ,0.02454 ,0.18655 ,0.02402 ,0.61476 ,0.02307 
0.07619 ,0.02454 ,0.21731 ,0.02403 ,0.47579 ,0.02308 
0.03939 ,0.02454 ,0.23759 ,0.02403 ,0.50767 ,0.02309 
0.07285 ,0.02455 ,0.28000 ,0.02403 ,0.49743 ,0.02309 
0.10784 ,0.02456 ,0.26253 ,0.02404 ,0.50272 ,0.02310 
0.04254 ,0.02456 ,0.23580 ,0.02405 ,0.48145 ,0.02310 
0.02366 ,0.02456 ,0.19395 ,0.02405 ,0.48152 ,0.02312 
0.02127 ,0.02456 ,0.18755 ,0.02406 ,0.49585 ,0.02312 
0.00424 ,0.02457 ,0.26392 ,0.02406 ,0.50632 ,0.02312 
0.03343 ,0.02458 ,0.25082 ,0.02406 ,0.47864 ,0.02312 
0.01416 ,0.02458 ,0.34145 ,0.02406 ,0.49803 ,0.02312 
0.01360 ,0.02458 ,0.22813 ,0.02407 ,0.49183 ,0.02312 
0.01155 ,0.02459 ,0.20300 ,0.02407 ,0.48498 ,0.02312 
0.04294 ,0.02459 ,0.25673 ,0.02408 ,0.48594 ,0.02313 
0.01278 ,0.02459 ,0.34725 ,0.02411 ,0.67270 ,0.02314 
0.02073 ,0.02460 ,0.32028 ,0.02411 ,0.60426 ,0.02314 
0.01141 ,0.02460 ,0.18655 ,0.02411 ,0.48771 ,0.02314 
0.10989 ,0.02460 ,0.18099 ,0.02411 ,0.57875 ,0.02314 
0.12022 ,0.02460 ,0.26713 ,0.02411 ,0.56599 ,0.02314 
0.01317 ,0.02460 ,0.17220 ,0.02411 ,0.48209 ,0.02314 
0.03231 ,0.02461 ,0.22127 ,0.02411 ,0.53477 ,0.02315 
0.03818 ,0.02461 ,0.23960 ,0.02411 ,0.54438 ,0.02315 
0.02022 ,0.02461 ,0.29651 ,0.02412 ,0.50495 ,0.02315 
0.03132 ,0.02461 ,0.25435 ,0.02412 ,0.55194 ,0.02315 
0.01487 ,0.02461 ,0.19897 ,0.02413 ,0.58818 ,0.02316 
0.02675 ,0.02461 ,0.22970 ,0.02413 ,0.56040 ,0.02317 
0.06532 ,0.02462 ,0.23389 ,0.02413 ,0.50335 ,0.02317 
0.03706 ,0.02462 ,0.22925 ,0.02413 ,0.50143 ,0.02317 
0.02365 ,0.02462 ,0.29430 ,0.02413 ,0.49304 ,0.02317 
0.05666 ,0.02463 ,0.21142 ,0.02414 ,0.49623 ,0.02317 
0.09870 ,0.02463 ,0.20515 ,0.02415 ,0.50604 ,0.02318 
0.03107 ,0.02463 ,0.22845 ,0.02415 ,0.55409 ,0.02318 
0.10571 ,0.02463 ,0.22078 ,0.02415 ,0.49251 ,0.02318 
0.12247 ,0.02463 ,0.28736 ,0.02415 ,0.53658 ,0.02318 
0.18871 ,0.02463 ,0.20643 ,0.02415 ,0.54118 ,0.02318 
0.01699 ,0.02463 ,0.20981 ,0.02416 ,0.47154 ,0.02318 
0.03868 ,0.02463 ,0.18395 ,0.02416 ,0.57201 ,0.02319 
0.03023 ,0.02463 ,0.25401 ,0.02417 ,0.49951 ,0.02320 
0.04057 ,0.02464 ,0.22134 ,0.02418 ,0.50387 ,0.02320 
0.12952 ,0.02464 ,0.26104 ,0.02418 ,0.56646 ,0.02321 
0.13423 ,0.02464 ,0.22348 ,0.02418 ,0.50154 ,0.02321 
0.11727 ,0.02465 ,0.23643 ,0.02418 ,0.52109 ,0.02321 
0.06473 ,0.02466 ,0.22220 ,0.02419 ,0.50992 ,0.02321 
0.07486 ,0.02466 ,0.27186 ,0.02419 ,0.55249 ,0.02321 
0.02825 ,0.02467 ,0.21870 ,0.02420 ,0.53323 ,0.02322 
0.02328 ,0.02467 ,0.24046 ,0.02420 ,0.49436 ,0.02323 
0.01461 ,0.02468 ,0.28354 ,0.02420 ,0.55138 ,0.02323 
0.04483 ,0.02468 ,0.25808 ,0.02421 ,0.51417 ,0.02323 
0.07753 ,0.02469 ,0.21224 ,0.02421 ,0.55557 ,0.02323 
0.10155 ,0.02469 ,0.19051 ,0.02421 ,0.52954 ,0.02324 
0.07429 ,0.02469 ,0.22091 ,0.02421 ,0.53466 ,0.02324 
0.03750 ,0.02470 ,0.22995 ,0.02422 ,0.55074 ,0.02324 
0.01532 ,0.02470 ,0.22548 ,0.02423 ,0.48993 ,0.02324 
0.05696 ,0.02470 ,0.18963 ,0.02423 ,0.51688 ,0.02324 
0.02007 ,0.02471 ,0.24794 ,0.02424 ,0.50418 ,0.02324 
0.04860 ,0.02471 ,0.19380 ,0.02424 ,0.49961 ,0.02324 
0.07465 ,0.02471 ,0.24907 ,0.02424 ,0.50574 ,0.02325 
0.01270 ,0.02472 ,0.27484 ,0.02425 ,0.56063 ,0.02326 
0.05168 ,0.02472 ,0.25188 ,0.02425 ,0.48307 ,0.02326 
0.04371 ,0.02472 ,0.35008 ,0.02425 ,0.48823 ,0.02326 
0.05086 ,0.02473 ,0.22650 ,0.02426 ,0.48522 ,0.02327 
0.05668 ,0.02473 ,0.17200 ,0.02426 ,0.50304 ,0.02327 
0.02793 ,0.02473 ,0.19687 ,0.02426 ,0.61212 ,0.02327 
0.02974 ,0.02473 ,0.22827 ,0.02426 ,0.48614 ,0.02327 
0.02623 ,0.02473 ,0.30577 ,0.02426 ,0.56573 ,0.02327 
0.03287 ,0.02473 ,0.19814 ,0.02426 ,0.55913 ,0.02327 
0.03157 ,0.02474 ,0.26229 ,0.02427 ,0.56702 ,0.02328 
0.02197 ,0.02474 ,0.20217 ,0.02427 ,0.53813 ,0.02328 
0.14858 ,0.02474 ,0.23936 ,0.02428 ,0.53693 ,0.02328 
0.03070 ,0.02475 ,0.17391 ,0.02428 ,0.48425 ,0.02329 
0.11057 ,0.02475 ,0.22141 ,0.02428 ,0.53415 ,0.02329 
0.02459 ,0.02475 ,0.25351 ,0.02429 ,0.48324 ,0.02329 
0.02720 ,0.02475 ,0.25895 ,0.02429 ,0.58019 ,0.02329 
0.04996 ,0.02475 ,0.22113 ,0.02430 ,0.51453 ,0.02330 
0.03975 ,0.02476 ,0.30940 ,0.02430 ,0.49670 ,0.02330 
0.08661 ,0.02477 ,0.21276 ,0.02430 ,0.47788 ,0.02330 
0.07834 ,0.02477 ,0.19401 ,0.02431 ,0.54340 ,0.02330 
0.04311 ,0.02477 ,0.22491 ,0.02431 ,0.50165 ,0.02330 
0.04952 ,0.02478 ,0.29960 ,0.02431 ,0.50470 ,0.02330 
0.05145 ,0.02478 ,0.23478 ,0.02431 ,0.51823 ,0.02330 
0.02022 ,0.02478 ,0.25298 ,0.02432 ,0.49038 ,0.02330 
0.02543 ,0.02478 ,0.20509 ,0.02432 ,0.48693 ,0.02331 
0.03851 ,0.02479 ,0.24113 ,0.02432 ,0.53768 ,0.02331 
0.04536 ,0.02479 ,0.19403 ,0.02433 ,0.56343 ,0.02331 
0.03349 ,0.02479 ,0.22677 ,0.02433 ,0.52625 ,0.02332 
0.03572 ,0.02480 ,0.20296 ,0.02434 ,0.48895 ,0.02332 
0.03772 ,0.02480 ,0.27430 ,0.02434 ,0.50994 ,0.02332 
0.03087 ,0.02480 ,0.26023 ,0.02434 ,0.52817 ,0.02332 
0.01188 ,0.02481 ,0.22259 ,0.02434 ,0.48942 ,0.02333 
0.02692 ,0.02481 ,0.22486 ,0.02435 ,0.54107 ,0.02334 
0.02150 ,0.02481 ,0.27657 ,0.02435 ,0.49047 ,0.02334 
0.07064 ,0.02481 ,0.24878 ,0.02435 ,0.55559 ,0.02334 
0.03146 ,0.02481 ,0.24599 ,0.02435 ,0.55165 ,0.02335 
0.00683 ,0.02481 ,0.24010 ,0.02436 ,0.51608 ,0.02335 
0.02909 ,0.02482 ,0.26917 ,0.02437 ,0.51302 ,0.02335 
0.07039 ,0.02482 ,0.20535 ,0.02437 ,0.53302 ,0.02335 
0.08434 ,0.02482 ,0.19502 ,0.02437 ,0.51196 ,0.02336 
0.08414 ,0.02482 ,0.19453 ,0.02437 ,0.49460 ,0.02336 
0.04688 ,0.02482 ,0.22193 ,0.02437 ,0.51088 ,0.02336 
0.07903 ,0.02483 ,0.20747 ,0.02437 ,0.67839 ,0.02336 
0.00784 ,0.02483 ,0.21251 ,0.02438 ,0.50048 ,0.02337 
0.03776 ,0.02484 ,0.20774 ,0.02438 ,0.54463 ,0.02337 
0.06999 ,0.02484 ,0.20560 ,0.02439 ,0.51187 ,0.02338 
0.04997 ,0.02484 ,0.28869 ,0.02439 ,0.53756 ,0.02338 
0.03220 ,0.02484 ,0.20852 ,0.02439 ,0.52460 ,0.02339 
0.04952 ,0.02485 ,0.26999 ,0.02440 ,0.56769 ,0.02339 
0.03275 ,0.02485 ,0.29124 ,0.02440 ,0.56566 ,0.02339 
0.08696 ,0.02485 ,0.19686 ,0.02440 ,0.50860 ,0.02340 
0.09211 ,0.02486 ,0.21073 ,0.02441 ,0.56528 ,0.02340 
0.03414 ,0.02486 ,0.25027 ,0.02441 ,0.49857 ,0.02340 
0.12398 ,0.02486 ,0.19260 ,0.02441 ,0.53716 ,0.02340 
0.05555 ,0.02487 ,0.20924 ,0.02442 ,0.53845 ,0.02341 
0.04629 ,0.02487 ,0.23726 ,0.02442 ,0.47871 ,0.02341 
0.02419 ,0.02487 ,0.18362 ,0.02442 ,0.48652 ,0.02341 
0.08992 ,0.02488 ,0.26020 ,0.02443 ,0.48264 ,0.02341 
0.02766 ,0.02488 ,0.22426 ,0.02443 ,0.58014 ,0.02341 
0.17894 ,0.02488 ,0.24238 ,0.02443 ,0.50310 ,0.02341 
0.01013 ,0.02488 ,0.22443 ,0.02443 ,0.50582 ,0.02341 
0.03302 ,0.02489 ,0.20637 ,0.02443 ,0.50830 ,0.02341 
0.23890 ,0.02489 ,0.20115 ,0.02444 ,0.59691 ,0.02341 
0.07958 ,0.02489 ,0.19614 ,0.02444 ,0.50137 ,0.02342 
0.04963 ,0.02490 ,0.20372 ,0.02445 ,0.48402 ,0.02342 
0.12007 ,0.02490 ,0.22947 ,0.02445 ,0.59853 ,0.02342 
0.08293 ,0.02490 ,0.23851 ,0.02445 ,0.55322 ,0.02343 
0.02561 ,0.02491 ,0.20510 ,0.02446 ,0.60492 ,0.02343 
0.04551 ,0.02491 ,0.22594 ,0.02446 ,0.55739 ,0.02343 
0.01524 ,0.02491 ,0.19227 ,0.02446 ,0.55618 ,0.02344 
0.06343 ,0.02492 ,0.24071 ,0.02446 ,0.47852 ,0.02344 
0.03446 ,0.02492 ,0.23671 ,0.02446 ,0.55101 ,0.02344 
0.05190 ,0.02492 ,0.23219 ,0.02447 ,0.50850 ,0.02344 
0.05075 ,0.02492 ,0.29555 ,0.02448 ,0.53549 ,0.02344 
0.02757 ,0.02492 ,0.20077 ,0.02448 ,0.48730 ,0.02345 
0.06171 ,0.02492 ,0.25737 ,0.02448 ,0.50389 ,0.02345 
0.02797 ,0.02493 ,0.18545 ,0.02449 ,0.53566 ,0.02345 
0.03409 ,0.02493 ,0.34634 ,0.02449 ,0.66846 ,0.02346 
0.05263 ,0.02494 ,0.20364 ,0.02449 ,0.50598 ,0.02346 
0.03108 ,0.02494 ,0.20982 ,0.02450 ,0.52113 ,0.02346 
0.02809 ,0.02494 ,0.20277 ,0.02450 ,0.49984 ,0.02346 
0.02165 ,0.02494 ,0.21230 ,0.02450 ,0.48234 ,0.02347 
0.00282 ,0.02494 ,0.26252 ,0.02451 ,0.51591 ,0.02347 
0.10685 ,0.02495 ,0.21784 ,0.02451 ,0.48339 ,0.02347 
0.03454 ,0.02495 ,0.20157 ,0.02452 ,0.56841 ,0.02347 
0.03257 ,0.02495 ,0.22383 ,0.02452 ,0.51609 ,0.02348 
0.02474 ,0.02495 ,0.28533 ,0.02452 ,0.49948 ,0.02348 
0.20705 ,0.02496 ,0.27958 ,0.02452 ,0.52698 ,0.02348 
0.05700 ,0.02496 ,0.26153 ,0.02452 ,0.53019 ,0.02348 
0.11790 ,0.02497 ,0.19911 ,0.02453 ,0.54215 ,0.02349 
0.03452 ,0.02497 ,0.24857 ,0.02453 ,0.48531 ,0.02349 
0.08654 ,0.02497 ,0.23341 ,0.02453 ,0.52526 ,0.02350 
0.01473 ,0.02497 ,0.21219 ,0.02453 ,0.55465 ,0.02350 
0.02693 ,0.02497 ,0.26572 ,0.02453 ,0.56642 ,0.02350 
0.03493 ,0.02497 ,0.28734 ,0.02454 ,0.50599 ,0.02350 
0.05725 ,0.02497 ,0.27114 ,0.02454 ,0.52904 ,0.02350 
0.01335 ,0.02498 ,0.22063 ,0.02454 ,0.49136 ,0.02351 
0.13238 ,0.02498 ,0.19564 ,0.02454 ,0.49361 ,0.02351 
0.01228 ,0.02498 ,0.22436 ,0.02455 ,0.48269 ,0.02351 
0.02890 ,0.02498 ,0.21962 ,0.02455 ,0.54293 ,0.02351 
0.07486 ,0.02498 ,0.19703 ,0.02456 ,0.54521 ,0.02351 
0.04100 ,0.02499 ,0.20302 ,0.02456 ,0.48340 ,0.02352 
0.06569 ,0.02499 ,0.33255 ,0.02457 ,0.50426 ,0.02352 
0.03254 ,0.02499 ,0.21986 ,0.02457 ,0.58875 ,0.02352 
0.03455 ,0.02499 ,0.24371 ,0.02459 ,0.50677 ,0.02352 
0.03257 ,0.02499 ,0.20196 ,0.02459 ,0.67290 ,0.02352 
0.03340 ,0.02499 ,0.24264 ,0.02459 ,0.49634 ,0.02352 
0.15424 ,0.02500 ,0.29608 ,0.02460 ,0.51005 ,0.02352 
0.06283 ,0.02501 ,0.20923 ,0.02460 ,0.59912 ,0.02352 
0.03308 ,0.02501 ,0.23250 ,0.02460 ,0.60005 ,0.02352 
0.03372 ,0.02502 ,0.23224 ,0.02460 ,0.52147 ,0.02353 
0.09819 ,0.02502 ,0.19124 ,0.02460 ,0.50678 ,0.02353 
0.03365 ,0.02502 ,0.27211 ,0.02460 ,0.48919 ,0.02353 
0.02159 ,0.02502 ,0.21792 ,0.02461 ,0.66784 ,0.02354 
0.22145 ,0.02503 ,0.24781 ,0.02461 ,0.53428 ,0.02354 
0.10673 ,0.02503 ,0.25808 ,0.02462 ,0.57622 ,0.02355 
0.03208 ,0.02503 ,0.21513 ,0.02463 ,0.55356 ,0.02355 
0.07351 ,0.02503 ,0.22565 ,0.02463 ,0.49277 ,0.02355 
0.08618 ,0.02504 ,0.23446 ,0.02463 ,0.61191 ,0.02355 
0.05476 ,0.02504 ,0.19192 ,0.02463 ,0.55427 ,0.02355 
0.00943 ,0.02505 ,0.23315 ,0.02464 ,0.51110 ,0.02356 
0.02797 ,0.02505 ,0.30309 ,0.02464 ,0.53445 ,0.02357 
0.03308 ,0.02505 ,0.20840 ,0.02465 ,0.48907 ,0.02357 
0.06258 ,0.02506 ,0.19027 ,0.02465 ,0.51575 ,0.02358 
0.02698 ,0.02506 ,0.23285 ,0.02465 ,0.60320 ,0.02358 
0.03906 ,0.02507 ,0.23125 ,0.02465 ,0.60246 ,0.02359 
0.09379 ,0.02507 ,0.22537 ,0.02465 ,0.50456 ,0.02359 
0.04766 ,0.02507 ,0.25819 ,0.02466 ,0.51776 ,0.02359 
0.04397 ,0.02507 ,0.27704 ,0.02466 ,0.50302 ,0.02360 
0.07993 ,0.02508 ,0.21615 ,0.02466 ,0.55953 ,0.02360 
0.07251 ,0.02508 ,0.19210 ,0.02467 ,0.49583 ,0.02360 
0.03419 ,0.02508 ,0.23049 ,0.02467 ,0.53183 ,0.02361 
0.02706 ,0.02508 ,0.20904 ,0.02467 ,0.49025 ,0.02361 
0.26327 ,0.02508 ,0.19650 ,0.02467 ,0.55242 ,0.02361 
0.06447 ,0.02508 ,0.35497 ,0.02467 ,0.57478 ,0.02361 
0.04044 ,0.02508 ,0.18046 ,0.02468 ,0.48473 ,0.02361 
0.04852 ,0.02508 ,0.19674 ,0.02468 ,0.58258 ,0.02362 
0.00792 ,0.02509 ,0.23683 ,0.02469 ,0.48883 ,0.02362 
0.09188 ,0.02510 ,0.21152 ,0.02469 ,0.48740 ,0.02363 
0.03749 ,0.02510 ,0.26295 ,0.02469 ,0.52582 ,0.02363 
-0.00063 ,0.02510 ,0.19971 ,0.02469 ,0.49534 ,0.02363 
0.12048 ,0.02510 ,0.22408 ,0.02470 ,0.50048 ,0.02365 
0.04024 ,0.02510 ,0.23169 ,0.02470 ,0.50930 ,0.02365 
0.05299 ,0.02510 ,0.24276 ,0.02471 ,0.50447 ,0.02365 
0.03920 ,0.02510 ,0.23263 ,0.02471 ,0.53292 ,0.02366 
0.02606 ,0.02511 ,0.24205 ,0.02471 ,0.55429 ,0.02366 
0.05400 ,0.02512 ,0.26295 ,0.02471 ,0.60556 ,0.02366 
0.01748 ,0.02512 ,0.16699 ,0.02472 ,0.60435 ,0.02367 
0.08092 ,0.02512 ,0.29256 ,0.02472 ,0.49706 ,0.02367 
0.13241 ,0.02513 ,0.17853 ,0.02473 ,0.55263 ,0.02367 
0.05774 ,0.02513 ,0.23309 ,0.02474 ,0.48497 ,0.02367 
0.01119 ,0.02513 ,0.23648 ,0.02474 ,0.58850 ,0.02368 
0.09967 ,0.02514 ,0.28151 ,0.02474 ,0.51091 ,0.02368 
0.06116 ,0.02514 ,0.22171 ,0.02474 ,0.49231 ,0.02368 
0.10613 ,0.02515 ,0.29607 ,0.02474 ,0.55243 ,0.02368 
0.03183 ,0.02515 ,0.21054 ,0.02475 ,0.49519 ,0.02369 
0.03123 ,0.02516 ,0.25179 ,0.02475 ,0.56577 ,0.02369 
0.17756 ,0.02516 ,0.20714 ,0.02475 ,0.52686 ,0.02369 
0.03312 ,0.02517 ,0.22814 ,0.02475 ,0.59393 ,0.02370 
0.04192 ,0.02517 ,0.28184 ,0.02476 ,0.55699 ,0.02370 
0.02818 ,0.02517 ,0.18925 ,0.02476 ,0.54129 ,0.02370 
0.02162 ,0.02517 ,0.22246 ,0.02477 ,0.49727 ,0.02370 
0.04074 ,0.02517 ,0.23738 ,0.02477 ,0.49945 ,0.02370 
0.02431 ,0.02519 ,0.23349 ,0.02478 ,0.66931 ,0.02371 
0.05872 ,0.02519 ,0.22122 ,0.02478 ,0.54233 ,0.02371 
0.07045 ,0.02519 ,0.25117 ,0.02478 ,0.49455 ,0.02371 
0.02802 ,0.02519 ,0.20523 ,0.02478 ,0.47591 ,0.02371 
0.20006 ,0.02520 ,0.23975 ,0.02479 ,0.56167 ,0.02371 
0.05940 ,0.02520 ,0.22226 ,0.02479 ,0.54279 ,0.02372 
0.10109 ,0.02520 ,0.24619 ,0.02480 ,0.51494 ,0.02372 
0.19806 ,0.02521 ,0.18428 ,0.02480 ,0.66426 ,0.02372 
0.03237 ,0.02521 ,0.19494 ,0.02480 ,0.50177 ,0.02373 
0.02505 ,0.02522 ,0.23253 ,0.02481 ,0.50197 ,0.02373 
0.02064 ,0.02522 ,0.20754 ,0.02481 ,0.54500 ,0.02373 
0.24448 ,0.02522 ,0.24666 ,0.02482 ,0.52439 ,0.02374 
0.03369 ,0.02522 ,0.21426 ,0.02482 ,0.49861 ,0.02374 
0.11161 ,0.02522 ,0.25466 ,0.02482 ,0.50427 ,0.02374 
0.07038 ,0.02523 ,0.21251 ,0.02482 ,0.58683 ,0.02375 
0.06101 ,0.02523 ,0.35394 ,0.02482 ,0.61359 ,0.02375 
0.09730 ,0.02523 ,0.28249 ,0.02483 ,0.51868 ,0.02375 
0.06034 ,0.02523 ,0.25821 ,0.02483 ,0.49779 ,0.02375 
0.01480 ,0.02523 ,0.18617 ,0.02483 ,0.49477 ,0.02375 
0.09286 ,0.02524 ,0.29258 ,0.02483 ,0.48765 ,0.02375 
0.01206 ,0.02524 ,0.25545 ,0.02483 ,0.48906 ,0.02375 
0.05386 ,0.02524 ,0.21444 ,0.02483 ,0.55801 ,0.02376 
0.05912 ,0.02524 ,0.20504 ,0.02484 ,0.48594 ,0.02376 
0.04651 ,0.02526 ,0.26384 ,0.02484 ,0.65123 ,0.02377 
0.04741 ,0.02526 ,0.30656 ,0.02484 ,0.54684 ,0.02377 
0.06584 ,0.02526 ,0.23954 ,0.02484 ,0.52287 ,0.02378 
0.02701 ,0.02526 ,0.20130 ,0.02484 ,0.50334 ,0.02378 
0.08015 ,0.02527 ,0.22701 ,0.02484 ,0.49910 ,0.02378 
0.01823 ,0.02527 ,0.25625 ,0.02484 ,0.56889 ,0.02378 
0.04163 ,0.02527 ,0.23347 ,0.02485 ,0.50446 ,0.02378 
0.16829 ,0.02527 ,0.25723 ,0.02485 ,0.56401 ,0.02378 
0.05072 ,0.02527 ,0.25564 ,0.02485 ,0.52852 ,0.02379 
0.16814 ,0.02527 ,0.26587 ,0.02485 ,0.49605 ,0.02380 
0.01912 ,0.02527 ,0.35454 ,0.02485 ,0.53453 ,0.02380 
0.02585 ,0.02527 ,0.22389 ,0.02485 ,0.60020 ,0.02380 
0.05314 ,0.02528 ,0.19557 ,0.02486 ,0.50864 ,0.02380 
0.01795 ,0.02528 ,0.21782 ,0.02487 ,0.51666 ,0.02380 
0.04459 ,0.02528 ,0.34889 ,0.02488 ,0.57819 ,0.02381 
0.03410 ,0.02529 ,0.23163 ,0.02488 ,0.49173 ,0.02382 
0.01119 ,0.02529 ,0.23496 ,0.02488 ,0.54207 ,0.02382 
0.00871 ,0.02529 ,0.19563 ,0.02488 ,0.50140 ,0.02382 
0.03102 ,0.02530 ,0.24473 ,0.02488 ,0.50296 ,0.02382 
0.09356 ,0.02530 ,0.27065 ,0.02488 ,0.49249 ,0.02384 
0.06429 ,0.02530 ,0.19408 ,0.02489 ,0.50901 ,0.02384 
0.02473 ,0.02530 ,0.20343 ,0.02489 ,0.55743 ,0.02384 
0.20082 ,0.02530 ,0.20336 ,0.02489 ,0.51447 ,0.02384 
0.03200 ,0.02531 ,0.24738 ,0.02489 ,0.52035 ,0.02385 
0.02466 ,0.02532 ,0.22508 ,0.02489 ,0.61431 ,0.02386 
0.04499 ,0.02532 ,0.20037 ,0.02490 ,0.58857 ,0.02387 
0.06910 ,0.02532 ,0.22154 ,0.02490 ,0.59423 ,0.02387 
0.08584 ,0.02533 ,0.26080 ,0.02490 ,0.48767 ,0.02388 
0.10410 ,0.02533 ,0.22482 ,0.02491 ,0.47620 ,0.02388 
0.02243 ,0.02533 ,0.19683 ,0.02491 ,0.56810 ,0.02388 
0.05460 ,0.02533 ,0.24783 ,0.02491 ,0.51688 ,0.02389 
0.07913 ,0.02534 ,0.25846 ,0.02491 ,0.55288 ,0.02389 
0.05940 ,0.02534 ,0.22292 ,0.02492 ,0.50473 ,0.02389 
0.09147 ,0.02534 ,0.21694 ,0.02492 ,0.55999 ,0.02389 
0.14393 ,0.02534 ,0.18805 ,0.02492 ,0.48163 ,0.02390 
0.00490 ,0.02534 ,0.20889 ,0.02492 ,0.49300 ,0.02390 
0.05133 ,0.02535 ,0.29232 ,0.02493 ,0.55077 ,0.02390 
0.08812 ,0.02535 ,0.18792 ,0.02493 ,0.52172 ,0.02390 
0.00813 ,0.02535 ,0.18003 ,0.02493 ,0.53150 ,0.02391 
0.21196 ,0.02535 ,0.19397 ,0.02493 ,0.59674 ,0.02391 
0.05077 ,0.02535 ,0.26232 ,0.02494 ,0.52705 ,0.02391 
0.05284 ,0.02536 ,0.22457 ,0.02494 ,0.54258 ,0.02391 
0.04337 ,0.02536 ,0.24351 ,0.02494 ,0.48572 ,0.02391 
0.08396 ,0.02537 ,0.19652 ,0.02494 ,0.56144 ,0.02391 
0.05711 ,0.02537 ,0.21849 ,0.02494 ,0.61184 ,0.02392 
0.00729 ,0.02537 ,0.24503 ,0.02494 ,0.54066 ,0.02392 
0.07156 ,0.02537 ,0.22451 ,0.02495 ,0.51351 ,0.02392 
0.06925 ,0.02538 ,0.17761 ,0.02496 ,0.49806 ,0.02393 
0.02030 ,0.02538 ,0.25092 ,0.02496 ,0.52529 ,0.02393 
0.13806 ,0.02538 ,0.24091 ,0.02496 ,0.67143 ,0.02393 
0.02800 ,0.02539 ,0.21006 ,0.02497 ,0.60103 ,0.02393 
0.11450 ,0.02539 ,0.32600 ,0.02497 ,0.57502 ,0.02394 
0.03119 ,0.02539 ,0.18131 ,0.02497 ,0.49218 ,0.02394 
0.06124 ,0.02539 ,0.20730 ,0.02498 ,0.56398 ,0.02394 
0.04682 ,0.02539 ,0.24664 ,0.02498 ,0.55887 ,0.02394 
0.00336 ,0.02539 ,0.26851 ,0.02498 ,0.50034 ,0.02394 
0.03750 ,0.02539 ,0.23362 ,0.02498 ,0.51572 ,0.02394 
0.04043 ,0.02540 ,0.34062 ,0.02500 ,0.53898 ,0.02395 
0.02337 ,0.02540 ,0.24560 ,0.02500 ,0.59969 ,0.02395 
0.15731 ,0.02541 ,0.25779 ,0.02500 ,0.52978 ,0.02395 
0.02062 ,0.02541 ,0.35210 ,0.02501 ,0.53089 ,0.02395 
0.03214 ,0.02541 ,0.24880 ,0.02501 ,0.50694 ,0.02396 
0.08051 ,0.02542 ,0.21988 ,0.02501 ,0.50686 ,0.02396 
0.03622 ,0.02542 ,0.24121 ,0.02501 ,0.52567 ,0.02396 
0.04068 ,0.02542 ,0.19853 ,0.02502 ,0.49647 ,0.02397 
0.03519 ,0.02543 ,0.20050 ,0.02502 ,0.58750 ,0.02398 
0.00359 ,0.02544 ,0.20394 ,0.02503 ,0.60048 ,0.02398 
0.17103 ,0.02544 ,0.24730 ,0.02503 ,0.48763 ,0.02398 
0.02745 ,0.02544 ,0.24617 ,0.02505 ,0.51582 ,0.02398 
0.03106 ,0.02544 ,0.21262 ,0.02505 ,0.49448 ,0.02399 
0.03098 ,0.02544 ,0.28191 ,0.02506 ,0.53261 ,0.02399 
0.06520 ,0.02545 ,0.25488 ,0.02506 ,0.48578 ,0.02400 
0.10011 ,0.02545 ,0.17796 ,0.02506 ,0.52240 ,0.02400 
0.03219 ,0.02545 ,0.24296 ,0.02507 ,0.59084 ,0.02400 
0.04392 ,0.02546 ,0.20194 ,0.02509 ,0.60425 ,0.02400 
0.03200 ,0.02547 ,0.23781 ,0.02509 ,0.54135 ,0.02400 
0.07060 ,0.02547 ,0.24145 ,0.02510 ,0.60029 ,0.02401 
0.05172 ,0.02547 ,0.22985 ,0.02510 ,0.68629 ,0.02401 
0.03323 ,0.02547 ,0.26193 ,0.02510 ,0.47236 ,0.02401 
0.11308 ,0.02548 ,0.25353 ,0.02510 ,0.51073 ,0.02401 
0.00674 ,0.02548 ,0.20360 ,0.02511 ,0.51991 ,0.02401 
0.03372 ,0.02548 ,0.19071 ,0.02511 ,0.50891 ,0.02402 
0.07628 ,0.02549 ,0.25077 ,0.02512 ,0.50731 ,0.02402 
0.03105 ,0.02550 ,0.20394 ,0.02512 ,0.51455 ,0.02403 
0.00091 ,0.02550 ,0.23595 ,0.02512 ,0.49778 ,0.02403 
0.03534 ,0.02550 ,0.19223 ,0.02513 ,0.50094 ,0.02403 
0.08316 ,0.02550 ,0.25388 ,0.02513 ,0.57803 ,0.02404 
0.06766 ,0.02550 ,0.25884 ,0.02513 ,0.50858 ,0.02404 
0.23116 ,0.02550 ,0.23730 ,0.02514 ,0.57982 ,0.02404 
0.03914 ,0.02551 ,0.27289 ,0.02514 ,0.47337 ,0.02404 
0.02808 ,0.02551 ,0.19256 ,0.02515 ,0.47334 ,0.02405 
0.08118 ,0.02552 ,0.22275 ,0.02515 ,0.49182 ,0.02405 
0.09428 ,0.02552 ,0.23092 ,0.02515 ,0.54058 ,0.02405 
0.03372 ,0.02552 ,0.26074 ,0.02515 ,0.58105 ,0.02406 
0.05464 ,0.02552 ,0.22319 ,0.02516 ,0.52462 ,0.02406 
0.05261 ,0.02552 ,0.20512 ,0.02516 ,0.56720 ,0.02406 
0.02993 ,0.02552 ,0.21905 ,0.02516 ,0.48374 ,0.02407 
0.12202 ,0.02553 ,0.20259 ,0.02516 ,0.62633 ,0.02408 
0.06459 ,0.02553 ,0.19144 ,0.02516 ,0.53035 ,0.02408 
0.09019 ,0.02553 ,0.20129 ,0.02516 ,0.50093 ,0.02409 
0.06320 ,0.02554 ,0.28282 ,0.02517 ,0.48476 ,0.02409 
0.12060 ,0.02555 ,0.22181 ,0.02517 ,0.52998 ,0.02410 
0.02498 ,0.02556 ,0.20474 ,0.02518 ,0.58385 ,0.02410 
0.03258 ,0.02556 ,0.24165 ,0.02518 ,0.54588 ,0.02410 
0.04274 ,0.02556 ,0.21574 ,0.02519 ,0.51253 ,0.02410 
0.01731 ,0.02557 ,0.18672 ,0.02519 ,0.66785 ,0.02411 
0.13964 ,0.02557 ,0.25826 ,0.02519 ,0.49464 ,0.02412 
0.07501 ,0.02557 ,0.18173 ,0.02519 ,0.52630 ,0.02412 
0.03116 ,0.02557 ,0.20307 ,0.02519 ,0.54009 ,0.02412 
0.01134 ,0.02558 ,0.23785 ,0.02519 ,0.52930 ,0.02412 
0.03688 ,0.02558 ,0.23482 ,0.02520 ,0.51538 ,0.02412 
0.10649 ,0.02559 ,0.25112 ,0.02522 ,0.49390 ,0.02412 
0.01619 ,0.02559 ,0.22125 ,0.02522 ,0.49930 ,0.02412 
0.03059 ,0.02560 ,0.24410 ,0.02522 ,0.49989 ,0.02413 
0.04776 ,0.02560 ,0.25500 ,0.02522 ,0.48716 ,0.02413 
0.06857 ,0.02560 ,0.23834 ,0.02523 ,0.52480 ,0.02413 
0.05527 ,0.02560 ,0.21176 ,0.02523 ,0.51556 ,0.02414 
0.02910 ,0.02560 ,0.20884 ,0.02523 ,0.55200 ,0.02414 
0.09265 ,0.02560 ,0.21364 ,0.02523 ,0.57564 ,0.02414 
0.02450 ,0.02561 ,0.29049 ,0.02524 ,0.49196 ,0.02414 
0.04548 ,0.02561 ,0.26578 ,0.02524 ,0.54700 ,0.02415 
0.02373 ,0.02561 ,0.25749 ,0.02524 ,0.55728 ,0.02415 
0.13197 ,0.02561 ,0.24385 ,0.02525 ,0.49197 ,0.02415 
0.01765 ,0.02562 ,0.24439 ,0.02525 ,0.64091 ,0.02416 
0.02677 ,0.02562 ,0.22562 ,0.02525 ,0.60167 ,0.02416 
0.01350 ,0.02562 ,0.28566 ,0.02525 ,0.50661 ,0.02416 
0.08564 ,0.02563 ,0.21463 ,0.02525 ,0.47421 ,0.02417 
0.03160 ,0.02563 ,0.24770 ,0.02526 ,0.56177 ,0.02417 
0.03826 ,0.02564 ,0.28955 ,0.02526 ,0.67417 ,0.02417 
0.02997 ,0.02564 ,0.28027 ,0.02526 ,0.46762 ,0.02417 
0.05074 ,0.02564 ,0.20596 ,0.02526 ,0.57551 ,0.02418 
0.08203 ,0.02564 ,0.24751 ,0.02527 ,0.56764 ,0.02418 
0.05636 ,0.02565 ,0.29063 ,0.02527 ,0.55208 ,0.02418 
0.06244 ,0.02565 ,0.25029 ,0.02527 ,0.56745 ,0.02418 
0.16925 ,0.02565 ,0.24963 ,0.02528 ,0.47174 ,0.02419 
0.01038 ,0.02565 ,0.23940 ,0.02529 ,0.52978 ,0.02419 
0.01052 ,0.02565 ,0.22471 ,0.02529 ,0.48441 ,0.02420 
0.02932 ,0.02565 ,0.17959 ,0.02530 ,0.53650 ,0.02420 
0.20781 ,0.02565 ,0.19581 ,0.02530 ,0.50402 ,0.02420 
0.05101 ,0.02566 ,0.26091 ,0.02530 ,0.54903 ,0.02420 
0.20809 ,0.02567 ,0.24062 ,0.02531 ,0.52619 ,0.02421 
0.03335 ,0.02568 ,0.27985 ,0.02531 ,0.55747 ,0.02421 
0.07953 ,0.02568 ,0.27226 ,0.02531 ,0.48321 ,0.02421 
0.03976 ,0.02568 ,0.24693 ,0.02533 ,0.52391 ,0.02421 
0.07340 ,0.02568 ,0.24076 ,0.02533 ,0.49996 ,0.02422 
0.01800 ,0.02569 ,0.28208 ,0.02533 ,0.48549 ,0.02422 
0.04060 ,0.02569 ,0.23450 ,0.02534 ,0.54498 ,0.02422 
0.21496 ,0.02569 ,0.23950 ,0.02534 ,0.50158 ,0.02422 
0.08051 ,0.02569 ,0.24015 ,0.02534 ,0.58994 ,0.02422 
0.05065 ,0.02570 ,0.26680 ,0.02535 ,0.59273 ,0.02423 
0.04305 ,0.02570 ,0.19263 ,0.02535 ,0.48945 ,0.02423 
0.02916 ,0.02570 ,0.23657 ,0.02536 ,0.48998 ,0.02424 
0.09706 ,0.02570 ,0.20849 ,0.02536 ,0.51414 ,0.02424 
0.07874 ,0.02571 ,0.27069 ,0.02537 ,0.58733 ,0.02424 
0.04249 ,0.02572 ,0.23895 ,0.02537 ,0.58766 ,0.02424 
0.00645 ,0.02572 ,0.25249 ,0.02538 ,0.51363 ,0.02424 
0.00773 ,0.02572 ,0.21051 ,0.02538 ,0.51520 ,0.02424 
0.09436 ,0.02572 ,0.18483 ,0.02538 ,0.56021 ,0.02425 
0.10827 ,0.02572 ,0.31071 ,0.02538 ,0.50644 ,0.02425 
0.00203 ,0.02572 ,0.23479 ,0.02539 ,0.48132 ,0.02426 
0.04807 ,0.02573 ,0.19962 ,0.02539 ,0.56645 ,0.02426 
0.18691 ,0.02573 ,0.29763 ,0.02539 ,0.52663 ,0.02426 
0.01028 ,0.02573 ,0.24608 ,0.02540 ,0.54115 ,0.02427 
0.04416 ,0.02573 ,0.20452 ,0.02540 ,0.52304 ,0.02427 
0.02357 ,0.02573 ,0.20441 ,0.02540 ,0.54183 ,0.02427 
0.09384 ,0.02573 ,0.27252 ,0.02540 ,0.50497 ,0.02428 
0.03512 ,0.02574 ,0.25837 ,0.02540 ,0.57695 ,0.02428 
0.03793 ,0.02574 ,0.21034 ,0.02541 ,0.52772 ,0.02428 
0.04102 ,0.02574 ,0.20784 ,0.02542 ,0.51813 ,0.02428 
0.14558 ,0.02574 ,0.24845 ,0.02542 ,0.50304 ,0.02428 
0.07193 ,0.02575 ,0.26723 ,0.02542 ,0.49518 ,0.02428 
0.05380 ,0.02576 ,0.26737 ,0.02542 ,0.49031 ,0.02429 
0.06078 ,0.02576 ,0.25427 ,0.02542 ,0.57577 ,0.02429 
0.07690 ,0.02576 ,0.26054 ,0.02542 ,0.53941 ,0.02429 
0.04500 ,0.02576 ,0.18124 ,0.02543 ,0.61359 ,0.02430 
0.06042 ,0.02577 ,0.27516 ,0.02543 ,0.49907 ,0.02430 
0.04651 ,0.02577 ,0.32963 ,0.02543 ,0.51167 ,0.02430 
0.01401 ,0.02578 ,0.27633 ,0.02543 ,0.52328 ,0.02430 
0.03149 ,0.02578 ,0.25155 ,0.02543 ,0.50390 ,0.02431 
0.05433 ,0.02578 ,0.21518 ,0.02544 ,0.48391 ,0.02431 
0.06633 ,0.02578 ,0.18482 ,0.02544 ,0.58992 ,0.02431 
0.13022 ,0.02578 ,0.24703 ,0.02544 ,0.51014 ,0.02432 
0.08288 ,0.02579 ,0.25745 ,0.02544 ,0.50159 ,0.02432 
0.02604 ,0.02579 ,0.26051 ,0.02545 ,0.49013 ,0.02433 
0.01489 ,0.02579 ,0.20511 ,0.02545 ,0.49883 ,0.02433 
0.08433 ,0.02579 ,0.20067 ,0.02545 ,0.61029 ,0.02433 
0.04712 ,0.02580 ,0.19417 ,0.02545 ,0.51007 ,0.02433 
0.03058 ,0.02580 ,0.19371 ,0.02546 ,0.54896 ,0.02434 
0.10685 ,0.02580 ,0.27049 ,0.02546 ,0.54175 ,0.02434 
0.01243 ,0.02580 ,0.23129 ,0.02546 ,0.52654 ,0.02435 
0.07982 ,0.02581 ,0.23346 ,0.02546 ,0.58334 ,0.02435 
0.02294 ,0.02582 ,0.22933 ,0.02546 ,0.49273 ,0.02435 
0.15981 ,0.02582 ,0.21892 ,0.02547 ,0.48234 ,0.02436 
0.03427 ,0.02582 ,0.22957 ,0.02547 ,0.51542 ,0.02437 
0.14632 ,0.02583 ,0.27796 ,0.02548 ,0.48155 ,0.02437 
0.02480 ,0.02583 ,0.20992 ,0.02548 ,0.56416 ,0.02437 
0.07927 ,0.02583 ,0.19941 ,0.02548 ,0.50162 ,0.02438 
0.07973 ,0.02583 ,0.19592 ,0.02549 ,0.53730 ,0.02438 
0.15668 ,0.02583 ,0.22898 ,0.02549 ,0.54933 ,0.02438 
0.03283 ,0.02583 ,0.22446 ,0.02549 ,0.49442 ,0.02438 
0.10309 ,0.02583 ,0.22987 ,0.02549 ,0.55073 ,0.02438 
0.08290 ,0.02583 ,0.19373 ,0.02549 ,0.57128 ,0.02438 
0.01393 ,0.02584 ,0.23538 ,0.02551 ,0.51180 ,0.02438 
0.03638 ,0.02584 ,0.19376 ,0.02551 ,0.61060 ,0.02439 
0.02789 ,0.02585 ,0.18974 ,0.02552 ,0.48966 ,0.02439 
0.08906 ,0.02585 ,0.25398 ,0.02552 ,0.47424 ,0.02439 
0.04409 ,0.02585 ,0.22221 ,0.02553 ,0.51717 ,0.02440 
0.08814 ,0.02585 ,0.26165 ,0.02553 ,0.49629 ,0.02440 
0.01934 ,0.02585 ,0.24225 ,0.02553 ,0.47539 ,0.02440 
0.08994 ,0.02586 ,0.22914 ,0.02553 ,0.53465 ,0.02441 
0.06329 ,0.02586 ,0.19096 ,0.02554 ,0.51663 ,0.02441 
0.01490 ,0.02586 ,0.24119 ,0.02554 ,0.51656 ,0.02441 
0.00735 ,0.02587 ,0.19180 ,0.02554 ,0.50466 ,0.02442 
0.08149 ,0.02587 ,0.19096 ,0.02555 ,0.58270 ,0.02442 
0.10662 ,0.02588 ,0.29963 ,0.02556 ,0.54824 ,0.02442 
0.11555 ,0.02589 ,0.31406 ,0.02556 ,0.51829 ,0.02443 
0.02796 ,0.02589 ,0.33108 ,0.02556 ,0.53061 ,0.02443 
0.04523 ,0.02589 ,0.26019 ,0.02556 ,0.53838 ,0.02443 
0.07841 ,0.02589 ,0.24848 ,0.02557 ,0.50950 ,0.02443 
0.06028 ,0.02589 ,0.24601 ,0.02557 ,0.69089 ,0.02444 
0.04980 ,0.02589 ,0.20241 ,0.02557 ,0.56194 ,0.02444 
0.02725 ,0.02590 ,0.24352 ,0.02558 ,0.48030 ,0.02444 
0.03677 ,0.02590 ,0.34250 ,0.02559 ,0.54218 ,0.02444 
0.03422 ,0.02590 ,0.18877 ,0.02559 ,0.49242 ,0.02444 
0.01095 ,0.02590 ,0.27981 ,0.02559 ,0.50239 ,0.02444 
0.26148 ,0.02590 ,0.18964 ,0.02560 ,0.51727 ,0.02444 
0.10752 ,0.02591 ,0.21378 ,0.02560 ,0.51707 ,0.02444 
0.12722 ,0.02591 ,0.27081 ,0.02560 ,0.50757 ,0.02445 
0.03582 ,0.02592 ,0.21980 ,0.02560 ,0.51902 ,0.02445 
0.08329 ,0.02592 ,0.27066 ,0.02560 ,0.54790 ,0.02445 
0.03144 ,0.02592 ,0.28120 ,0.02560 ,0.68583 ,0.02445 
0.20797 ,0.02592 ,0.23456 ,0.02561 ,0.53797 ,0.02445 
0.03952 ,0.02593 ,0.26527 ,0.02561 ,0.48194 ,0.02446 
0.18766 ,0.02593 ,0.24641 ,0.02561 ,0.54756 ,0.02446 
0.06945 ,0.02593 ,0.20713 ,0.02561 ,0.51360 ,0.02446 
0.03702 ,0.02594 ,0.22011 ,0.02561 ,0.55827 ,0.02446 
0.07494 ,0.02594 ,0.22081 ,0.02562 ,0.59690 ,0.02446 
0.02966 ,0.02594 ,0.20555 ,0.02562 ,0.51721 ,0.02446 
0.24420 ,0.02594 ,0.19705 ,0.02562 ,0.56370 ,0.02447 
0.08714 ,0.02594 ,0.21131 ,0.02563 ,0.53665 ,0.02447 
0.03750 ,0.02595 ,0.23846 ,0.02563 ,0.59089 ,0.02447 
0.01387 ,0.02595 ,0.19904 ,0.02564 ,0.60045 ,0.02448 
0.03037 ,0.02595 ,0.22757 ,0.02564 ,0.53954 ,0.02448 
0.05886 ,0.02595 ,0.27748 ,0.02564 ,0.49237 ,0.02448 
0.04716 ,0.02596 ,0.26772 ,0.02565 ,0.48360 ,0.02448 
0.19928 ,0.02596 ,0.19796 ,0.02565 ,0.58941 ,0.02448 
0.14356 ,0.02596 ,0.28175 ,0.02565 ,0.59154 ,0.02448 
0.02316 ,0.02596 ,0.19587 ,0.02565 ,0.46642 ,0.02449 
0.02487 ,0.02597 ,0.20947 ,0.02565 ,0.47262 ,0.02449 
0.04877 ,0.02597 ,0.25450 ,0.02566 ,0.53594 ,0.02450 
0.09366 ,0.02597 ,0.25584 ,0.02566 ,0.48152 ,0.02450 
0.03998 ,0.02597 ,0.19188 ,0.02566 ,0.54358 ,0.02450 
0.02909 ,0.02597 ,0.38760 ,0.02567 ,0.59061 ,0.02450 
0.11287 ,0.02598 ,0.22523 ,0.02567 ,0.66873 ,0.02450 
0.07461 ,0.02598 ,0.32568 ,0.02567 ,0.58342 ,0.02450 
0.05756 ,0.02598 ,0.33039 ,0.02568 ,0.51785 ,0.02450 
0.04003 ,0.02598 ,0.21869 ,0.02568 ,0.50106 ,0.02451 
0.13745 ,0.02599 ,0.21994 ,0.02568 ,0.51121 ,0.02451 
0.10210 ,0.02599 ,0.28785 ,0.02569 ,0.58331 ,0.02451 
0.03167 ,0.02599 ,0.18485 ,0.02571 ,0.53564 ,0.02451 
0.10631 ,0.02600 ,0.20616 ,0.02571 ,0.61418 ,0.02452 
0.06117 ,0.02600 ,0.25739 ,0.02571 ,0.52789 ,0.02452 
0.01498 ,0.02600 ,0.23963 ,0.02571 ,0.51638 ,0.02454 
0.01555 ,0.02600 ,0.22603 ,0.02572 ,0.49903 ,0.02454 
0.11930 ,0.02600 ,0.32572 ,0.02572 ,0.54637 ,0.02454 
0.10283 ,0.02601 ,0.21552 ,0.02572 ,0.52864 ,0.02455 
0.01432 ,0.02601 ,0.26936 ,0.02573 ,0.50535 ,0.02455 
0.04963 ,0.02601 ,0.21439 ,0.02574 ,0.50330 ,0.02455 
0.04882 ,0.02601 ,0.29110 ,0.02574 ,0.49062 ,0.02455 
0.15716 ,0.02601 ,0.18933 ,0.02574 ,0.53821 ,0.02456 
0.10222 ,0.02601 ,0.23650 ,0.02575 ,0.50888 ,0.02456 
0.02475 ,0.02601 ,0.19645 ,0.02576 ,0.50949 ,0.02456 
0.28018 ,0.02602 ,0.23086 ,0.02576 ,0.52490 ,0.02456 
0.25874 ,0.02603 ,0.27545 ,0.02576 ,0.50661 ,0.02456 
0.07837 ,0.02603 ,0.22041 ,0.02576 ,0.49573 ,0.02456 
0.03033 ,0.02604 ,0.23835 ,0.02576 ,0.60258 ,0.02456 
0.04049 ,0.02604 ,0.28531 ,0.02576 ,0.48722 ,0.02456 
0.00812 ,0.02605 ,0.28818 ,0.02577 ,0.53692 ,0.02457 
0.05197 ,0.02605 ,0.21713 ,0.02577 ,0.53494 ,0.02457 
0.02784 ,0.02606 ,0.25617 ,0.02578 ,0.60475 ,0.02457 
0.03277 ,0.02606 ,0.17963 ,0.02578 ,0.49064 ,0.02457 
0.09092 ,0.02607 ,0.19658 ,0.02578 ,0.55204 ,0.02457 
0.19227 ,0.02607 ,0.19821 ,0.02578 ,0.54547 ,0.02457 
0.03162 ,0.02607 ,0.21976 ,0.02578 ,0.52845 ,0.02457 
0.04215 ,0.02607 ,0.20040 ,0.02579 ,0.54663 ,0.02457 
0.01318 ,0.02608 ,0.22267 ,0.02579 ,0.50999 ,0.02458 
0.03324 ,0.02608 ,0.26079 ,0.02579 ,0.56242 ,0.02458 
0.04775 ,0.02609 ,0.30701 ,0.02580 ,0.57453 ,0.02459 
0.03128 ,0.02610 ,0.19186 ,0.02580 ,0.48837 ,0.02459 
0.39467 ,0.02610 ,0.20539 ,0.02580 ,0.50328 ,0.02459 
0.03854 ,0.02610 ,0.20186 ,0.02580 ,0.56688 ,0.02460 
0.09948 ,0.02610 ,0.27655 ,0.02580 ,0.60330 ,0.02460 
0.08995 ,0.02610 ,0.19944 ,0.02581 ,0.53632 ,0.02460 
0.11117 ,0.02611 ,0.25217 ,0.02581 ,0.47972 ,0.02460 
0.00612 ,0.02611 ,0.21842 ,0.02581 ,0.48469 ,0.02460 
0.12940 ,0.02611 ,0.20744 ,0.02581 ,0.56066 ,0.02461 
0.21536 ,0.02611 ,0.23519 ,0.02582 ,0.51883 ,0.02461 
0.05900 ,0.02611 ,0.28390 ,0.02582 ,0.52924 ,0.02461 
0.04783 ,0.02611 ,0.28889 ,0.02582 ,0.51375 ,0.02462 
0.09258 ,0.02612 ,0.27618 ,0.02583 ,0.52844 ,0.02462 
0.02763 ,0.02612 ,0.20658 ,0.02584 ,0.54971 ,0.02462 
0.07280 ,0.02612 ,0.32971 ,0.02584 ,0.48308 ,0.02462 
0.04088 ,0.02612 ,0.33622 ,0.02585 ,0.52573 ,0.02463 
0.03831 ,0.02612 ,0.19072 ,0.02585 ,0.50028 ,0.02463 
0.20457 ,0.02613 ,0.21311 ,0.02585 ,0.47261 ,0.02463 
0.05522 ,0.02613 ,0.26558 ,0.02585 ,0.48476 ,0.02463 
0.03162 ,0.02613 ,0.28743 ,0.02585 ,0.51664 ,0.02463 
0.06805 ,0.02614 ,0.25684 ,0.02585 ,0.49413 ,0.02463 
0.01020 ,0.02614 ,0.21086 ,0.02588 ,0.54973 ,0.02464 
0.03512 ,0.02615 ,0.23513 ,0.02588 ,0.49285 ,0.02464 
0.04655 ,0.02615 ,0.23486 ,0.02588 ,0.61254 ,0.02464 
0.01944 ,0.02615 ,0.19383 ,0.02588 ,0.49553 ,0.02465 
0.03695 ,0.02615 ,0.21779 ,0.02588 ,0.50859 ,0.02465 
0.02359 ,0.02616 ,0.19873 ,0.02589 ,0.51149 ,0.02465 
0.04177 ,0.02616 ,0.26277 ,0.02589 ,0.59567 ,0.02466 
0.13826 ,0.02617 ,0.19651 ,0.02589 ,0.54632 ,0.02466 
0.09393 ,0.02617 ,0.23754 ,0.02590 ,0.54440 ,0.02466 
0.05304 ,0.02617 ,0.20202 ,0.02590 ,0.49282 ,0.02467 
0.14668 ,0.02618 ,0.24304 ,0.02591 ,0.54047 ,0.02467 
0.02872 ,0.02618 ,0.20766 ,0.02591 ,0.50499 ,0.02467 
0.05542 ,0.02618 ,0.23668 ,0.02591 ,0.54726 ,0.02468 
0.01446 ,0.02618 ,0.22789 ,0.02591 ,0.55814 ,0.02468 
0.06381 ,0.02619 ,0.24604 ,0.02592 ,0.51227 ,0.02468 
0.03011 ,0.02619 ,0.20978 ,0.02592 ,0.52157 ,0.02468 
0.08739 ,0.02619 ,0.19072 ,0.02592 ,0.50640 ,0.02468 
0.03641 ,0.02619 ,0.18962 ,0.02592 ,0.48751 ,0.02468 
0.07674 ,0.02620 ,0.41297 ,0.02592 ,0.50335 ,0.02468 
0.07781 ,0.02620 ,0.20340 ,0.02592 ,0.53499 ,0.02469 
0.02870 ,0.02620 ,0.24479 ,0.02593 ,0.50998 ,0.02470 
0.04664 ,0.02620 ,0.21213 ,0.02593 ,0.57750 ,0.02470 
0.07056 ,0.02621 ,0.23444 ,0.02594 ,0.49693 ,0.02471 
0.05447 ,0.02621 ,0.23350 ,0.02594 ,0.68305 ,0.02471 
0.09228 ,0.02622 ,0.24644 ,0.02595 ,0.59005 ,0.02471 
0.03973 ,0.02622 ,0.20826 ,0.02595 ,0.47768 ,0.02471 
0.04385 ,0.02622 ,0.20053 ,0.02596 ,0.56501 ,0.02471 
0.04415 ,0.02622 ,0.22049 ,0.02596 ,0.57830 ,0.02472 
0.07168 ,0.02622 ,0.21103 ,0.02597 ,0.55403 ,0.02472 
0.10726 ,0.02623 ,0.24086 ,0.02597 ,0.59124 ,0.02472 
0.10134 ,0.02623 ,0.26334 ,0.02597 ,0.56229 ,0.02472 
0.05853 ,0.02623 ,0.23227 ,0.02597 ,0.47822 ,0.02473 
0.13030 ,0.02623 ,0.21400 ,0.02597 ,0.52720 ,0.02473 
0.08240 ,0.02623 ,0.18656 ,0.02597 ,0.52293 ,0.02474 
0.05726 ,0.02624 ,0.23536 ,0.02599 ,0.50105 ,0.02474 
0.04298 ,0.02624 ,0.26977 ,0.02599 ,0.56007 ,0.02474 
0.21051 ,0.02624 ,0.27527 ,0.02600 ,0.58089 ,0.02475 
0.11409 ,0.02625 ,0.25811 ,0.02600 ,0.57226 ,0.02475 
-0.00314 ,0.02625 ,0.36046 ,0.02600 ,0.59856 ,0.02476 
0.11212 ,0.02625 ,0.18826 ,0.02601 ,0.50734 ,0.02477 
0.06510 ,0.02625 ,0.30133 ,0.02601 ,0.56493 ,0.02477 
0.05374 ,0.02625 ,0.22375 ,0.02601 ,0.52276 ,0.02477 
0.04507 ,0.02626 ,0.18626 ,0.02602 ,0.58375 ,0.02477 
0.08571 ,0.02626 ,0.28841 ,0.02602 ,0.50333 ,0.02477 
0.10693 ,0.02626 ,0.17563 ,0.02602 ,0.51488 ,0.02478 
0.23079 ,0.02626 ,0.33929 ,0.02602 ,0.52087 ,0.02479 
0.08841 ,0.02626 ,0.17830 ,0.02602 ,0.64081 ,0.02479 
0.22450 ,0.02627 ,0.21712 ,0.02602 ,0.49680 ,0.02479 
0.03469 ,0.02627 ,0.24202 ,0.02603 ,0.57149 ,0.02480 
0.02843 ,0.02627 ,0.19730 ,0.02603 ,0.49077 ,0.02480 
0.02041 ,0.02627 ,0.23533 ,0.02603 ,0.54862 ,0.02480 
0.07279 ,0.02627 ,0.22966 ,0.02603 ,0.57502 ,0.02480 
0.14855 ,0.02628 ,0.21580 ,0.02603 ,0.49164 ,0.02480 
0.05598 ,0.02628 ,0.24149 ,0.02605 ,0.50332 ,0.02480 
0.03122 ,0.02628 ,0.34530 ,0.02605 ,0.58421 ,0.02481 
0.12636 ,0.02628 ,0.25250 ,0.02605 ,0.52155 ,0.02481 
0.03787 ,0.02628 ,0.28841 ,0.02605 ,0.61075 ,0.02481 
0.04263 ,0.02628 ,0.24210 ,0.02606 ,0.54729 ,0.02481 
0.14459 ,0.02629 ,0.20880 ,0.02607 ,0.50865 ,0.02481 
0.04883 ,0.02630 ,0.24730 ,0.02607 ,0.50220 ,0.02482 
0.09959 ,0.02630 ,0.39002 ,0.02607 ,0.49030 ,0.02482 
0.07266 ,0.02630 ,0.22065 ,0.02607 ,0.59766 ,0.02482 
0.00808 ,0.02631 ,0.20425 ,0.02608 ,0.50728 ,0.02482 
0.03394 ,0.02631 ,0.36387 ,0.02608 ,0.68942 ,0.02483 
0.04581 ,0.02631 ,0.24029 ,0.02609 ,0.47477 ,0.02483 
0.10412 ,0.02631 ,0.24313 ,0.02609 ,0.56285 ,0.02483 
0.01590 ,0.02631 ,0.21266 ,0.02609 ,0.65868 ,0.02483 
-0.00495 ,0.02631 ,0.18360 ,0.02609 ,0.49246 ,0.02483 
0.03983 ,0.02632 ,0.25329 ,0.02609 ,0.48128 ,0.02483 
0.14878 ,0.02632 ,0.24666 ,0.02610 ,0.59804 ,0.02483 
0.00631 ,0.02632 ,0.23010 ,0.02611 ,0.50846 ,0.02484 
0.03061 ,0.02632 ,0.19359 ,0.02611 ,0.57206 ,0.02484 
0.07310 ,0.02633 ,0.23944 ,0.02613 ,0.48416 ,0.02484 
0.02910 ,0.02633 ,0.21626 ,0.02613 ,0.60775 ,0.02484 
0.04185 ,0.02633 ,0.22117 ,0.02614 ,0.48536 ,0.02485 
0.05114 ,0.02634 ,0.23074 ,0.02614 ,0.53870 ,0.02485 
0.21410 ,0.02634 ,0.27279 ,0.02614 ,0.52700 ,0.02485 
0.03072 ,0.02634 ,0.36688 ,0.02614 ,0.57697 ,0.02485 
0.04220 ,0.02635 ,0.25285 ,0.02614 ,0.61814 ,0.02485 
0.05431 ,0.02635 ,0.28399 ,0.02616 ,0.53218 ,0.02485 
0.05218 ,0.02635 ,0.23827 ,0.02616 ,0.51932 ,0.02485 
0.06822 ,0.02636 ,0.19602 ,0.02616 ,0.56736 ,0.02485 
0.07302 ,0.02636 ,0.20751 ,0.02617 ,0.50774 ,0.02486 
0.03702 ,0.02636 ,0.24562 ,0.02617 ,0.51112 ,0.02487 
0.11443 ,0.02637 ,0.20836 ,0.02617 ,0.49115 ,0.02487 
0.01824 ,0.02637 ,0.27261 ,0.02617 ,0.55611 ,0.02487 
0.09668 ,0.02637 ,0.22589 ,0.02618 ,0.51465 ,0.02487 
0.10523 ,0.02637 ,0.23208 ,0.02618 ,0.50188 ,0.02487 
0.11328 ,0.02637 ,0.36515 ,0.02618 ,0.57927 ,0.02487 
0.08286 ,0.02637 ,0.22708 ,0.02618 ,0.49748 ,0.02487 
0.04382 ,0.02638 ,0.23285 ,0.02619 ,0.59867 ,0.02487 
0.07489 ,0.02638 ,0.17227 ,0.02619 ,0.57045 ,0.02487 
0.07014 ,0.02638 ,0.22646 ,0.02620 ,0.50966 ,0.02489 
0.03301 ,0.02639 ,0.28816 ,0.02620 ,0.55261 ,0.02489 
0.16079 ,0.02639 ,0.21516 ,0.02620 ,0.54912 ,0.02489 
0.08550 ,0.02639 ,0.20173 ,0.02621 ,0.53365 ,0.02490 
0.10270 ,0.02639 ,0.25096 ,0.02621 ,0.55899 ,0.02490 
0.06450 ,0.02639 ,0.21161 ,0.02622 ,0.53412 ,0.02491 
0.26032 ,0.02639 ,0.21481 ,0.02622 ,0.49609 ,0.02491 
0.07492 ,0.02639 ,0.19750 ,0.02622 ,0.47980 ,0.02492 
0.10796 ,0.02640 ,0.19704 ,0.02623 ,0.50688 ,0.02492 
0.14329 ,0.02641 ,0.35452 ,0.02623 ,0.50426 ,0.02492 
0.05556 ,0.02641 ,0.23951 ,0.02623 ,0.50581 ,0.02493 
0.07168 ,0.02641 ,0.29346 ,0.02623 ,0.49564 ,0.02493 
0.08293 ,0.02641 ,0.17164 ,0.02623 ,0.51762 ,0.02493 
0.01829 ,0.02642 ,0.24640 ,0.02623 ,0.54045 ,0.02493 
0.10802 ,0.02642 ,0.21299 ,0.02624 ,0.49284 ,0.02494 
0.02259 ,0.02642 ,0.27163 ,0.02624 ,0.61200 ,0.02494 
0.22844 ,0.02642 ,0.18796 ,0.02625 ,0.60352 ,0.02494 
0.03481 ,0.02643 ,0.20427 ,0.02625 ,0.53735 ,0.02494 
0.06044 ,0.02643 ,0.24560 ,0.02625 ,0.53779 ,0.02495 
0.06293 ,0.02643 ,0.21690 ,0.02626 ,0.53274 ,0.02495 
0.07474 ,0.02643 ,0.21781 ,0.02626 ,0.59096 ,0.02496 
0.04309 ,0.02643 ,0.23076 ,0.02627 ,0.64648 ,0.02497 
0.06077 ,0.02644 ,0.30541 ,0.02627 ,0.49900 ,0.02497 
0.09205 ,0.02644 ,0.19308 ,0.02627 ,0.48949 ,0.02497 
0.07887 ,0.02645 ,0.19727 ,0.02627 ,0.49593 ,0.02498 
0.03447 ,0.02645 ,0.19624 ,0.02627 ,0.49968 ,0.02498 
0.03102 ,0.02645 ,0.23589 ,0.02628 ,0.55141 ,0.02498 
0.00856 ,0.02645 ,0.20345 ,0.02628 ,0.53520 ,0.02499 
0.05229 ,0.02645 ,0.22552 ,0.02628 ,0.55128 ,0.02499 
0.05252 ,0.02645 ,0.38112 ,0.02628 ,0.56430 ,0.02499 
0.04459 ,0.02646 ,0.19183 ,0.02628 ,0.48067 ,0.02499 
0.04049 ,0.02646 ,0.27576 ,0.02629 ,0.48513 ,0.02499 
0.08663 ,0.02646 ,0.26303 ,0.02630 ,0.50775 ,0.02499 
0.04899 ,0.02647 ,0.21109 ,0.02630 ,0.51720 ,0.02500 
0.11681 ,0.02647 ,0.25127 ,0.02630 ,0.49457 ,0.02500 
0.20352 ,0.02647 ,0.20538 ,0.02630 ,0.51402 ,0.02500 
0.18238 ,0.02647 ,0.27496 ,0.02630 ,0.50892 ,0.02500 
0.05051 ,0.02647 ,0.27332 ,0.02631 ,0.49852 ,0.02500 
0.03609 ,0.02648 ,0.26448 ,0.02631 ,0.49720 ,0.02500 
0.10729 ,0.02648 ,0.35356 ,0.02631 ,0.50208 ,0.02501 
0.01795 ,0.02648 ,0.29317 ,0.02631 ,0.56013 ,0.02501 
0.04188 ,0.02648 ,0.22062 ,0.02631 ,0.50305 ,0.02501 
0.02463 ,0.02648 ,0.21449 ,0.02631 ,0.49674 ,0.02501 
0.07831 ,0.02648 ,0.27354 ,0.02632 ,0.57048 ,0.02501 
0.07963 ,0.02648 ,0.41539 ,0.02632 ,0.52123 ,0.02502 
0.05807 ,0.02649 ,0.18567 ,0.02632 ,0.54291 ,0.02502 
0.05252 ,0.02649 ,0.21496 ,0.02633 ,0.56574 ,0.02502 
0.07957 ,0.02649 ,0.36271 ,0.02633 ,0.55069 ,0.02503 
0.02233 ,0.02649 ,0.21351 ,0.02633 ,0.48647 ,0.02503 
0.09847 ,0.02650 ,0.23720 ,0.02634 ,0.56688 ,0.02503 
0.03016 ,0.02650 ,0.29245 ,0.02634 ,0.49951 ,0.02503 
0.02733 ,0.02650 ,0.27512 ,0.02635 ,0.50832 ,0.02503 
0.04636 ,0.02650 ,0.25858 ,0.02635 ,0.51287 ,0.02504 
0.06866 ,0.02650 ,0.21194 ,0.02636 ,0.51322 ,0.02504 
0.01583 ,0.02650 ,0.24525 ,0.02636 ,0.65471 ,0.02504 
0.03660 ,0.02651 ,0.18571 ,0.02636 ,0.56253 ,0.02504 
0.03599 ,0.02651 ,0.23640 ,0.02636 ,0.52596 ,0.02504 
0.12161 ,0.02651 ,0.21383 ,0.02637 ,0.52255 ,0.02505 
0.08245 ,0.02651 ,0.22634 ,0.02637 ,0.51135 ,0.02505 
0.02769 ,0.02651 ,0.20623 ,0.02637 ,0.54584 ,0.02505 
0.09241 ,0.02651 ,0.31307 ,0.02637 ,0.49026 ,0.02505 
0.02813 ,0.02652 ,0.20068 ,0.02637 ,0.60685 ,0.02506 
0.06648 ,0.02653 ,0.35626 ,0.02637 ,0.47980 ,0.02506 
0.21225 ,0.02653 ,0.19342 ,0.02637 ,0.64159 ,0.02506 
0.04466 ,0.02653 ,0.20889 ,0.02638 ,0.56730 ,0.02506 
0.22679 ,0.02653 ,0.27471 ,0.02638 ,0.49670 ,0.02508 
0.01597 ,0.02653 ,0.23201 ,0.02638 ,0.57400 ,0.02508 
0.03049 ,0.02654 ,0.26734 ,0.02639 ,0.58769 ,0.02508 
0.09052 ,0.02655 ,0.20207 ,0.02639 ,0.58406 ,0.02509 
0.02439 ,0.02655 ,0.20608 ,0.02639 ,0.48106 ,0.02509 
0.12184 ,0.02655 ,0.23112 ,0.02639 ,0.55789 ,0.02509 
0.07504 ,0.02656 ,0.25627 ,0.02639 ,0.53284 ,0.02509 
0.04481 ,0.02656 ,0.25578 ,0.02640 ,0.48452 ,0.02509 
0.11132 ,0.02656 ,0.31168 ,0.02641 ,0.57313 ,0.02509 
0.29967 ,0.02657 ,0.17792 ,0.02641 ,0.49641 ,0.02509 
0.02514 ,0.02657 ,0.21033 ,0.02641 ,0.55497 ,0.02510 
0.22471 ,0.02657 ,0.24035 ,0.02641 ,0.73896 ,0.02510 
0.10477 ,0.02657 ,0.37201 ,0.02641 ,0.48525 ,0.02510 
0.21526 ,0.02658 ,0.23358 ,0.02641 ,0.52397 ,0.02510 
0.04094 ,0.02658 ,0.29708 ,0.02642 ,0.57045 ,0.02510 
0.05273 ,0.02658 ,0.17594 ,0.02642 ,0.51072 ,0.02510 
0.05646 ,0.02658 ,0.19851 ,0.02642 ,0.55339 ,0.02511 
0.01598 ,0.02658 ,0.19093 ,0.02642 ,0.66747 ,0.02511 
0.03659 ,0.02658 ,0.21419 ,0.02642 ,0.52859 ,0.02511 
0.06933 ,0.02658 ,0.19501 ,0.02642 ,0.55090 ,0.02512 
0.22500 ,0.02658 ,0.19566 ,0.02642 ,0.48876 ,0.02512 
0.06967 ,0.02659 ,0.21790 ,0.02643 ,0.50944 ,0.02512 
0.04194 ,0.02659 ,0.20757 ,0.02643 ,0.55532 ,0.02512 
0.02948 ,0.02659 ,0.25512 ,0.02644 ,0.54549 ,0.02512 
0.07866 ,0.02659 ,0.28717 ,0.02644 ,0.49139 ,0.02513 
0.04858 ,0.02659 ,0.23696 ,0.02644 ,0.54535 ,0.02513 
0.05588 ,0.02659 ,0.25833 ,0.02644 ,0.56759 ,0.02513 
0.04621 ,0.02660 ,0.21432 ,0.02644 ,0.64238 ,0.02514 
0.04482 ,0.02660 ,0.18124 ,0.02644 ,0.56065 ,0.02514 
0.01340 ,0.02660 ,0.27716 ,0.02645 ,0.53040 ,0.02515 
0.07173 ,0.02660 ,0.24713 ,0.02645 ,0.49419 ,0.02515 
0.14142 ,0.02660 ,0.28325 ,0.02645 ,0.48563 ,0.02515 
0.08604 ,0.02660 ,0.18237 ,0.02645 ,0.49015 ,0.02515 
0.18436 ,0.02660 ,0.18895 ,0.02645 ,0.58694 ,0.02515 
0.03450 ,0.02660 ,0.23013 ,0.02646 ,0.54516 ,0.02516 
0.01860 ,0.02661 ,0.23623 ,0.02646 ,0.56624 ,0.02516 
0.05035 ,0.02661 ,0.24628 ,0.02647 ,0.48327 ,0.02516 
0.30480 ,0.02661 ,0.22995 ,0.02648 ,0.54872 ,0.02516 
0.04101 ,0.02661 ,0.22526 ,0.02648 ,0.50616 ,0.02517 
0.07567 ,0.02661 ,0.26617 ,0.02648 ,0.50381 ,0.02517 
0.03545 ,0.02661 ,0.19841 ,0.02649 ,0.49224 ,0.02517 
0.04105 ,0.02661 ,0.26303 ,0.02649 ,0.49000 ,0.02517 
0.12945 ,0.02662 ,0.19370 ,0.02649 ,0.52358 ,0.02517 
0.09926 ,0.02662 ,0.18425 ,0.02650 ,0.54327 ,0.02517 
0.06336 ,0.02662 ,0.21725 ,0.02650 ,0.49986 ,0.02518 
0.31206 ,0.02662 ,0.25824 ,0.02650 ,0.52252 ,0.02518 
0.03380 ,0.02662 ,0.19123 ,0.02651 ,0.64031 ,0.02518 
0.25049 ,0.02662 ,0.19509 ,0.02651 ,0.57173 ,0.02518 
0.05201 ,0.02662 ,0.22145 ,0.02651 ,0.59763 ,0.02518 
0.22980 ,0.02663 ,0.25011 ,0.02652 ,0.49974 ,0.02519 
0.14059 ,0.02663 ,0.22160 ,0.02652 ,0.49283 ,0.02519 
0.02577 ,0.02663 ,0.21140 ,0.02652 ,0.49993 ,0.02519 
0.01768 ,0.02663 ,0.18837 ,0.02652 ,0.50357 ,0.02520 
0.04216 ,0.02664 ,0.20019 ,0.02652 ,0.48374 ,0.02520 
0.09006 ,0.02664 ,0.21312 ,0.02652 ,0.55204 ,0.02520 
0.05742 ,0.02664 ,0.22480 ,0.02652 ,0.59052 ,0.02520 
0.06258 ,0.02664 ,0.19678 ,0.02652 ,0.51727 ,0.02521 
0.02710 ,0.02665 ,0.25813 ,0.02652 ,0.57556 ,0.02521 
0.04162 ,0.02665 ,0.24537 ,0.02653 ,0.57722 ,0.02521 
0.03179 ,0.02666 ,0.25899 ,0.02653 ,0.51055 ,0.02522 
0.07575 ,0.02666 ,0.21045 ,0.02654 ,0.51621 ,0.02522 
0.23137 ,0.02666 ,0.22356 ,0.02654 ,0.54810 ,0.02522 
0.24758 ,0.02666 ,0.21224 ,0.02654 ,0.50863 ,0.02522 
0.32044 ,0.02666 ,0.25027 ,0.02654 ,0.53046 ,0.02523 
0.17315 ,0.02666 ,0.36257 ,0.02655 ,0.57429 ,0.02523 
0.01515 ,0.02667 ,0.27725 ,0.02655 ,0.47818 ,0.02523 
0.02736 ,0.02667 ,0.31021 ,0.02655 ,0.49515 ,0.02523 
0.02370 ,0.02667 ,0.20687 ,0.02655 ,0.51451 ,0.02523 
0.07248 ,0.02667 ,0.19470 ,0.02655 ,0.56293 ,0.02523 
0.03511 ,0.02667 ,0.20113 ,0.02655 ,0.55469 ,0.02524 
0.04571 ,0.02668 ,0.26626 ,0.02656 ,0.51680 ,0.02525 
0.06563 ,0.02668 ,0.19726 ,0.02656 ,0.48378 ,0.02525 
0.05457 ,0.02668 ,0.24872 ,0.02656 ,0.57221 ,0.02525 
0.13495 ,0.02668 ,0.22369 ,0.02656 ,0.49831 ,0.02525 
0.01869 ,0.02669 ,0.22084 ,0.02656 ,0.50924 ,0.02525 
0.12464 ,0.02669 ,0.18794 ,0.02656 ,0.59062 ,0.02526 
0.04128 ,0.02669 ,0.24563 ,0.02657 ,0.52323 ,0.02526 
0.02506 ,0.02669 ,0.23240 ,0.02657 ,0.53961 ,0.02526 
0.03096 ,0.02669 ,0.21369 ,0.02657 ,0.58579 ,0.02526 
0.17449 ,0.02670 ,0.20485 ,0.02657 ,0.50645 ,0.02526 
0.02575 ,0.02670 ,0.25886 ,0.02657 ,0.66035 ,0.02526 
0.08470 ,0.02671 ,0.25459 ,0.02657 ,0.56559 ,0.02527 
0.07475 ,0.02671 ,0.22893 ,0.02658 ,0.59613 ,0.02527 
0.10884 ,0.02671 ,0.24122 ,0.02658 ,0.53408 ,0.02527 
0.14022 ,0.02671 ,0.29430 ,0.02658 ,0.54500 ,0.02527 
0.03362 ,0.02672 ,0.23596 ,0.02658 ,0.50779 ,0.02528 
0.11180 ,0.02672 ,0.21835 ,0.02659 ,0.51958 ,0.02528 
0.05257 ,0.02672 ,0.18980 ,0.02659 ,0.51098 ,0.02528 
0.07707 ,0.02672 ,0.27818 ,0.02659 ,0.51522 ,0.02528 
0.13677 ,0.02672 ,0.28643 ,0.02660 ,0.49034 ,0.02528 
0.01992 ,0.02672 ,0.25068 ,0.02660 ,0.53665 ,0.02528 
0.13518 ,0.02673 ,0.21085 ,0.02660 ,0.50808 ,0.02528 
0.02317 ,0.02673 ,0.18006 ,0.02660 ,0.52395 ,0.02529 
0.01052 ,0.02673 ,0.23481 ,0.02661 ,0.58793 ,0.02529 
0.03884 ,0.02674 ,0.26827 ,0.02661 ,0.51920 ,0.02529 
0.05475 ,0.02674 ,0.39412 ,0.02661 ,0.55409 ,0.02529 
0.02058 ,0.02674 ,0.24009 ,0.02661 ,0.54567 ,0.02529 
0.08554 ,0.02674 ,0.18063 ,0.02661 ,0.56593 ,0.02530 
0.03207 ,0.02674 ,0.21756 ,0.02662 ,0.68663 ,0.02531 
0.04026 ,0.02675 ,0.26591 ,0.02662 ,0.49041 ,0.02531 
0.08833 ,0.02675 ,0.35694 ,0.02662 ,0.51116 ,0.02531 
0.18551 ,0.02675 ,0.28206 ,0.02662 ,0.52357 ,0.02531 
0.02654 ,0.02675 ,0.21852 ,0.02662 ,0.56223 ,0.02532 
0.02692 ,0.02675 ,0.29593 ,0.02663 ,0.50874 ,0.02532 
0.04112 ,0.02675 ,0.27828 ,0.02663 ,0.49690 ,0.02532 
0.06949 ,0.02675 ,0.21896 ,0.02663 ,0.53019 ,0.02532 
0.12529 ,0.02676 ,0.18830 ,0.02663 ,0.49296 ,0.02532 
0.03194 ,0.02676 ,0.24162 ,0.02663 ,0.55472 ,0.02533 
0.02826 ,0.02676 ,0.33745 ,0.02664 ,0.50248 ,0.02533 
0.01104 ,0.02677 ,0.20045 ,0.02664 ,0.55363 ,0.02533 
0.10404 ,0.02677 ,0.23675 ,0.02665 ,0.58617 ,0.02533 
0.18384 ,0.02677 ,0.24207 ,0.02665 ,0.52406 ,0.02533 
0.03656 ,0.02677 ,0.23353 ,0.02665 ,0.51793 ,0.02534 
0.10160 ,0.02678 ,0.24738 ,0.02665 ,0.52658 ,0.02534 
0.31516 ,0.02678 ,0.23279 ,0.02666 ,0.59897 ,0.02535 
0.03319 ,0.02678 ,0.22599 ,0.02666 ,0.51318 ,0.02535 
0.10772 ,0.02678 ,0.23725 ,0.02666 ,0.51996 ,0.02535 
0.06880 ,0.02679 ,0.19296 ,0.02666 ,0.50227 ,0.02535 
0.03848 ,0.02679 ,0.23828 ,0.02666 ,0.66851 ,0.02535 
0.04833 ,0.02679 ,0.21109 ,0.02666 ,0.54962 ,0.02536 
0.01867 ,0.02679 ,0.23155 ,0.02666 ,0.54661 ,0.02536 
0.06351 ,0.02680 ,0.17309 ,0.02668 ,0.56609 ,0.02536 
0.12042 ,0.02680 ,0.22013 ,0.02668 ,0.72827 ,0.02536 
0.03195 ,0.02680 ,0.19371 ,0.02668 ,0.64242 ,0.02537 
0.08363 ,0.02680 ,0.23228 ,0.02668 ,0.50929 ,0.02537 
0.07955 ,0.02680 ,0.23890 ,0.02669 ,0.54912 ,0.02537 
0.09821 ,0.02680 ,0.18203 ,0.02669 ,0.48718 ,0.02537 
0.05710 ,0.02680 ,0.26932 ,0.02670 ,0.57394 ,0.02538 
0.04968 ,0.02681 ,0.26268 ,0.02670 ,0.49228 ,0.02539 
0.03366 ,0.02681 ,0.23226 ,0.02670 ,0.54781 ,0.02539 
0.13588 ,0.02681 ,0.20149 ,0.02670 ,0.49026 ,0.02539 
0.03180 ,0.02681 ,0.22925 ,0.02670 ,0.53838 ,0.02539 
0.10339 ,0.02681 ,0.29365 ,0.02670 ,0.49965 ,0.02540 
0.05071 ,0.02682 ,0.21386 ,0.02671 ,0.54728 ,0.02540 
0.05959 ,0.02682 ,0.35951 ,0.02671 ,0.50528 ,0.02540 
0.24275 ,0.02683 ,0.20961 ,0.02671 ,0.55876 ,0.02540 
0.05638 ,0.02683 ,0.19725 ,0.02671 ,0.50254 ,0.02540 
0.01367 ,0.02683 ,0.23921 ,0.02671 ,0.50478 ,0.02540 
0.03902 ,0.02684 ,0.34925 ,0.02671 ,0.50051 ,0.02541 
0.12487 ,0.02684 ,0.33356 ,0.02672 ,0.48648 ,0.02541 
0.01787 ,0.02684 ,0.22236 ,0.02672 ,0.51636 ,0.02541 
0.07992 ,0.02684 ,0.19981 ,0.02672 ,0.51506 ,0.02541 
0.03097 ,0.02684 ,0.21660 ,0.02672 ,0.52136 ,0.02541 
0.03767 ,0.02685 ,0.24397 ,0.02672 ,0.52839 ,0.02542 
0.18241 ,0.02686 ,0.23345 ,0.02672 ,0.50255 ,0.02542 
0.04035 ,0.02686 ,0.20786 ,0.02673 ,0.66083 ,0.02542 
0.11494 ,0.02687 ,0.24517 ,0.02673 ,0.51244 ,0.02542 
0.06210 ,0.02687 ,0.21452 ,0.02674 ,0.50681 ,0.02543 
0.02960 ,0.02688 ,0.21399 ,0.02674 ,0.55225 ,0.02545 
0.13523 ,0.02688 ,0.19851 ,0.02674 ,0.71544 ,0.02545 
0.03564 ,0.02688 ,0.25585 ,0.02674 ,0.49318 ,0.02545 
0.07212 ,0.02688 ,0.24807 ,0.02674 ,0.60789 ,0.02545 
0.26377 ,0.02689 ,0.36837 ,0.02675 ,0.61730 ,0.02545 
0.02067 ,0.02689 ,0.26728 ,0.02675 ,0.58351 ,0.02546 
0.09164 ,0.02690 ,0.24987 ,0.02675 ,0.58148 ,0.02546 
0.03090 ,0.02690 ,0.23206 ,0.02675 ,0.48866 ,0.02546 
0.01972 ,0.02691 ,0.22612 ,0.02675 ,0.51801 ,0.02546 
0.11758 ,0.02691 ,0.25624 ,0.02675 ,0.50128 ,0.02546 
0.10066 ,0.02691 ,0.22256 ,0.02675 ,0.50699 ,0.02546 
0.03149 ,0.02692 ,0.24957 ,0.02676 ,0.52259 ,0.02547 
0.01732 ,0.02692 ,0.20264 ,0.02676 ,0.49606 ,0.02547 
0.05287 ,0.02692 ,0.23564 ,0.02676 ,0.54333 ,0.02547 
0.05320 ,0.02692 ,0.31945 ,0.02676 ,0.53243 ,0.02548 
0.08545 ,0.02692 ,0.20324 ,0.02676 ,0.53152 ,0.02550 
0.07009 ,0.02693 ,0.23879 ,0.02677 ,0.52295 ,0.02550 
0.09429 ,0.02693 ,0.20542 ,0.02677 ,0.57514 ,0.02551 
0.03966 ,0.02693 ,0.20900 ,0.02678 ,0.53332 ,0.02551 
0.03266 ,0.02693 ,0.21455 ,0.02679 ,0.51259 ,0.02552 
0.15123 ,0.02694 ,0.24056 ,0.02679 ,0.51555 ,0.02552 
0.32770 ,0.02694 ,0.26290 ,0.02679 ,0.50576 ,0.02552 
0.07762 ,0.02695 ,0.23828 ,0.02679 ,0.54688 ,0.02553 
0.08429 ,0.02695 ,0.23706 ,0.02680 ,0.50144 ,0.02553 
0.04220 ,0.02696 ,0.36151 ,0.02680 ,0.54061 ,0.02553 
0.07539 ,0.02696 ,0.27794 ,0.02681 ,0.65362 ,0.02553 
0.05310 ,0.02696 ,0.27166 ,0.02681 ,0.49345 ,0.02553 
0.22899 ,0.02697 ,0.20607 ,0.02681 ,0.54693 ,0.02554 
0.09804 ,0.02697 ,0.26521 ,0.02681 ,0.56348 ,0.02554 
0.18357 ,0.02697 ,0.20392 ,0.02681 ,0.59987 ,0.02554 
0.03489 ,0.02698 ,0.20913 ,0.02681 ,0.51072 ,0.02554 
0.04388 ,0.02698 ,0.26270 ,0.02682 ,0.50383 ,0.02555 
0.04496 ,0.02698 ,0.21592 ,0.02682 ,0.52537 ,0.02555 
0.10506 ,0.02698 ,0.19016 ,0.02682 ,0.55145 ,0.02556 
0.03540 ,0.02698 ,0.24399 ,0.02682 ,0.48583 ,0.02556 
0.20134 ,0.02698 ,0.23236 ,0.02682 ,0.52450 ,0.02557 
0.03211 ,0.02698 ,0.23736 ,0.02683 ,0.52687 ,0.02557 
0.02976 ,0.02698 ,0.20727 ,0.02683 ,0.57715 ,0.02557 
0.01396 ,0.02699 ,0.20530 ,0.02683 ,0.55482 ,0.02557 
0.10387 ,0.02699 ,0.30077 ,0.02683 ,0.62983 ,0.02557 
0.06655 ,0.02699 ,0.23680 ,0.02683 ,0.57543 ,0.02557 
0.08111 ,0.02700 ,0.27232 ,0.02683 ,0.52889 ,0.02557 
0.02850 ,0.02701 ,0.23444 ,0.02683 ,0.49206 ,0.02558 
0.04171 ,0.02701 ,0.24478 ,0.02683 ,0.55957 ,0.02558 
0.12411 ,0.02701 ,0.18775 ,0.02684 ,0.53187 ,0.02558 
0.04181 ,0.02701 ,0.31597 ,0.02684 ,0.52783 ,0.02558 
0.09030 ,0.02701 ,0.22318 ,0.02685 ,0.58189 ,0.02558 
0.16002 ,0.02702 ,0.21130 ,0.02685 ,0.49675 ,0.02558 
0.06509 ,0.02702 ,0.20289 ,0.02686 ,0.56295 ,0.02558 
0.04301 ,0.02703 ,0.25699 ,0.02686 ,0.56761 ,0.02559 
0.10424 ,0.02703 ,0.25343 ,0.02686 ,0.48061 ,0.02559 
0.03547 ,0.02703 ,0.24045 ,0.02686 ,0.51448 ,0.02559 
0.04912 ,0.02703 ,0.26975 ,0.02686 ,0.51000 ,0.02559 
0.03191 ,0.02704 ,0.19860 ,0.02686 ,0.49545 ,0.02559 
0.15013 ,0.02704 ,0.22487 ,0.02686 ,0.52452 ,0.02559 
0.26687 ,0.02705 ,0.34250 ,0.02686 ,0.63010 ,0.02559 
0.04728 ,0.02705 ,0.18480 ,0.02686 ,0.58168 ,0.02559 
0.02624 ,0.02706 ,0.21198 ,0.02686 ,0.49603 ,0.02559 
0.06475 ,0.02706 ,0.22132 ,0.02687 ,0.57890 ,0.02559 
0.05138 ,0.02706 ,0.25653 ,0.02687 ,0.49711 ,0.02560 
0.06065 ,0.02707 ,0.29877 ,0.02687 ,0.51192 ,0.02560 
0.08095 ,0.02708 ,0.19486 ,0.02688 ,0.52388 ,0.02561 
0.05800 ,0.02708 ,0.23687 ,0.02688 ,0.58601 ,0.02561 
0.02106 ,0.02708 ,0.22183 ,0.02688 ,0.51442 ,0.02561 
0.08889 ,0.02709 ,0.23827 ,0.02688 ,0.61301 ,0.02561 
0.01063 ,0.02709 ,0.35311 ,0.02688 ,0.55048 ,0.02561 
0.08161 ,0.02709 ,0.25991 ,0.02688 ,0.51920 ,0.02562 
0.01996 ,0.02709 ,0.24718 ,0.02689 ,0.48454 ,0.02562 
0.04620 ,0.02709 ,0.42464 ,0.02689 ,0.54675 ,0.02562 
0.12309 ,0.02709 ,0.28258 ,0.02689 ,0.56893 ,0.02562 
0.06156 ,0.02709 ,0.24419 ,0.02689 ,0.49604 ,0.02562 
0.04184 ,0.02710 ,0.23964 ,0.02690 ,0.52086 ,0.02562 
0.05615 ,0.02710 ,0.17944 ,0.02690 ,0.54270 ,0.02562 
0.06296 ,0.02710 ,0.22526 ,0.02690 ,0.56611 ,0.02563 
0.03869 ,0.02710 ,0.26821 ,0.02690 ,0.54111 ,0.02563 
0.33081 ,0.02710 ,0.19825 ,0.02690 ,0.52777 ,0.02563 
0.04527 ,0.02710 ,0.19056 ,0.02690 ,0.55664 ,0.02564 
0.08880 ,0.02710 ,0.20599 ,0.02690 ,0.56293 ,0.02564 
0.01893 ,0.02711 ,0.21750 ,0.02690 ,0.54806 ,0.02564 
0.01419 ,0.02711 ,0.20790 ,0.02691 ,0.51400 ,0.02564 
0.02490 ,0.02711 ,0.22335 ,0.02691 ,0.52075 ,0.02564 
0.05990 ,0.02711 ,0.24545 ,0.02691 ,0.58783 ,0.02564 
0.03355 ,0.02712 ,0.22832 ,0.02691 ,0.55869 ,0.02565 
0.12893 ,0.02712 ,0.23007 ,0.02691 ,0.51183 ,0.02565 
0.04917 ,0.02712 ,0.26072 ,0.02692 ,0.53482 ,0.02565 
0.19819 ,0.02712 ,0.23740 ,0.02692 ,0.53316 ,0.02565 
0.02370 ,0.02713 ,0.34651 ,0.02692 ,0.60447 ,0.02565 
0.03277 ,0.02713 ,0.23253 ,0.02692 ,0.50473 ,0.02566 
0.01408 ,0.02713 ,0.23423 ,0.02692 ,0.47943 ,0.02566 
0.10717 ,0.02714 ,0.24349 ,0.02693 ,0.55506 ,0.02566 
0.08288 ,0.02714 ,0.28652 ,0.02693 ,0.56461 ,0.02566 
0.08046 ,0.02714 ,0.22106 ,0.02693 ,0.50711 ,0.02566 
0.03786 ,0.02714 ,0.18923 ,0.02693 ,0.51470 ,0.02566 
0.06488 ,0.02714 ,0.27984 ,0.02693 ,0.60737 ,0.02568 
0.05869 ,0.02714 ,0.37676 ,0.02693 ,0.49114 ,0.02568 
0.08982 ,0.02714 ,0.27174 ,0.02694 ,0.53792 ,0.02568 
0.20601 ,0.02715 ,0.28367 ,0.02694 ,0.50151 ,0.02569 
0.02650 ,0.02715 ,0.24027 ,0.02694 ,0.53581 ,0.02569 
0.02552 ,0.02715 ,0.24194 ,0.02694 ,0.51630 ,0.02569 
0.01687 ,0.02715 ,0.25807 ,0.02695 ,0.56370 ,0.02569 
0.03910 ,0.02716 ,0.22548 ,0.02695 ,0.53924 ,0.02569 
0.05214 ,0.02716 ,0.27942 ,0.02695 ,0.57367 ,0.02569 
0.00893 ,0.02716 ,0.21509 ,0.02696 ,0.53730 ,0.02570 
0.03192 ,0.02716 ,0.20357 ,0.02696 ,0.56917 ,0.02570 
0.11007 ,0.02716 ,0.21012 ,0.02697 ,0.66364 ,0.02570 
0.18562 ,0.02716 ,0.26492 ,0.02697 ,0.72283 ,0.02571 
0.03577 ,0.02717 ,0.19008 ,0.02697 ,0.62477 ,0.02571 
0.13382 ,0.02717 ,0.24959 ,0.02697 ,0.51503 ,0.02571 
0.08426 ,0.02718 ,0.20732 ,0.02697 ,0.48230 ,0.02571 
0.02953 ,0.02718 ,0.20272 ,0.02697 ,0.52084 ,0.02571 
0.13638 ,0.02718 ,0.28250 ,0.02698 ,0.53374 ,0.02571 
0.05674 ,0.02718 ,0.26454 ,0.02698 ,0.54344 ,0.02571 
0.10379 ,0.02718 ,0.27243 ,0.02698 ,0.47926 ,0.02571 
0.05964 ,0.02719 ,0.25004 ,0.02698 ,0.49280 ,0.02572 
0.18004 ,0.02719 ,0.17270 ,0.02699 ,0.70060 ,0.02572 
0.22635 ,0.02719 ,0.21246 ,0.02699 ,0.51278 ,0.02572 
0.20731 ,0.02719 ,0.19311 ,0.02700 ,0.51157 ,0.02572 
0.04966 ,0.02719 ,0.33392 ,0.02700 ,0.59629 ,0.02572 
0.02707 ,0.02719 ,0.24282 ,0.02700 ,0.49568 ,0.02572 
0.03131 ,0.02719 ,0.20296 ,0.02700 ,0.49900 ,0.02573 
0.07083 ,0.02720 ,0.39653 ,0.02700 ,0.56813 ,0.02573 
0.05291 ,0.02720 ,0.29336 ,0.02700 ,0.60577 ,0.02574 
0.00840 ,0.02720 ,0.20671 ,0.02701 ,0.54626 ,0.02574 
0.09183 ,0.02720 ,0.22398 ,0.02701 ,0.49594 ,0.02574 
0.03466 ,0.02720 ,0.21417 ,0.02701 ,0.50932 ,0.02575 
0.05737 ,0.02720 ,0.22844 ,0.02702 ,0.49678 ,0.02575 
0.03835 ,0.02720 ,0.28573 ,0.02702 ,0.48567 ,0.02576 
0.06267 ,0.02720 ,0.19493 ,0.02703 ,0.52081 ,0.02576 
0.10198 ,0.02721 ,0.27917 ,0.02703 ,0.52448 ,0.02576 
0.05214 ,0.02721 ,0.34967 ,0.02703 ,0.58230 ,0.02576 
0.04988 ,0.02721 ,0.24187 ,0.02703 ,0.48251 ,0.02577 
0.03239 ,0.02721 ,0.19955 ,0.02703 ,0.50995 ,0.02577 
0.25063 ,0.02721 ,0.26669 ,0.02704 ,0.54245 ,0.02577 
0.02949 ,0.02721 ,0.22554 ,0.02704 ,0.52759 ,0.02578 
0.02576 ,0.02721 ,0.27609 ,0.02704 ,0.51877 ,0.02578 
0.37994 ,0.02721 ,0.20255 ,0.02704 ,0.53353 ,0.02579 
0.02953 ,0.02721 ,0.30203 ,0.02704 ,0.48100 ,0.02579 
0.09969 ,0.02722 ,0.20386 ,0.02705 ,0.50870 ,0.02579 
0.02854 ,0.02722 ,0.19842 ,0.02705 ,0.52003 ,0.02579 
0.16075 ,0.02722 ,0.33091 ,0.02705 ,0.48788 ,0.02579 
0.00448 ,0.02722 ,0.21712 ,0.02705 ,0.52021 ,0.02579 
0.06067 ,0.02722 ,0.24739 ,0.02705 ,0.51630 ,0.02580 
0.16464 ,0.02723 ,0.19747 ,0.02705 ,0.59869 ,0.02580 
0.13139 ,0.02723 ,0.20921 ,0.02706 ,0.50028 ,0.02580 
0.10063 ,0.02723 ,0.22909 ,0.02706 ,0.48560 ,0.02580 
0.05882 ,0.02723 ,0.24953 ,0.02706 ,0.47905 ,0.02580 
0.01751 ,0.02723 ,0.25075 ,0.02706 ,0.56832 ,0.02581 
0.01942 ,0.02723 ,0.25023 ,0.02706 ,0.60602 ,0.02581 
0.23101 ,0.02723 ,0.21617 ,0.02706 ,0.50360 ,0.02581 
0.11906 ,0.02724 ,0.23417 ,0.02707 ,0.60968 ,0.02581 
0.10833 ,0.02724 ,0.27977 ,0.02707 ,0.53201 ,0.02582 
0.02221 ,0.02724 ,0.24236 ,0.02707 ,0.58062 ,0.02582 
0.04741 ,0.02724 ,0.25661 ,0.02708 ,0.50700 ,0.02582 
0.13152 ,0.02724 ,0.26803 ,0.02708 ,0.50981 ,0.02582 
0.02877 ,0.02724 ,0.24496 ,0.02708 ,0.49894 ,0.02582 
0.17436 ,0.02724 ,0.28987 ,0.02708 ,0.48391 ,0.02582 
0.13663 ,0.02725 ,0.26997 ,0.02708 ,0.59902 ,0.02582 
0.20636 ,0.02725 ,0.24029 ,0.02708 ,0.61729 ,0.02583 
0.09475 ,0.02725 ,0.26118 ,0.02708 ,0.49546 ,0.02583 
0.04877 ,0.02725 ,0.19317 ,0.02709 ,0.59305 ,0.02583 
0.04312 ,0.02725 ,0.19635 ,0.02709 ,0.51570 ,0.02583 
0.27053 ,0.02725 ,0.36977 ,0.02710 ,0.51452 ,0.02583 
0.01419 ,0.02726 ,0.28412 ,0.02711 ,0.51287 ,0.02584 
0.05948 ,0.02726 ,0.27253 ,0.02711 ,0.57546 ,0.02584 
0.04412 ,0.02726 ,0.35255 ,0.02711 ,0.55008 ,0.02585 
0.09835 ,0.02726 ,0.25052 ,0.02711 ,0.50279 ,0.02585 
0.03761 ,0.02726 ,0.20611 ,0.02712 ,0.51985 ,0.02585 
0.08524 ,0.02726 ,0.31612 ,0.02712 ,0.54247 ,0.02586 
0.11365 ,0.02726 ,0.21242 ,0.02712 ,0.56479 ,0.02586 
0.12134 ,0.02726 ,0.22823 ,0.02712 ,0.69901 ,0.02586 
0.05033 ,0.02726 ,0.29588 ,0.02712 ,0.53241 ,0.02586 
0.00674 ,0.02726 ,0.25466 ,0.02712 ,0.52919 ,0.02586 
0.04673 ,0.02727 ,0.24213 ,0.02712 ,0.50221 ,0.02586 
0.15783 ,0.02727 ,0.19457 ,0.02712 ,0.50834 ,0.02586 
0.09860 ,0.02727 ,0.23455 ,0.02713 ,0.49277 ,0.02586 
0.03147 ,0.02727 ,0.20150 ,0.02714 ,0.53545 ,0.02586 
0.12048 ,0.02728 ,0.28229 ,0.02714 ,0.49334 ,0.02587 
0.09443 ,0.02728 ,0.38280 ,0.02714 ,0.59627 ,0.02587 
0.01980 ,0.02729 ,0.24946 ,0.02715 ,0.61124 ,0.02587 
0.16471 ,0.02729 ,0.24909 ,0.02715 ,0.66878 ,0.02587 
0.10446 ,0.02729 ,0.24908 ,0.02715 ,0.51889 ,0.02587 
0.10972 ,0.02729 ,0.23708 ,0.02716 ,0.50735 ,0.02588 
0.11374 ,0.02730 ,0.23337 ,0.02717 ,0.52146 ,0.02588 
0.12304 ,0.02730 ,0.24378 ,0.02717 ,0.55045 ,0.02588 
0.08927 ,0.02730 ,0.30050 ,0.02717 ,0.58047 ,0.02588 
0.08911 ,0.02730 ,0.28347 ,0.02717 ,0.49690 ,0.02588 
0.04954 ,0.02730 ,0.28225 ,0.02717 ,0.51346 ,0.02588 
0.16680 ,0.02731 ,0.28163 ,0.02718 ,0.48919 ,0.02589 
0.03246 ,0.02731 ,0.26798 ,0.02718 ,0.50277 ,0.02589 
0.01240 ,0.02731 ,0.20686 ,0.02718 ,0.53664 ,0.02590 
0.03052 ,0.02731 ,0.31880 ,0.02718 ,0.53077 ,0.02590 
0.10764 ,0.02731 ,0.31578 ,0.02718 ,0.50488 ,0.02591 
0.04682 ,0.02732 ,0.19836 ,0.02718 ,0.54146 ,0.02591 
0.05574 ,0.02732 ,0.28528 ,0.02719 ,0.55035 ,0.02591 
0.05060 ,0.02732 ,0.22085 ,0.02719 ,0.50163 ,0.02591 
0.12283 ,0.02732 ,0.29000 ,0.02719 ,0.47942 ,0.02591 
0.13077 ,0.02733 ,0.20945 ,0.02719 ,0.50781 ,0.02592 
0.04690 ,0.02733 ,0.20900 ,0.02720 ,0.55324 ,0.02592 
0.05410 ,0.02733 ,0.22942 ,0.02720 ,0.51117 ,0.02592 
0.05036 ,0.02733 ,0.18713 ,0.02720 ,0.50170 ,0.02592 
0.00847 ,0.02734 ,0.28232 ,0.02720 ,0.57496 ,0.02592 
0.11993 ,0.02734 ,0.16984 ,0.02721 ,0.52736 ,0.02592 
0.04283 ,0.02734 ,0.22965 ,0.02721 ,0.54637 ,0.02592 
0.03685 ,0.02734 ,0.20295 ,0.02721 ,0.51021 ,0.02592 
0.03178 ,0.02734 ,0.32842 ,0.02722 ,0.48763 ,0.02592 
0.24730 ,0.02735 ,0.19899 ,0.02722 ,0.64795 ,0.02593 
0.24479 ,0.02735 ,0.27425 ,0.02722 ,0.49852 ,0.02593 
0.04274 ,0.02735 ,0.22816 ,0.02723 ,0.51593 ,0.02593 
0.01096 ,0.02735 ,0.23966 ,0.02723 ,0.53034 ,0.02593 
0.07744 ,0.02736 ,0.28146 ,0.02723 ,0.53505 ,0.02593 
-0.00076 ,0.02736 ,0.26714 ,0.02724 ,0.55429 ,0.02593 
0.06196 ,0.02736 ,0.26655 ,0.02724 ,0.54387 ,0.02593 
0.03989 ,0.02736 ,0.34739 ,0.02724 ,0.57577 ,0.02594 
0.01445 ,0.02736 ,0.28672 ,0.02725 ,0.55732 ,0.02594 
0.03128 ,0.02737 ,0.21758 ,0.02725 ,0.64112 ,0.02594 
0.07347 ,0.02737 ,0.26644 ,0.02725 ,0.54360 ,0.02594 
0.04921 ,0.02737 ,0.24104 ,0.02725 ,0.48798 ,0.02595 
0.07292 ,0.02738 ,0.21897 ,0.02725 ,0.58786 ,0.02595 
0.03879 ,0.02738 ,0.21614 ,0.02725 ,0.48583 ,0.02595 
0.10416 ,0.02738 ,0.21041 ,0.02726 ,0.59822 ,0.02596 
0.01069 ,0.02738 ,0.23194 ,0.02726 ,0.56779 ,0.02596 
0.05182 ,0.02739 ,0.35834 ,0.02726 ,0.50966 ,0.02596 
0.17824 ,0.02739 ,0.28002 ,0.02726 ,0.71213 ,0.02596 
0.03162 ,0.02739 ,0.20043 ,0.02727 ,0.53562 ,0.02597 
0.07621 ,0.02739 ,0.22069 ,0.02728 ,0.62091 ,0.02597 
0.12965 ,0.02740 ,0.22068 ,0.02728 ,0.60298 ,0.02598 
0.18551 ,0.02740 ,0.24846 ,0.02728 ,0.52076 ,0.02598 
0.03748 ,0.02740 ,0.38872 ,0.02728 ,0.57226 ,0.02598 
0.05507 ,0.02741 ,0.26671 ,0.02728 ,0.48891 ,0.02598 
0.02296 ,0.02741 ,0.22086 ,0.02729 ,0.51622 ,0.02598 
0.06721 ,0.02741 ,0.34440 ,0.02729 ,0.50203 ,0.02599 
0.03819 ,0.02741 ,0.21633 ,0.02729 ,0.50361 ,0.02599 
0.06617 ,0.02741 ,0.20695 ,0.02730 ,0.50316 ,0.02599 
0.15288 ,0.02741 ,0.21952 ,0.02730 ,0.52287 ,0.02599 
0.20032 ,0.02741 ,0.25862 ,0.02731 ,0.65618 ,0.02599 
0.07634 ,0.02741 ,0.27866 ,0.02731 ,0.50236 ,0.02600 
0.04445 ,0.02742 ,0.22077 ,0.02731 ,0.70805 ,0.02600 
0.23393 ,0.02742 ,0.19682 ,0.02731 ,0.52187 ,0.02600 
0.09111 ,0.02742 ,0.18431 ,0.02731 ,0.55879 ,0.02600 
0.06629 ,0.02742 ,0.18098 ,0.02732 ,0.53600 ,0.02600 
0.10374 ,0.02742 ,0.24236 ,0.02732 ,0.51764 ,0.02600 
0.12699 ,0.02743 ,0.21355 ,0.02732 ,0.54886 ,0.02600 
0.06109 ,0.02743 ,0.18605 ,0.02732 ,0.56935 ,0.02600 
0.12807 ,0.02743 ,0.18786 ,0.02733 ,0.53305 ,0.02601 
0.01230 ,0.02744 ,0.28358 ,0.02733 ,0.51071 ,0.02601 
0.05197 ,0.02744 ,0.21926 ,0.02733 ,0.50623 ,0.02601 
0.08124 ,0.02744 ,0.22375 ,0.02733 ,0.50786 ,0.02601 
0.11499 ,0.02744 ,0.32324 ,0.02733 ,0.48473 ,0.02601 
0.02866 ,0.02744 ,0.21183 ,0.02733 ,0.51506 ,0.02601 
0.11887 ,0.02744 ,0.22635 ,0.02734 ,0.53198 ,0.02601 
0.20572 ,0.02744 ,0.23183 ,0.02734 ,0.51656 ,0.02601 
0.01946 ,0.02745 ,0.21219 ,0.02734 ,0.49528 ,0.02601 
0.04805 ,0.02745 ,0.23060 ,0.02734 ,0.50959 ,0.02601 
0.12779 ,0.02745 ,0.22286 ,0.02734 ,0.63141 ,0.02601 
0.03807 ,0.02745 ,0.23082 ,0.02734 ,0.52745 ,0.02601 
0.04684 ,0.02745 ,0.38073 ,0.02735 ,0.56722 ,0.02601 
0.09327 ,0.02746 ,0.28370 ,0.02735 ,0.52818 ,0.02602 
0.17290 ,0.02746 ,0.27431 ,0.02735 ,0.56219 ,0.02602 
0.04466 ,0.02746 ,0.37687 ,0.02735 ,0.51471 ,0.02602 
0.01194 ,0.02747 ,0.27297 ,0.02735 ,0.47950 ,0.02602 
0.11276 ,0.02747 ,0.23752 ,0.02736 ,0.58478 ,0.02602 
0.04714 ,0.02748 ,0.24424 ,0.02736 ,0.61229 ,0.02602 
0.04480 ,0.02748 ,0.18308 ,0.02736 ,0.53882 ,0.02603 
0.05133 ,0.02748 ,0.23894 ,0.02736 ,0.53257 ,0.02603 
0.08581 ,0.02748 ,0.24152 ,0.02736 ,0.66563 ,0.02603 
0.08852 ,0.02748 ,0.28118 ,0.02736 ,0.57642 ,0.02603 
0.03086 ,0.02748 ,0.24787 ,0.02737 ,0.48846 ,0.02603 
0.03099 ,0.02748 ,0.24953 ,0.02737 ,0.63168 ,0.02603 
0.11229 ,0.02748 ,0.28576 ,0.02737 ,0.49780 ,0.02603 
0.06040 ,0.02749 ,0.19568 ,0.02738 ,0.50300 ,0.02603 
0.06055 ,0.02749 ,0.26605 ,0.02738 ,0.50344 ,0.02603 
0.01477 ,0.02749 ,0.21069 ,0.02738 ,0.65680 ,0.02603 
0.22633 ,0.02749 ,0.26610 ,0.02738 ,0.55893 ,0.02604 
0.04222 ,0.02749 ,0.24006 ,0.02738 ,0.46798 ,0.02604 
0.21686 ,0.02749 ,0.20332 ,0.02739 ,0.54757 ,0.02604 
0.05843 ,0.02749 ,0.25650 ,0.02739 ,0.50449 ,0.02604 
0.04778 ,0.02749 ,0.24403 ,0.02739 ,0.64186 ,0.02604 
0.02170 ,0.02749 ,0.19441 ,0.02739 ,0.57077 ,0.02605 
0.02915 ,0.02749 ,0.20916 ,0.02740 ,0.53152 ,0.02605 
0.10813 ,0.02750 ,0.20549 ,0.02740 ,0.57850 ,0.02605 
0.25573 ,0.02750 ,0.29109 ,0.02740 ,0.57078 ,0.02605 
0.16614 ,0.02750 ,0.22769 ,0.02740 ,0.49503 ,0.02605 
0.11375 ,0.02750 ,0.26669 ,0.02740 ,0.54397 ,0.02605 
0.05074 ,0.02750 ,0.20880 ,0.02740 ,0.57673 ,0.02606 
0.13565 ,0.02750 ,0.24230 ,0.02740 ,0.57678 ,0.02606 
0.08140 ,0.02751 ,0.26560 ,0.02740 ,0.51091 ,0.02606 
0.14387 ,0.02751 ,0.23126 ,0.02740 ,0.49337 ,0.02606 
0.09944 ,0.02751 ,0.19994 ,0.02741 ,0.51249 ,0.02606 
0.23838 ,0.02751 ,0.28916 ,0.02741 ,0.50814 ,0.02606 
0.06534 ,0.02751 ,0.20737 ,0.02741 ,0.52158 ,0.02606 
0.04639 ,0.02751 ,0.27700 ,0.02741 ,0.52583 ,0.02607 
0.21698 ,0.02751 ,0.29410 ,0.02742 ,0.68088 ,0.02607 
0.03619 ,0.02751 ,0.19535 ,0.02742 ,0.51364 ,0.02608 
0.16944 ,0.02751 ,0.26821 ,0.02742 ,0.50091 ,0.02608 
0.01769 ,0.02751 ,0.19529 ,0.02742 ,0.51770 ,0.02608 
0.13637 ,0.02752 ,0.17530 ,0.02743 ,0.52300 ,0.02608 
0.06876 ,0.02752 ,0.27390 ,0.02743 ,0.50977 ,0.02609 
0.21986 ,0.02752 ,0.20785 ,0.02743 ,0.49028 ,0.02609 
0.14587 ,0.02752 ,0.20847 ,0.02743 ,0.53524 ,0.02609 
0.21357 ,0.02752 ,0.27868 ,0.02743 ,0.51894 ,0.02610 
0.04613 ,0.02753 ,0.20210 ,0.02744 ,0.51537 ,0.02610 
0.12325 ,0.02753 ,0.23361 ,0.02744 ,0.58584 ,0.02610 
0.13016 ,0.02753 ,0.33274 ,0.02744 ,0.51442 ,0.02610 
0.05080 ,0.02753 ,0.29890 ,0.02744 ,0.54960 ,0.02610 
0.25963 ,0.02754 ,0.26638 ,0.02744 ,0.50079 ,0.02610 
0.05240 ,0.02754 ,0.21261 ,0.02744 ,0.50584 ,0.02611 
0.28319 ,0.02754 ,0.22116 ,0.02744 ,0.48501 ,0.02611 
0.01369 ,0.02754 ,0.30599 ,0.02745 ,0.54341 ,0.02611 
0.17272 ,0.02754 ,0.24201 ,0.02745 ,0.50145 ,0.02611 
0.14665 ,0.02754 ,0.18132 ,0.02745 ,0.55903 ,0.02611 
0.05565 ,0.02754 ,0.24220 ,0.02745 ,0.54208 ,0.02611 
0.20540 ,0.02755 ,0.20985 ,0.02745 ,0.50599 ,0.02612 
0.02240 ,0.02755 ,0.24315 ,0.02745 ,0.59643 ,0.02612 
0.06535 ,0.02755 ,0.27711 ,0.02746 ,0.54654 ,0.02612 
0.05187 ,0.02755 ,0.21833 ,0.02746 ,0.54507 ,0.02612 
0.03833 ,0.02755 ,0.23476 ,0.02747 ,0.51004 ,0.02612 
0.08521 ,0.02756 ,0.18612 ,0.02747 ,0.65427 ,0.02612 
0.04288 ,0.02756 ,0.23016 ,0.02747 ,0.50359 ,0.02612 
0.03153 ,0.02756 ,0.20610 ,0.02747 ,0.53338 ,0.02612 
0.04898 ,0.02756 ,0.19446 ,0.02747 ,0.55510 ,0.02612 
0.01999 ,0.02757 ,0.24650 ,0.02748 ,0.60695 ,0.02612 
0.08936 ,0.02757 ,0.26630 ,0.02748 ,0.49212 ,0.02613 
0.04381 ,0.02757 ,0.21276 ,0.02748 ,0.49948 ,0.02613 
0.20629 ,0.02757 ,0.18881 ,0.02748 ,0.65248 ,0.02613 
0.08831 ,0.02758 ,0.28587 ,0.02748 ,0.65259 ,0.02613 
0.05989 ,0.02758 ,0.20934 ,0.02748 ,0.54173 ,0.02614 
0.09065 ,0.02758 ,0.24925 ,0.02748 ,0.54110 ,0.02614 
0.01584 ,0.02758 ,0.25774 ,0.02749 ,0.59004 ,0.02614 
0.14709 ,0.02759 ,0.31618 ,0.02749 ,0.60505 ,0.02615 
0.06668 ,0.02759 ,0.22857 ,0.02749 ,0.58000 ,0.02615 
0.11086 ,0.02759 ,0.36154 ,0.02749 ,0.57779 ,0.02615 
0.05338 ,0.02759 ,0.27620 ,0.02750 ,0.54615 ,0.02615 
0.01952 ,0.02759 ,0.18761 ,0.02750 ,0.50319 ,0.02616 
0.05626 ,0.02759 ,0.22383 ,0.02750 ,0.52473 ,0.02616 
0.05994 ,0.02760 ,0.25350 ,0.02750 ,0.52805 ,0.02616 
0.25651 ,0.02760 ,0.27798 ,0.02750 ,0.49885 ,0.02617 
0.01385 ,0.02760 ,0.19957 ,0.02751 ,0.49460 ,0.02617 
0.19749 ,0.02760 ,0.22419 ,0.02751 ,0.57462 ,0.02617 
0.13061 ,0.02760 ,0.24067 ,0.02752 ,0.49273 ,0.02618 
0.24139 ,0.02761 ,0.28534 ,0.02752 ,0.55761 ,0.02618 
0.05347 ,0.02761 ,0.30245 ,0.02752 ,0.58707 ,0.02618 
0.07037 ,0.02761 ,0.30036 ,0.02752 ,0.54311 ,0.02618 
0.02017 ,0.02761 ,0.27919 ,0.02752 ,0.53656 ,0.02618 
0.12054 ,0.02761 ,0.25565 ,0.02752 ,0.51157 ,0.02619 
0.02510 ,0.02761 ,0.29678 ,0.02753 ,0.57086 ,0.02619 
0.03875 ,0.02761 ,0.21759 ,0.02753 ,0.51024 ,0.02619 
0.06806 ,0.02761 ,0.19262 ,0.02753 ,0.54146 ,0.02619 
0.20485 ,0.02762 ,0.26479 ,0.02753 ,0.60536 ,0.02619 
0.12164 ,0.02762 ,0.23366 ,0.02753 ,0.60526 ,0.02619 
0.06992 ,0.02762 ,0.22189 ,0.02753 ,0.49642 ,0.02620 
0.03055 ,0.02763 ,0.22218 ,0.02753 ,0.52338 ,0.02620 
0.07026 ,0.02763 ,0.35499 ,0.02754 ,0.59360 ,0.02620 
0.03013 ,0.02763 ,0.20816 ,0.02754 ,0.50619 ,0.02620 
0.15549 ,0.02763 ,0.21643 ,0.02754 ,0.51717 ,0.02620 
0.10583 ,0.02764 ,0.26055 ,0.02754 ,0.60713 ,0.02620 
0.04258 ,0.02764 ,0.26392 ,0.02755 ,0.54273 ,0.02620 
0.10137 ,0.02765 ,0.21923 ,0.02755 ,0.50751 ,0.02620 
0.12225 ,0.02765 ,0.20929 ,0.02755 ,0.57844 ,0.02620 
0.27230 ,0.02765 ,0.22590 ,0.02755 ,0.67222 ,0.02621 
0.14176 ,0.02766 ,0.27979 ,0.02756 ,0.51262 ,0.02621 
0.12346 ,0.02766 ,0.20787 ,0.02756 ,0.66715 ,0.02621 
0.03019 ,0.02766 ,0.24753 ,0.02756 ,0.55543 ,0.02621 
0.07207 ,0.02766 ,0.19583 ,0.02756 ,0.52890 ,0.02621 
0.09983 ,0.02766 ,0.19226 ,0.02756 ,0.49099 ,0.02621 
0.10463 ,0.02766 ,0.20776 ,0.02757 ,0.59512 ,0.02622 
0.06782 ,0.02767 ,0.28356 ,0.02757 ,0.49050 ,0.02622 
0.03613 ,0.02767 ,0.19298 ,0.02757 ,0.49757 ,0.02622 
0.15198 ,0.02767 ,0.21260 ,0.02757 ,0.59807 ,0.02622 
0.09908 ,0.02767 ,0.20554 ,0.02758 ,0.55755 ,0.02623 
0.02918 ,0.02768 ,0.18469 ,0.02758 ,0.48524 ,0.02623 
0.09589 ,0.02768 ,0.19948 ,0.02758 ,0.53469 ,0.02623 
0.10722 ,0.02769 ,0.18900 ,0.02759 ,0.53310 ,0.02623 
0.05076 ,0.02769 ,0.27814 ,0.02759 ,0.51451 ,0.02624 
0.08092 ,0.02769 ,0.22080 ,0.02759 ,0.52165 ,0.02624 
0.27033 ,0.02769 ,0.23050 ,0.02759 ,0.52229 ,0.02624 
0.02815 ,0.02769 ,0.25134 ,0.02759 ,0.65990 ,0.02624 
0.16927 ,0.02769 ,0.37584 ,0.02759 ,0.58236 ,0.02624 
0.01890 ,0.02769 ,0.28268 ,0.02760 ,0.55971 ,0.02624 
0.09257 ,0.02769 ,0.19805 ,0.02760 ,0.52764 ,0.02624 
0.01752 ,0.02770 ,0.26330 ,0.02760 ,0.49618 ,0.02625 
0.05235 ,0.02770 ,0.20569 ,0.02760 ,0.48954 ,0.02625 
0.11534 ,0.02770 ,0.26175 ,0.02760 ,0.53950 ,0.02625 
0.07941 ,0.02771 ,0.28142 ,0.02760 ,0.56641 ,0.02626 
0.06970 ,0.02771 ,0.25308 ,0.02761 ,0.56568 ,0.02626 
0.10162 ,0.02771 ,0.25489 ,0.02761 ,0.56914 ,0.02626 
0.16693 ,0.02771 ,0.23108 ,0.02761 ,0.53455 ,0.02626 
0.01498 ,0.02772 ,0.36807 ,0.02762 ,0.49529 ,0.02627 
0.02096 ,0.02772 ,0.19574 ,0.02762 ,0.49666 ,0.02627 
0.07934 ,0.02772 ,0.25631 ,0.02762 ,0.49857 ,0.02627 
0.04889 ,0.02772 ,0.23235 ,0.02762 ,0.59264 ,0.02627 
0.04488 ,0.02772 ,0.25876 ,0.02762 ,0.64061 ,0.02627 
0.03574 ,0.02772 ,0.24266 ,0.02763 ,0.49477 ,0.02627 
0.06186 ,0.02772 ,0.20964 ,0.02763 ,0.52904 ,0.02627 
0.02414 ,0.02772 ,0.28904 ,0.02763 ,0.49081 ,0.02628 
0.07256 ,0.02773 ,0.21388 ,0.02763 ,0.56528 ,0.02628 
0.14517 ,0.02773 ,0.28421 ,0.02763 ,0.53934 ,0.02628 
0.04304 ,0.02773 ,0.24631 ,0.02763 ,0.54728 ,0.02628 
0.08401 ,0.02773 ,0.20942 ,0.02764 ,0.54792 ,0.02629 
0.08641 ,0.02773 ,0.18189 ,0.02764 ,0.54043 ,0.02629 
0.03956 ,0.02773 ,0.28711 ,0.02764 ,0.57270 ,0.02630 
0.21287 ,0.02774 ,0.20004 ,0.02764 ,0.51477 ,0.02630 
0.03416 ,0.02774 ,0.29710 ,0.02764 ,0.60839 ,0.02630 
0.02220 ,0.02775 ,0.22584 ,0.02764 ,0.60419 ,0.02630 
0.04819 ,0.02775 ,0.33204 ,0.02764 ,0.51420 ,0.02630 
0.06900 ,0.02775 ,0.28404 ,0.02764 ,0.53992 ,0.02631 
0.05702 ,0.02775 ,0.20772 ,0.02765 ,0.51313 ,0.02631 
0.13391 ,0.02776 ,0.23813 ,0.02765 ,0.52700 ,0.02631 
0.13866 ,0.02776 ,0.21081 ,0.02765 ,0.50519 ,0.02631 
0.04750 ,0.02776 ,0.20760 ,0.02765 ,0.61622 ,0.02631 
0.10047 ,0.02777 ,0.34442 ,0.02765 ,0.49727 ,0.02631 
0.12440 ,0.02777 ,0.26889 ,0.02766 ,0.54200 ,0.02632 
0.00595 ,0.02778 ,0.24663 ,0.02766 ,0.55286 ,0.02632 
0.03276 ,0.02778 ,0.29237 ,0.02766 ,0.50147 ,0.02633 
0.15620 ,0.02778 ,0.23306 ,0.02766 ,0.67414 ,0.02633 
0.08940 ,0.02778 ,0.19918 ,0.02766 ,0.56562 ,0.02633 
0.01395 ,0.02778 ,0.21033 ,0.02767 ,0.54399 ,0.02633 
0.05007 ,0.02778 ,0.26415 ,0.02767 ,0.50465 ,0.02633 
0.16159 ,0.02778 ,0.20986 ,0.02768 ,0.52784 ,0.02633 
0.22240 ,0.02779 ,0.25797 ,0.02768 ,0.50819 ,0.02633 
0.11194 ,0.02779 ,0.19358 ,0.02768 ,0.54625 ,0.02633 
0.28152 ,0.02779 ,0.20523 ,0.02768 ,0.50406 ,0.02634 
0.22605 ,0.02779 ,0.20820 ,0.02768 ,0.51560 ,0.02634 
0.20136 ,0.02780 ,0.29341 ,0.02768 ,0.53606 ,0.02634 
0.04135 ,0.02780 ,0.21355 ,0.02769 ,0.50617 ,0.02634 
0.21230 ,0.02780 ,0.22007 ,0.02769 ,0.55984 ,0.02634 
0.07481 ,0.02780 ,0.19658 ,0.02769 ,0.59496 ,0.02634 
0.19507 ,0.02780 ,0.22857 ,0.02769 ,0.51002 ,0.02635 
0.14376 ,0.02780 ,0.20917 ,0.02769 ,0.48235 ,0.02635 
0.01262 ,0.02780 ,0.30400 ,0.02769 ,0.47843 ,0.02635 
0.07445 ,0.02780 ,0.18805 ,0.02769 ,0.48043 ,0.02635 
0.18783 ,0.02781 ,0.21015 ,0.02769 ,0.49094 ,0.02635 
0.11139 ,0.02781 ,0.21993 ,0.02770 ,0.56839 ,0.02635 
0.12254 ,0.02782 ,0.30858 ,0.02770 ,0.57348 ,0.02635 
0.05290 ,0.02782 ,0.34167 ,0.02770 ,0.68656 ,0.02636 
0.05502 ,0.02782 ,0.21055 ,0.02771 ,0.51075 ,0.02636 
0.04829 ,0.02782 ,0.24652 ,0.02771 ,0.60576 ,0.02636 
0.02622 ,0.02782 ,0.26791 ,0.02771 ,0.56847 ,0.02636 
0.04420 ,0.02782 ,0.29497 ,0.02772 ,0.53647 ,0.02637 
0.10226 ,0.02783 ,0.27888 ,0.02772 ,0.50370 ,0.02637 
0.06080 ,0.02783 ,0.29324 ,0.02772 ,0.49882 ,0.02637 
0.04508 ,0.02783 ,0.18622 ,0.02772 ,0.57723 ,0.02637 
0.03152 ,0.02783 ,0.32517 ,0.02772 ,0.52141 ,0.02637 
0.04449 ,0.02783 ,0.24959 ,0.02772 ,0.53022 ,0.02638 
0.08274 ,0.02784 ,0.24043 ,0.02772 ,0.49818 ,0.02638 
0.05503 ,0.02784 ,0.27991 ,0.02773 ,0.50494 ,0.02639 
0.04803 ,0.02784 ,0.30140 ,0.02773 ,0.50131 ,0.02639 
0.03508 ,0.02784 ,0.24791 ,0.02773 ,0.58373 ,0.02639 
0.06672 ,0.02784 ,0.37597 ,0.02773 ,0.48183 ,0.02639 
0.05663 ,0.02784 ,0.23550 ,0.02773 ,0.51188 ,0.02639 
0.19120 ,0.02784 ,0.27451 ,0.02773 ,0.53860 ,0.02640 
0.04986 ,0.02784 ,0.37929 ,0.02773 ,0.53849 ,0.02640 
0.10483 ,0.02784 ,0.21006 ,0.02774 ,0.52382 ,0.02641 
0.02804 ,0.02784 ,0.29084 ,0.02774 ,0.50928 ,0.02641 
0.14819 ,0.02784 ,0.20678 ,0.02774 ,0.53582 ,0.02641 
0.02005 ,0.02785 ,0.23285 ,0.02774 ,0.49128 ,0.02642 
0.02100 ,0.02785 ,0.23595 ,0.02774 ,0.50283 ,0.02642 
0.28503 ,0.02785 ,0.24135 ,0.02775 ,0.59306 ,0.02642 
0.11123 ,0.02785 ,0.21534 ,0.02775 ,0.54901 ,0.02642 
0.02859 ,0.02785 ,0.32032 ,0.02775 ,0.58248 ,0.02642 
0.06274 ,0.02786 ,0.27451 ,0.02775 ,0.52023 ,0.02643 
0.00833 ,0.02786 ,0.22076 ,0.02775 ,0.52435 ,0.02643 
0.07335 ,0.02786 ,0.30852 ,0.02776 ,0.70260 ,0.02643 
0.04460 ,0.02786 ,0.32166 ,0.02776 ,0.49299 ,0.02643 
0.11487 ,0.02786 ,0.27854 ,0.02776 ,0.52630 ,0.02643 
0.08143 ,0.02786 ,0.29673 ,0.02776 ,0.55226 ,0.02644 
0.07017 ,0.02787 ,0.28512 ,0.02777 ,0.53161 ,0.02644 
0.05638 ,0.02787 ,0.23474 ,0.02777 ,0.49220 ,0.02644 
0.01440 ,0.02787 ,0.18656 ,0.02777 ,0.58040 ,0.02644 
0.05537 ,0.02787 ,0.28283 ,0.02777 ,0.53031 ,0.02644 
0.06847 ,0.02788 ,0.18226 ,0.02778 ,0.51049 ,0.02644 
0.19718 ,0.02788 ,0.21950 ,0.02778 ,0.49872 ,0.02644 
0.07615 ,0.02788 ,0.29988 ,0.02779 ,0.51412 ,0.02645 
0.04166 ,0.02788 ,0.23901 ,0.02780 ,0.71880 ,0.02645 
0.03919 ,0.02788 ,0.27958 ,0.02780 ,0.54353 ,0.02645 
0.07613 ,0.02789 ,0.23243 ,0.02780 ,0.51450 ,0.02645 
0.03676 ,0.02789 ,0.26687 ,0.02780 ,0.50809 ,0.02645 
0.06484 ,0.02789 ,0.31113 ,0.02781 ,0.53049 ,0.02645 
0.06398 ,0.02789 ,0.22702 ,0.02781 ,0.56536 ,0.02645 
0.02433 ,0.02789 ,0.24085 ,0.02781 ,0.52538 ,0.02645 
0.02209 ,0.02789 ,0.18524 ,0.02782 ,0.48947 ,0.02645 
0.05326 ,0.02789 ,0.24388 ,0.02782 ,0.62614 ,0.02646 
0.03179 ,0.02789 ,0.27509 ,0.02782 ,0.68105 ,0.02646 
0.07196 ,0.02790 ,0.34657 ,0.02782 ,0.51612 ,0.02646 
0.04729 ,0.02790 ,0.18630 ,0.02782 ,0.47571 ,0.02646 
0.10895 ,0.02790 ,0.23538 ,0.02783 ,0.58488 ,0.02647 
0.18593 ,0.02790 ,0.26601 ,0.02784 ,0.48128 ,0.02647 
0.04831 ,0.02791 ,0.25399 ,0.02784 ,0.54456 ,0.02647 
0.18728 ,0.02791 ,0.25331 ,0.02784 ,0.50872 ,0.02647 
0.05939 ,0.02791 ,0.23963 ,0.02784 ,0.49744 ,0.02648 
0.06074 ,0.02791 ,0.25392 ,0.02785 ,0.52103 ,0.02648 
0.03621 ,0.02791 ,0.26739 ,0.02785 ,0.53344 ,0.02648 
0.04749 ,0.02791 ,0.21182 ,0.02786 ,0.52207 ,0.02648 
0.06415 ,0.02791 ,0.31067 ,0.02786 ,0.54262 ,0.02648 
0.15811 ,0.02792 ,0.19266 ,0.02786 ,0.67979 ,0.02648 
0.03494 ,0.02792 ,0.21240 ,0.02786 ,0.50432 ,0.02649 
0.02924 ,0.02792 ,0.27104 ,0.02786 ,0.56393 ,0.02649 
0.09694 ,0.02792 ,0.20400 ,0.02786 ,0.47606 ,0.02649 
0.05359 ,0.02792 ,0.33600 ,0.02786 ,0.56508 ,0.02649 
0.01841 ,0.02792 ,0.23907 ,0.02786 ,0.58377 ,0.02649 
0.03374 ,0.02792 ,0.37426 ,0.02787 ,0.56617 ,0.02649 
0.02567 ,0.02793 ,0.28239 ,0.02787 ,0.61398 ,0.02650 
0.11361 ,0.02793 ,0.19315 ,0.02787 ,0.59793 ,0.02650 
0.05184 ,0.02793 ,0.37209 ,0.02787 ,0.50338 ,0.02650 
0.07112 ,0.02793 ,0.28095 ,0.02787 ,0.58707 ,0.02650 
0.12913 ,0.02793 ,0.29600 ,0.02787 ,0.51392 ,0.02650 
0.04031 ,0.02793 ,0.20695 ,0.02787 ,0.56463 ,0.02650 
0.06190 ,0.02793 ,0.23411 ,0.02788 ,0.55582 ,0.02651 
0.12630 ,0.02794 ,0.26184 ,0.02788 ,0.54858 ,0.02651 
0.30277 ,0.02794 ,0.23112 ,0.02789 ,0.51694 ,0.02651 
0.04911 ,0.02794 ,0.31429 ,0.02789 ,0.54441 ,0.02651 
0.03355 ,0.02794 ,0.24156 ,0.02789 ,0.49164 ,0.02651 
0.04791 ,0.02794 ,0.25883 ,0.02789 ,0.49522 ,0.02651 
0.02121 ,0.02794 ,0.17787 ,0.02789 ,0.49316 ,0.02652 
0.07904 ,0.02795 ,0.26225 ,0.02789 ,0.53967 ,0.02652 
0.07036 ,0.02796 ,0.22500 ,0.02789 ,0.50797 ,0.02652 
0.07802 ,0.02796 ,0.27443 ,0.02790 ,0.47795 ,0.02653 
0.07398 ,0.02796 ,0.29842 ,0.02790 ,0.49724 ,0.02653 
0.03636 ,0.02796 ,0.23023 ,0.02790 ,0.59572 ,0.02653 
0.03937 ,0.02796 ,0.26008 ,0.02790 ,0.58404 ,0.02654 
0.21477 ,0.02797 ,0.25687 ,0.02790 ,0.48284 ,0.02654 
0.13431 ,0.02797 ,0.26280 ,0.02791 ,0.56691 ,0.02654 
0.08669 ,0.02797 ,0.24730 ,0.02791 ,0.57105 ,0.02654 
0.27007 ,0.02797 ,0.19430 ,0.02791 ,0.54335 ,0.02654 
0.04412 ,0.02798 ,0.27543 ,0.02791 ,0.54240 ,0.02654 
0.02826 ,0.02798 ,0.22451 ,0.02791 ,0.61356 ,0.02654 
0.03709 ,0.02798 ,0.25540 ,0.02791 ,0.56190 ,0.02654 
0.11104 ,0.02798 ,0.30560 ,0.02792 ,0.51266 ,0.02654 
0.03881 ,0.02798 ,0.20862 ,0.02792 ,0.51640 ,0.02654 
0.04259 ,0.02798 ,0.25067 ,0.02792 ,0.48057 ,0.02654 
0.01543 ,0.02798 ,0.33054 ,0.02792 ,0.52684 ,0.02654 
0.24484 ,0.02798 ,0.22157 ,0.02792 ,0.49686 ,0.02655 
0.03779 ,0.02798 ,0.26991 ,0.02792 ,0.65113 ,0.02655 
0.04483 ,0.02799 ,0.21190 ,0.02793 ,0.51204 ,0.02655 
0.21827 ,0.02799 ,0.19915 ,0.02793 ,0.48347 ,0.02656 
0.15495 ,0.02799 ,0.25223 ,0.02793 ,0.48821 ,0.02656 
0.21198 ,0.02799 ,0.22563 ,0.02793 ,0.52130 ,0.02656 
0.05534 ,0.02799 ,0.23633 ,0.02793 ,0.49620 ,0.02656 
0.20584 ,0.02799 ,0.26929 ,0.02793 ,0.54205 ,0.02657 
0.01531 ,0.02799 ,0.24226 ,0.02794 ,0.55708 ,0.02657 
0.04460 ,0.02799 ,0.22257 ,0.02794 ,0.63443 ,0.02658 
0.25359 ,0.02799 ,0.33643 ,0.02794 ,0.67815 ,0.02658 
0.01952 ,0.02799 ,0.21579 ,0.02794 ,0.50666 ,0.02658 
0.06136 ,0.02800 ,0.29520 ,0.02794 ,0.60244 ,0.02659 
0.04217 ,0.02800 ,0.27821 ,0.02795 ,0.55738 ,0.02659 
0.13056 ,0.02800 ,0.25330 ,0.02795 ,0.51356 ,0.02659 
0.02716 ,0.02800 ,0.23162 ,0.02795 ,0.56832 ,0.02659 
0.12290 ,0.02801 ,0.17395 ,0.02795 ,0.58180 ,0.02660 
0.02435 ,0.02801 ,0.19257 ,0.02796 ,0.48912 ,0.02660 
0.04371 ,0.02801 ,0.40421 ,0.02796 ,0.63249 ,0.02660 
0.12625 ,0.02801 ,0.22989 ,0.02796 ,0.55706 ,0.02660 
0.01310 ,0.02801 ,0.20812 ,0.02796 ,0.54935 ,0.02660 
0.08032 ,0.02801 ,0.36084 ,0.02796 ,0.51553 ,0.02660 
0.21233 ,0.02802 ,0.18973 ,0.02796 ,0.61331 ,0.02660 
0.01601 ,0.02802 ,0.33652 ,0.02797 ,0.59966 ,0.02660 
0.04035 ,0.02802 ,0.21682 ,0.02797 ,0.51421 ,0.02661 
0.06591 ,0.02802 ,0.20284 ,0.02797 ,0.52475 ,0.02661 
0.16641 ,0.02802 ,0.22894 ,0.02797 ,0.60058 ,0.02661 
0.37179 ,0.02802 ,0.25382 ,0.02798 ,0.51034 ,0.02661 
0.02930 ,0.02802 ,0.25321 ,0.02798 ,0.50260 ,0.02661 
0.02788 ,0.02802 ,0.35519 ,0.02798 ,0.49818 ,0.02661 
0.16487 ,0.02803 ,0.20307 ,0.02798 ,0.50732 ,0.02661 
0.02116 ,0.02803 ,0.37296 ,0.02799 ,0.55332 ,0.02661 
0.20514 ,0.02803 ,0.23247 ,0.02799 ,0.46899 ,0.02662 
0.02718 ,0.02803 ,0.30777 ,0.02799 ,0.50727 ,0.02662 
0.15015 ,0.02804 ,0.25613 ,0.02799 ,0.53277 ,0.02662 
0.23296 ,0.02804 ,0.28100 ,0.02799 ,0.49920 ,0.02663 
0.01866 ,0.02804 ,0.22857 ,0.02799 ,0.50741 ,0.02663 
0.03987 ,0.02804 ,0.20743 ,0.02799 ,0.59016 ,0.02663 
0.09746 ,0.02805 ,0.23689 ,0.02800 ,0.50738 ,0.02664 
0.10960 ,0.02805 ,0.28460 ,0.02801 ,0.47726 ,0.02665 
0.08531 ,0.02805 ,0.22780 ,0.02801 ,0.52018 ,0.02665 
0.09277 ,0.02805 ,0.26169 ,0.02801 ,0.57624 ,0.02665 
0.05659 ,0.02806 ,0.35020 ,0.02801 ,0.50935 ,0.02665 
0.12738 ,0.02806 ,0.26905 ,0.02801 ,0.50575 ,0.02665 
0.22347 ,0.02806 ,0.24254 ,0.02802 ,0.51170 ,0.02665 
0.03654 ,0.02806 ,0.17901 ,0.02802 ,0.50774 ,0.02666 
0.07174 ,0.02806 ,0.27268 ,0.02802 ,0.55774 ,0.02666 
0.03335 ,0.02806 ,0.27827 ,0.02802 ,0.59818 ,0.02666 
0.01908 ,0.02806 ,0.27528 ,0.02803 ,0.51153 ,0.02667 
0.08395 ,0.02806 ,0.19704 ,0.02803 ,0.48247 ,0.02667 
0.04705 ,0.02806 ,0.32024 ,0.02803 ,0.52496 ,0.02668 
0.03163 ,0.02807 ,0.26649 ,0.02804 ,0.54601 ,0.02668 
0.03044 ,0.02807 ,0.19801 ,0.02804 ,0.55509 ,0.02668 
0.02431 ,0.02807 ,0.29521 ,0.02804 ,0.53870 ,0.02668 
0.12322 ,0.02807 ,0.23166 ,0.02804 ,0.50920 ,0.02669 
0.10617 ,0.02807 ,0.24629 ,0.02805 ,0.48324 ,0.02669 
0.13142 ,0.02807 ,0.28210 ,0.02805 ,0.59924 ,0.02669 
0.03175 ,0.02807 ,0.21300 ,0.02805 ,0.51548 ,0.02669 
0.03248 ,0.02807 ,0.20982 ,0.02805 ,0.62241 ,0.02669 
0.03142 ,0.02808 ,0.27202 ,0.02805 ,0.50616 ,0.02669 
0.06904 ,0.02808 ,0.25215 ,0.02806 ,0.51144 ,0.02669 
0.12241 ,0.02808 ,0.24174 ,0.02806 ,0.51882 ,0.02669 
0.04865 ,0.02808 ,0.28342 ,0.02806 ,0.53257 ,0.02669 
0.03452 ,0.02808 ,0.28915 ,0.02806 ,0.54777 ,0.02670 
0.12484 ,0.02808 ,0.23316 ,0.02806 ,0.55696 ,0.02670 
0.04112 ,0.02808 ,0.18540 ,0.02806 ,0.48252 ,0.02670 
0.09701 ,0.02809 ,0.22548 ,0.02807 ,0.61461 ,0.02670 
0.04521 ,0.02809 ,0.23139 ,0.02807 ,0.52799 ,0.02670 
0.03321 ,0.02809 ,0.23685 ,0.02807 ,0.54286 ,0.02670 
0.17805 ,0.02809 ,0.20799 ,0.02808 ,0.53967 ,0.02671 
0.20284 ,0.02809 ,0.26399 ,0.02808 ,0.59677 ,0.02671 
0.05659 ,0.02809 ,0.25791 ,0.02808 ,0.52680 ,0.02671 
0.04976 ,0.02809 ,0.23901 ,0.02808 ,0.50894 ,0.02671 
0.03560 ,0.02809 ,0.22426 ,0.02808 ,0.57555 ,0.02671 
0.05977 ,0.02810 ,0.23944 ,0.02809 ,0.56325 ,0.02671 
0.01684 ,0.02810 ,0.24784 ,0.02809 ,0.58165 ,0.02672 
0.03491 ,0.02810 ,0.25393 ,0.02809 ,0.52334 ,0.02672 
0.02871 ,0.02810 ,0.26069 ,0.02810 ,0.57126 ,0.02673 
0.03291 ,0.02810 ,0.35840 ,0.02810 ,0.48041 ,0.02673 
0.08663 ,0.02810 ,0.24812 ,0.02810 ,0.56815 ,0.02673 
0.04139 ,0.02810 ,0.25712 ,0.02810 ,0.49918 ,0.02673 
0.04069 ,0.02811 ,0.18849 ,0.02811 ,0.51771 ,0.02673 
0.17401 ,0.02811 ,0.23588 ,0.02811 ,0.52676 ,0.02673 
0.02350 ,0.02811 ,0.25973 ,0.02811 ,0.48915 ,0.02673 
0.11867 ,0.02811 ,0.22000 ,0.02812 ,0.56879 ,0.02674 
0.08601 ,0.02811 ,0.23415 ,0.02812 ,0.50317 ,0.02674 
0.22327 ,0.02811 ,0.22055 ,0.02812 ,0.51370 ,0.02674 
0.09153 ,0.02811 ,0.19660 ,0.02812 ,0.55004 ,0.02674 
0.35182 ,0.02811 ,0.29325 ,0.02812 ,0.67457 ,0.02674 
0.03338 ,0.02812 ,0.25480 ,0.02812 ,0.49408 ,0.02674 
0.05373 ,0.02812 ,0.23728 ,0.02813 ,0.50750 ,0.02675 
0.27317 ,0.02812 ,0.28763 ,0.02813 ,0.48974 ,0.02675 
0.03896 ,0.02812 ,0.26224 ,0.02814 ,0.57741 ,0.02675 
0.09405 ,0.02813 ,0.26286 ,0.02814 ,0.55780 ,0.02675 
0.09335 ,0.02813 ,0.25829 ,0.02814 ,0.56978 ,0.02676 
0.15775 ,0.02813 ,0.26286 ,0.02814 ,0.55879 ,0.02676 
0.03112 ,0.02813 ,0.20910 ,0.02814 ,0.51535 ,0.02676 
0.04196 ,0.02813 ,0.29603 ,0.02814 ,0.54452 ,0.02676 
0.15601 ,0.02814 ,0.23899 ,0.02815 ,0.50369 ,0.02676 
0.07602 ,0.02814 ,0.20693 ,0.02815 ,0.50451 ,0.02677 
0.00914 ,0.02814 ,0.23862 ,0.02815 ,0.48489 ,0.02677 
0.28219 ,0.02815 ,0.21790 ,0.02815 ,0.48861 ,0.02677 
0.09705 ,0.02815 ,0.20092 ,0.02815 ,0.50050 ,0.02678 
0.08797 ,0.02815 ,0.22578 ,0.02815 ,0.52274 ,0.02678 
0.04141 ,0.02816 ,0.23334 ,0.02815 ,0.66373 ,0.02678 
0.02630 ,0.02816 ,0.24165 ,0.02815 ,0.51767 ,0.02678 
0.02061 ,0.02816 ,0.27485 ,0.02815 ,0.53725 ,0.02678 
0.08107 ,0.02816 ,0.28483 ,0.02816 ,0.55821 ,0.02679 
0.02999 ,0.02817 ,0.30111 ,0.02816 ,0.49061 ,0.02679 
0.18009 ,0.02817 ,0.27466 ,0.02816 ,0.53925 ,0.02679 
0.03549 ,0.02817 ,0.20877 ,0.02816 ,0.53216 ,0.02679 
0.03862 ,0.02817 ,0.26885 ,0.02816 ,0.52052 ,0.02679 
0.04533 ,0.02817 ,0.33137 ,0.02816 ,0.53836 ,0.02680 
0.03779 ,0.02818 ,0.21973 ,0.02816 ,0.56932 ,0.02680 
0.16569 ,0.02818 ,0.30391 ,0.02816 ,0.51370 ,0.02680 
0.04107 ,0.02818 ,0.26427 ,0.02817 ,0.55756 ,0.02681 
0.02058 ,0.02818 ,0.17668 ,0.02817 ,0.49129 ,0.02681 
0.10312 ,0.02818 ,0.20633 ,0.02817 ,0.68778 ,0.02681 
0.07707 ,0.02818 ,0.36187 ,0.02817 ,0.53650 ,0.02681 
0.16860 ,0.02818 ,0.18520 ,0.02817 ,0.59145 ,0.02681 
0.19358 ,0.02818 ,0.27245 ,0.02817 ,0.55119 ,0.02681 
0.02812 ,0.02819 ,0.24677 ,0.02817 ,0.62319 ,0.02682 
0.24586 ,0.02819 ,0.19274 ,0.02818 ,0.58033 ,0.02682 
0.08565 ,0.02819 ,0.21520 ,0.02818 ,0.50546 ,0.02682 
0.01511 ,0.02819 ,0.22325 ,0.02818 ,0.49863 ,0.02682 
0.09283 ,0.02819 ,0.28217 ,0.02818 ,0.49985 ,0.02682 
0.08438 ,0.02819 ,0.21737 ,0.02818 ,0.58923 ,0.02682 
0.10176 ,0.02819 ,0.28378 ,0.02819 ,0.56290 ,0.02683 
0.02480 ,0.02819 ,0.22369 ,0.02819 ,0.65816 ,0.02683 
0.16136 ,0.02820 ,0.21517 ,0.02819 ,0.53953 ,0.02683 
0.05044 ,0.02820 ,0.19739 ,0.02819 ,0.56745 ,0.02684 
0.13369 ,0.02820 ,0.25698 ,0.02820 ,0.56657 ,0.02685 
0.06274 ,0.02820 ,0.39212 ,0.02820 ,0.49946 ,0.02685 
0.05911 ,0.02820 ,0.20607 ,0.02820 ,0.49974 ,0.02685 
0.04826 ,0.02821 ,0.23042 ,0.02820 ,0.48627 ,0.02685 
0.11495 ,0.02821 ,0.21638 ,0.02820 ,0.50551 ,0.02686 
0.02828 ,0.02821 ,0.27733 ,0.02820 ,0.57382 ,0.02686 
0.05823 ,0.02821 ,0.31637 ,0.02820 ,0.67285 ,0.02687 
0.10216 ,0.02821 ,0.23888 ,0.02820 ,0.50271 ,0.02687 
0.02325 ,0.02822 ,0.34721 ,0.02821 ,0.60733 ,0.02687 
0.03577 ,0.02822 ,0.26309 ,0.02821 ,0.48535 ,0.02687 
0.09493 ,0.02822 ,0.26929 ,0.02821 ,0.53756 ,0.02687 
0.06783 ,0.02822 ,0.26264 ,0.02821 ,0.50924 ,0.02688 
0.07424 ,0.02823 ,0.20454 ,0.02821 ,0.58646 ,0.02688 
0.02900 ,0.02823 ,0.25162 ,0.02821 ,0.53943 ,0.02688 
0.11093 ,0.02823 ,0.19532 ,0.02821 ,0.57398 ,0.02688 
0.02606 ,0.02823 ,0.22864 ,0.02822 ,0.64139 ,0.02689 
0.14823 ,0.02823 ,0.25376 ,0.02822 ,0.53313 ,0.02689 
0.09553 ,0.02823 ,0.19068 ,0.02822 ,0.49170 ,0.02689 
0.12603 ,0.02823 ,0.25348 ,0.02822 ,0.56494 ,0.02689 
0.01778 ,0.02823 ,0.20914 ,0.02823 ,0.54806 ,0.02690 
0.09014 ,0.02824 ,0.23013 ,0.02823 ,0.57608 ,0.02690 
0.08986 ,0.02824 ,0.41194 ,0.02824 ,0.54643 ,0.02690 
0.06638 ,0.02824 ,0.28695 ,0.02824 ,0.57011 ,0.02690 
0.02702 ,0.02824 ,0.24511 ,0.02824 ,0.54185 ,0.02691 
0.02948 ,0.02824 ,0.37451 ,0.02824 ,0.54255 ,0.02691 
0.08308 ,0.02824 ,0.29621 ,0.02824 ,0.56566 ,0.02691 
0.02042 ,0.02825 ,0.26402 ,0.02824 ,0.59074 ,0.02691 
0.18597 ,0.02825 ,0.25561 ,0.02824 ,0.54151 ,0.02691 
0.21115 ,0.02826 ,0.21338 ,0.02825 ,0.52029 ,0.02691 
0.04788 ,0.02826 ,0.24816 ,0.02825 ,0.53824 ,0.02692 
0.01666 ,0.02826 ,0.28570 ,0.02825 ,0.48680 ,0.02692 
0.08885 ,0.02826 ,0.23027 ,0.02825 ,0.49458 ,0.02692 
0.07234 ,0.02826 ,0.26154 ,0.02826 ,0.50897 ,0.02692 
0.13771 ,0.02826 ,0.23154 ,0.02826 ,0.50893 ,0.02692 
0.03029 ,0.02827 ,0.22156 ,0.02826 ,0.50649 ,0.02692 
0.05128 ,0.02827 ,0.20432 ,0.02827 ,0.58563 ,0.02692 
0.06434 ,0.02827 ,0.23980 ,0.02827 ,0.49649 ,0.02692 
0.15985 ,0.02827 ,0.34317 ,0.02827 ,0.49114 ,0.02692 
0.08572 ,0.02827 ,0.29984 ,0.02827 ,0.52725 ,0.02693 
0.02637 ,0.02828 ,0.26497 ,0.02827 ,0.57086 ,0.02693 
0.25084 ,0.02828 ,0.23999 ,0.02828 ,0.50060 ,0.02693 
0.04883 ,0.02828 ,0.23636 ,0.02828 ,0.63384 ,0.02694 
0.04055 ,0.02828 ,0.24521 ,0.02828 ,0.56841 ,0.02694 
0.02866 ,0.02828 ,0.31110 ,0.02828 ,0.53606 ,0.02694 
0.05782 ,0.02828 ,0.26743 ,0.02828 ,0.58377 ,0.02694 
0.05222 ,0.02828 ,0.18873 ,0.02828 ,0.52696 ,0.02695 
0.03113 ,0.02829 ,0.18097 ,0.02829 ,0.52147 ,0.02695 
0.12101 ,0.02829 ,0.19471 ,0.02829 ,0.57707 ,0.02695 
0.06217 ,0.02829 ,0.32889 ,0.02829 ,0.48558 ,0.02695 
0.02160 ,0.02829 ,0.26505 ,0.02829 ,0.48040 ,0.02696 
0.12425 ,0.02829 ,0.24160 ,0.02829 ,0.61831 ,0.02696 
0.02918 ,0.02829 ,0.19798 ,0.02830 ,0.49193 ,0.02696 
0.11476 ,0.02829 ,0.25276 ,0.02830 ,0.48755 ,0.02696 
0.04890 ,0.02829 ,0.33446 ,0.02830 ,0.52718 ,0.02696 
0.16168 ,0.02830 ,0.24658 ,0.02830 ,0.50212 ,0.02696 
0.03389 ,0.02830 ,0.24439 ,0.02830 ,0.51507 ,0.02696 
0.13947 ,0.02830 ,0.23829 ,0.02830 ,0.60072 ,0.02697 
0.02594 ,0.02830 ,0.20186 ,0.02830 ,0.53447 ,0.02697 
0.39106 ,0.02831 ,0.21810 ,0.02831 ,0.54263 ,0.02697 
0.04526 ,0.02831 ,0.25415 ,0.02831 ,0.51120 ,0.02697 
0.08242 ,0.02831 ,0.18399 ,0.02831 ,0.49781 ,0.02698 
0.05226 ,0.02832 ,0.21716 ,0.02831 ,0.61124 ,0.02698 
0.11261 ,0.02832 ,0.23527 ,0.02832 ,0.65663 ,0.02698 
0.05301 ,0.02832 ,0.28445 ,0.02832 ,0.57822 ,0.02698 
0.05756 ,0.02832 ,0.20509 ,0.02832 ,0.50026 ,0.02698 
0.01462 ,0.02832 ,0.23508 ,0.02832 ,0.49551 ,0.02698 
0.08476 ,0.02832 ,0.22808 ,0.02833 ,0.59734 ,0.02699 
0.01188 ,0.02832 ,0.25617 ,0.02833 ,0.54126 ,0.02699 
0.07475 ,0.02832 ,0.24359 ,0.02834 ,0.55695 ,0.02699 
0.10128 ,0.02833 ,0.25654 ,0.02834 ,0.55154 ,0.02699 
0.08535 ,0.02833 ,0.27989 ,0.02834 ,0.54077 ,0.02699 
0.03925 ,0.02833 ,0.29267 ,0.02834 ,0.55065 ,0.02700 
0.01682 ,0.02833 ,0.23959 ,0.02834 ,0.52644 ,0.02700 
0.13024 ,0.02833 ,0.23876 ,0.02834 ,0.49526 ,0.02700 
0.23820 ,0.02833 ,0.18361 ,0.02835 ,0.54909 ,0.02701 
0.02938 ,0.02833 ,0.29801 ,0.02835 ,0.50807 ,0.02701 
0.18574 ,0.02833 ,0.18924 ,0.02835 ,0.54189 ,0.02701 
0.09029 ,0.02833 ,0.21832 ,0.02836 ,0.66153 ,0.02701 
0.03463 ,0.02833 ,0.23016 ,0.02836 ,0.66425 ,0.02701 
0.13568 ,0.02833 ,0.26470 ,0.02836 ,0.59706 ,0.02702 
0.05828 ,0.02833 ,0.21144 ,0.02836 ,0.56642 ,0.02702 
0.02517 ,0.02834 ,0.23211 ,0.02836 ,0.50338 ,0.02702 
0.14784 ,0.02834 ,0.18900 ,0.02836 ,0.54309 ,0.02702 
0.09903 ,0.02834 ,0.21354 ,0.02836 ,0.50119 ,0.02703 
0.02568 ,0.02834 ,0.22649 ,0.02837 ,0.51136 ,0.02703 
0.03221 ,0.02834 ,0.22223 ,0.02837 ,0.51813 ,0.02703 
0.04120 ,0.02835 ,0.23076 ,0.02837 ,0.49864 ,0.02704 
0.09853 ,0.02835 ,0.22426 ,0.02837 ,0.51825 ,0.02704 
0.14006 ,0.02835 ,0.21049 ,0.02837 ,0.50461 ,0.02704 
0.11269 ,0.02835 ,0.22067 ,0.02838 ,0.60256 ,0.02704 
0.04291 ,0.02835 ,0.22305 ,0.02838 ,0.50617 ,0.02704 
0.01169 ,0.02835 ,0.18730 ,0.02838 ,0.70474 ,0.02704 
0.04710 ,0.02835 ,0.34688 ,0.02838 ,0.51547 ,0.02705 
0.04358 ,0.02836 ,0.21772 ,0.02838 ,0.50902 ,0.02705 
0.19286 ,0.02836 ,0.24527 ,0.02838 ,0.59472 ,0.02705 
0.03351 ,0.02836 ,0.22346 ,0.02838 ,0.51902 ,0.02705 
0.14702 ,0.02836 ,0.36779 ,0.02838 ,0.55322 ,0.02705 
0.10931 ,0.02836 ,0.18433 ,0.02838 ,0.62196 ,0.02705 
0.14895 ,0.02836 ,0.23653 ,0.02838 ,0.53240 ,0.02706 
0.28167 ,0.02837 ,0.20157 ,0.02838 ,0.52760 ,0.02706 
0.02906 ,0.02837 ,0.23094 ,0.02838 ,0.54050 ,0.02706 
0.15115 ,0.02837 ,0.24277 ,0.02839 ,0.54334 ,0.02706 
0.17456 ,0.02837 ,0.30353 ,0.02839 ,0.65454 ,0.02706 
0.14834 ,0.02837 ,0.21117 ,0.02840 ,0.56446 ,0.02707 
0.03429 ,0.02837 ,0.22359 ,0.02840 ,0.50464 ,0.02707 
0.00777 ,0.02837 ,0.30913 ,0.02840 ,0.60733 ,0.02707 
0.11007 ,0.02837 ,0.23548 ,0.02841 ,0.59538 ,0.02708 
0.02524 ,0.02837 ,0.26039 ,0.02841 ,0.58709 ,0.02708 
0.04756 ,0.02838 ,0.25020 ,0.02841 ,0.61165 ,0.02708 
0.01720 ,0.02838 ,0.21704 ,0.02841 ,0.53879 ,0.02709 
0.16985 ,0.02838 ,0.24259 ,0.02841 ,0.55396 ,0.02709 
0.22654 ,0.02838 ,0.23123 ,0.02841 ,0.53473 ,0.02709 
0.18773 ,0.02839 ,0.24976 ,0.02841 ,0.57923 ,0.02710 
0.21131 ,0.02839 ,0.22322 ,0.02842 ,0.53587 ,0.02710 
0.19612 ,0.02840 ,0.23238 ,0.02842 ,0.65052 ,0.02710 
0.12022 ,0.02840 ,0.18346 ,0.02842 ,0.49962 ,0.02710 
0.18982 ,0.02840 ,0.21146 ,0.02842 ,0.48340 ,0.02710 
0.07618 ,0.02840 ,0.26699 ,0.02843 ,0.58896 ,0.02711 
0.05983 ,0.02840 ,0.29967 ,0.02843 ,0.49365 ,0.02711 
0.16858 ,0.02840 ,0.21072 ,0.02843 ,0.54578 ,0.02711 
0.03872 ,0.02840 ,0.22948 ,0.02844 ,0.50517 ,0.02711 
0.08618 ,0.02840 ,0.24513 ,0.02844 ,0.48287 ,0.02711 
0.04604 ,0.02840 ,0.24356 ,0.02844 ,0.50191 ,0.02711 
0.05383 ,0.02841 ,0.22584 ,0.02844 ,0.54214 ,0.02711 
0.06125 ,0.02841 ,0.18238 ,0.02844 ,0.48759 ,0.02711 
0.16063 ,0.02841 ,0.21701 ,0.02844 ,0.52382 ,0.02712 
0.11525 ,0.02841 ,0.20364 ,0.02845 ,0.54252 ,0.02712 
0.02522 ,0.02841 ,0.25127 ,0.02845 ,0.54892 ,0.02712 
0.05972 ,0.02842 ,0.21320 ,0.02845 ,0.53018 ,0.02712 
0.06611 ,0.02842 ,0.27160 ,0.02846 ,0.56003 ,0.02713 
0.04394 ,0.02842 ,0.24261 ,0.02846 ,0.52665 ,0.02713 
0.00252 ,0.02842 ,0.19186 ,0.02846 ,0.59692 ,0.02713 
0.11135 ,0.02843 ,0.24060 ,0.02846 ,0.51862 ,0.02713 
0.06249 ,0.02843 ,0.42414 ,0.02847 ,0.53390 ,0.02713 
0.23234 ,0.02843 ,0.20041 ,0.02847 ,0.56996 ,0.02714 
0.22954 ,0.02843 ,0.21868 ,0.02847 ,0.49655 ,0.02714 
0.02539 ,0.02843 ,0.20724 ,0.02847 ,0.66227 ,0.02714 
0.05772 ,0.02843 ,0.24446 ,0.02847 ,0.49319 ,0.02714 
0.02518 ,0.02843 ,0.21147 ,0.02847 ,0.55054 ,0.02714 
0.03635 ,0.02843 ,0.21145 ,0.02848 ,0.53134 ,0.02714 
0.03406 ,0.02843 ,0.18038 ,0.02848 ,0.48653 ,0.02714 
0.02091 ,0.02844 ,0.19071 ,0.02848 ,0.66821 ,0.02715 
0.02815 ,0.02844 ,0.20120 ,0.02849 ,0.66742 ,0.02715 
0.02835 ,0.02844 ,0.22535 ,0.02849 ,0.51176 ,0.02715 
0.06485 ,0.02844 ,0.25051 ,0.02849 ,0.56113 ,0.02715 
0.02884 ,0.02845 ,0.28041 ,0.02849 ,0.50859 ,0.02715 
0.05164 ,0.02845 ,0.22829 ,0.02850 ,0.48777 ,0.02715 
0.01443 ,0.02845 ,0.25609 ,0.02850 ,0.52757 ,0.02716 
0.13591 ,0.02845 ,0.18239 ,0.02850 ,0.54613 ,0.02716 
0.03692 ,0.02845 ,0.27459 ,0.02850 ,0.61485 ,0.02716 
0.01802 ,0.02845 ,0.25565 ,0.02851 ,0.49865 ,0.02716 
0.08060 ,0.02845 ,0.28905 ,0.02851 ,0.57778 ,0.02716 
0.24572 ,0.02846 ,0.21643 ,0.02851 ,0.60097 ,0.02716 
0.06650 ,0.02846 ,0.22031 ,0.02851 ,0.50676 ,0.02716 
0.03165 ,0.02846 ,0.28189 ,0.02851 ,0.59111 ,0.02716 
0.02757 ,0.02846 ,0.20777 ,0.02851 ,0.52681 ,0.02717 
0.20199 ,0.02846 ,0.22135 ,0.02852 ,0.52559 ,0.02717 
0.00078 ,0.02846 ,0.23304 ,0.02853 ,0.50583 ,0.02717 
0.06494 ,0.02846 ,0.23162 ,0.02854 ,0.56716 ,0.02718 
0.03930 ,0.02846 ,0.26445 ,0.02854 ,0.51753 ,0.02718 
0.05084 ,0.02846 ,0.36218 ,0.02854 ,0.50827 ,0.02718 
0.12426 ,0.02847 ,0.35279 ,0.02854 ,0.48339 ,0.02718 
0.09917 ,0.02847 ,0.20660 ,0.02854 ,0.56478 ,0.02719 
0.01142 ,0.02847 ,0.21249 ,0.02855 ,0.56974 ,0.02719 
0.03247 ,0.02847 ,0.18138 ,0.02856 ,0.57170 ,0.02719 
0.02728 ,0.02847 ,0.25712 ,0.02857 ,0.51551 ,0.02719 
0.08380 ,0.02847 ,0.24627 ,0.02857 ,0.57116 ,0.02720 
0.04791 ,0.02848 ,0.24365 ,0.02857 ,0.60765 ,0.02720 
0.03438 ,0.02848 ,0.21645 ,0.02857 ,0.58978 ,0.02720 
0.23335 ,0.02848 ,0.28204 ,0.02857 ,0.50767 ,0.02720 
0.15152 ,0.02848 ,0.26124 ,0.02857 ,0.50381 ,0.02720 
0.06571 ,0.02848 ,0.20954 ,0.02858 ,0.57257 ,0.02720 
0.09891 ,0.02849 ,0.24726 ,0.02858 ,0.47889 ,0.02720 
0.05932 ,0.02849 ,0.24921 ,0.02858 ,0.52117 ,0.02721 
0.16879 ,0.02849 ,0.28588 ,0.02858 ,0.48980 ,0.02721 
0.22727 ,0.02849 ,0.35221 ,0.02858 ,0.47553 ,0.02721 
0.05526 ,0.02849 ,0.29392 ,0.02858 ,0.50042 ,0.02721 
0.10530 ,0.02849 ,0.27412 ,0.02858 ,0.56158 ,0.02721 
0.04672 ,0.02849 ,0.33249 ,0.02858 ,0.55894 ,0.02721 
0.16117 ,0.02850 ,0.22495 ,0.02858 ,0.51480 ,0.02722 
0.04849 ,0.02850 ,0.25501 ,0.02859 ,0.49837 ,0.02723 
0.06270 ,0.02850 ,0.23163 ,0.02859 ,0.54166 ,0.02723 
0.23021 ,0.02850 ,0.24148 ,0.02860 ,0.49883 ,0.02723 
0.07529 ,0.02850 ,0.24541 ,0.02860 ,0.60333 ,0.02724 
0.07057 ,0.02850 ,0.20078 ,0.02860 ,0.51270 ,0.02724 
0.12497 ,0.02850 ,0.27560 ,0.02860 ,0.51600 ,0.02724 
0.07460 ,0.02850 ,0.28084 ,0.02861 ,0.53409 ,0.02724 
0.14110 ,0.02851 ,0.24234 ,0.02861 ,0.52008 ,0.02724 
0.12930 ,0.02851 ,0.22894 ,0.02861 ,0.51547 ,0.02724 
0.19727 ,0.02851 ,0.34880 ,0.02862 ,0.49528 ,0.02725 
0.13924 ,0.02851 ,0.22228 ,0.02862 ,0.57688 ,0.02725 
0.07690 ,0.02851 ,0.22465 ,0.02862 ,0.53977 ,0.02725 
0.19098 ,0.02851 ,0.25895 ,0.02862 ,0.53778 ,0.02726 
0.22496 ,0.02851 ,0.23721 ,0.02863 ,0.54889 ,0.02726 
0.24791 ,0.02852 ,0.34806 ,0.02863 ,0.50278 ,0.02726 
0.28477 ,0.02852 ,0.20988 ,0.02864 ,0.53939 ,0.02726 
0.18150 ,0.02852 ,0.20418 ,0.02864 ,0.50524 ,0.02727 
0.06152 ,0.02852 ,0.24005 ,0.02864 ,0.50894 ,0.02727 
0.11006 ,0.02852 ,0.37467 ,0.02864 ,0.51094 ,0.02727 
0.06366 ,0.02852 ,0.24738 ,0.02864 ,0.63480 ,0.02727 
0.24125 ,0.02852 ,0.32229 ,0.02864 ,0.49890 ,0.02728 
0.04029 ,0.02853 ,0.35431 ,0.02865 ,0.48770 ,0.02728 
0.09910 ,0.02853 ,0.29874 ,0.02865 ,0.73140 ,0.02728 
0.10589 ,0.02853 ,0.22716 ,0.02865 ,0.70419 ,0.02728 
0.37262 ,0.02853 ,0.31364 ,0.02865 ,0.58212 ,0.02728 
0.04378 ,0.02853 ,0.25192 ,0.02865 ,0.50178 ,0.02728 
0.23842 ,0.02854 ,0.23838 ,0.02866 ,0.50417 ,0.02728 
0.07648 ,0.02854 ,0.22345 ,0.02866 ,0.53419 ,0.02728 
0.05806 ,0.02854 ,0.34400 ,0.02867 ,0.60187 ,0.02729 
0.02246 ,0.02854 ,0.33090 ,0.02867 ,0.58392 ,0.02729 
0.04639 ,0.02854 ,0.29813 ,0.02867 ,0.68991 ,0.02730 
0.08637 ,0.02854 ,0.27556 ,0.02868 ,0.49073 ,0.02730 
0.09709 ,0.02855 ,0.22927 ,0.02869 ,0.49186 ,0.02730 
0.09020 ,0.02855 ,0.26018 ,0.02869 ,0.53620 ,0.02730 
0.09926 ,0.02855 ,0.22682 ,0.02869 ,0.57024 ,0.02731 
0.09282 ,0.02855 ,0.32657 ,0.02869 ,0.51949 ,0.02731 
0.03767 ,0.02855 ,0.37448 ,0.02869 ,0.48167 ,0.02731 
0.08057 ,0.02855 ,0.36781 ,0.02870 ,0.51954 ,0.02731 
0.20499 ,0.02855 ,0.33280 ,0.02870 ,0.57932 ,0.02731 
0.21053 ,0.02856 ,0.26682 ,0.02870 ,0.53605 ,0.02731 
0.14341 ,0.02856 ,0.23424 ,0.02870 ,0.66899 ,0.02731 
0.07456 ,0.02856 ,0.19354 ,0.02870 ,0.59144 ,0.02732 
0.14602 ,0.02856 ,0.20816 ,0.02870 ,0.55397 ,0.02732 
0.08392 ,0.02856 ,0.40028 ,0.02870 ,0.52585 ,0.02732 
0.05285 ,0.02856 ,0.20629 ,0.02870 ,0.61003 ,0.02732 
-0.00148 ,0.02856 ,0.27483 ,0.02870 ,0.54160 ,0.02732 
0.14262 ,0.02856 ,0.27391 ,0.02871 ,0.51009 ,0.02732 
0.18676 ,0.02857 ,0.21614 ,0.02871 ,0.53054 ,0.02733 
0.09000 ,0.02857 ,0.28817 ,0.02871 ,0.64575 ,0.02733 
0.03027 ,0.02857 ,0.34977 ,0.02871 ,0.55555 ,0.02733 
0.07047 ,0.02858 ,0.26436 ,0.02871 ,0.57427 ,0.02733 
0.04701 ,0.02858 ,0.29606 ,0.02872 ,0.51379 ,0.02733 
0.09478 ,0.02858 ,0.21998 ,0.02872 ,0.54724 ,0.02733 
0.05974 ,0.02858 ,0.19859 ,0.02872 ,0.58529 ,0.02733 
0.15635 ,0.02858 ,0.21869 ,0.02872 ,0.48869 ,0.02733 
0.14698 ,0.02859 ,0.22868 ,0.02872 ,0.50432 ,0.02733 
0.10809 ,0.02859 ,0.29357 ,0.02872 ,0.48613 ,0.02734 
0.13255 ,0.02859 ,0.28518 ,0.02872 ,0.62148 ,0.02734 
0.22964 ,0.02859 ,0.27181 ,0.02872 ,0.56727 ,0.02735 
0.02569 ,0.02859 ,0.29172 ,0.02873 ,0.58223 ,0.02736 
0.25638 ,0.02859 ,0.23919 ,0.02873 ,0.59101 ,0.02736 
0.24749 ,0.02859 ,0.28323 ,0.02874 ,0.58818 ,0.02736 
0.02560 ,0.02860 ,0.19847 ,0.02874 ,0.57977 ,0.02736 
0.07453 ,0.02860 ,0.24060 ,0.02874 ,0.53671 ,0.02737 
0.06204 ,0.02860 ,0.31307 ,0.02874 ,0.51486 ,0.02737 
0.03998 ,0.02860 ,0.25180 ,0.02875 ,0.56026 ,0.02737 
0.02722 ,0.02861 ,0.19341 ,0.02875 ,0.66774 ,0.02737 
0.12107 ,0.02861 ,0.18054 ,0.02875 ,0.56669 ,0.02737 
0.18364 ,0.02861 ,0.30583 ,0.02875 ,0.54214 ,0.02737 
0.02415 ,0.02861 ,0.24843 ,0.02875 ,0.56240 ,0.02737 
0.11606 ,0.02861 ,0.34693 ,0.02875 ,0.53508 ,0.02737 
0.14074 ,0.02861 ,0.34171 ,0.02875 ,0.57013 ,0.02737 
0.24287 ,0.02861 ,0.23955 ,0.02876 ,0.53378 ,0.02738 
0.05842 ,0.02862 ,0.20050 ,0.02876 ,0.55129 ,0.02738 
0.07474 ,0.02862 ,0.36798 ,0.02877 ,0.53508 ,0.02738 
0.02168 ,0.02862 ,0.23546 ,0.02877 ,0.49532 ,0.02738 
0.01759 ,0.02862 ,0.27413 ,0.02877 ,0.52950 ,0.02738 
0.29339 ,0.02862 ,0.30615 ,0.02877 ,0.49465 ,0.02739 
0.07921 ,0.02862 ,0.23218 ,0.02877 ,0.51399 ,0.02739 
0.09501 ,0.02862 ,0.22391 ,0.02877 ,0.55708 ,0.02739 
0.22611 ,0.02862 ,0.39354 ,0.02877 ,0.57691 ,0.02739 
0.23792 ,0.02862 ,0.23239 ,0.02878 ,0.60748 ,0.02739 
0.23763 ,0.02863 ,0.41248 ,0.02878 ,0.69614 ,0.02739 
0.07064 ,0.02863 ,0.22586 ,0.02878 ,0.52629 ,0.02739 
0.11381 ,0.02863 ,0.27153 ,0.02878 ,0.56474 ,0.02739 
0.03133 ,0.02863 ,0.23295 ,0.02878 ,0.58083 ,0.02739 
0.02375 ,0.02863 ,0.20222 ,0.02879 ,0.52642 ,0.02740 
0.26207 ,0.02863 ,0.19214 ,0.02879 ,0.52728 ,0.02740 
0.00811 ,0.02863 ,0.20803 ,0.02879 ,0.67287 ,0.02740 
0.02874 ,0.02863 ,0.41754 ,0.02879 ,0.50008 ,0.02740 
0.11321 ,0.02863 ,0.27638 ,0.02880 ,0.49420 ,0.02741 
0.06303 ,0.02863 ,0.32740 ,0.02880 ,0.61452 ,0.02741 
0.02245 ,0.02864 ,0.23934 ,0.02880 ,0.67566 ,0.02741 
0.08199 ,0.02864 ,0.30741 ,0.02880 ,0.49634 ,0.02741 
0.04301 ,0.02864 ,0.40629 ,0.02880 ,0.54170 ,0.02742 
0.16941 ,0.02864 ,0.26896 ,0.02880 ,0.51792 ,0.02742 
0.02590 ,0.02864 ,0.20150 ,0.02881 ,0.54981 ,0.02742 
0.07246 ,0.02865 ,0.30065 ,0.02881 ,0.52174 ,0.02742 
0.04211 ,0.02865 ,0.24830 ,0.02881 ,0.53086 ,0.02742 
0.04169 ,0.02865 ,0.23369 ,0.02881 ,0.54727 ,0.02743 
0.08654 ,0.02865 ,0.35504 ,0.02881 ,0.64108 ,0.02743 
0.04930 ,0.02865 ,0.28978 ,0.02882 ,0.67642 ,0.02743 
0.03327 ,0.02865 ,0.22832 ,0.02883 ,0.56371 ,0.02743 
0.26280 ,0.02865 ,0.22522 ,0.02884 ,0.64146 ,0.02743 
0.02319 ,0.02865 ,0.22043 ,0.02884 ,0.51293 ,0.02743 
0.01158 ,0.02866 ,0.33212 ,0.02884 ,0.52149 ,0.02743 
0.15451 ,0.02866 ,0.34174 ,0.02885 ,0.53861 ,0.02744 
0.26023 ,0.02866 ,0.23243 ,0.02885 ,0.52242 ,0.02744 
0.10314 ,0.02866 ,0.20626 ,0.02885 ,0.56903 ,0.02744 
0.06242 ,0.02866 ,0.19556 ,0.02885 ,0.52649 ,0.02744 
0.04370 ,0.02867 ,0.27513 ,0.02885 ,0.53746 ,0.02744 
0.07302 ,0.02867 ,0.21663 ,0.02885 ,0.51143 ,0.02744 
0.12213 ,0.02867 ,0.24337 ,0.02886 ,0.67271 ,0.02744 
0.03690 ,0.02867 ,0.24383 ,0.02886 ,0.51140 ,0.02744 
0.06021 ,0.02867 ,0.24056 ,0.02886 ,0.51469 ,0.02745 
0.12683 ,0.02867 ,0.29330 ,0.02887 ,0.49244 ,0.02745 
0.05861 ,0.02867 ,0.24420 ,0.02887 ,0.51061 ,0.02745 
0.13072 ,0.02867 ,0.22219 ,0.02887 ,0.59329 ,0.02745 
0.05915 ,0.02867 ,0.22515 ,0.02887 ,0.65259 ,0.02745 
0.17123 ,0.02867 ,0.17964 ,0.02888 ,0.52914 ,0.02745 
0.03328 ,0.02867 ,0.24108 ,0.02888 ,0.52075 ,0.02746 
0.05796 ,0.02868 ,0.21082 ,0.02888 ,0.62282 ,0.02746 
0.05276 ,0.02868 ,0.21872 ,0.02888 ,0.53460 ,0.02746 
0.03210 ,0.02868 ,0.20888 ,0.02888 ,0.49461 ,0.02746 
0.05228 ,0.02868 ,0.21022 ,0.02888 ,0.59572 ,0.02746 
0.01057 ,0.02868 ,0.26313 ,0.02889 ,0.61888 ,0.02746 
0.03121 ,0.02868 ,0.22731 ,0.02889 ,0.49392 ,0.02747 
0.24712 ,0.02868 ,0.20421 ,0.02889 ,0.50798 ,0.02747 
0.16325 ,0.02868 ,0.23777 ,0.02889 ,0.57583 ,0.02747 
0.27005 ,0.02869 ,0.22010 ,0.02890 ,0.50653 ,0.02747 
0.23092 ,0.02869 ,0.20311 ,0.02890 ,0.49741 ,0.02748 
0.19414 ,0.02869 ,0.21948 ,0.02890 ,0.61771 ,0.02748 
0.05062 ,0.02869 ,0.32416 ,0.02890 ,0.53463 ,0.02748 
0.09061 ,0.02869 ,0.20395 ,0.02890 ,0.50073 ,0.02748 
0.06095 ,0.02869 ,0.29925 ,0.02890 ,0.52064 ,0.02748 
0.18282 ,0.02869 ,0.32076 ,0.02891 ,0.50445 ,0.02748 
0.22120 ,0.02869 ,0.24528 ,0.02891 ,0.48447 ,0.02749 
0.03407 ,0.02869 ,0.20837 ,0.02891 ,0.60641 ,0.02749 
0.03597 ,0.02870 ,0.30232 ,0.02891 ,0.54711 ,0.02749 
0.01386 ,0.02870 ,0.35566 ,0.02892 ,0.57772 ,0.02749 
0.24864 ,0.02870 ,0.28013 ,0.02892 ,0.64134 ,0.02749 
0.02838 ,0.02871 ,0.18499 ,0.02892 ,0.53424 ,0.02749 
0.19956 ,0.02871 ,0.20533 ,0.02892 ,0.57036 ,0.02749 
0.08185 ,0.02871 ,0.20876 ,0.02892 ,0.54862 ,0.02750 
0.24640 ,0.02871 ,0.26798 ,0.02893 ,0.53554 ,0.02750 
0.06947 ,0.02872 ,0.26255 ,0.02893 ,0.51408 ,0.02750 
0.09789 ,0.02872 ,0.24495 ,0.02893 ,0.51810 ,0.02751 
0.06369 ,0.02872 ,0.34499 ,0.02893 ,0.56140 ,0.02752 
0.14207 ,0.02873 ,0.23788 ,0.02894 ,0.62806 ,0.02752 
0.25839 ,0.02873 ,0.31929 ,0.02894 ,0.55316 ,0.02752 
0.01877 ,0.02873 ,0.18735 ,0.02894 ,0.52406 ,0.02752 
0.20528 ,0.02873 ,0.23812 ,0.02894 ,0.58110 ,0.02752 
0.06122 ,0.02873 ,0.32673 ,0.02894 ,0.50272 ,0.02752 
0.04793 ,0.02873 ,0.24450 ,0.02894 ,0.71733 ,0.02752 
0.07835 ,0.02873 ,0.26235 ,0.02894 ,0.57424 ,0.02753 
0.18583 ,0.02874 ,0.32047 ,0.02895 ,0.49492 ,0.02753 
0.04643 ,0.02874 ,0.23648 ,0.02895 ,0.49215 ,0.02753 
0.23878 ,0.02874 ,0.22399 ,0.02895 ,0.53434 ,0.02753 
0.04003 ,0.02874 ,0.23495 ,0.02895 ,0.57612 ,0.02753 
0.05952 ,0.02874 ,0.24063 ,0.02895 ,0.51718 ,0.02753 
0.05891 ,0.02874 ,0.19582 ,0.02895 ,0.55527 ,0.02753 
0.16313 ,0.02874 ,0.20888 ,0.02896 ,0.58013 ,0.02754 
0.05377 ,0.02874 ,0.23825 ,0.02896 ,0.60571 ,0.02754 
0.05609 ,0.02875 ,0.21400 ,0.02896 ,0.49268 ,0.02754 
0.20755 ,0.02875 ,0.23114 ,0.02896 ,0.53222 ,0.02755 
0.08485 ,0.02875 ,0.23183 ,0.02896 ,0.53994 ,0.02755 
0.09310 ,0.02875 ,0.27101 ,0.02897 ,0.60323 ,0.02755 
0.02848 ,0.02875 ,0.22037 ,0.02897 ,0.51558 ,0.02755 
0.03181 ,0.02875 ,0.36600 ,0.02897 ,0.51967 ,0.02755 
0.13286 ,0.02875 ,0.22878 ,0.02897 ,0.52497 ,0.02755 
0.05535 ,0.02875 ,0.35829 ,0.02897 ,0.54958 ,0.02756 
0.22685 ,0.02876 ,0.22461 ,0.02897 ,0.56338 ,0.02756 
0.12458 ,0.02876 ,0.27231 ,0.02897 ,0.69735 ,0.02756 
0.13784 ,0.02876 ,0.22183 ,0.02897 ,0.51048 ,0.02756 
0.04103 ,0.02876 ,0.22848 ,0.02898 ,0.49738 ,0.02756 
0.06835 ,0.02876 ,0.20959 ,0.02898 ,0.55893 ,0.02756 
0.05979 ,0.02876 ,0.29343 ,0.02898 ,0.50630 ,0.02757 
0.01683 ,0.02876 ,0.22782 ,0.02899 ,0.56033 ,0.02757 
0.06943 ,0.02877 ,0.26800 ,0.02899 ,0.50390 ,0.02757 
0.20095 ,0.02877 ,0.26528 ,0.02899 ,0.54658 ,0.02757 
0.02996 ,0.02877 ,0.19338 ,0.02899 ,0.55152 ,0.02757 
0.11231 ,0.02877 ,0.18494 ,0.02899 ,0.47808 ,0.02757 
0.18068 ,0.02877 ,0.23311 ,0.02900 ,0.70462 ,0.02757 
0.18132 ,0.02877 ,0.26989 ,0.02900 ,0.60735 ,0.02757 
0.14384 ,0.02877 ,0.36309 ,0.02900 ,0.48231 ,0.02757 
0.12607 ,0.02877 ,0.20226 ,0.02901 ,0.52123 ,0.02757 
0.07858 ,0.02877 ,0.28839 ,0.02901 ,0.50608 ,0.02758 
0.03332 ,0.02877 ,0.20773 ,0.02901 ,0.50491 ,0.02758 
0.27862 ,0.02877 ,0.38956 ,0.02901 ,0.53811 ,0.02758 
0.04242 ,0.02877 ,0.27838 ,0.02902 ,0.62046 ,0.02758 
0.04083 ,0.02878 ,0.25218 ,0.02902 ,0.48743 ,0.02758 
0.10836 ,0.02878 ,0.25102 ,0.02903 ,0.50050 ,0.02759 
0.26517 ,0.02878 ,0.30097 ,0.02903 ,0.58119 ,0.02759 
0.21824 ,0.02878 ,0.20900 ,0.02903 ,0.67283 ,0.02759 
0.04059 ,0.02878 ,0.30028 ,0.02903 ,0.52232 ,0.02759 
0.09383 ,0.02878 ,0.22283 ,0.02904 ,0.49263 ,0.02759 
0.08044 ,0.02878 ,0.18912 ,0.02904 ,0.50248 ,0.02760 
0.02972 ,0.02878 ,0.26006 ,0.02904 ,0.55704 ,0.02760 
0.07608 ,0.02878 ,0.20756 ,0.02904 ,0.56321 ,0.02760 
0.02648 ,0.02879 ,0.18873 ,0.02904 ,0.54669 ,0.02760 
0.03798 ,0.02879 ,0.23720 ,0.02905 ,0.52018 ,0.02760 
0.08467 ,0.02879 ,0.20302 ,0.02905 ,0.61135 ,0.02760 
0.29647 ,0.02879 ,0.27442 ,0.02905 ,0.66913 ,0.02760 
0.01245 ,0.02879 ,0.33653 ,0.02906 ,0.49526 ,0.02761 
0.25978 ,0.02880 ,0.25624 ,0.02906 ,0.50904 ,0.02761 
0.17459 ,0.02880 ,0.37017 ,0.02906 ,0.62656 ,0.02761 
0.20954 ,0.02880 ,0.40270 ,0.02906 ,0.55789 ,0.02761 
0.13740 ,0.02880 ,0.23146 ,0.02906 ,0.49096 ,0.02761 
0.06007 ,0.02880 ,0.24950 ,0.02907 ,0.59869 ,0.02762 
0.12110 ,0.02880 ,0.34234 ,0.02907 ,0.57768 ,0.02762 
0.01999 ,0.02881 ,0.29366 ,0.02907 ,0.51732 ,0.02762 
0.04509 ,0.02881 ,0.21893 ,0.02907 ,0.58103 ,0.02762 
0.01651 ,0.02881 ,0.19605 ,0.02907 ,0.54729 ,0.02762 
0.04923 ,0.02881 ,0.25653 ,0.02907 ,0.63170 ,0.02762 
0.03734 ,0.02882 ,0.21595 ,0.02908 ,0.57468 ,0.02763 
0.16349 ,0.02882 ,0.22756 ,0.02909 ,0.50280 ,0.02763 
0.02854 ,0.02882 ,0.22616 ,0.02909 ,0.52810 ,0.02763 
0.02681 ,0.02882 ,0.29828 ,0.02909 ,0.49596 ,0.02763 
0.10718 ,0.02882 ,0.25668 ,0.02909 ,0.70272 ,0.02763 
0.18171 ,0.02882 ,0.22155 ,0.02909 ,0.51580 ,0.02763 
0.10734 ,0.02882 ,0.25693 ,0.02909 ,0.53214 ,0.02764 
0.23214 ,0.02882 ,0.26265 ,0.02909 ,0.52979 ,0.02764 
0.02810 ,0.02883 ,0.35588 ,0.02909 ,0.55264 ,0.02764 
0.12965 ,0.02883 ,0.23366 ,0.02910 ,0.52025 ,0.02764 
0.04026 ,0.02883 ,0.24661 ,0.02910 ,0.54584 ,0.02764 
0.04205 ,0.02883 ,0.21755 ,0.02910 ,0.57791 ,0.02764 
0.03245 ,0.02883 ,0.23217 ,0.02910 ,0.51113 ,0.02764 
0.04177 ,0.02883 ,0.19292 ,0.02910 ,0.56964 ,0.02764 
0.03750 ,0.02883 ,0.27402 ,0.02911 ,0.52355 ,0.02765 
0.05597 ,0.02884 ,0.22462 ,0.02911 ,0.47419 ,0.02765 
0.03407 ,0.02884 ,0.27656 ,0.02911 ,0.57701 ,0.02765 
0.27441 ,0.02884 ,0.19825 ,0.02912 ,0.49143 ,0.02765 
0.24148 ,0.02884 ,0.21678 ,0.02912 ,0.49587 ,0.02765 
0.09424 ,0.02884 ,0.32302 ,0.02912 ,0.55752 ,0.02766 
0.05639 ,0.02884 ,0.19050 ,0.02912 ,0.53114 ,0.02766 
0.12267 ,0.02884 ,0.25597 ,0.02912 ,0.62597 ,0.02766 
0.09410 ,0.02884 ,0.19656 ,0.02912 ,0.47250 ,0.02766 
0.03622 ,0.02884 ,0.24010 ,0.02913 ,0.63941 ,0.02767 
0.02168 ,0.02884 ,0.21378 ,0.02913 ,0.55009 ,0.02767 
0.03411 ,0.02884 ,0.31487 ,0.02913 ,0.54742 ,0.02767 
0.13763 ,0.02884 ,0.23849 ,0.02913 ,0.49784 ,0.02767 
0.05920 ,0.02885 ,0.27546 ,0.02913 ,0.57365 ,0.02767 
0.01431 ,0.02885 ,0.26496 ,0.02913 ,0.55941 ,0.02767 
0.08866 ,0.02885 ,0.35367 ,0.02913 ,0.50049 ,0.02768 
0.17659 ,0.02885 ,0.23196 ,0.02913 ,0.55604 ,0.02768 
0.14058 ,0.02885 ,0.30515 ,0.02913 ,0.52748 ,0.02768 
0.16729 ,0.02885 ,0.21483 ,0.02914 ,0.56202 ,0.02768 
0.05731 ,0.02885 ,0.26803 ,0.02914 ,0.59127 ,0.02768 
0.14740 ,0.02886 ,0.28437 ,0.02914 ,0.56908 ,0.02768 
0.03570 ,0.02886 ,0.41490 ,0.02914 ,0.57593 ,0.02768 
0.06806 ,0.02886 ,0.24900 ,0.02914 ,0.59104 ,0.02768 
0.03613 ,0.02886 ,0.26101 ,0.02914 ,0.58217 ,0.02768 
0.03738 ,0.02886 ,0.21935 ,0.02914 ,0.59894 ,0.02768 
0.00150 ,0.02886 ,0.22773 ,0.02914 ,0.52910 ,0.02769 
0.04350 ,0.02886 ,0.26695 ,0.02914 ,0.63781 ,0.02769 
0.16072 ,0.02886 ,0.19580 ,0.02914 ,0.55663 ,0.02769 
0.11302 ,0.02887 ,0.22497 ,0.02914 ,0.59260 ,0.02769 
0.04531 ,0.02887 ,0.20281 ,0.02915 ,0.50316 ,0.02769 
0.11643 ,0.02887 ,0.23073 ,0.02915 ,0.67180 ,0.02769 
0.09504 ,0.02887 ,0.21899 ,0.02915 ,0.52663 ,0.02769 
0.04992 ,0.02887 ,0.21522 ,0.02916 ,0.48972 ,0.02769 
0.07787 ,0.02887 ,0.27575 ,0.02916 ,0.53158 ,0.02770 
0.18658 ,0.02887 ,0.27543 ,0.02916 ,0.53038 ,0.02771 
0.19973 ,0.02887 ,0.36006 ,0.02917 ,0.52118 ,0.02771 
0.03177 ,0.02887 ,0.21678 ,0.02917 ,0.53744 ,0.02771 
0.03571 ,0.02888 ,0.22942 ,0.02917 ,0.55379 ,0.02772 
0.23811 ,0.02888 ,0.21311 ,0.02917 ,0.49533 ,0.02772 
0.18184 ,0.02888 ,0.21102 ,0.02917 ,0.54910 ,0.02772 
0.16079 ,0.02888 ,0.24132 ,0.02917 ,0.57939 ,0.02772 
0.03649 ,0.02888 ,0.22066 ,0.02918 ,0.62502 ,0.02773 
0.09438 ,0.02888 ,0.20065 ,0.02918 ,0.54213 ,0.02773 
0.03379 ,0.02888 ,0.26388 ,0.02918 ,0.52811 ,0.02773 
0.11646 ,0.02888 ,0.24392 ,0.02918 ,0.65841 ,0.02773 
0.03413 ,0.02888 ,0.18642 ,0.02918 ,0.64764 ,0.02773 
0.05678 ,0.02889 ,0.39607 ,0.02918 ,0.54647 ,0.02773 
0.10446 ,0.02889 ,0.22550 ,0.02918 ,0.49989 ,0.02773 
0.21647 ,0.02889 ,0.29072 ,0.02918 ,0.55375 ,0.02774 
0.10383 ,0.02890 ,0.20882 ,0.02918 ,0.54681 ,0.02774 
0.03955 ,0.02890 ,0.17816 ,0.02918 ,0.54021 ,0.02774 
0.04737 ,0.02890 ,0.29846 ,0.02919 ,0.58416 ,0.02774 
0.03682 ,0.02891 ,0.20709 ,0.02919 ,0.57418 ,0.02774 
0.09235 ,0.02891 ,0.28758 ,0.02919 ,0.50939 ,0.02774 
0.09964 ,0.02891 ,0.19635 ,0.02919 ,0.60862 ,0.02775 
0.15117 ,0.02892 ,0.23558 ,0.02920 ,0.56096 ,0.02775 
0.05092 ,0.02892 ,0.25050 ,0.02920 ,0.52356 ,0.02775 
0.20274 ,0.02892 ,0.23912 ,0.02920 ,0.51228 ,0.02775 
0.16102 ,0.02892 ,0.35821 ,0.02920 ,0.61580 ,0.02775 
0.03404 ,0.02892 ,0.25091 ,0.02920 ,0.55653 ,0.02775 
0.38980 ,0.02892 ,0.25296 ,0.02921 ,0.56811 ,0.02776 
0.20165 ,0.02892 ,0.27411 ,0.02921 ,0.54551 ,0.02776 
0.06488 ,0.02892 ,0.25318 ,0.02921 ,0.49974 ,0.02776 
0.05683 ,0.02892 ,0.26932 ,0.02921 ,0.56222 ,0.02776 
0.03488 ,0.02892 ,0.28275 ,0.02921 ,0.52336 ,0.02776 
0.04556 ,0.02893 ,0.21265 ,0.02922 ,0.52136 ,0.02777 
0.24449 ,0.02893 ,0.34017 ,0.02922 ,0.55539 ,0.02777 
0.02392 ,0.02893 ,0.24398 ,0.02922 ,0.53092 ,0.02777 
0.05361 ,0.02893 ,0.27575 ,0.02922 ,0.59088 ,0.02777 
0.21541 ,0.02893 ,0.19081 ,0.02922 ,0.51477 ,0.02777 
0.09384 ,0.02893 ,0.29073 ,0.02923 ,0.49218 ,0.02777 
0.11775 ,0.02893 ,0.20625 ,0.02923 ,0.60365 ,0.02777 
0.10357 ,0.02893 ,0.23277 ,0.02923 ,0.59025 ,0.02778 
0.13550 ,0.02894 ,0.25228 ,0.02924 ,0.51428 ,0.02778 
0.11312 ,0.02894 ,0.23824 ,0.02924 ,0.58096 ,0.02778 
0.29957 ,0.02894 ,0.25793 ,0.02924 ,0.50943 ,0.02778 
0.03994 ,0.02894 ,0.20402 ,0.02924 ,0.59883 ,0.02778 
0.06338 ,0.02894 ,0.24618 ,0.02924 ,0.49385 ,0.02779 
0.21016 ,0.02894 ,0.28715 ,0.02924 ,0.51548 ,0.02779 
0.17478 ,0.02894 ,0.27625 ,0.02924 ,0.60933 ,0.02779 
0.03217 ,0.02894 ,0.25209 ,0.02924 ,0.56616 ,0.02779 
0.20276 ,0.02895 ,0.25079 ,0.02925 ,0.52076 ,0.02779 
0.03360 ,0.02895 ,0.23099 ,0.02925 ,0.50098 ,0.02779 
0.03624 ,0.02895 ,0.34537 ,0.02925 ,0.51040 ,0.02780 
0.03366 ,0.02895 ,0.23647 ,0.02925 ,0.53883 ,0.02780 
0.04475 ,0.02895 ,0.22435 ,0.02925 ,0.57830 ,0.02780 
0.07217 ,0.02896 ,0.25958 ,0.02925 ,0.51736 ,0.02780 
0.06009 ,0.02896 ,0.22348 ,0.02926 ,0.52001 ,0.02780 
0.20055 ,0.02896 ,0.19884 ,0.02926 ,0.52127 ,0.02780 
0.19381 ,0.02896 ,0.38272 ,0.02926 ,0.52694 ,0.02781 
0.02958 ,0.02896 ,0.25734 ,0.02926 ,0.65997 ,0.02781 
0.16478 ,0.02896 ,0.19622 ,0.02926 ,0.62324 ,0.02781 
0.14458 ,0.02896 ,0.21394 ,0.02927 ,0.49310 ,0.02781 
0.08974 ,0.02897 ,0.26200 ,0.02927 ,0.60510 ,0.02782 
0.22460 ,0.02897 ,0.20592 ,0.02927 ,0.50694 ,0.02782 
0.07212 ,0.02897 ,0.25092 ,0.02927 ,0.58309 ,0.02782 
0.04794 ,0.02897 ,0.24523 ,0.02927 ,0.48524 ,0.02782 
0.04264 ,0.02898 ,0.26172 ,0.02927 ,0.49302 ,0.02783 
0.05437 ,0.02898 ,0.24295 ,0.02927 ,0.56163 ,0.02783 
0.11069 ,0.02898 ,0.25739 ,0.02927 ,0.50445 ,0.02783 
0.04841 ,0.02898 ,0.22713 ,0.02928 ,0.50661 ,0.02784 
0.03656 ,0.02898 ,0.22684 ,0.02928 ,0.49850 ,0.02784 
0.21999 ,0.02898 ,0.27042 ,0.02928 ,0.64271 ,0.02785 
0.02026 ,0.02899 ,0.20125 ,0.02928 ,0.58200 ,0.02785 
0.22528 ,0.02899 ,0.25437 ,0.02928 ,0.53109 ,0.02785 
0.13987 ,0.02899 ,0.24964 ,0.02928 ,0.52814 ,0.02785 
0.07521 ,0.02899 ,0.20273 ,0.02928 ,0.56157 ,0.02785 
0.09124 ,0.02899 ,0.22234 ,0.02928 ,0.54380 ,0.02785 
0.04039 ,0.02899 ,0.23109 ,0.02928 ,0.67716 ,0.02785 
0.28212 ,0.02900 ,0.26096 ,0.02928 ,0.55476 ,0.02785 
0.13276 ,0.02900 ,0.25674 ,0.02929 ,0.55603 ,0.02785 
0.06211 ,0.02900 ,0.34636 ,0.02929 ,0.48083 ,0.02785 
0.18921 ,0.02900 ,0.22777 ,0.02929 ,0.56847 ,0.02785 
0.06257 ,0.02900 ,0.32465 ,0.02929 ,0.56562 ,0.02785 
0.05024 ,0.02900 ,0.23204 ,0.02929 ,0.53141 ,0.02785 
0.03311 ,0.02900 ,0.20290 ,0.02929 ,0.60566 ,0.02785 
0.21033 ,0.02901 ,0.21175 ,0.02929 ,0.52675 ,0.02786 
0.39212 ,0.02901 ,0.30709 ,0.02929 ,0.51557 ,0.02786 
0.27343 ,0.02901 ,0.25690 ,0.02929 ,0.58441 ,0.02787 
0.20255 ,0.02901 ,0.26757 ,0.02930 ,0.51192 ,0.02787 
0.05134 ,0.02901 ,0.25959 ,0.02930 ,0.53370 ,0.02787 
0.14328 ,0.02901 ,0.22197 ,0.02930 ,0.56388 ,0.02787 
0.09578 ,0.02901 ,0.31969 ,0.02930 ,0.54811 ,0.02787 
0.12803 ,0.02902 ,0.26859 ,0.02930 ,0.57403 ,0.02787 
0.10884 ,0.02902 ,0.19123 ,0.02931 ,0.56376 ,0.02788 
0.07548 ,0.02902 ,0.25842 ,0.02931 ,0.51551 ,0.02788 
0.03720 ,0.02902 ,0.24307 ,0.02931 ,0.57917 ,0.02788 
0.34004 ,0.02903 ,0.25516 ,0.02931 ,0.49899 ,0.02788 
0.06915 ,0.02903 ,0.26895 ,0.02931 ,0.48264 ,0.02789 
0.03798 ,0.02903 ,0.19564 ,0.02931 ,0.61658 ,0.02789 
0.01962 ,0.02903 ,0.27530 ,0.02931 ,0.68125 ,0.02789 
0.05292 ,0.02903 ,0.27630 ,0.02931 ,0.56186 ,0.02789 
0.02491 ,0.02903 ,0.27388 ,0.02932 ,0.50996 ,0.02789 
0.04637 ,0.02904 ,0.21723 ,0.02932 ,0.53819 ,0.02789 
0.12125 ,0.02904 ,0.20123 ,0.02932 ,0.51726 ,0.02789 
0.01695 ,0.02904 ,0.19461 ,0.02932 ,0.49481 ,0.02789 
0.14100 ,0.02904 ,0.23640 ,0.02932 ,0.65423 ,0.02790 
0.12304 ,0.02905 ,0.27271 ,0.02932 ,0.51504 ,0.02790 
0.01723 ,0.02905 ,0.26719 ,0.02933 ,0.51718 ,0.02790 
0.01946 ,0.02905 ,0.21132 ,0.02933 ,0.50166 ,0.02790 
0.20456 ,0.02905 ,0.21555 ,0.02933 ,0.55240 ,0.02790 
0.21132 ,0.02905 ,0.32749 ,0.02933 ,0.51560 ,0.02790 
0.19961 ,0.02905 ,0.23260 ,0.02934 ,0.49143 ,0.02790 
0.08487 ,0.02905 ,0.20617 ,0.02934 ,0.56629 ,0.02790 
0.01850 ,0.02906 ,0.24517 ,0.02934 ,0.60674 ,0.02791 
0.07286 ,0.02906 ,0.36750 ,0.02934 ,0.55069 ,0.02791 
0.09726 ,0.02906 ,0.27528 ,0.02934 ,0.51021 ,0.02792 
0.04232 ,0.02906 ,0.24054 ,0.02934 ,0.48588 ,0.02792 
0.03841 ,0.02906 ,0.22906 ,0.02935 ,0.54974 ,0.02792 
0.01843 ,0.02906 ,0.17793 ,0.02935 ,0.66367 ,0.02793 
0.05122 ,0.02907 ,0.28972 ,0.02935 ,0.59573 ,0.02793 
0.35319 ,0.02907 ,0.28234 ,0.02935 ,0.50173 ,0.02793 
0.11129 ,0.02907 ,0.27241 ,0.02935 ,0.51137 ,0.02793 
0.05371 ,0.02907 ,0.34311 ,0.02935 ,0.49615 ,0.02793 
0.04412 ,0.02907 ,0.20469 ,0.02936 ,0.50336 ,0.02793 
0.28990 ,0.02907 ,0.20247 ,0.02936 ,0.58520 ,0.02793 
0.12413 ,0.02907 ,0.29328 ,0.02936 ,0.51181 ,0.02794 
0.24508 ,0.02907 ,0.19723 ,0.02936 ,0.52160 ,0.02794 
0.20432 ,0.02907 ,0.27577 ,0.02936 ,0.53638 ,0.02795 
0.08121 ,0.02908 ,0.22364 ,0.02937 ,0.56473 ,0.02795 
0.23878 ,0.02908 ,0.24279 ,0.02937 ,0.67924 ,0.02795 
0.12213 ,0.02908 ,0.20141 ,0.02937 ,0.54714 ,0.02795 
0.05117 ,0.02908 ,0.28624 ,0.02937 ,0.61322 ,0.02795 
0.00735 ,0.02908 ,0.30328 ,0.02938 ,0.55477 ,0.02795 
0.01106 ,0.02908 ,0.28653 ,0.02938 ,0.66858 ,0.02796 
0.05503 ,0.02908 ,0.21438 ,0.02938 ,0.49232 ,0.02796 
0.11467 ,0.02908 ,0.23733 ,0.02938 ,0.53924 ,0.02796 
0.04137 ,0.02909 ,0.31354 ,0.02939 ,0.61064 ,0.02796 
0.04647 ,0.02909 ,0.22841 ,0.02939 ,0.58038 ,0.02796 
0.13139 ,0.02909 ,0.21636 ,0.02939 ,0.54736 ,0.02796 
0.01891 ,0.02909 ,0.24319 ,0.02939 ,0.60319 ,0.02796 
0.12646 ,0.02910 ,0.24595 ,0.02939 ,0.53018 ,0.02796 
0.11638 ,0.02910 ,0.21707 ,0.02939 ,0.61973 ,0.02796 
0.02283 ,0.02910 ,0.23962 ,0.02939 ,0.57804 ,0.02797 
0.05857 ,0.02910 ,0.19048 ,0.02939 ,0.54185 ,0.02797 
0.12964 ,0.02910 ,0.22532 ,0.02939 ,0.54195 ,0.02797 
0.03562 ,0.02910 ,0.27727 ,0.02939 ,0.55028 ,0.02797 
0.06624 ,0.02910 ,0.25748 ,0.02939 ,0.48300 ,0.02797 
0.09696 ,0.02911 ,0.24958 ,0.02940 ,0.53813 ,0.02797 
0.00960 ,0.02911 ,0.24936 ,0.02940 ,0.54388 ,0.02797 
0.05736 ,0.02911 ,0.23420 ,0.02940 ,0.49836 ,0.02798 
0.26505 ,0.02911 ,0.18286 ,0.02940 ,0.53566 ,0.02798 
0.23232 ,0.02911 ,0.27527 ,0.02940 ,0.57091 ,0.02798 
0.09805 ,0.02911 ,0.21362 ,0.02940 ,0.48340 ,0.02798 
0.07131 ,0.02911 ,0.24230 ,0.02941 ,0.56683 ,0.02798 
0.09988 ,0.02911 ,0.22246 ,0.02941 ,0.55852 ,0.02799 
0.15065 ,0.02911 ,0.27946 ,0.02941 ,0.70810 ,0.02799 
0.08010 ,0.02912 ,0.30089 ,0.02941 ,0.58224 ,0.02799 
0.11270 ,0.02912 ,0.20681 ,0.02941 ,0.55258 ,0.02799 
0.03421 ,0.02912 ,0.23508 ,0.02941 ,0.55217 ,0.02799 
0.12945 ,0.02912 ,0.25981 ,0.02942 ,0.50074 ,0.02799 
0.11323 ,0.02913 ,0.29628 ,0.02942 ,0.52417 ,0.02800 
0.09656 ,0.02913 ,0.22014 ,0.02942 ,0.51994 ,0.02800 
0.01621 ,0.02913 ,0.29357 ,0.02942 ,0.59484 ,0.02800 
0.15185 ,0.02913 ,0.23707 ,0.02943 ,0.52659 ,0.02800 
0.03699 ,0.02913 ,0.29105 ,0.02943 ,0.65183 ,0.02800 
0.06209 ,0.02913 ,0.20879 ,0.02943 ,0.59301 ,0.02800 
0.13725 ,0.02914 ,0.28511 ,0.02943 ,0.57626 ,0.02800 
0.12305 ,0.02914 ,0.22087 ,0.02943 ,0.63098 ,0.02800 
0.11238 ,0.02914 ,0.23672 ,0.02943 ,0.50584 ,0.02801 
0.10686 ,0.02914 ,0.20826 ,0.02943 ,0.57588 ,0.02801 
0.16712 ,0.02914 ,0.20389 ,0.02943 ,0.56188 ,0.02801 
0.06226 ,0.02914 ,0.25342 ,0.02944 ,0.53329 ,0.02801 
0.10257 ,0.02915 ,0.24268 ,0.02944 ,0.49177 ,0.02801 
0.03915 ,0.02915 ,0.20173 ,0.02945 ,0.56146 ,0.02801 
0.04206 ,0.02915 ,0.38096 ,0.02945 ,0.57615 ,0.02802 
0.02907 ,0.02915 ,0.18786 ,0.02945 ,0.53763 ,0.02802 
0.15628 ,0.02915 ,0.20066 ,0.02945 ,0.50076 ,0.02802 
0.06049 ,0.02915 ,0.27307 ,0.02945 ,0.56088 ,0.02802 
0.06970 ,0.02916 ,0.37622 ,0.02945 ,0.50150 ,0.02802 
0.06455 ,0.02916 ,0.21746 ,0.02945 ,0.52299 ,0.02802 
0.09880 ,0.02916 ,0.17616 ,0.02946 ,0.60621 ,0.02802 
0.40579 ,0.02917 ,0.21474 ,0.02946 ,0.56584 ,0.02802 
0.01499 ,0.02917 ,0.33719 ,0.02946 ,0.50726 ,0.02802 
0.01336 ,0.02918 ,0.24552 ,0.02946 ,0.51918 ,0.02803 
0.05397 ,0.02918 ,0.25884 ,0.02946 ,0.55331 ,0.02803 
0.11046 ,0.02918 ,0.25458 ,0.02946 ,0.51648 ,0.02803 
0.05935 ,0.02918 ,0.24619 ,0.02946 ,0.58637 ,0.02803 
0.15807 ,0.02918 ,0.22692 ,0.02947 ,0.55672 ,0.02803 
0.07469 ,0.02918 ,0.19629 ,0.02947 ,0.56163 ,0.02803 
0.03643 ,0.02918 ,0.32120 ,0.02947 ,0.52282 ,0.02803 
0.07232 ,0.02919 ,0.23102 ,0.02948 ,0.52251 ,0.02803 
0.04572 ,0.02919 ,0.30364 ,0.02948 ,0.52178 ,0.02803 
0.06010 ,0.02919 ,0.19068 ,0.02948 ,0.51797 ,0.02803 
0.09869 ,0.02919 ,0.25444 ,0.02948 ,0.55970 ,0.02804 
0.03966 ,0.02920 ,0.27852 ,0.02948 ,0.51202 ,0.02804 
0.13375 ,0.02920 ,0.22459 ,0.02949 ,0.56340 ,0.02804 
0.20621 ,0.02920 ,0.27569 ,0.02949 ,0.51113 ,0.02804 
0.15284 ,0.02920 ,0.21319 ,0.02949 ,0.49665 ,0.02804 
0.10274 ,0.02920 ,0.25902 ,0.02949 ,0.61821 ,0.02805 
0.02498 ,0.02920 ,0.23888 ,0.02949 ,0.57283 ,0.02805 
0.11866 ,0.02920 ,0.33771 ,0.02949 ,0.59058 ,0.02806 
0.08029 ,0.02921 ,0.27335 ,0.02949 ,0.49982 ,0.02806 
0.05770 ,0.02921 ,0.23749 ,0.02950 ,0.59582 ,0.02806 
0.13997 ,0.02921 ,0.19839 ,0.02950 ,0.52056 ,0.02807 
0.06018 ,0.02921 ,0.21731 ,0.02950 ,0.66905 ,0.02807 
0.27747 ,0.02921 ,0.21616 ,0.02950 ,0.50477 ,0.02807 
0.05780 ,0.02921 ,0.24791 ,0.02950 ,0.49144 ,0.02807 
0.29300 ,0.02922 ,0.23569 ,0.02950 ,0.61119 ,0.02807 
0.12046 ,0.02922 ,0.22266 ,0.02950 ,0.50807 ,0.02808 
0.05714 ,0.02922 ,0.25427 ,0.02951 ,0.50753 ,0.02808 
0.22177 ,0.02922 ,0.19765 ,0.02952 ,0.54299 ,0.02808 
0.26732 ,0.02922 ,0.32665 ,0.02952 ,0.55191 ,0.02808 
0.14852 ,0.02922 ,0.20525 ,0.02952 ,0.55267 ,0.02808 
0.03708 ,0.02923 ,0.19510 ,0.02952 ,0.56994 ,0.02809 
0.09489 ,0.02923 ,0.36248 ,0.02952 ,0.55628 ,0.02809 
0.17378 ,0.02923 ,0.26481 ,0.02953 ,0.52056 ,0.02809 
0.09103 ,0.02923 ,0.26642 ,0.02953 ,0.53843 ,0.02809 
0.02140 ,0.02923 ,0.21362 ,0.02953 ,0.55095 ,0.02810 
0.13995 ,0.02924 ,0.20211 ,0.02953 ,0.51932 ,0.02810 
0.10407 ,0.02924 ,0.33595 ,0.02954 ,0.51467 ,0.02810 
0.07214 ,0.02924 ,0.21538 ,0.02954 ,0.56218 ,0.02810 
0.04759 ,0.02924 ,0.26195 ,0.02955 ,0.57396 ,0.02810 
0.24421 ,0.02924 ,0.22226 ,0.02955 ,0.54572 ,0.02811 
0.01935 ,0.02924 ,0.32367 ,0.02955 ,0.56485 ,0.02811 
0.10422 ,0.02924 ,0.36342 ,0.02955 ,0.50997 ,0.02811 
0.14493 ,0.02925 ,0.27164 ,0.02955 ,0.59815 ,0.02811 
0.06408 ,0.02925 ,0.23300 ,0.02956 ,0.51021 ,0.02811 
0.16851 ,0.02925 ,0.22078 ,0.02956 ,0.62124 ,0.02811 
0.04321 ,0.02925 ,0.18562 ,0.02956 ,0.52731 ,0.02812 
0.29824 ,0.02925 ,0.38227 ,0.02956 ,0.50446 ,0.02812 
0.06678 ,0.02925 ,0.23321 ,0.02957 ,0.57513 ,0.02812 
0.11286 ,0.02926 ,0.21112 ,0.02957 ,0.49308 ,0.02812 
0.28920 ,0.02926 ,0.23480 ,0.02957 ,0.54488 ,0.02812 
0.03532 ,0.02926 ,0.26064 ,0.02957 ,0.50857 ,0.02813 
0.19462 ,0.02926 ,0.21280 ,0.02958 ,0.52674 ,0.02813 
0.23098 ,0.02926 ,0.25482 ,0.02958 ,0.52840 ,0.02813 
0.29478 ,0.02926 ,0.24109 ,0.02958 ,0.51512 ,0.02814 
0.21030 ,0.02926 ,0.30253 ,0.02958 ,0.55273 ,0.02814 
0.08268 ,0.02927 ,0.23562 ,0.02958 ,0.52433 ,0.02814 
0.08995 ,0.02927 ,0.28028 ,0.02958 ,0.54547 ,0.02814 
0.03816 ,0.02927 ,0.37917 ,0.02958 ,0.49203 ,0.02814 
0.00626 ,0.02927 ,0.19592 ,0.02958 ,0.59712 ,0.02815 
0.11660 ,0.02927 ,0.22367 ,0.02958 ,0.64665 ,0.02815 
0.08531 ,0.02927 ,0.30603 ,0.02959 ,0.60374 ,0.02815 
0.21595 ,0.02927 ,0.27111 ,0.02959 ,0.68767 ,0.02815 
0.05128 ,0.02928 ,0.22847 ,0.02959 ,0.48415 ,0.02815 
0.05845 ,0.02928 ,0.32208 ,0.02959 ,0.56947 ,0.02815 
0.26263 ,0.02928 ,0.32658 ,0.02959 ,0.60406 ,0.02815 
0.12114 ,0.02928 ,0.31733 ,0.02959 ,0.66734 ,0.02816 
0.06376 ,0.02928 ,0.24552 ,0.02959 ,0.54849 ,0.02816 
0.08162 ,0.02929 ,0.20530 ,0.02959 ,0.51667 ,0.02816 
0.08116 ,0.02929 ,0.27547 ,0.02959 ,0.65720 ,0.02816 
0.04456 ,0.02929 ,0.25264 ,0.02959 ,0.60399 ,0.02817 
0.21890 ,0.02929 ,0.28155 ,0.02960 ,0.59002 ,0.02817 
0.23996 ,0.02929 ,0.22832 ,0.02960 ,0.49581 ,0.02817 
0.16398 ,0.02929 ,0.19612 ,0.02960 ,0.50084 ,0.02817 
0.04441 ,0.02929 ,0.25637 ,0.02960 ,0.57435 ,0.02817 
0.09592 ,0.02929 ,0.24992 ,0.02960 ,0.51910 ,0.02817 
0.17129 ,0.02929 ,0.23835 ,0.02960 ,0.50674 ,0.02817 
0.03833 ,0.02930 ,0.43567 ,0.02960 ,0.59930 ,0.02817 
0.31388 ,0.02930 ,0.22963 ,0.02961 ,0.57764 ,0.02818 
0.04121 ,0.02930 ,0.22286 ,0.02961 ,0.53043 ,0.02818 
0.00318 ,0.02930 ,0.23783 ,0.02961 ,0.49837 ,0.02818 
0.09360 ,0.02930 ,0.22560 ,0.02961 ,0.51104 ,0.02819 
0.20665 ,0.02931 ,0.31031 ,0.02961 ,0.49599 ,0.02819 
0.17790 ,0.02931 ,0.40005 ,0.02961 ,0.58197 ,0.02819 
0.13363 ,0.02931 ,0.26572 ,0.02961 ,0.66436 ,0.02819 
0.06720 ,0.02931 ,0.38274 ,0.02961 ,0.51251 ,0.02819 
0.10266 ,0.02931 ,0.28652 ,0.02962 ,0.50788 ,0.02820 
0.12586 ,0.02931 ,0.29361 ,0.02962 ,0.50192 ,0.02820 
0.03280 ,0.02931 ,0.29334 ,0.02962 ,0.49236 ,0.02820 
0.15014 ,0.02931 ,0.20818 ,0.02962 ,0.50172 ,0.02820 
0.12591 ,0.02931 ,0.22800 ,0.02962 ,0.61352 ,0.02821 
0.06737 ,0.02931 ,0.22153 ,0.02962 ,0.52518 ,0.02821 
0.01392 ,0.02931 ,0.22736 ,0.02962 ,0.49941 ,0.02821 
0.05130 ,0.02932 ,0.27480 ,0.02962 ,0.53325 ,0.02822 
0.15610 ,0.02932 ,0.23670 ,0.02962 ,0.69441 ,0.02822 
0.11875 ,0.02932 ,0.26755 ,0.02963 ,0.55881 ,0.02822 
0.04886 ,0.02932 ,0.30812 ,0.02963 ,0.56260 ,0.02822 
0.07437 ,0.02932 ,0.29044 ,0.02963 ,0.55100 ,0.02822 
0.05814 ,0.02932 ,0.24030 ,0.02964 ,0.49540 ,0.02822 
0.04804 ,0.02932 ,0.27130 ,0.02964 ,0.57666 ,0.02822 
0.04478 ,0.02933 ,0.27608 ,0.02964 ,0.55127 ,0.02823 
0.06174 ,0.02933 ,0.27807 ,0.02964 ,0.58994 ,0.02823 
0.32669 ,0.02933 ,0.18397 ,0.02964 ,0.50793 ,0.02823 
0.17537 ,0.02933 ,0.25117 ,0.02965 ,0.53078 ,0.02823 
0.04048 ,0.02933 ,0.21590 ,0.02965 ,0.69070 ,0.02823 
0.05522 ,0.02933 ,0.23838 ,0.02965 ,0.55292 ,0.02823 
0.02621 ,0.02934 ,0.33759 ,0.02966 ,0.66260 ,0.02823 
0.12848 ,0.02934 ,0.21430 ,0.02966 ,0.50337 ,0.02824 
0.28042 ,0.02934 ,0.27335 ,0.02966 ,0.51247 ,0.02824 
0.05929 ,0.02934 ,0.26545 ,0.02966 ,0.61128 ,0.02824 
0.16482 ,0.02934 ,0.26842 ,0.02966 ,0.50484 ,0.02824 
0.09883 ,0.02934 ,0.20631 ,0.02967 ,0.50783 ,0.02824 
0.08713 ,0.02934 ,0.21136 ,0.02967 ,0.53457 ,0.02824 
0.04959 ,0.02934 ,0.21133 ,0.02967 ,0.57566 ,0.02824 
0.08514 ,0.02934 ,0.28111 ,0.02967 ,0.52259 ,0.02824 
0.19497 ,0.02934 ,0.26990 ,0.02967 ,0.58571 ,0.02824 
0.07179 ,0.02934 ,0.24732 ,0.02968 ,0.55470 ,0.02824 
0.08668 ,0.02935 ,0.22114 ,0.02968 ,0.49712 ,0.02825 
0.09276 ,0.02935 ,0.20019 ,0.02968 ,0.46971 ,0.02825 
0.03179 ,0.02935 ,0.23254 ,0.02968 ,0.64747 ,0.02825 
0.02968 ,0.02935 ,0.33333 ,0.02969 ,0.53749 ,0.02825 
0.03208 ,0.02935 ,0.23547 ,0.02969 ,0.55334 ,0.02825 
0.09316 ,0.02936 ,0.25234 ,0.02969 ,0.55314 ,0.02825 
0.02591 ,0.02936 ,0.29156 ,0.02969 ,0.65212 ,0.02825 
0.04744 ,0.02936 ,0.24881 ,0.02969 ,0.51603 ,0.02825 
0.03246 ,0.02936 ,0.18938 ,0.02970 ,0.56920 ,0.02825 
0.03539 ,0.02936 ,0.19969 ,0.02970 ,0.58388 ,0.02826 
0.06303 ,0.02936 ,0.25946 ,0.02970 ,0.49557 ,0.02826 
0.15274 ,0.02936 ,0.25196 ,0.02970 ,0.58653 ,0.02826 
0.05317 ,0.02936 ,0.20464 ,0.02970 ,0.55960 ,0.02826 
0.01466 ,0.02937 ,0.24362 ,0.02970 ,0.53008 ,0.02826 
0.26193 ,0.02937 ,0.28305 ,0.02971 ,0.54046 ,0.02826 
0.09060 ,0.02937 ,0.27118 ,0.02971 ,0.61281 ,0.02827 
0.15350 ,0.02937 ,0.30306 ,0.02971 ,0.59771 ,0.02827 
0.24327 ,0.02937 ,0.23685 ,0.02971 ,0.52821 ,0.02827 
0.14399 ,0.02937 ,0.26500 ,0.02971 ,0.50734 ,0.02827 
0.04080 ,0.02937 ,0.25901 ,0.02971 ,0.53279 ,0.02827 
0.11550 ,0.02938 ,0.25847 ,0.02971 ,0.54782 ,0.02828 
0.08390 ,0.02938 ,0.24025 ,0.02971 ,0.53757 ,0.02828 
0.19697 ,0.02938 ,0.28989 ,0.02972 ,0.50539 ,0.02828 
0.14786 ,0.02938 ,0.21843 ,0.02972 ,0.50670 ,0.02828 
0.06130 ,0.02938 ,0.26523 ,0.02972 ,0.50463 ,0.02828 
0.03780 ,0.02938 ,0.34477 ,0.02972 ,0.57804 ,0.02828 
0.22190 ,0.02938 ,0.29113 ,0.02973 ,0.52557 ,0.02828 
0.25843 ,0.02938 ,0.25407 ,0.02973 ,0.57186 ,0.02828 
0.21711 ,0.02938 ,0.27717 ,0.02973 ,0.60252 ,0.02828 
0.07210 ,0.02938 ,0.26651 ,0.02974 ,0.59681 ,0.02828 
0.13173 ,0.02938 ,0.19928 ,0.02974 ,0.64565 ,0.02829 
0.04779 ,0.02939 ,0.23316 ,0.02974 ,0.58314 ,0.02829 
0.09308 ,0.02939 ,0.31688 ,0.02974 ,0.49530 ,0.02829 
0.04314 ,0.02939 ,0.26161 ,0.02975 ,0.55175 ,0.02829 
0.13886 ,0.02939 ,0.25206 ,0.02975 ,0.53966 ,0.02829 
0.04276 ,0.02940 ,0.25161 ,0.02975 ,0.57295 ,0.02829 
0.04816 ,0.02940 ,0.30843 ,0.02975 ,0.48945 ,0.02829 
0.04738 ,0.02940 ,0.21290 ,0.02975 ,0.53773 ,0.02830 
0.10282 ,0.02940 ,0.22153 ,0.02975 ,0.58278 ,0.02830 
0.04556 ,0.02940 ,0.23388 ,0.02976 ,0.53278 ,0.02830 
0.05738 ,0.02940 ,0.24460 ,0.02976 ,0.50833 ,0.02830 
0.01523 ,0.02940 ,0.28900 ,0.02976 ,0.54326 ,0.02830 
0.07893 ,0.02940 ,0.32256 ,0.02976 ,0.57097 ,0.02830 
0.10412 ,0.02940 ,0.26264 ,0.02976 ,0.55286 ,0.02831 
0.11634 ,0.02940 ,0.22593 ,0.02976 ,0.53310 ,0.02831 
0.17417 ,0.02940 ,0.21876 ,0.02976 ,0.49550 ,0.02831 
0.08588 ,0.02940 ,0.24361 ,0.02976 ,0.60537 ,0.02831 
0.03732 ,0.02940 ,0.18050 ,0.02976 ,0.55267 ,0.02831 
0.07870 ,0.02940 ,0.23035 ,0.02976 ,0.58501 ,0.02831 
0.10557 ,0.02941 ,0.19542 ,0.02977 ,0.58886 ,0.02831 
0.02886 ,0.02941 ,0.30480 ,0.02977 ,0.59157 ,0.02831 
0.30175 ,0.02941 ,0.40285 ,0.02977 ,0.50783 ,0.02831 
0.14359 ,0.02941 ,0.24912 ,0.02977 ,0.50812 ,0.02831 
0.15504 ,0.02942 ,0.20858 ,0.02977 ,0.52080 ,0.02831 
0.03322 ,0.02942 ,0.22204 ,0.02977 ,0.51408 ,0.02832 
0.02843 ,0.02942 ,0.28675 ,0.02978 ,0.51519 ,0.02832 
0.06187 ,0.02942 ,0.23682 ,0.02978 ,0.61524 ,0.02832 
0.03007 ,0.02942 ,0.23247 ,0.02978 ,0.50248 ,0.02832 
0.12447 ,0.02942 ,0.22411 ,0.02978 ,0.50213 ,0.02832 
0.11620 ,0.02942 ,0.20373 ,0.02979 ,0.56484 ,0.02832 
0.30902 ,0.02942 ,0.23028 ,0.02979 ,0.50339 ,0.02833 
0.05904 ,0.02942 ,0.20721 ,0.02979 ,0.57479 ,0.02833 
0.25218 ,0.02943 ,0.21968 ,0.02979 ,0.54253 ,0.02833 
0.17687 ,0.02943 ,0.21709 ,0.02979 ,0.55647 ,0.02833 
0.05543 ,0.02943 ,0.19218 ,0.02980 ,0.54207 ,0.02833 
0.02936 ,0.02943 ,0.20049 ,0.02980 ,0.51216 ,0.02833 
0.03783 ,0.02943 ,0.39522 ,0.02980 ,0.69003 ,0.02833 
0.15917 ,0.02943 ,0.28185 ,0.02980 ,0.53392 ,0.02833 
0.06806 ,0.02943 ,0.27217 ,0.02980 ,0.52655 ,0.02834 
0.11404 ,0.02943 ,0.22218 ,0.02980 ,0.57594 ,0.02834 
0.05355 ,0.02943 ,0.21111 ,0.02980 ,0.54670 ,0.02835 
0.07570 ,0.02944 ,0.20211 ,0.02981 ,0.66077 ,0.02835 
0.07244 ,0.02944 ,0.35159 ,0.02981 ,0.52748 ,0.02835 
0.02187 ,0.02944 ,0.21857 ,0.02981 ,0.57210 ,0.02835 
0.08437 ,0.02944 ,0.23171 ,0.02981 ,0.56660 ,0.02835 
0.07530 ,0.02944 ,0.33202 ,0.02981 ,0.50757 ,0.02836 
0.03205 ,0.02944 ,0.24046 ,0.02982 ,0.51513 ,0.02836 
0.21413 ,0.02944 ,0.24927 ,0.02982 ,0.65128 ,0.02836 
0.02876 ,0.02944 ,0.26582 ,0.02982 ,0.53685 ,0.02836 
0.18378 ,0.02945 ,0.37037 ,0.02982 ,0.54562 ,0.02836 
0.01586 ,0.02945 ,0.36038 ,0.02982 ,0.52065 ,0.02836 
0.07846 ,0.02945 ,0.23285 ,0.02982 ,0.53228 ,0.02836 
0.21324 ,0.02945 ,0.24563 ,0.02983 ,0.55997 ,0.02837 
0.03877 ,0.02946 ,0.28251 ,0.02983 ,0.49968 ,0.02837 
0.19919 ,0.02946 ,0.22108 ,0.02983 ,0.49733 ,0.02837 
0.09053 ,0.02947 ,0.24971 ,0.02983 ,0.60835 ,0.02838 
0.03319 ,0.02947 ,0.24932 ,0.02983 ,0.50526 ,0.02838 
0.06142 ,0.02947 ,0.21531 ,0.02984 ,0.55558 ,0.02838 
0.11207 ,0.02947 ,0.21224 ,0.02984 ,0.59324 ,0.02838 
0.03940 ,0.02947 ,0.26525 ,0.02984 ,0.54133 ,0.02838 
0.04878 ,0.02947 ,0.28801 ,0.02984 ,0.67038 ,0.02838 
0.21080 ,0.02948 ,0.27395 ,0.02984 ,0.55676 ,0.02838 
0.06342 ,0.02948 ,0.20884 ,0.02985 ,0.51333 ,0.02839 
0.19760 ,0.02948 ,0.35939 ,0.02985 ,0.59967 ,0.02839 
0.27714 ,0.02948 ,0.33420 ,0.02985 ,0.52601 ,0.02839 
0.02555 ,0.02948 ,0.23932 ,0.02985 ,0.65902 ,0.02839 
0.10630 ,0.02948 ,0.22567 ,0.02985 ,0.50556 ,0.02839 
0.12837 ,0.02948 ,0.29468 ,0.02986 ,0.50979 ,0.02839 
0.07665 ,0.02948 ,0.29380 ,0.02986 ,0.53224 ,0.02840 
0.13066 ,0.02948 ,0.21470 ,0.02986 ,0.51258 ,0.02840 
0.20341 ,0.02949 ,0.19020 ,0.02986 ,0.50898 ,0.02840 
0.13187 ,0.02949 ,0.25215 ,0.02987 ,0.60529 ,0.02840 
0.14230 ,0.02949 ,0.31511 ,0.02987 ,0.50746 ,0.02840 
0.15541 ,0.02949 ,0.25516 ,0.02987 ,0.53402 ,0.02840 
0.04935 ,0.02949 ,0.24375 ,0.02987 ,0.52206 ,0.02840 
0.07440 ,0.02949 ,0.24357 ,0.02987 ,0.49426 ,0.02840 
0.07627 ,0.02949 ,0.21696 ,0.02987 ,0.52997 ,0.02840 
0.06758 ,0.02950 ,0.34662 ,0.02988 ,0.51557 ,0.02841 
0.04871 ,0.02950 ,0.23444 ,0.02988 ,0.51541 ,0.02841 
0.23448 ,0.02950 ,0.22915 ,0.02988 ,0.54701 ,0.02841 
0.20459 ,0.02950 ,0.30760 ,0.02988 ,0.64461 ,0.02841 
0.09892 ,0.02950 ,0.25489 ,0.02988 ,0.52757 ,0.02841 
0.04729 ,0.02950 ,0.21486 ,0.02988 ,0.56932 ,0.02841 
0.03924 ,0.02951 ,0.22413 ,0.02988 ,0.56982 ,0.02842 
0.02719 ,0.02951 ,0.24317 ,0.02988 ,0.57471 ,0.02842 
0.09694 ,0.02951 ,0.31418 ,0.02989 ,0.48523 ,0.02842 
0.24783 ,0.02951 ,0.22367 ,0.02989 ,0.49384 ,0.02843 
0.09078 ,0.02951 ,0.18328 ,0.02989 ,0.50555 ,0.02843 
0.05877 ,0.02951 ,0.21641 ,0.02989 ,0.49079 ,0.02844 
0.05025 ,0.02951 ,0.30449 ,0.02989 ,0.52153 ,0.02844 
0.14581 ,0.02951 ,0.21686 ,0.02989 ,0.55749 ,0.02845 
0.12600 ,0.02951 ,0.31426 ,0.02989 ,0.61371 ,0.02845 
0.16608 ,0.02952 ,0.23831 ,0.02989 ,0.60193 ,0.02845 
0.26185 ,0.02952 ,0.27783 ,0.02989 ,0.56684 ,0.02845 
0.06215 ,0.02952 ,0.18279 ,0.02990 ,0.57764 ,0.02845 
0.20875 ,0.02952 ,0.23764 ,0.02990 ,0.50217 ,0.02845 
0.10543 ,0.02952 ,0.30721 ,0.02990 ,0.56289 ,0.02846 
0.03150 ,0.02952 ,0.21236 ,0.02990 ,0.50708 ,0.02846 
0.07210 ,0.02952 ,0.20856 ,0.02990 ,0.56142 ,0.02846 
0.16098 ,0.02953 ,0.30515 ,0.02990 ,0.54378 ,0.02846 
0.07062 ,0.02953 ,0.30569 ,0.02991 ,0.57645 ,0.02846 
0.03867 ,0.02953 ,0.20589 ,0.02991 ,0.50711 ,0.02846 
0.07896 ,0.02953 ,0.31276 ,0.02991 ,0.55703 ,0.02846 
0.08248 ,0.02953 ,0.21994 ,0.02991 ,0.50023 ,0.02846 
0.04093 ,0.02953 ,0.22588 ,0.02992 ,0.49687 ,0.02846 
0.10405 ,0.02953 ,0.35899 ,0.02992 ,0.49695 ,0.02847 
0.09330 ,0.02953 ,0.28485 ,0.02992 ,0.50458 ,0.02847 
0.03720 ,0.02953 ,0.25281 ,0.02992 ,0.53219 ,0.02847 
0.07477 ,0.02953 ,0.32342 ,0.02992 ,0.67271 ,0.02847 
0.00944 ,0.02953 ,0.23860 ,0.02992 ,0.65415 ,0.02848 
0.03143 ,0.02953 ,0.22102 ,0.02992 ,0.49719 ,0.02848 
0.14950 ,0.02953 ,0.28701 ,0.02993 ,0.51934 ,0.02848 
0.11023 ,0.02953 ,0.27707 ,0.02993 ,0.50232 ,0.02848 
0.09549 ,0.02953 ,0.21645 ,0.02994 ,0.58657 ,0.02848 
0.05285 ,0.02954 ,0.23768 ,0.02994 ,0.64073 ,0.02848 
0.16809 ,0.02954 ,0.25800 ,0.02994 ,0.52644 ,0.02849 
0.09130 ,0.02954 ,0.21738 ,0.02994 ,0.55980 ,0.02849 
0.04055 ,0.02954 ,0.20439 ,0.02994 ,0.50999 ,0.02849 
0.12388 ,0.02954 ,0.30311 ,0.02994 ,0.50707 ,0.02849 
0.03677 ,0.02954 ,0.22232 ,0.02995 ,0.57693 ,0.02850 
0.04152 ,0.02954 ,0.22480 ,0.02995 ,0.51268 ,0.02850 
0.11764 ,0.02954 ,0.19765 ,0.02995 ,0.56089 ,0.02850 
0.08046 ,0.02954 ,0.25968 ,0.02995 ,0.49297 ,0.02850 
0.03644 ,0.02954 ,0.22855 ,0.02995 ,0.53804 ,0.02850 
0.27530 ,0.02955 ,0.22605 ,0.02995 ,0.64694 ,0.02850 
0.04617 ,0.02955 ,0.32361 ,0.02995 ,0.55202 ,0.02850 
0.05673 ,0.02955 ,0.26130 ,0.02995 ,0.52289 ,0.02851 
0.30522 ,0.02955 ,0.23152 ,0.02995 ,0.49697 ,0.02851 
0.11444 ,0.02955 ,0.28327 ,0.02995 ,0.53032 ,0.02851 
0.19431 ,0.02955 ,0.43809 ,0.02996 ,0.50423 ,0.02851 
0.07235 ,0.02955 ,0.27683 ,0.02996 ,0.54402 ,0.02851 
0.10778 ,0.02955 ,0.20470 ,0.02996 ,0.53322 ,0.02852 
0.08341 ,0.02956 ,0.37531 ,0.02996 ,0.53031 ,0.02852 
0.19252 ,0.02956 ,0.29052 ,0.02996 ,0.57081 ,0.02852 
0.04048 ,0.02956 ,0.21493 ,0.02996 ,0.52454 ,0.02852 
0.06814 ,0.02956 ,0.22809 ,0.02996 ,0.57013 ,0.02852 
0.05063 ,0.02957 ,0.20786 ,0.02997 ,0.58277 ,0.02852 
0.05579 ,0.02957 ,0.27494 ,0.02997 ,0.55312 ,0.02852 
0.31212 ,0.02957 ,0.28464 ,0.02997 ,0.61475 ,0.02853 
0.03389 ,0.02957 ,0.36259 ,0.02997 ,0.56283 ,0.02853 
0.30914 ,0.02957 ,0.20386 ,0.02997 ,0.59290 ,0.02853 
0.16193 ,0.02957 ,0.27355 ,0.02997 ,0.48252 ,0.02853 
0.11782 ,0.02957 ,0.24509 ,0.02998 ,0.47505 ,0.02853 
0.18713 ,0.02957 ,0.26572 ,0.02999 ,0.57693 ,0.02853 
0.09681 ,0.02957 ,0.28268 ,0.02999 ,0.50965 ,0.02853 
0.08148 ,0.02957 ,0.18208 ,0.02999 ,0.59082 ,0.02854 
0.02645 ,0.02958 ,0.24353 ,0.02999 ,0.51183 ,0.02854 
0.03052 ,0.02958 ,0.29161 ,0.03000 ,0.58875 ,0.02854 
0.04667 ,0.02958 ,0.24699 ,0.03001 ,0.58184 ,0.02854 
0.02097 ,0.02959 ,0.31786 ,0.03001 ,0.49366 ,0.02854 
0.16100 ,0.02959 ,0.23171 ,0.03002 ,0.52293 ,0.02854 
0.10832 ,0.02959 ,0.24913 ,0.03002 ,0.56005 ,0.02854 
0.05352 ,0.02959 ,0.19654 ,0.03002 ,0.55998 ,0.02854 
0.06970 ,0.02959 ,0.23719 ,0.03002 ,0.50477 ,0.02854 
0.08391 ,0.02959 ,0.26982 ,0.03003 ,0.51991 ,0.02855 
0.04326 ,0.02959 ,0.27816 ,0.03003 ,0.55606 ,0.02855 
0.19466 ,0.02960 ,0.25897 ,0.03003 ,0.61633 ,0.02856 
0.27551 ,0.02960 ,0.21033 ,0.03003 ,0.57185 ,0.02856 
0.08836 ,0.02960 ,0.20323 ,0.03003 ,0.55770 ,0.02856 
0.29716 ,0.02960 ,0.21545 ,0.03003 ,0.53109 ,0.02856 
0.27765 ,0.02960 ,0.23281 ,0.03003 ,0.58278 ,0.02856 
0.05599 ,0.02961 ,0.18664 ,0.03003 ,0.57579 ,0.02856 
0.23476 ,0.02961 ,0.18384 ,0.03003 ,0.53862 ,0.02857 
0.04924 ,0.02961 ,0.23857 ,0.03004 ,0.56857 ,0.02857 
0.05749 ,0.02961 ,0.24759 ,0.03004 ,0.50892 ,0.02857 
0.15077 ,0.02961 ,0.19607 ,0.03004 ,0.53011 ,0.02857 
0.06594 ,0.02961 ,0.34176 ,0.03004 ,0.69919 ,0.02857 
0.08492 ,0.02961 ,0.24709 ,0.03004 ,0.51274 ,0.02858 
0.04982 ,0.02961 ,0.22232 ,0.03005 ,0.56217 ,0.02858 
0.04087 ,0.02961 ,0.20079 ,0.03005 ,0.57383 ,0.02858 
0.14780 ,0.02961 ,0.25020 ,0.03005 ,0.54429 ,0.02858 
0.06920 ,0.02962 ,0.20586 ,0.03005 ,0.49034 ,0.02859 
0.09792 ,0.02962 ,0.27550 ,0.03006 ,0.53905 ,0.02859 
0.19986 ,0.02962 ,0.22330 ,0.03006 ,0.60940 ,0.02859 
0.09190 ,0.02962 ,0.20152 ,0.03006 ,0.52121 ,0.02859 
0.12158 ,0.02962 ,0.23851 ,0.03006 ,0.57888 ,0.02859 
0.15363 ,0.02962 ,0.22099 ,0.03006 ,0.49004 ,0.02859 
0.07235 ,0.02962 ,0.27339 ,0.03006 ,0.55754 ,0.02859 
0.06588 ,0.02962 ,0.27339 ,0.03006 ,0.55750 ,0.02860 
0.03353 ,0.02963 ,0.24623 ,0.03007 ,0.51916 ,0.02860 
0.05091 ,0.02963 ,0.20475 ,0.03007 ,0.54446 ,0.02860 
0.03362 ,0.02963 ,0.22768 ,0.03007 ,0.52741 ,0.02860 
0.13702 ,0.02963 ,0.22652 ,0.03008 ,0.62909 ,0.02860 
0.05797 ,0.02963 ,0.21976 ,0.03008 ,0.50145 ,0.02860 
0.07720 ,0.02963 ,0.20805 ,0.03009 ,0.50311 ,0.02861 
0.18682 ,0.02963 ,0.19467 ,0.03009 ,0.54127 ,0.02861 
0.06805 ,0.02963 ,0.22167 ,0.03010 ,0.72059 ,0.02861 
0.14084 ,0.02963 ,0.34368 ,0.03010 ,0.56713 ,0.02861 
0.05369 ,0.02963 ,0.21094 ,0.03010 ,0.49053 ,0.02861 
0.01344 ,0.02964 ,0.23342 ,0.03011 ,0.60510 ,0.02862 
0.22067 ,0.02964 ,0.23551 ,0.03011 ,0.52416 ,0.02862 
0.07585 ,0.02964 ,0.22174 ,0.03012 ,0.49074 ,0.02862 
0.07646 ,0.02964 ,0.32014 ,0.03012 ,0.52452 ,0.02862 
0.04512 ,0.02964 ,0.21507 ,0.03012 ,0.50379 ,0.02862 
0.23879 ,0.02965 ,0.30566 ,0.03012 ,0.52355 ,0.02862 
0.10134 ,0.02965 ,0.31410 ,0.03012 ,0.53683 ,0.02863 
0.24392 ,0.02965 ,0.30743 ,0.03012 ,0.63081 ,0.02863 
0.07169 ,0.02965 ,0.31966 ,0.03012 ,0.52784 ,0.02863 
0.03837 ,0.02965 ,0.21524 ,0.03012 ,0.62902 ,0.02863 
0.18347 ,0.02965 ,0.26234 ,0.03012 ,0.49279 ,0.02863 
0.03393 ,0.02965 ,0.30897 ,0.03012 ,0.64844 ,0.02863 
0.01996 ,0.02965 ,0.23527 ,0.03013 ,0.52180 ,0.02864 
0.03108 ,0.02966 ,0.20505 ,0.03013 ,0.51844 ,0.02864 
0.19546 ,0.02966 ,0.25890 ,0.03013 ,0.57320 ,0.02864 
0.03334 ,0.02966 ,0.22639 ,0.03013 ,0.49518 ,0.02864 
0.16677 ,0.02966 ,0.23004 ,0.03013 ,0.52671 ,0.02864 
0.16687 ,0.02966 ,0.26535 ,0.03013 ,0.56580 ,0.02864 
0.19717 ,0.02966 ,0.20940 ,0.03013 ,0.52747 ,0.02864 
0.03254 ,0.02966 ,0.27316 ,0.03014 ,0.53948 ,0.02865 
0.16157 ,0.02966 ,0.19894 ,0.03014 ,0.61170 ,0.02865 
0.03045 ,0.02967 ,0.34987 ,0.03014 ,0.52484 ,0.02865 
0.10357 ,0.02967 ,0.20914 ,0.03014 ,0.49960 ,0.02865 
0.37537 ,0.02967 ,0.21096 ,0.03015 ,0.59370 ,0.02865 
0.10159 ,0.02967 ,0.32224 ,0.03015 ,0.62929 ,0.02865 
0.02605 ,0.02967 ,0.25183 ,0.03015 ,0.56521 ,0.02865 
0.08701 ,0.02967 ,0.28513 ,0.03015 ,0.48251 ,0.02865 
0.04835 ,0.02968 ,0.26072 ,0.03015 ,0.55126 ,0.02865 
0.04615 ,0.02968 ,0.22171 ,0.03015 ,0.56435 ,0.02865 
0.08521 ,0.02968 ,0.29330 ,0.03015 ,0.62099 ,0.02865 
0.10123 ,0.02968 ,0.24996 ,0.03015 ,0.49509 ,0.02866 
0.02915 ,0.02968 ,0.20887 ,0.03016 ,0.51145 ,0.02866 
0.04691 ,0.02968 ,0.31436 ,0.03016 ,0.51957 ,0.02866 
0.03278 ,0.02968 ,0.27826 ,0.03016 ,0.55307 ,0.02866 
0.04188 ,0.02968 ,0.20015 ,0.03016 ,0.60339 ,0.02867 
0.03657 ,0.02968 ,0.21041 ,0.03017 ,0.51814 ,0.02867 
0.11101 ,0.02969 ,0.30061 ,0.03017 ,0.58128 ,0.02867 
0.02351 ,0.02969 ,0.26007 ,0.03017 ,0.49539 ,0.02867 
0.05634 ,0.02969 ,0.21677 ,0.03017 ,0.53518 ,0.02868 
0.03919 ,0.02969 ,0.20332 ,0.03017 ,0.63460 ,0.02868 
0.05916 ,0.02969 ,0.25965 ,0.03018 ,0.52401 ,0.02868 
0.13285 ,0.02969 ,0.20662 ,0.03018 ,0.53911 ,0.02868 
0.27097 ,0.02969 ,0.28180 ,0.03018 ,0.69169 ,0.02868 
0.03586 ,0.02969 ,0.32945 ,0.03018 ,0.54056 ,0.02868 
0.13097 ,0.02970 ,0.19479 ,0.03018 ,0.54013 ,0.02869 
0.03019 ,0.02970 ,0.21320 ,0.03018 ,0.56062 ,0.02869 
0.03773 ,0.02970 ,0.19668 ,0.03018 ,0.61545 ,0.02869 
0.17088 ,0.02970 ,0.23639 ,0.03019 ,0.52415 ,0.02869 
0.04007 ,0.02970 ,0.32903 ,0.03019 ,0.50879 ,0.02869 
0.03727 ,0.02970 ,0.22576 ,0.03019 ,0.60202 ,0.02869 
0.09585 ,0.02970 ,0.19551 ,0.03019 ,0.55142 ,0.02869 
0.04813 ,0.02970 ,0.24571 ,0.03019 ,0.56250 ,0.02870 
0.03651 ,0.02970 ,0.30479 ,0.03019 ,0.49876 ,0.02870 
0.08144 ,0.02970 ,0.36428 ,0.03019 ,0.49177 ,0.02870 
0.03148 ,0.02970 ,0.20551 ,0.03019 ,0.50467 ,0.02870 
0.03170 ,0.02971 ,0.36152 ,0.03019 ,0.51145 ,0.02870 
0.08741 ,0.02971 ,0.25441 ,0.03020 ,0.58488 ,0.02871 
0.12148 ,0.02971 ,0.29007 ,0.03020 ,0.52588 ,0.02871 
0.04547 ,0.02971 ,0.20274 ,0.03020 ,0.48619 ,0.02871 
0.31224 ,0.02971 ,0.20876 ,0.03020 ,0.51763 ,0.02872 
0.01759 ,0.02971 ,0.26191 ,0.03021 ,0.62774 ,0.02872 
0.12754 ,0.02971 ,0.20268 ,0.03021 ,0.55131 ,0.02872 
0.16973 ,0.02971 ,0.29600 ,0.03021 ,0.47098 ,0.02872 
0.20923 ,0.02971 ,0.38247 ,0.03021 ,0.59508 ,0.02872 
0.02974 ,0.02971 ,0.28087 ,0.03022 ,0.50357 ,0.02872 
0.09020 ,0.02972 ,0.21237 ,0.03022 ,0.54677 ,0.02873 
0.02471 ,0.02972 ,0.51697 ,0.03022 ,0.56496 ,0.02873 
0.11042 ,0.02972 ,0.19686 ,0.03022 ,0.61825 ,0.02873 
0.19974 ,0.02972 ,0.34904 ,0.03022 ,0.59440 ,0.02873 
0.03638 ,0.02972 ,0.24855 ,0.03022 ,0.69561 ,0.02873 
0.08318 ,0.02972 ,0.24498 ,0.03022 ,0.65859 ,0.02873 
0.10846 ,0.02972 ,0.29470 ,0.03023 ,0.49186 ,0.02873 
0.22387 ,0.02972 ,0.26337 ,0.03023 ,0.55362 ,0.02873 
0.28263 ,0.02973 ,0.25164 ,0.03023 ,0.61204 ,0.02873 
0.22420 ,0.02973 ,0.33181 ,0.03023 ,0.54434 ,0.02873 
0.21622 ,0.02973 ,0.18807 ,0.03023 ,0.52706 ,0.02873 
0.10232 ,0.02973 ,0.31101 ,0.03024 ,0.54330 ,0.02874 
0.06610 ,0.02973 ,0.25924 ,0.03024 ,0.53146 ,0.02874 
0.03152 ,0.02973 ,0.26994 ,0.03024 ,0.50051 ,0.02874 
0.09041 ,0.02973 ,0.19951 ,0.03024 ,0.51959 ,0.02874 
0.28212 ,0.02973 ,0.23937 ,0.03024 ,0.56470 ,0.02874 
0.03505 ,0.02973 ,0.29685 ,0.03024 ,0.63672 ,0.02874 
0.36447 ,0.02974 ,0.24855 ,0.03024 ,0.50303 ,0.02874 
0.08889 ,0.02974 ,0.20665 ,0.03024 ,0.57452 ,0.02874 
0.02027 ,0.02974 ,0.25712 ,0.03024 ,0.55224 ,0.02874 
0.06738 ,0.02974 ,0.37831 ,0.03025 ,0.52160 ,0.02874 
0.04495 ,0.02974 ,0.19755 ,0.03025 ,0.51414 ,0.02875 
0.25490 ,0.02975 ,0.34612 ,0.03025 ,0.57636 ,0.02875 
0.05785 ,0.02975 ,0.29713 ,0.03025 ,0.58790 ,0.02876 
0.08063 ,0.02975 ,0.21516 ,0.03026 ,0.59898 ,0.02876 
0.02966 ,0.02975 ,0.29206 ,0.03026 ,0.52024 ,0.02876 
0.21106 ,0.02975 ,0.31975 ,0.03026 ,0.54527 ,0.02876 
0.06448 ,0.02976 ,0.22158 ,0.03027 ,0.53726 ,0.02876 
0.01955 ,0.02976 ,0.20032 ,0.03027 ,0.49249 ,0.02876 
0.19141 ,0.02976 ,0.30233 ,0.03027 ,0.54415 ,0.02876 
0.06813 ,0.02976 ,0.34762 ,0.03027 ,0.67737 ,0.02877 
0.11400 ,0.02976 ,0.24292 ,0.03027 ,0.49480 ,0.02877 
0.10866 ,0.02976 ,0.29062 ,0.03027 ,0.49083 ,0.02877 
0.21466 ,0.02976 ,0.28557 ,0.03027 ,0.51062 ,0.02877 
0.23647 ,0.02977 ,0.20913 ,0.03027 ,0.52440 ,0.02877 
0.23610 ,0.02977 ,0.20638 ,0.03028 ,0.58791 ,0.02877 
0.02154 ,0.02977 ,0.24870 ,0.03028 ,0.59439 ,0.02877 
0.08149 ,0.02977 ,0.25146 ,0.03028 ,0.51101 ,0.02877 
0.22981 ,0.02977 ,0.21204 ,0.03028 ,0.72071 ,0.02877 
0.19611 ,0.02977 ,0.29130 ,0.03028 ,0.52889 ,0.02877 
0.03485 ,0.02977 ,0.29072 ,0.03028 ,0.51423 ,0.02878 
0.05955 ,0.02977 ,0.20833 ,0.03028 ,0.51421 ,0.02878 
0.06281 ,0.02978 ,0.27244 ,0.03028 ,0.62162 ,0.02878 
0.14484 ,0.02978 ,0.43392 ,0.03028 ,0.54294 ,0.02878 
0.04825 ,0.02978 ,0.32496 ,0.03028 ,0.55251 ,0.02879 
0.06556 ,0.02978 ,0.22034 ,0.03029 ,0.50810 ,0.02879 
0.10838 ,0.02979 ,0.22198 ,0.03029 ,0.59966 ,0.02879 
0.17572 ,0.02979 ,0.33055 ,0.03029 ,0.57508 ,0.02879 
0.02276 ,0.02979 ,0.21718 ,0.03029 ,0.55463 ,0.02879 
0.07633 ,0.02979 ,0.24281 ,0.03029 ,0.59027 ,0.02879 
0.02502 ,0.02979 ,0.27761 ,0.03029 ,0.58142 ,0.02880 
0.13099 ,0.02979 ,0.23895 ,0.03030 ,0.52975 ,0.02880 
0.12966 ,0.02979 ,0.24311 ,0.03030 ,0.48935 ,0.02880 
0.02937 ,0.02979 ,0.21578 ,0.03030 ,0.55343 ,0.02880 
0.23690 ,0.02980 ,0.21521 ,0.03030 ,0.65834 ,0.02881 
0.03612 ,0.02980 ,0.20715 ,0.03030 ,0.66930 ,0.02881 
0.11823 ,0.02980 ,0.20576 ,0.03030 ,0.54363 ,0.02881 
0.02736 ,0.02980 ,0.24494 ,0.03030 ,0.52656 ,0.02881 
0.06725 ,0.02981 ,0.25250 ,0.03031 ,0.49643 ,0.02882 
0.04599 ,0.02981 ,0.26960 ,0.03031 ,0.48262 ,0.02882 
0.25728 ,0.02981 ,0.25548 ,0.03031 ,0.63107 ,0.02882 
0.02759 ,0.02981 ,0.28330 ,0.03032 ,0.53638 ,0.02882 
0.03107 ,0.02981 ,0.32711 ,0.03032 ,0.58321 ,0.02882 
0.05594 ,0.02981 ,0.25885 ,0.03032 ,0.58068 ,0.02882 
0.03761 ,0.02982 ,0.20680 ,0.03032 ,0.60582 ,0.02882 
0.10560 ,0.02982 ,0.24773 ,0.03032 ,0.58159 ,0.02882 
0.12383 ,0.02982 ,0.27841 ,0.03032 ,0.49906 ,0.02882 
0.05521 ,0.02982 ,0.19033 ,0.03033 ,0.57262 ,0.02882 
0.07124 ,0.02982 ,0.26714 ,0.03034 ,0.50817 ,0.02883 
0.06082 ,0.02982 ,0.25105 ,0.03034 ,0.49232 ,0.02883 
0.02524 ,0.02982 ,0.31333 ,0.03034 ,0.55775 ,0.02883 
0.11224 ,0.02982 ,0.36551 ,0.03034 ,0.49782 ,0.02884 
0.05145 ,0.02982 ,0.26868 ,0.03034 ,0.49878 ,0.02884 
0.10219 ,0.02982 ,0.24702 ,0.03035 ,0.66885 ,0.02884 
0.01797 ,0.02982 ,0.23955 ,0.03035 ,0.57194 ,0.02884 
0.26034 ,0.02982 ,0.19977 ,0.03035 ,0.59734 ,0.02884 
0.15206 ,0.02982 ,0.29550 ,0.03035 ,0.50886 ,0.02884 
0.04702 ,0.02983 ,0.27497 ,0.03035 ,0.57485 ,0.02884 
0.07849 ,0.02983 ,0.23267 ,0.03035 ,0.57439 ,0.02885 
0.17166 ,0.02983 ,0.25316 ,0.03036 ,0.58616 ,0.02885 
0.05122 ,0.02983 ,0.32540 ,0.03036 ,0.52772 ,0.02885 
0.03560 ,0.02983 ,0.21037 ,0.03036 ,0.53808 ,0.02885 
0.23654 ,0.02983 ,0.24049 ,0.03036 ,0.53425 ,0.02885 
0.05357 ,0.02983 ,0.23555 ,0.03036 ,0.64111 ,0.02885 
0.19741 ,0.02984 ,0.24340 ,0.03036 ,0.51090 ,0.02885 
0.07785 ,0.02984 ,0.27384 ,0.03037 ,0.54099 ,0.02885 
0.28152 ,0.02984 ,0.27661 ,0.03037 ,0.61481 ,0.02885 
0.03640 ,0.02984 ,0.24023 ,0.03037 ,0.49281 ,0.02885 
0.04956 ,0.02984 ,0.31873 ,0.03037 ,0.51266 ,0.02885 
0.26531 ,0.02984 ,0.21543 ,0.03037 ,0.59891 ,0.02886 
0.06115 ,0.02984 ,0.24618 ,0.03038 ,0.55877 ,0.02886 
0.12276 ,0.02985 ,0.29032 ,0.03038 ,0.54806 ,0.02886 
0.08045 ,0.02985 ,0.33143 ,0.03038 ,0.58241 ,0.02886 
0.01568 ,0.02985 ,0.26918 ,0.03038 ,0.51449 ,0.02886 
0.00778 ,0.02985 ,0.21841 ,0.03038 ,0.52228 ,0.02886 
0.23180 ,0.02985 ,0.34545 ,0.03039 ,0.58572 ,0.02887 
0.12086 ,0.02985 ,0.21795 ,0.03039 ,0.49969 ,0.02887 
0.13154 ,0.02985 ,0.26096 ,0.03040 ,0.50344 ,0.02888 
0.14831 ,0.02985 ,0.29734 ,0.03040 ,0.54419 ,0.02888 
0.03624 ,0.02985 ,0.23384 ,0.03040 ,0.49846 ,0.02888 
0.02576 ,0.02986 ,0.24379 ,0.03040 ,0.63714 ,0.02888 
0.11296 ,0.02986 ,0.27644 ,0.03040 ,0.54517 ,0.02888 
0.03955 ,0.02986 ,0.22431 ,0.03040 ,0.54538 ,0.02889 
0.01814 ,0.02986 ,0.29716 ,0.03040 ,0.56559 ,0.02889 
0.06521 ,0.02987 ,0.20036 ,0.03040 ,0.52741 ,0.02889 
0.25948 ,0.02987 ,0.21728 ,0.03040 ,0.56649 ,0.02889 
0.04747 ,0.02987 ,0.20408 ,0.03041 ,0.57218 ,0.02889 
0.22913 ,0.02987 ,0.38482 ,0.03041 ,0.54649 ,0.02889 
0.19728 ,0.02987 ,0.18768 ,0.03041 ,0.53991 ,0.02890 
0.22023 ,0.02988 ,0.32837 ,0.03041 ,0.73060 ,0.02890 
0.03730 ,0.02988 ,0.25652 ,0.03041 ,0.55643 ,0.02890 
0.01284 ,0.02988 ,0.24826 ,0.03041 ,0.56988 ,0.02890 
0.23031 ,0.02988 ,0.23272 ,0.03042 ,0.53838 ,0.02890 
0.02966 ,0.02988 ,0.27611 ,0.03042 ,0.56134 ,0.02890 
0.06860 ,0.02988 ,0.24354 ,0.03042 ,0.53769 ,0.02890 
0.07454 ,0.02988 ,0.33983 ,0.03042 ,0.52635 ,0.02890 
0.02789 ,0.02988 ,0.23542 ,0.03042 ,0.51398 ,0.02891 
0.04109 ,0.02989 ,0.20491 ,0.03042 ,0.49226 ,0.02891 
0.05608 ,0.02989 ,0.32429 ,0.03042 ,0.53408 ,0.02891 
0.13984 ,0.02989 ,0.40624 ,0.03042 ,0.59806 ,0.02891 
0.13763 ,0.02989 ,0.21889 ,0.03042 ,0.54930 ,0.02891 
0.03094 ,0.02989 ,0.23208 ,0.03042 ,0.55177 ,0.02891 
0.04943 ,0.02989 ,0.23330 ,0.03043 ,0.54470 ,0.02891 
0.02517 ,0.02989 ,0.29719 ,0.03043 ,0.65927 ,0.02891 
0.15430 ,0.02990 ,0.37417 ,0.03043 ,0.59909 ,0.02892 
0.04104 ,0.02990 ,0.19826 ,0.03043 ,0.51009 ,0.02892 
0.04435 ,0.02990 ,0.19953 ,0.03043 ,0.61638 ,0.02892 
0.07495 ,0.02990 ,0.26257 ,0.03043 ,0.49121 ,0.02892 
0.05178 ,0.02990 ,0.30780 ,0.03044 ,0.57788 ,0.02892 
0.11193 ,0.02990 ,0.27161 ,0.03044 ,0.53240 ,0.02893 
0.02403 ,0.02990 ,0.29161 ,0.03044 ,0.61372 ,0.02893 
0.14485 ,0.02990 ,0.23324 ,0.03044 ,0.52299 ,0.02893 
0.06247 ,0.02990 ,0.27034 ,0.03044 ,0.48715 ,0.02893 
0.06166 ,0.02990 ,0.28719 ,0.03044 ,0.60746 ,0.02893 
0.16460 ,0.02990 ,0.20943 ,0.03045 ,0.56675 ,0.02893 
0.08903 ,0.02990 ,0.19684 ,0.03045 ,0.57420 ,0.02893 
0.04135 ,0.02991 ,0.38377 ,0.03045 ,0.49241 ,0.02893 
0.08767 ,0.02991 ,0.22944 ,0.03045 ,0.60875 ,0.02894 
0.25659 ,0.02991 ,0.32027 ,0.03045 ,0.52138 ,0.02894 
0.03170 ,0.02991 ,0.27288 ,0.03045 ,0.54393 ,0.02894 
0.03022 ,0.02991 ,0.30277 ,0.03045 ,0.58473 ,0.02894 
0.03037 ,0.02992 ,0.38056 ,0.03046 ,0.67911 ,0.02894 
0.03191 ,0.02992 ,0.24448 ,0.03046 ,0.51894 ,0.02894 
0.04934 ,0.02992 ,0.21975 ,0.03046 ,0.48688 ,0.02894 
0.25481 ,0.02993 ,0.34889 ,0.03046 ,0.50180 ,0.02894 
0.10209 ,0.02993 ,0.25688 ,0.03046 ,0.48521 ,0.02894 
0.03422 ,0.02993 ,0.24014 ,0.03046 ,0.55971 ,0.02895 
0.02160 ,0.02993 ,0.28006 ,0.03046 ,0.53374 ,0.02895 
0.11913 ,0.02993 ,0.28339 ,0.03046 ,0.51777 ,0.02895 
0.03730 ,0.02993 ,0.29530 ,0.03046 ,0.50456 ,0.02896 
0.26491 ,0.02993 ,0.26936 ,0.03047 ,0.57667 ,0.02896 
0.08518 ,0.02993 ,0.22296 ,0.03047 ,0.52197 ,0.02896 
0.05668 ,0.02993 ,0.22565 ,0.03047 ,0.54500 ,0.02896 
0.03999 ,0.02993 ,0.25826 ,0.03047 ,0.68235 ,0.02896 
0.04794 ,0.02994 ,0.27564 ,0.03047 ,0.55101 ,0.02896 
0.33138 ,0.02994 ,0.26123 ,0.03047 ,0.48976 ,0.02897 
0.08135 ,0.02994 ,0.32390 ,0.03048 ,0.59421 ,0.02897 
0.11525 ,0.02994 ,0.29798 ,0.03048 ,0.57141 ,0.02897 
0.05993 ,0.02994 ,0.28171 ,0.03048 ,0.56828 ,0.02897 
0.01455 ,0.02994 ,0.33647 ,0.03048 ,0.55042 ,0.02898 
0.09862 ,0.02994 ,0.25284 ,0.03048 ,0.58952 ,0.02898 
0.05346 ,0.02994 ,0.20383 ,0.03048 ,0.50703 ,0.02898 
0.10499 ,0.02994 ,0.27782 ,0.03048 ,0.49479 ,0.02898 
0.05515 ,0.02995 ,0.25327 ,0.03048 ,0.62704 ,0.02898 
0.14565 ,0.02995 ,0.28764 ,0.03049 ,0.54440 ,0.02898 
0.17688 ,0.02995 ,0.26469 ,0.03049 ,0.49854 ,0.02899 
0.17968 ,0.02995 ,0.37883 ,0.03049 ,0.60343 ,0.02899 
0.09184 ,0.02995 ,0.19349 ,0.03049 ,0.66222 ,0.02899 
0.02897 ,0.02995 ,0.24314 ,0.03050 ,0.52097 ,0.02899 
0.02105 ,0.02995 ,0.33885 ,0.03050 ,0.51036 ,0.02899 
0.03729 ,0.02995 ,0.30756 ,0.03050 ,0.57047 ,0.02900 
0.04769 ,0.02995 ,0.20724 ,0.03051 ,0.66179 ,0.02900 
0.08997 ,0.02995 ,0.26341 ,0.03051 ,0.59095 ,0.02900 
0.24524 ,0.02996 ,0.33212 ,0.03051 ,0.55749 ,0.02900 
0.06817 ,0.02996 ,0.20837 ,0.03051 ,0.51585 ,0.02900 
0.03989 ,0.02996 ,0.33986 ,0.03052 ,0.68059 ,0.02900 
0.10373 ,0.02996 ,0.23319 ,0.03052 ,0.58105 ,0.02900 
0.05693 ,0.02996 ,0.23200 ,0.03052 ,0.55140 ,0.02900 
0.09813 ,0.02996 ,0.24179 ,0.03052 ,0.50351 ,0.02900 
0.07226 ,0.02996 ,0.22812 ,0.03052 ,0.49185 ,0.02900 
0.03464 ,0.02996 ,0.22082 ,0.03052 ,0.70663 ,0.02901 
0.22323 ,0.02996 ,0.22696 ,0.03052 ,0.50137 ,0.02901 
0.17758 ,0.02996 ,0.22561 ,0.03052 ,0.51452 ,0.02901 
0.29662 ,0.02997 ,0.23846 ,0.03052 ,0.48008 ,0.02901 
0.19779 ,0.02997 ,0.31176 ,0.03053 ,0.55945 ,0.02901 
0.26345 ,0.02997 ,0.28050 ,0.03053 ,0.59660 ,0.02901 
0.05291 ,0.02997 ,0.22166 ,0.03053 ,0.51730 ,0.02901 
0.24528 ,0.02997 ,0.19738 ,0.03053 ,0.54664 ,0.02901 
0.20767 ,0.02997 ,0.30200 ,0.03053 ,0.51346 ,0.02901 
0.13717 ,0.02997 ,0.27484 ,0.03053 ,0.52094 ,0.02902 
0.05184 ,0.02997 ,0.26795 ,0.03053 ,0.58770 ,0.02902 
0.10984 ,0.02997 ,0.36641 ,0.03053 ,0.50106 ,0.02902 
0.13235 ,0.02997 ,0.37428 ,0.03054 ,0.62342 ,0.02902 
0.21610 ,0.02998 ,0.19897 ,0.03054 ,0.59882 ,0.02902 
0.06193 ,0.02998 ,0.24810 ,0.03054 ,0.65488 ,0.02902 
0.18500 ,0.02998 ,0.28048 ,0.03055 ,0.68794 ,0.02903 
0.12634 ,0.02998 ,0.30035 ,0.03055 ,0.52493 ,0.02903 
0.01994 ,0.02999 ,0.21153 ,0.03055 ,0.60612 ,0.02903 
0.11115 ,0.02999 ,0.31638 ,0.03055 ,0.49307 ,0.02903 
0.10792 ,0.02999 ,0.20526 ,0.03055 ,0.56791 ,0.02903 
0.12420 ,0.02999 ,0.28017 ,0.03055 ,0.53936 ,0.02903 
0.03461 ,0.02999 ,0.21658 ,0.03056 ,0.59695 ,0.02904 
0.12573 ,0.02999 ,0.28426 ,0.03056 ,0.52107 ,0.02904 
0.04148 ,0.03000 ,0.27459 ,0.03056 ,0.54860 ,0.02904 
0.11901 ,0.03000 ,0.30045 ,0.03056 ,0.52391 ,0.02904 
0.02564 ,0.03000 ,0.30687 ,0.03057 ,0.54204 ,0.02904 
0.22523 ,0.03000 ,0.23823 ,0.03057 ,0.50761 ,0.02904 
0.12651 ,0.03000 ,0.25579 ,0.03057 ,0.51691 ,0.02904 
0.08566 ,0.03000 ,0.32623 ,0.03057 ,0.48924 ,0.02904 
0.13206 ,0.03000 ,0.25660 ,0.03057 ,0.51446 ,0.02904 
0.09466 ,0.03000 ,0.23836 ,0.03057 ,0.52336 ,0.02904 
0.07903 ,0.03000 ,0.22717 ,0.03057 ,0.50225 ,0.02904 
0.21756 ,0.03000 ,0.26649 ,0.03057 ,0.54463 ,0.02904 
0.17613 ,0.03000 ,0.36134 ,0.03058 ,0.52772 ,0.02905 
0.04154 ,0.03001 ,0.25330 ,0.03058 ,0.55197 ,0.02905 
0.18058 ,0.03001 ,0.29817 ,0.03058 ,0.58943 ,0.02905 
0.08599 ,0.03001 ,0.20135 ,0.03058 ,0.52101 ,0.02905 
0.07038 ,0.03001 ,0.40936 ,0.03058 ,0.50514 ,0.02905 
0.07596 ,0.03001 ,0.29584 ,0.03059 ,0.55371 ,0.02905 
0.10012 ,0.03001 ,0.30937 ,0.03059 ,0.60226 ,0.02906 
0.04582 ,0.03001 ,0.29121 ,0.03059 ,0.49992 ,0.02906 
0.16576 ,0.03001 ,0.33173 ,0.03060 ,0.60691 ,0.02906 
0.03636 ,0.03001 ,0.24290 ,0.03060 ,0.54380 ,0.02906 
0.37739 ,0.03001 ,0.20415 ,0.03060 ,0.52508 ,0.02906 
0.06041 ,0.03001 ,0.32058 ,0.03060 ,0.54165 ,0.02906 
0.11780 ,0.03001 ,0.23241 ,0.03060 ,0.51128 ,0.02906 
0.09428 ,0.03001 ,0.36724 ,0.03060 ,0.60384 ,0.02906 
0.04501 ,0.03002 ,0.32498 ,0.03060 ,0.57098 ,0.02906 
0.12262 ,0.03002 ,0.23661 ,0.03060 ,0.49875 ,0.02906 
0.11291 ,0.03002 ,0.23267 ,0.03060 ,0.56118 ,0.02907 
0.03991 ,0.03002 ,0.18706 ,0.03060 ,0.56183 ,0.02907 
0.30187 ,0.03002 ,0.24576 ,0.03060 ,0.58858 ,0.02907 
0.08372 ,0.03002 ,0.26911 ,0.03061 ,0.52183 ,0.02907 
0.19503 ,0.03002 ,0.30316 ,0.03061 ,0.51970 ,0.02907 
0.03062 ,0.03002 ,0.20961 ,0.03061 ,0.53127 ,0.02907 
0.03399 ,0.03002 ,0.23609 ,0.03061 ,0.56828 ,0.02907 
0.18873 ,0.03002 ,0.25515 ,0.03061 ,0.55914 ,0.02908 
0.03124 ,0.03003 ,0.24486 ,0.03061 ,0.53013 ,0.02908 
0.06942 ,0.03003 ,0.22164 ,0.03061 ,0.56500 ,0.02908 
0.38643 ,0.03003 ,0.26510 ,0.03061 ,0.56559 ,0.02908 
0.04376 ,0.03003 ,0.37639 ,0.03061 ,0.51318 ,0.02908 
0.07439 ,0.03003 ,0.25307 ,0.03062 ,0.50845 ,0.02909 
0.03479 ,0.03003 ,0.28362 ,0.03062 ,0.50757 ,0.02909 
0.02513 ,0.03003 ,0.21818 ,0.03062 ,0.49321 ,0.02909 
0.06929 ,0.03004 ,0.29090 ,0.03062 ,0.53603 ,0.02909 
0.02757 ,0.03004 ,0.26065 ,0.03062 ,0.56194 ,0.02909 
0.16240 ,0.03004 ,0.24225 ,0.03062 ,0.68479 ,0.02909 
0.07790 ,0.03004 ,0.23783 ,0.03063 ,0.49876 ,0.02909 
0.25274 ,0.03004 ,0.22997 ,0.03063 ,0.55242 ,0.02910 
0.02754 ,0.03004 ,0.20546 ,0.03063 ,0.59424 ,0.02910 
0.05380 ,0.03004 ,0.18583 ,0.03063 ,0.53493 ,0.02910 
0.05286 ,0.03004 ,0.23574 ,0.03063 ,0.62629 ,0.02910 
0.01665 ,0.03005 ,0.20386 ,0.03063 ,0.52524 ,0.02910 
0.06567 ,0.03005 ,0.27911 ,0.03063 ,0.59819 ,0.02910 
0.04669 ,0.03005 ,0.30820 ,0.03063 ,0.64405 ,0.02910 
0.22057 ,0.03005 ,0.20293 ,0.03063 ,0.50950 ,0.02910 
0.02220 ,0.03005 ,0.27627 ,0.03063 ,0.53855 ,0.02910 
0.21481 ,0.03005 ,0.23072 ,0.03063 ,0.58503 ,0.02911 
0.04329 ,0.03005 ,0.19811 ,0.03063 ,0.49170 ,0.02911 
0.08382 ,0.03005 ,0.36934 ,0.03063 ,0.50831 ,0.02911 
0.19661 ,0.03005 ,0.21435 ,0.03063 ,0.58663 ,0.02911 
0.03061 ,0.03005 ,0.23899 ,0.03064 ,0.49409 ,0.02911 
0.03615 ,0.03005 ,0.21427 ,0.03064 ,0.56133 ,0.02911 
0.08385 ,0.03005 ,0.27005 ,0.03064 ,0.57350 ,0.02912 
0.11054 ,0.03006 ,0.31701 ,0.03064 ,0.50901 ,0.02912 
0.18872 ,0.03007 ,0.25639 ,0.03064 ,0.49723 ,0.02912 
0.18868 ,0.03007 ,0.28890 ,0.03064 ,0.54849 ,0.02912 
0.05565 ,0.03007 ,0.23078 ,0.03065 ,0.54463 ,0.02912 
0.07952 ,0.03007 ,0.24539 ,0.03065 ,0.51037 ,0.02912 
0.17806 ,0.03007 ,0.27512 ,0.03065 ,0.51910 ,0.02912 
0.17873 ,0.03007 ,0.32245 ,0.03065 ,0.46894 ,0.02912 
0.10380 ,0.03007 ,0.20256 ,0.03065 ,0.50098 ,0.02912 
0.06573 ,0.03007 ,0.23760 ,0.03065 ,0.52328 ,0.02913 
0.24277 ,0.03008 ,0.31721 ,0.03065 ,0.56001 ,0.02913 
0.06118 ,0.03008 ,0.22265 ,0.03065 ,0.59632 ,0.02913 
0.18952 ,0.03008 ,0.26584 ,0.03065 ,0.62518 ,0.02913 
0.12091 ,0.03008 ,0.57606 ,0.03065 ,0.53861 ,0.02913 
0.03910 ,0.03008 ,0.27390 ,0.03066 ,0.52229 ,0.02913 
0.03661 ,0.03008 ,0.39010 ,0.03066 ,0.64823 ,0.02913 
0.05029 ,0.03008 ,0.25493 ,0.03066 ,0.46724 ,0.02913 
0.28709 ,0.03008 ,0.21572 ,0.03066 ,0.68641 ,0.02913 
0.05177 ,0.03009 ,0.29541 ,0.03066 ,0.51957 ,0.02913 
0.18260 ,0.03009 ,0.34357 ,0.03067 ,0.54482 ,0.02913 
0.02827 ,0.03009 ,0.24128 ,0.03067 ,0.50785 ,0.02913 
0.40892 ,0.03009 ,0.24571 ,0.03068 ,0.48960 ,0.02913 
0.02626 ,0.03009 ,0.27010 ,0.03068 ,0.53039 ,0.02913 
0.10056 ,0.03009 ,0.20853 ,0.03068 ,0.51192 ,0.02914 
0.05905 ,0.03009 ,0.33986 ,0.03068 ,0.50988 ,0.02914 
0.12246 ,0.03009 ,0.29362 ,0.03068 ,0.53142 ,0.02914 
0.05254 ,0.03010 ,0.39480 ,0.03068 ,0.57705 ,0.02914 
0.03480 ,0.03010 ,0.32787 ,0.03068 ,0.54261 ,0.02914 
0.06393 ,0.03010 ,0.24986 ,0.03068 ,0.66784 ,0.02914 
0.10508 ,0.03010 ,0.29990 ,0.03068 ,0.52018 ,0.02915 
0.06834 ,0.03010 ,0.18870 ,0.03068 ,0.57939 ,0.02915 
0.07314 ,0.03010 ,0.41704 ,0.03068 ,0.53958 ,0.02915 
0.17228 ,0.03010 ,0.21493 ,0.03069 ,0.56861 ,0.02915 
0.05090 ,0.03010 ,0.20682 ,0.03069 ,0.53729 ,0.02916 
0.02616 ,0.03011 ,0.29364 ,0.03069 ,0.50504 ,0.02916 
0.34922 ,0.03011 ,0.21399 ,0.03069 ,0.51880 ,0.02916 
0.03192 ,0.03011 ,0.20605 ,0.03069 ,0.59273 ,0.02916 
0.07251 ,0.03011 ,0.20012 ,0.03069 ,0.52675 ,0.02916 
0.03075 ,0.03011 ,0.24174 ,0.03070 ,0.53238 ,0.02916 
0.08083 ,0.03011 ,0.29657 ,0.03070 ,0.53581 ,0.02916 
0.03024 ,0.03011 ,0.29482 ,0.03070 ,0.59817 ,0.02917 
0.07897 ,0.03011 ,0.26786 ,0.03070 ,0.50175 ,0.02917 
0.12588 ,0.03011 ,0.25577 ,0.03070 ,0.51321 ,0.02917 
0.18174 ,0.03011 ,0.24504 ,0.03070 ,0.50891 ,0.02918 
0.04607 ,0.03012 ,0.21847 ,0.03071 ,0.52562 ,0.02918 
0.02556 ,0.03012 ,0.20462 ,0.03071 ,0.52478 ,0.02918 
0.01583 ,0.03012 ,0.23359 ,0.03071 ,0.52186 ,0.02918 
0.11359 ,0.03012 ,0.31263 ,0.03072 ,0.51158 ,0.02918 
0.15373 ,0.03012 ,0.30205 ,0.03072 ,0.48061 ,0.02918 
0.11946 ,0.03012 ,0.20306 ,0.03072 ,0.53845 ,0.02918 
0.03154 ,0.03012 ,0.25923 ,0.03072 ,0.56375 ,0.02918 
0.04527 ,0.03012 ,0.21492 ,0.03072 ,0.50832 ,0.02918 
0.16604 ,0.03013 ,0.24907 ,0.03072 ,0.59760 ,0.02918 
0.06326 ,0.03013 ,0.28863 ,0.03072 ,0.49765 ,0.02918 
0.02224 ,0.03013 ,0.28832 ,0.03072 ,0.56121 ,0.02918 
0.13988 ,0.03013 ,0.21900 ,0.03072 ,0.49407 ,0.02918 
0.05037 ,0.03013 ,0.50393 ,0.03072 ,0.64417 ,0.02918 
0.07321 ,0.03013 ,0.26144 ,0.03073 ,0.51679 ,0.02919 
0.03151 ,0.03013 ,0.21365 ,0.03073 ,0.49769 ,0.02919 
0.06296 ,0.03013 ,0.21356 ,0.03073 ,0.60008 ,0.02919 
0.04968 ,0.03014 ,0.23026 ,0.03073 ,0.60446 ,0.02919 
0.08490 ,0.03014 ,0.26300 ,0.03073 ,0.51075 ,0.02919 
0.05411 ,0.03014 ,0.21714 ,0.03073 ,0.58087 ,0.02919 
0.08815 ,0.03014 ,0.21412 ,0.03074 ,0.48759 ,0.02920 
0.03999 ,0.03014 ,0.20866 ,0.03074 ,0.52337 ,0.02920 
0.20907 ,0.03014 ,0.25831 ,0.03074 ,0.50138 ,0.02920 
0.37507 ,0.03014 ,0.21818 ,0.03074 ,0.59106 ,0.02920 
0.10060 ,0.03014 ,0.35378 ,0.03074 ,0.52690 ,0.02920 
0.05124 ,0.03014 ,0.44903 ,0.03074 ,0.54313 ,0.02920 
0.29733 ,0.03014 ,0.24641 ,0.03074 ,0.59529 ,0.02920 
0.05995 ,0.03015 ,0.19704 ,0.03074 ,0.52976 ,0.02920 
0.04607 ,0.03015 ,0.21336 ,0.03074 ,0.51278 ,0.02921 
0.05768 ,0.03015 ,0.22123 ,0.03074 ,0.52390 ,0.02921 
0.03283 ,0.03015 ,0.21632 ,0.03075 ,0.54973 ,0.02921 
0.24995 ,0.03015 ,0.28799 ,0.03075 ,0.53735 ,0.02921 
0.09211 ,0.03015 ,0.23165 ,0.03075 ,0.58534 ,0.02921 
0.16587 ,0.03016 ,0.29535 ,0.03075 ,0.50283 ,0.02921 
0.08143 ,0.03016 ,0.25424 ,0.03075 ,0.59727 ,0.02921 
0.06147 ,0.03016 ,0.37803 ,0.03075 ,0.55465 ,0.02922 
0.11331 ,0.03016 ,0.18650 ,0.03075 ,0.49851 ,0.02922 
0.06362 ,0.03016 ,0.27814 ,0.03075 ,0.53340 ,0.02923 
0.07424 ,0.03016 ,0.20124 ,0.03076 ,0.65933 ,0.02923 
0.16802 ,0.03016 ,0.20978 ,0.03076 ,0.52602 ,0.02923 
0.04902 ,0.03016 ,0.27735 ,0.03076 ,0.54812 ,0.02923 
0.11027 ,0.03016 ,0.20369 ,0.03076 ,0.51291 ,0.02924 
0.05815 ,0.03016 ,0.28661 ,0.03076 ,0.56419 ,0.02924 
0.04405 ,0.03017 ,0.31505 ,0.03076 ,0.51943 ,0.02924 
0.03208 ,0.03017 ,0.36939 ,0.03076 ,0.56604 ,0.02924 
0.17864 ,0.03017 ,0.25897 ,0.03076 ,0.56435 ,0.02924 
0.05946 ,0.03017 ,0.22475 ,0.03076 ,0.64238 ,0.02924 
0.16687 ,0.03017 ,0.23992 ,0.03077 ,0.54555 ,0.02924 
0.08682 ,0.03018 ,0.36820 ,0.03077 ,0.53447 ,0.02924 
0.03486 ,0.03018 ,0.20070 ,0.03077 ,0.56954 ,0.02925 
0.02564 ,0.03018 ,0.20099 ,0.03077 ,0.68032 ,0.02925 
0.14315 ,0.03018 ,0.21824 ,0.03077 ,0.60051 ,0.02925 
0.03585 ,0.03018 ,0.31896 ,0.03077 ,0.49477 ,0.02925 
0.11005 ,0.03018 ,0.32062 ,0.03078 ,0.52155 ,0.02925 
0.23064 ,0.03018 ,0.25236 ,0.03078 ,0.55127 ,0.02925 
0.24673 ,0.03018 ,0.35238 ,0.03078 ,0.52805 ,0.02925 
0.07336 ,0.03018 ,0.29160 ,0.03078 ,0.59950 ,0.02926 
0.05002 ,0.03018 ,0.27807 ,0.03078 ,0.53450 ,0.02926 
0.03084 ,0.03019 ,0.29978 ,0.03078 ,0.53833 ,0.02926 
0.06944 ,0.03019 ,0.21241 ,0.03079 ,0.54060 ,0.02926 
0.03121 ,0.03019 ,0.28311 ,0.03079 ,0.58012 ,0.02926 
0.06702 ,0.03019 ,0.29529 ,0.03079 ,0.49478 ,0.02926 
0.16438 ,0.03019 ,0.29024 ,0.03079 ,0.55295 ,0.02926 
0.23457 ,0.03019 ,0.19118 ,0.03079 ,0.54268 ,0.02926 
0.03625 ,0.03019 ,0.23477 ,0.03079 ,0.61924 ,0.02926 
0.22464 ,0.03020 ,0.29362 ,0.03079 ,0.65685 ,0.02926 
0.09667 ,0.03020 ,0.25197 ,0.03079 ,0.65064 ,0.02926 
0.20451 ,0.03020 ,0.22677 ,0.03079 ,0.48486 ,0.02926 
0.08859 ,0.03020 ,0.25253 ,0.03080 ,0.55414 ,0.02926 
0.03147 ,0.03020 ,0.21328 ,0.03080 ,0.64206 ,0.02926 
0.28164 ,0.03020 ,0.24184 ,0.03080 ,0.51452 ,0.02927 
0.10884 ,0.03020 ,0.22964 ,0.03080 ,0.53360 ,0.02927 
0.04398 ,0.03021 ,0.41121 ,0.03080 ,0.54351 ,0.02927 
0.22816 ,0.03021 ,0.27907 ,0.03080 ,0.53197 ,0.02927 
0.10711 ,0.03021 ,0.22390 ,0.03081 ,0.51186 ,0.02927 
0.26964 ,0.03021 ,0.22734 ,0.03081 ,0.49972 ,0.02927 
0.05574 ,0.03021 ,0.41891 ,0.03081 ,0.58037 ,0.02927 
0.03592 ,0.03021 ,0.25351 ,0.03082 ,0.51894 ,0.02927 
0.05841 ,0.03022 ,0.31401 ,0.03082 ,0.64853 ,0.02928 
0.05623 ,0.03022 ,0.27535 ,0.03082 ,0.50825 ,0.02928 
0.26405 ,0.03022 ,0.26082 ,0.03082 ,0.67031 ,0.02928 
0.06034 ,0.03022 ,0.21201 ,0.03082 ,0.60085 ,0.02928 
0.05220 ,0.03022 ,0.21716 ,0.03082 ,0.59965 ,0.02928 
0.26851 ,0.03022 ,0.24970 ,0.03082 ,0.49437 ,0.02928 
0.04485 ,0.03022 ,0.20517 ,0.03082 ,0.59978 ,0.02929 
0.30182 ,0.03022 ,0.26755 ,0.03082 ,0.50924 ,0.02929 
0.04524 ,0.03022 ,0.20263 ,0.03082 ,0.49011 ,0.02929 
0.07826 ,0.03022 ,0.27387 ,0.03082 ,0.50648 ,0.02929 
0.07861 ,0.03022 ,0.25634 ,0.03082 ,0.60918 ,0.02929 
0.08867 ,0.03023 ,0.22388 ,0.03082 ,0.57757 ,0.02929 
0.11547 ,0.03023 ,0.32908 ,0.03082 ,0.49164 ,0.02929 
0.18082 ,0.03023 ,0.31900 ,0.03082 ,0.59088 ,0.02929 
0.04929 ,0.03023 ,0.18383 ,0.03082 ,0.58597 ,0.02929 
0.19272 ,0.03023 ,0.24197 ,0.03083 ,0.67058 ,0.02930 
0.18496 ,0.03023 ,0.26501 ,0.03083 ,0.60211 ,0.02930 
0.06648 ,0.03023 ,0.21907 ,0.03083 ,0.53294 ,0.02930 
0.15564 ,0.03023 ,0.20082 ,0.03083 ,0.49828 ,0.02930 
0.03480 ,0.03024 ,0.24880 ,0.03083 ,0.70076 ,0.02930 
0.09134 ,0.03024 ,0.28683 ,0.03083 ,0.67154 ,0.02930 
0.04902 ,0.03024 ,0.26028 ,0.03083 ,0.50177 ,0.02930 
0.04978 ,0.03024 ,0.24612 ,0.03083 ,0.50369 ,0.02930 
0.23579 ,0.03024 ,0.18998 ,0.03084 ,0.56661 ,0.02930 
0.04558 ,0.03024 ,0.23354 ,0.03084 ,0.58412 ,0.02930 
0.13056 ,0.03024 ,0.21267 ,0.03084 ,0.54661 ,0.02930 
0.01710 ,0.03024 ,0.21044 ,0.03084 ,0.60866 ,0.02931 
0.03370 ,0.03024 ,0.19913 ,0.03084 ,0.51760 ,0.02931 
0.15469 ,0.03025 ,0.22933 ,0.03085 ,0.66896 ,0.02931 
0.05918 ,0.03025 ,0.23744 ,0.03085 ,0.67456 ,0.02931 
0.09830 ,0.03025 ,0.27743 ,0.03085 ,0.55098 ,0.02931 
0.03156 ,0.03025 ,0.19787 ,0.03085 ,0.49464 ,0.02931 
0.16918 ,0.03025 ,0.28632 ,0.03085 ,0.54876 ,0.02932 
0.03332 ,0.03025 ,0.25360 ,0.03085 ,0.61000 ,0.02932 
0.16162 ,0.03025 ,0.30304 ,0.03085 ,0.51704 ,0.02932 
0.18462 ,0.03026 ,0.26082 ,0.03085 ,0.56008 ,0.02932 
0.06438 ,0.03026 ,0.24419 ,0.03085 ,0.55539 ,0.02932 
0.28522 ,0.03026 ,0.21514 ,0.03086 ,0.51525 ,0.02933 
0.09687 ,0.03026 ,0.21644 ,0.03086 ,0.71718 ,0.02933 
0.05318 ,0.03026 ,0.26686 ,0.03086 ,0.64934 ,0.02933 
0.13070 ,0.03026 ,0.26292 ,0.03086 ,0.64041 ,0.02934 
0.10357 ,0.03027 ,0.23263 ,0.03086 ,0.61551 ,0.02934 
0.10637 ,0.03027 ,0.24187 ,0.03086 ,0.58182 ,0.02934 
0.12762 ,0.03027 ,0.30366 ,0.03086 ,0.54164 ,0.02934 
0.04726 ,0.03027 ,0.24427 ,0.03086 ,0.51968 ,0.02935 
0.13497 ,0.03027 ,0.20463 ,0.03086 ,0.53252 ,0.02935 
0.15146 ,0.03027 ,0.22188 ,0.03086 ,0.62258 ,0.02935 
0.09386 ,0.03027 ,0.19168 ,0.03086 ,0.54234 ,0.02935 
0.10713 ,0.03027 ,0.22472 ,0.03086 ,0.58308 ,0.02935 
0.09028 ,0.03028 ,0.25344 ,0.03086 ,0.50555 ,0.02935 
0.25044 ,0.03028 ,0.25808 ,0.03087 ,0.55934 ,0.02935 
0.13218 ,0.03028 ,0.19548 ,0.03087 ,0.50362 ,0.02935 
0.05859 ,0.03028 ,0.26465 ,0.03087 ,0.51787 ,0.02936 
0.21667 ,0.03028 ,0.20293 ,0.03087 ,0.54190 ,0.02936 
0.02744 ,0.03028 ,0.24231 ,0.03087 ,0.52243 ,0.02936 
0.09437 ,0.03028 ,0.21569 ,0.03087 ,0.64539 ,0.02936 
0.05897 ,0.03029 ,0.24840 ,0.03087 ,0.49194 ,0.02936 
0.03774 ,0.03029 ,0.24030 ,0.03087 ,0.58669 ,0.02936 
0.03056 ,0.03029 ,0.23474 ,0.03087 ,0.52868 ,0.02937 
0.12017 ,0.03029 ,0.28105 ,0.03088 ,0.55774 ,0.02937 
0.12717 ,0.03029 ,0.23048 ,0.03088 ,0.54667 ,0.02937 
0.03843 ,0.03029 ,0.23020 ,0.03088 ,0.51466 ,0.02937 
0.03654 ,0.03029 ,0.23590 ,0.03088 ,0.52829 ,0.02937 
0.03866 ,0.03029 ,0.43395 ,0.03088 ,0.51631 ,0.02938 
0.22797 ,0.03030 ,0.24915 ,0.03088 ,0.53187 ,0.02938 
0.10908 ,0.03030 ,0.22295 ,0.03088 ,0.52692 ,0.02938 
0.10102 ,0.03030 ,0.25969 ,0.03088 ,0.48600 ,0.02938 
0.03548 ,0.03030 ,0.20265 ,0.03089 ,0.55045 ,0.02938 
0.12551 ,0.03030 ,0.21186 ,0.03089 ,0.50288 ,0.02938 
0.03508 ,0.03030 ,0.29881 ,0.03089 ,0.47521 ,0.02938 
0.05224 ,0.03030 ,0.34187 ,0.03089 ,0.52944 ,0.02938 
0.07115 ,0.03030 ,0.30447 ,0.03089 ,0.51891 ,0.02938 
0.08715 ,0.03030 ,0.25422 ,0.03090 ,0.64900 ,0.02938 
0.15447 ,0.03030 ,0.23594 ,0.03090 ,0.50581 ,0.02938 
0.07337 ,0.03030 ,0.23520 ,0.03090 ,0.48062 ,0.02938 
0.01022 ,0.03030 ,0.20097 ,0.03090 ,0.57224 ,0.02939 
0.03935 ,0.03031 ,0.28185 ,0.03090 ,0.50141 ,0.02939 
0.18463 ,0.03031 ,0.21917 ,0.03090 ,0.58669 ,0.02939 
0.06942 ,0.03031 ,0.35142 ,0.03091 ,0.54136 ,0.02939 
0.11745 ,0.03031 ,0.31418 ,0.03091 ,0.48788 ,0.02939 
0.07126 ,0.03032 ,0.28602 ,0.03091 ,0.54082 ,0.02940 
0.15900 ,0.03032 ,0.26853 ,0.03091 ,0.52387 ,0.02940 
0.04510 ,0.03032 ,0.23034 ,0.03091 ,0.52799 ,0.02940 
0.06572 ,0.03032 ,0.21731 ,0.03092 ,0.65532 ,0.02940 
0.26158 ,0.03032 ,0.30942 ,0.03092 ,0.50440 ,0.02940 
0.03795 ,0.03032 ,0.27656 ,0.03092 ,0.51149 ,0.02941 
0.07436 ,0.03032 ,0.24197 ,0.03092 ,0.50261 ,0.02941 
0.00630 ,0.03032 ,0.27165 ,0.03092 ,0.51872 ,0.02941 
0.03625 ,0.03032 ,0.24148 ,0.03092 ,0.50139 ,0.02942 
0.13049 ,0.03032 ,0.30252 ,0.03092 ,0.56575 ,0.02942 
0.11647 ,0.03032 ,0.24421 ,0.03092 ,0.57266 ,0.02942 
0.17231 ,0.03032 ,0.38078 ,0.03092 ,0.67971 ,0.02942 
0.04007 ,0.03033 ,0.22183 ,0.03092 ,0.64229 ,0.02943 
0.10809 ,0.03033 ,0.19912 ,0.03092 ,0.50419 ,0.02943 
0.07469 ,0.03033 ,0.21230 ,0.03093 ,0.50577 ,0.02943 
0.06981 ,0.03033 ,0.27665 ,0.03093 ,0.71447 ,0.02943 
0.06974 ,0.03033 ,0.29433 ,0.03093 ,0.52945 ,0.02943 
0.01856 ,0.03033 ,0.25975 ,0.03093 ,0.50577 ,0.02943 
0.25544 ,0.03033 ,0.21129 ,0.03093 ,0.53473 ,0.02943 
0.09530 ,0.03033 ,0.23072 ,0.03093 ,0.50381 ,0.02943 
0.04412 ,0.03034 ,0.26091 ,0.03094 ,0.51572 ,0.02943 
0.12463 ,0.03034 ,0.24233 ,0.03094 ,0.55283 ,0.02943 
0.04304 ,0.03034 ,0.37319 ,0.03094 ,0.54947 ,0.02943 
0.12069 ,0.03035 ,0.33517 ,0.03094 ,0.50008 ,0.02944 
0.20330 ,0.03035 ,0.21292 ,0.03094 ,0.58419 ,0.02944 
0.15728 ,0.03035 ,0.32986 ,0.03095 ,0.50857 ,0.02944 
0.04058 ,0.03035 ,0.24507 ,0.03095 ,0.52141 ,0.02944 
0.08951 ,0.03035 ,0.21415 ,0.03095 ,0.54248 ,0.02944 
0.07530 ,0.03035 ,0.25098 ,0.03095 ,0.51467 ,0.02944 
0.02518 ,0.03036 ,0.32566 ,0.03095 ,0.57238 ,0.02944 
0.07286 ,0.03036 ,0.24510 ,0.03095 ,0.62271 ,0.02944 
0.20880 ,0.03036 ,0.21240 ,0.03096 ,0.60013 ,0.02944 
0.09522 ,0.03036 ,0.25340 ,0.03096 ,0.51025 ,0.02945 
0.27897 ,0.03036 ,0.28188 ,0.03096 ,0.51532 ,0.02945 
0.11001 ,0.03036 ,0.20517 ,0.03096 ,0.59182 ,0.02945 
0.07451 ,0.03036 ,0.24813 ,0.03096 ,0.55434 ,0.02945 
0.12041 ,0.03037 ,0.32539 ,0.03097 ,0.56430 ,0.02945 
0.05957 ,0.03037 ,0.27736 ,0.03097 ,0.50611 ,0.02945 
0.09623 ,0.03037 ,0.25666 ,0.03097 ,0.59302 ,0.02945 
0.06610 ,0.03037 ,0.35326 ,0.03097 ,0.58012 ,0.02946 
0.12723 ,0.03037 ,0.26022 ,0.03097 ,0.58442 ,0.02946 
0.04113 ,0.03037 ,0.26238 ,0.03097 ,0.55477 ,0.02946 
0.05524 ,0.03037 ,0.24251 ,0.03097 ,0.62742 ,0.02946 
0.17717 ,0.03037 ,0.21072 ,0.03097 ,0.53445 ,0.02946 
0.09841 ,0.03037 ,0.32421 ,0.03097 ,0.48155 ,0.02946 
0.03520 ,0.03037 ,0.24662 ,0.03098 ,0.57109 ,0.02947 
0.13980 ,0.03037 ,0.22883 ,0.03098 ,0.52290 ,0.02947 
0.10103 ,0.03038 ,0.29053 ,0.03098 ,0.51402 ,0.02947 
0.05114 ,0.03038 ,0.22536 ,0.03098 ,0.51282 ,0.02947 
0.07615 ,0.03038 ,0.22451 ,0.03098 ,0.54436 ,0.02947 
0.16037 ,0.03038 ,0.22172 ,0.03098 ,0.55942 ,0.02947 
0.22037 ,0.03038 ,0.19557 ,0.03099 ,0.55717 ,0.02947 
0.17129 ,0.03039 ,0.22416 ,0.03099 ,0.52191 ,0.02947 
0.20922 ,0.03039 ,0.20578 ,0.03099 ,0.65965 ,0.02947 
0.13692 ,0.03039 ,0.26647 ,0.03099 ,0.51646 ,0.02947 
0.03587 ,0.03039 ,0.19278 ,0.03099 ,0.50537 ,0.02947 
0.10880 ,0.03039 ,0.21355 ,0.03099 ,0.53199 ,0.02947 
0.04687 ,0.03039 ,0.31602 ,0.03099 ,0.56701 ,0.02948 
0.28216 ,0.03040 ,0.22218 ,0.03100 ,0.52177 ,0.02948 
0.12482 ,0.03040 ,0.27262 ,0.03100 ,0.50194 ,0.02948 
0.23430 ,0.03040 ,0.25645 ,0.03101 ,0.49745 ,0.02948 
0.06672 ,0.03040 ,0.29020 ,0.03101 ,0.50568 ,0.02948 
0.03023 ,0.03040 ,0.27756 ,0.03101 ,0.57568 ,0.02948 
0.05775 ,0.03040 ,0.23763 ,0.03101 ,0.54321 ,0.02948 
0.19291 ,0.03040 ,0.24315 ,0.03101 ,0.64150 ,0.02948 
0.14503 ,0.03040 ,0.23286 ,0.03101 ,0.53561 ,0.02948 
0.04235 ,0.03040 ,0.26941 ,0.03101 ,0.60391 ,0.02949 
0.13638 ,0.03040 ,0.23536 ,0.03101 ,0.50809 ,0.02949 
0.04085 ,0.03040 ,0.22991 ,0.03101 ,0.50154 ,0.02949 
0.09499 ,0.03041 ,0.29993 ,0.03101 ,0.50564 ,0.02949 
0.19860 ,0.03041 ,0.26318 ,0.03101 ,0.48720 ,0.02949 
0.04902 ,0.03041 ,0.34642 ,0.03102 ,0.64043 ,0.02949 
0.03453 ,0.03041 ,0.20132 ,0.03102 ,0.49789 ,0.02949 
0.03475 ,0.03041 ,0.26380 ,0.03102 ,0.63653 ,0.02950 
0.12249 ,0.03041 ,0.24792 ,0.03102 ,0.55586 ,0.02950 
0.08710 ,0.03041 ,0.32910 ,0.03102 ,0.50776 ,0.02950 
0.08583 ,0.03041 ,0.24244 ,0.03102 ,0.54383 ,0.02950 
0.02143 ,0.03042 ,0.33946 ,0.03102 ,0.50663 ,0.02950 
0.08988 ,0.03042 ,0.27767 ,0.03102 ,0.50729 ,0.02950 
0.14363 ,0.03042 ,0.27927 ,0.03102 ,0.53859 ,0.02950 
0.05450 ,0.03042 ,0.23248 ,0.03102 ,0.52104 ,0.02950 
0.17797 ,0.03042 ,0.26999 ,0.03103 ,0.57019 ,0.02951 
0.05457 ,0.03042 ,0.20535 ,0.03103 ,0.58445 ,0.02951 
0.08324 ,0.03042 ,0.32242 ,0.03103 ,0.52703 ,0.02951 
0.09121 ,0.03042 ,0.22281 ,0.03103 ,0.57086 ,0.02951 
0.13303 ,0.03042 ,0.27482 ,0.03103 ,0.51370 ,0.02952 
0.22711 ,0.03042 ,0.20482 ,0.03103 ,0.52973 ,0.02952 
0.04877 ,0.03042 ,0.39152 ,0.03103 ,0.57473 ,0.02952 
0.36607 ,0.03043 ,0.22560 ,0.03104 ,0.54620 ,0.02953 
0.21274 ,0.03043 ,0.26835 ,0.03104 ,0.65117 ,0.02953 
0.06352 ,0.03043 ,0.32113 ,0.03104 ,0.58728 ,0.02953 
0.12907 ,0.03043 ,0.28212 ,0.03104 ,0.48509 ,0.02953 
0.04395 ,0.03043 ,0.28468 ,0.03104 ,0.51436 ,0.02953 
0.06019 ,0.03043 ,0.31626 ,0.03105 ,0.50359 ,0.02953 
0.15019 ,0.03043 ,0.23313 ,0.03105 ,0.54303 ,0.02953 
0.07224 ,0.03043 ,0.24014 ,0.03105 ,0.48842 ,0.02953 
0.15990 ,0.03044 ,0.31842 ,0.03105 ,0.58584 ,0.02953 
0.01751 ,0.03044 ,0.25492 ,0.03105 ,0.70771 ,0.02954 
0.07642 ,0.03044 ,0.30395 ,0.03105 ,0.52719 ,0.02954 
0.17669 ,0.03044 ,0.40372 ,0.03105 ,0.53435 ,0.02954 
0.11099 ,0.03044 ,0.35521 ,0.03105 ,0.50619 ,0.02954 
0.06495 ,0.03044 ,0.29249 ,0.03105 ,0.49050 ,0.02954 
0.04801 ,0.03044 ,0.21482 ,0.03106 ,0.53880 ,0.02954 
0.24615 ,0.03044 ,0.22677 ,0.03106 ,0.61547 ,0.02954 
0.05333 ,0.03044 ,0.25905 ,0.03106 ,0.54239 ,0.02954 
0.20752 ,0.03044 ,0.36804 ,0.03106 ,0.50496 ,0.02955 
0.07754 ,0.03044 ,0.27122 ,0.03106 ,0.51225 ,0.02955 
0.15050 ,0.03044 ,0.26310 ,0.03106 ,0.54859 ,0.02955 
0.05303 ,0.03044 ,0.23889 ,0.03106 ,0.70400 ,0.02955 
0.03268 ,0.03044 ,0.28159 ,0.03106 ,0.49805 ,0.02955 
0.06061 ,0.03044 ,0.30207 ,0.03107 ,0.57023 ,0.02955 
0.39419 ,0.03044 ,0.26101 ,0.03107 ,0.59692 ,0.02955 
0.03368 ,0.03044 ,0.31859 ,0.03107 ,0.60281 ,0.02955 
0.06896 ,0.03044 ,0.24286 ,0.03107 ,0.59201 ,0.02955 
0.03667 ,0.03045 ,0.24067 ,0.03107 ,0.59246 ,0.02955 
0.14979 ,0.03045 ,0.31238 ,0.03107 ,0.49864 ,0.02956 
0.04748 ,0.03045 ,0.24537 ,0.03107 ,0.52479 ,0.02956 
0.04920 ,0.03045 ,0.34646 ,0.03108 ,0.68649 ,0.02956 
0.12605 ,0.03045 ,0.28995 ,0.03108 ,0.58303 ,0.02956 
0.27192 ,0.03045 ,0.21784 ,0.03108 ,0.62181 ,0.02957 
0.02805 ,0.03045 ,0.27645 ,0.03108 ,0.51134 ,0.02957 
0.00905 ,0.03045 ,0.35200 ,0.03108 ,0.67613 ,0.02957 
0.05134 ,0.03045 ,0.22062 ,0.03108 ,0.47813 ,0.02957 
0.04838 ,0.03045 ,0.21023 ,0.03109 ,0.56964 ,0.02957 
0.11474 ,0.03045 ,0.29018 ,0.03109 ,0.65713 ,0.02957 
0.09301 ,0.03046 ,0.36679 ,0.03109 ,0.51674 ,0.02957 
0.05499 ,0.03046 ,0.22251 ,0.03109 ,0.69913 ,0.02957 
0.06372 ,0.03046 ,0.25311 ,0.03109 ,0.49474 ,0.02957 
0.08613 ,0.03046 ,0.20453 ,0.03109 ,0.62262 ,0.02957 
0.03877 ,0.03046 ,0.23777 ,0.03109 ,0.59744 ,0.02957 
0.13400 ,0.03046 ,0.35082 ,0.03109 ,0.54644 ,0.02958 
0.05318 ,0.03046 ,0.26438 ,0.03109 ,0.50557 ,0.02958 
0.16118 ,0.03046 ,0.26048 ,0.03110 ,0.56127 ,0.02958 
0.06683 ,0.03046 ,0.27524 ,0.03110 ,0.47643 ,0.02958 
0.12332 ,0.03047 ,0.22980 ,0.03110 ,0.57133 ,0.02958 
0.01400 ,0.03047 ,0.21451 ,0.03110 ,0.55080 ,0.02958 
0.13080 ,0.03047 ,0.26982 ,0.03110 ,0.54185 ,0.02958 
0.03043 ,0.03047 ,0.30176 ,0.03110 ,0.51423 ,0.02958 
0.09451 ,0.03047 ,0.26287 ,0.03110 ,0.52139 ,0.02958 
0.06751 ,0.03047 ,0.28071 ,0.03110 ,0.49701 ,0.02958 
0.13401 ,0.03047 ,0.21091 ,0.03110 ,0.51732 ,0.02959 
0.03023 ,0.03047 ,0.24125 ,0.03110 ,0.60365 ,0.02959 
0.08714 ,0.03047 ,0.25709 ,0.03110 ,0.50227 ,0.02959 
0.27042 ,0.03047 ,0.28949 ,0.03111 ,0.51398 ,0.02960 
0.08006 ,0.03048 ,0.24339 ,0.03111 ,0.57336 ,0.02960 
0.09893 ,0.03048 ,0.29825 ,0.03111 ,0.52570 ,0.02960 
0.04174 ,0.03048 ,0.24841 ,0.03111 ,0.52286 ,0.02960 
0.12646 ,0.03048 ,0.24327 ,0.03111 ,0.50054 ,0.02960 
0.21867 ,0.03048 ,0.28824 ,0.03111 ,0.51558 ,0.02960 
0.06615 ,0.03048 ,0.29151 ,0.03111 ,0.60662 ,0.02960 
0.07334 ,0.03048 ,0.38463 ,0.03111 ,0.59889 ,0.02961 
0.04724 ,0.03048 ,0.22856 ,0.03111 ,0.56562 ,0.02961 
0.04747 ,0.03048 ,0.34369 ,0.03112 ,0.67584 ,0.02961 
0.11577 ,0.03048 ,0.19713 ,0.03112 ,0.56212 ,0.02961 
0.07031 ,0.03049 ,0.32151 ,0.03112 ,0.51093 ,0.02961 
0.09989 ,0.03049 ,0.42691 ,0.03112 ,0.52646 ,0.02961 
0.18590 ,0.03049 ,0.23649 ,0.03112 ,0.55774 ,0.02962 
0.07677 ,0.03049 ,0.23623 ,0.03112 ,0.59371 ,0.02962 
0.07265 ,0.03049 ,0.24609 ,0.03112 ,0.58118 ,0.02962 
0.18546 ,0.03049 ,0.21644 ,0.03112 ,0.67559 ,0.02962 
0.22423 ,0.03049 ,0.32465 ,0.03113 ,0.54790 ,0.02962 
0.04630 ,0.03049 ,0.24708 ,0.03113 ,0.50125 ,0.02963 
0.10489 ,0.03049 ,0.24549 ,0.03113 ,0.54655 ,0.02963 
0.21794 ,0.03049 ,0.25765 ,0.03113 ,0.50600 ,0.02963 
0.20019 ,0.03049 ,0.42466 ,0.03113 ,0.56713 ,0.02963 
0.02981 ,0.03050 ,0.26753 ,0.03113 ,0.51685 ,0.02963 
0.04827 ,0.03050 ,0.24903 ,0.03114 ,0.50118 ,0.02963 
0.04657 ,0.03050 ,0.34476 ,0.03114 ,0.54049 ,0.02963 
0.12384 ,0.03050 ,0.23014 ,0.03114 ,0.60778 ,0.02963 
0.07244 ,0.03050 ,0.28081 ,0.03114 ,0.61467 ,0.02963 
0.07533 ,0.03051 ,0.26995 ,0.03114 ,0.54658 ,0.02963 
0.09109 ,0.03051 ,0.29210 ,0.03115 ,0.51155 ,0.02964 
0.06396 ,0.03051 ,0.28532 ,0.03115 ,0.57981 ,0.02964 
0.29789 ,0.03051 ,0.23132 ,0.03115 ,0.54191 ,0.02964 
0.05263 ,0.03051 ,0.20316 ,0.03115 ,0.51678 ,0.02964 
0.02774 ,0.03051 ,0.23450 ,0.03115 ,0.54336 ,0.02964 
0.01584 ,0.03052 ,0.33061 ,0.03115 ,0.68999 ,0.02964 
0.29161 ,0.03052 ,0.20827 ,0.03116 ,0.48049 ,0.02965 
0.03095 ,0.03052 ,0.20012 ,0.03116 ,0.52649 ,0.02965 
0.10063 ,0.03052 ,0.22095 ,0.03116 ,0.66353 ,0.02965 
0.26397 ,0.03052 ,0.28020 ,0.03116 ,0.51071 ,0.02965 
0.24493 ,0.03052 ,0.28024 ,0.03116 ,0.50424 ,0.02965 
0.18402 ,0.03052 ,0.30761 ,0.03116 ,0.50894 ,0.02965 
0.05444 ,0.03052 ,0.26383 ,0.03116 ,0.65564 ,0.02965 
0.10690 ,0.03053 ,0.28962 ,0.03116 ,0.59756 ,0.02965 
0.10591 ,0.03053 ,0.22833 ,0.03116 ,0.51998 ,0.02965 
0.12095 ,0.03053 ,0.25887 ,0.03116 ,0.56898 ,0.02965 
0.05538 ,0.03053 ,0.37617 ,0.03116 ,0.53406 ,0.02966 
0.03676 ,0.03053 ,0.29331 ,0.03116 ,0.51318 ,0.02966 
0.06623 ,0.03053 ,0.24747 ,0.03116 ,0.56836 ,0.02966 
0.03984 ,0.03053 ,0.34210 ,0.03117 ,0.50849 ,0.02966 
0.07529 ,0.03053 ,0.25076 ,0.03117 ,0.58093 ,0.02966 
0.09177 ,0.03053 ,0.30176 ,0.03117 ,0.56685 ,0.02966 
0.05722 ,0.03053 ,0.23010 ,0.03117 ,0.60793 ,0.02967 
0.08582 ,0.03053 ,0.25118 ,0.03117 ,0.65591 ,0.02967 
0.12544 ,0.03053 ,0.28380 ,0.03119 ,0.51584 ,0.02967 
0.04008 ,0.03053 ,0.24509 ,0.03119 ,0.58319 ,0.02967 
0.04299 ,0.03053 ,0.41083 ,0.03119 ,0.57190 ,0.02967 
0.03069 ,0.03054 ,0.30538 ,0.03120 ,0.49128 ,0.02968 
0.02623 ,0.03054 ,0.36775 ,0.03120 ,0.57424 ,0.02968 
0.05844 ,0.03054 ,0.30233 ,0.03121 ,0.50383 ,0.02969 
0.05123 ,0.03054 ,0.25745 ,0.03121 ,0.60986 ,0.02969 
0.13260 ,0.03054 ,0.32910 ,0.03121 ,0.49367 ,0.02969 
0.19580 ,0.03054 ,0.20660 ,0.03121 ,0.55647 ,0.02969 
0.14031 ,0.03054 ,0.38621 ,0.03122 ,0.50369 ,0.02970 
0.09536 ,0.03055 ,0.21463 ,0.03122 ,0.51469 ,0.02970 
0.04954 ,0.03055 ,0.29601 ,0.03122 ,0.57665 ,0.02970 
0.05629 ,0.03055 ,0.24405 ,0.03122 ,0.53296 ,0.02970 
0.04039 ,0.03055 ,0.44734 ,0.03122 ,0.56844 ,0.02971 
0.07749 ,0.03055 ,0.28507 ,0.03122 ,0.51861 ,0.02971 
0.05179 ,0.03055 ,0.29352 ,0.03122 ,0.52536 ,0.02971 
0.07341 ,0.03055 ,0.22160 ,0.03122 ,0.54237 ,0.02971 
0.17597 ,0.03055 ,0.19168 ,0.03122 ,0.49818 ,0.02972 
0.18050 ,0.03056 ,0.39769 ,0.03123 ,0.56105 ,0.02972 
0.09204 ,0.03056 ,0.24289 ,0.03123 ,0.61974 ,0.02972 
0.10874 ,0.03056 ,0.22879 ,0.03123 ,0.50042 ,0.02972 
0.08997 ,0.03056 ,0.21312 ,0.03123 ,0.52031 ,0.02972 
0.06964 ,0.03056 ,0.40658 ,0.03123 ,0.49679 ,0.02972 
0.02384 ,0.03056 ,0.33030 ,0.03123 ,0.52168 ,0.02972 
0.04051 ,0.03056 ,0.23116 ,0.03123 ,0.58391 ,0.02973 
0.06366 ,0.03056 ,0.31183 ,0.03123 ,0.52516 ,0.02973 
0.06394 ,0.03056 ,0.26236 ,0.03124 ,0.55987 ,0.02973 
0.07994 ,0.03056 ,0.21626 ,0.03124 ,0.52686 ,0.02973 
0.08357 ,0.03056 ,0.23079 ,0.03124 ,0.56420 ,0.02973 
0.10841 ,0.03056 ,0.21823 ,0.03124 ,0.49362 ,0.02973 
0.17959 ,0.03056 ,0.36326 ,0.03124 ,0.59485 ,0.02973 
0.10579 ,0.03056 ,0.23907 ,0.03124 ,0.57287 ,0.02973 
0.13015 ,0.03057 ,0.40328 ,0.03124 ,0.51795 ,0.02974 
0.10080 ,0.03057 ,0.26554 ,0.03124 ,0.49429 ,0.02974 
0.19952 ,0.03057 ,0.27457 ,0.03124 ,0.59476 ,0.02974 
0.27899 ,0.03057 ,0.25100 ,0.03125 ,0.52377 ,0.02974 
0.10815 ,0.03057 ,0.24148 ,0.03125 ,0.53916 ,0.02974 
0.06044 ,0.03057 ,0.24480 ,0.03125 ,0.63563 ,0.02974 
0.07219 ,0.03058 ,0.26551 ,0.03125 ,0.52511 ,0.02975 
0.14079 ,0.03058 ,0.30349 ,0.03125 ,0.62238 ,0.02975 
0.05706 ,0.03058 ,0.29666 ,0.03125 ,0.54641 ,0.02975 
0.02272 ,0.03058 ,0.26704 ,0.03125 ,0.56374 ,0.02975 
0.07830 ,0.03058 ,0.24376 ,0.03125 ,0.51279 ,0.02975 
0.05781 ,0.03058 ,0.23593 ,0.03125 ,0.55886 ,0.02976 
0.27296 ,0.03058 ,0.26433 ,0.03125 ,0.55309 ,0.02976 
0.20319 ,0.03058 ,0.25658 ,0.03125 ,0.55435 ,0.02976 
0.11161 ,0.03058 ,0.22911 ,0.03125 ,0.50484 ,0.02976 
0.02598 ,0.03058 ,0.27057 ,0.03126 ,0.58574 ,0.02976 
0.03440 ,0.03058 ,0.24284 ,0.03126 ,0.51874 ,0.02977 
0.06406 ,0.03058 ,0.23398 ,0.03126 ,0.52514 ,0.02977 
0.03975 ,0.03059 ,0.24360 ,0.03126 ,0.58131 ,0.02977 
0.07019 ,0.03059 ,0.32481 ,0.03126 ,0.55015 ,0.02977 
0.04647 ,0.03059 ,0.27790 ,0.03126 ,0.60892 ,0.02977 
0.27953 ,0.03059 ,0.30595 ,0.03126 ,0.53181 ,0.02977 
0.17620 ,0.03059 ,0.23723 ,0.03126 ,0.59885 ,0.02977 
0.15270 ,0.03059 ,0.36974 ,0.03127 ,0.51003 ,0.02978 
0.07495 ,0.03060 ,0.23629 ,0.03127 ,0.68979 ,0.02978 
0.01273 ,0.03060 ,0.25055 ,0.03127 ,0.61788 ,0.02978 
0.03931 ,0.03060 ,0.21973 ,0.03127 ,0.57669 ,0.02978 
0.02456 ,0.03060 ,0.19634 ,0.03127 ,0.54423 ,0.02979 
0.02265 ,0.03060 ,0.26203 ,0.03127 ,0.49885 ,0.02979 
0.05540 ,0.03060 ,0.28301 ,0.03127 ,0.58854 ,0.02979 
0.12111 ,0.03060 ,0.24337 ,0.03127 ,0.55149 ,0.02979 
0.19775 ,0.03060 ,0.28406 ,0.03128 ,0.54917 ,0.02979 
0.12555 ,0.03060 ,0.21415 ,0.03128 ,0.48625 ,0.02979 
0.03799 ,0.03061 ,0.19632 ,0.03128 ,0.50035 ,0.02979 
0.23823 ,0.03061 ,0.21486 ,0.03128 ,0.58601 ,0.02979 
0.03126 ,0.03061 ,0.20478 ,0.03128 ,0.52545 ,0.02980 
0.25594 ,0.03061 ,0.24455 ,0.03128 ,0.54126 ,0.02980 
0.03077 ,0.03061 ,0.25367 ,0.03128 ,0.59961 ,0.02980 
0.07043 ,0.03061 ,0.29105 ,0.03128 ,0.55147 ,0.02980 
0.05861 ,0.03061 ,0.32994 ,0.03128 ,0.52157 ,0.02981 
0.02552 ,0.03061 ,0.41996 ,0.03129 ,0.49627 ,0.02981 
0.15504 ,0.03061 ,0.27409 ,0.03129 ,0.65369 ,0.02981 
0.10933 ,0.03061 ,0.27976 ,0.03129 ,0.50505 ,0.02981 
0.13747 ,0.03061 ,0.23558 ,0.03129 ,0.54058 ,0.02982 
0.04044 ,0.03062 ,0.24280 ,0.03129 ,0.61782 ,0.02982 
0.06259 ,0.03062 ,0.24832 ,0.03129 ,0.53877 ,0.02982 
0.06024 ,0.03062 ,0.29995 ,0.03129 ,0.56665 ,0.02982 
0.03688 ,0.03062 ,0.30045 ,0.03129 ,0.54189 ,0.02982 
0.12459 ,0.03062 ,0.26986 ,0.03129 ,0.56229 ,0.02982 
0.08025 ,0.03062 ,0.35980 ,0.03130 ,0.57786 ,0.02983 
0.13424 ,0.03062 ,0.30223 ,0.03130 ,0.52447 ,0.02983 
0.01811 ,0.03062 ,0.38997 ,0.03130 ,0.48981 ,0.02983 
0.01761 ,0.03062 ,0.24207 ,0.03130 ,0.59653 ,0.02983 
0.03530 ,0.03062 ,0.22192 ,0.03130 ,0.61178 ,0.02983 
0.06401 ,0.03062 ,0.28537 ,0.03130 ,0.52975 ,0.02983 
0.20574 ,0.03063 ,0.21958 ,0.03130 ,0.49260 ,0.02983 
0.14740 ,0.03063 ,0.21097 ,0.03130 ,0.52992 ,0.02983 
0.10480 ,0.03063 ,0.20454 ,0.03131 ,0.52515 ,0.02984 
0.16764 ,0.03063 ,0.29004 ,0.03131 ,0.54298 ,0.02984 
0.07112 ,0.03063 ,0.24994 ,0.03131 ,0.52376 ,0.02984 
0.10263 ,0.03063 ,0.24642 ,0.03131 ,0.55784 ,0.02984 
0.05405 ,0.03063 ,0.25586 ,0.03131 ,0.60676 ,0.02984 
0.04837 ,0.03063 ,0.29397 ,0.03131 ,0.50325 ,0.02985 
0.03126 ,0.03064 ,0.29452 ,0.03131 ,0.51664 ,0.02985 
0.04692 ,0.03064 ,0.32408 ,0.03131 ,0.55534 ,0.02985 
0.01955 ,0.03064 ,0.33193 ,0.03131 ,0.54649 ,0.02985 
0.04273 ,0.03064 ,0.27683 ,0.03131 ,0.52326 ,0.02985 
0.03747 ,0.03064 ,0.19899 ,0.03131 ,0.48944 ,0.02986 
0.09096 ,0.03065 ,0.22627 ,0.03131 ,0.52233 ,0.02986 
0.07108 ,0.03065 ,0.23559 ,0.03132 ,0.52267 ,0.02986 
0.01970 ,0.03065 ,0.26929 ,0.03132 ,0.67946 ,0.02986 
0.14901 ,0.03065 ,0.25842 ,0.03132 ,0.51762 ,0.02986 
0.04005 ,0.03065 ,0.20483 ,0.03132 ,0.56566 ,0.02987 
0.23210 ,0.03065 ,0.26495 ,0.03132 ,0.59772 ,0.02987 
0.04299 ,0.03065 ,0.19001 ,0.03132 ,0.59732 ,0.02987 
0.05453 ,0.03065 ,0.33879 ,0.03132 ,0.58323 ,0.02987 
0.03582 ,0.03066 ,0.24117 ,0.03133 ,0.52191 ,0.02987 
0.06291 ,0.03066 ,0.17718 ,0.03133 ,0.50401 ,0.02988 
0.05741 ,0.03066 ,0.33802 ,0.03133 ,0.52186 ,0.02988 
0.12519 ,0.03066 ,0.28177 ,0.03133 ,0.52361 ,0.02988 
0.08515 ,0.03066 ,0.27564 ,0.03133 ,0.50993 ,0.02988 
0.01270 ,0.03066 ,0.24623 ,0.03133 ,0.56639 ,0.02988 
0.20654 ,0.03066 ,0.32251 ,0.03133 ,0.51624 ,0.02988 
0.04182 ,0.03067 ,0.22855 ,0.03133 ,0.48072 ,0.02988 
0.04084 ,0.03067 ,0.21369 ,0.03133 ,0.49480 ,0.02988 
0.10838 ,0.03067 ,0.28780 ,0.03134 ,0.52932 ,0.02989 
0.09434 ,0.03067 ,0.19183 ,0.03134 ,0.52249 ,0.02989 
0.17926 ,0.03067 ,0.28439 ,0.03134 ,0.56303 ,0.02989 
0.04788 ,0.03067 ,0.21695 ,0.03134 ,0.60911 ,0.02989 
0.04042 ,0.03068 ,0.23167 ,0.03134 ,0.53032 ,0.02989 
0.17711 ,0.03068 ,0.22138 ,0.03135 ,0.56867 ,0.02989 
0.11216 ,0.03068 ,0.27260 ,0.03135 ,0.49994 ,0.02989 
0.03251 ,0.03068 ,0.23011 ,0.03135 ,0.56815 ,0.02990 
0.08176 ,0.03068 ,0.27058 ,0.03135 ,0.54107 ,0.02990 
0.05641 ,0.03068 ,0.27385 ,0.03135 ,0.53009 ,0.02990 
0.09389 ,0.03068 ,0.26343 ,0.03136 ,0.56270 ,0.02990 
0.04436 ,0.03068 ,0.26482 ,0.03136 ,0.51983 ,0.02990 
0.13347 ,0.03068 ,0.19920 ,0.03137 ,0.56268 ,0.02990 
0.13302 ,0.03068 ,0.25680 ,0.03137 ,0.49169 ,0.02990 
0.05036 ,0.03068 ,0.26271 ,0.03137 ,0.48971 ,0.02990 
0.03357 ,0.03068 ,0.24594 ,0.03137 ,0.57978 ,0.02990 
0.13538 ,0.03068 ,0.21555 ,0.03137 ,0.54454 ,0.02990 
0.21819 ,0.03068 ,0.25091 ,0.03137 ,0.52215 ,0.02990 
0.10137 ,0.03069 ,0.22723 ,0.03138 ,0.54996 ,0.02990 
0.07440 ,0.03069 ,0.31171 ,0.03138 ,0.49517 ,0.02990 
0.04339 ,0.03069 ,0.28013 ,0.03138 ,0.52767 ,0.02991 
0.05678 ,0.03069 ,0.27106 ,0.03138 ,0.55387 ,0.02991 
0.03848 ,0.03069 ,0.25060 ,0.03138 ,0.51463 ,0.02991 
0.37617 ,0.03070 ,0.21310 ,0.03138 ,0.63026 ,0.02991 
0.05458 ,0.03070 ,0.23381 ,0.03138 ,0.57056 ,0.02991 
0.22218 ,0.03070 ,0.29135 ,0.03138 ,0.49925 ,0.02991 
0.06523 ,0.03070 ,0.26940 ,0.03138 ,0.66331 ,0.02992 
0.12892 ,0.03070 ,0.28719 ,0.03139 ,0.60005 ,0.02992 
0.04446 ,0.03070 ,0.23791 ,0.03139 ,0.53536 ,0.02992 
0.14881 ,0.03070 ,0.21267 ,0.03139 ,0.51126 ,0.02992 
0.05449 ,0.03070 ,0.21497 ,0.03139 ,0.58907 ,0.02992 
0.13858 ,0.03071 ,0.21314 ,0.03139 ,0.59874 ,0.02993 
0.08886 ,0.03071 ,0.35242 ,0.03139 ,0.48747 ,0.02993 
0.05281 ,0.03071 ,0.20458 ,0.03139 ,0.54076 ,0.02993 
0.03354 ,0.03071 ,0.25204 ,0.03139 ,0.56861 ,0.02993 
0.03034 ,0.03071 ,0.20506 ,0.03140 ,0.59641 ,0.02993 
0.01777 ,0.03072 ,0.23904 ,0.03140 ,0.55602 ,0.02993 
0.08173 ,0.03072 ,0.19894 ,0.03140 ,0.54061 ,0.02993 
0.04707 ,0.03072 ,0.34327 ,0.03140 ,0.59898 ,0.02994 
0.10063 ,0.03072 ,0.24078 ,0.03141 ,0.59500 ,0.02994 
0.20569 ,0.03072 ,0.23574 ,0.03141 ,0.50247 ,0.02994 
0.04372 ,0.03072 ,0.26551 ,0.03141 ,0.52154 ,0.02994 
0.06464 ,0.03072 ,0.24623 ,0.03141 ,0.55455 ,0.02994 
0.21260 ,0.03073 ,0.21132 ,0.03141 ,0.63118 ,0.02994 
0.20580 ,0.03073 ,0.26789 ,0.03141 ,0.50762 ,0.02994 
0.07999 ,0.03073 ,0.20596 ,0.03141 ,0.48061 ,0.02994 
0.11694 ,0.03073 ,0.27303 ,0.03141 ,0.62981 ,0.02995 
0.03368 ,0.03073 ,0.21330 ,0.03141 ,0.54623 ,0.02995 
0.02974 ,0.03073 ,0.40593 ,0.03141 ,0.65409 ,0.02995 
0.14919 ,0.03073 ,0.28904 ,0.03141 ,0.66178 ,0.02995 
0.05911 ,0.03073 ,0.29947 ,0.03141 ,0.52045 ,0.02995 
0.12111 ,0.03073 ,0.22469 ,0.03142 ,0.58332 ,0.02996 
0.17900 ,0.03073 ,0.33287 ,0.03142 ,0.53583 ,0.02996 
0.05686 ,0.03073 ,0.20111 ,0.03142 ,0.51434 ,0.02996 
0.10777 ,0.03074 ,0.19844 ,0.03142 ,0.54332 ,0.02996 
0.05450 ,0.03074 ,0.27462 ,0.03142 ,0.49172 ,0.02996 
0.24917 ,0.03074 ,0.23803 ,0.03142 ,0.55587 ,0.02996 
0.23511 ,0.03074 ,0.21317 ,0.03142 ,0.54660 ,0.02996 
0.08138 ,0.03074 ,0.19807 ,0.03143 ,0.67027 ,0.02996 
0.09178 ,0.03074 ,0.20193 ,0.03143 ,0.56332 ,0.02996 
0.10350 ,0.03074 ,0.23413 ,0.03143 ,0.55037 ,0.02996 
0.32782 ,0.03074 ,0.21868 ,0.03143 ,0.53436 ,0.02996 
0.03763 ,0.03074 ,0.20836 ,0.03144 ,0.55811 ,0.02997 
0.07888 ,0.03074 ,0.25386 ,0.03144 ,0.52381 ,0.02997 
0.26215 ,0.03074 ,0.21440 ,0.03144 ,0.50635 ,0.02997 
0.03622 ,0.03074 ,0.18357 ,0.03144 ,0.53584 ,0.02997 
0.09755 ,0.03074 ,0.24653 ,0.03144 ,0.53453 ,0.02997 
0.11205 ,0.03074 ,0.19151 ,0.03144 ,0.57667 ,0.02997 
0.17152 ,0.03074 ,0.25859 ,0.03144 ,0.55096 ,0.02997 
0.05254 ,0.03074 ,0.24546 ,0.03144 ,0.57701 ,0.02997 
0.09464 ,0.03075 ,0.26964 ,0.03144 ,0.53466 ,0.02998 
0.13402 ,0.03075 ,0.28411 ,0.03145 ,0.54642 ,0.02998 
0.09401 ,0.03075 ,0.23425 ,0.03145 ,0.53214 ,0.02998 
0.23251 ,0.03075 ,0.35693 ,0.03145 ,0.52994 ,0.02998 
0.10438 ,0.03075 ,0.44184 ,0.03145 ,0.57671 ,0.02999 
0.26254 ,0.03075 ,0.23076 ,0.03145 ,0.57053 ,0.02999 
0.07807 ,0.03075 ,0.30156 ,0.03145 ,0.51295 ,0.02999 
0.03608 ,0.03075 ,0.20479 ,0.03145 ,0.55469 ,0.02999 
0.21775 ,0.03075 ,0.20900 ,0.03145 ,0.56379 ,0.02999 
0.11377 ,0.03075 ,0.35844 ,0.03146 ,0.59616 ,0.02999 
0.02725 ,0.03076 ,0.23608 ,0.03146 ,0.59579 ,0.02999 
0.05894 ,0.03076 ,0.36497 ,0.03147 ,0.52624 ,0.02999 
0.14948 ,0.03076 ,0.22330 ,0.03147 ,0.56099 ,0.02999 
0.11335 ,0.03076 ,0.30883 ,0.03147 ,0.69206 ,0.03000 
0.12301 ,0.03076 ,0.30180 ,0.03147 ,0.50237 ,0.03000 
0.09663 ,0.03076 ,0.28738 ,0.03147 ,0.61417 ,0.03000 
0.22440 ,0.03076 ,0.27309 ,0.03147 ,0.71992 ,0.03000 
0.06077 ,0.03076 ,0.21768 ,0.03147 ,0.54742 ,0.03000 
0.03828 ,0.03076 ,0.29063 ,0.03147 ,0.53495 ,0.03001 
0.03103 ,0.03076 ,0.17994 ,0.03147 ,0.52667 ,0.03001 
0.19790 ,0.03076 ,0.26583 ,0.03148 ,0.62478 ,0.03001 
0.05220 ,0.03076 ,0.31336 ,0.03148 ,0.50063 ,0.03001 
0.04524 ,0.03076 ,0.27274 ,0.03148 ,0.50320 ,0.03001 
0.20870 ,0.03076 ,0.31536 ,0.03148 ,0.49698 ,0.03001 
0.04001 ,0.03076 ,0.26054 ,0.03148 ,0.51861 ,0.03001 
0.01919 ,0.03077 ,0.24599 ,0.03148 ,0.67641 ,0.03001 
0.03518 ,0.03077 ,0.38403 ,0.03148 ,0.50389 ,0.03001 
0.10800 ,0.03077 ,0.27271 ,0.03149 ,0.56326 ,0.03002 
0.05167 ,0.03077 ,0.24574 ,0.03149 ,0.61019 ,0.03002 
0.09567 ,0.03077 ,0.42123 ,0.03149 ,0.50396 ,0.03002 
0.19552 ,0.03077 ,0.22828 ,0.03149 ,0.54017 ,0.03002 
0.27663 ,0.03078 ,0.39197 ,0.03149 ,0.69723 ,0.03002 
0.20945 ,0.03078 ,0.21628 ,0.03149 ,0.57691 ,0.03002 
0.10336 ,0.03078 ,0.21240 ,0.03149 ,0.50246 ,0.03002 
0.15231 ,0.03078 ,0.26943 ,0.03149 ,0.58084 ,0.03002 
0.07049 ,0.03078 ,0.20486 ,0.03149 ,0.55150 ,0.03003 
0.17177 ,0.03078 ,0.29660 ,0.03149 ,0.53509 ,0.03003 
0.01615 ,0.03078 ,0.30056 ,0.03149 ,0.50730 ,0.03003 
0.05671 ,0.03078 ,0.37859 ,0.03150 ,0.55346 ,0.03003 
0.13934 ,0.03078 ,0.28986 ,0.03150 ,0.52483 ,0.03003 
0.12189 ,0.03078 ,0.23340 ,0.03150 ,0.61637 ,0.03003 
0.07393 ,0.03079 ,0.25411 ,0.03151 ,0.53998 ,0.03004 
0.20914 ,0.03079 ,0.23855 ,0.03151 ,0.64206 ,0.03004 
0.09837 ,0.03079 ,0.24017 ,0.03151 ,0.48784 ,0.03004 
0.02982 ,0.03079 ,0.26013 ,0.03151 ,0.56630 ,0.03004 
0.10672 ,0.03079 ,0.26232 ,0.03151 ,0.57518 ,0.03004 
0.10546 ,0.03079 ,0.20979 ,0.03152 ,0.57857 ,0.03004 
0.17352 ,0.03079 ,0.24578 ,0.03152 ,0.61236 ,0.03005 
0.05200 ,0.03079 ,0.23830 ,0.03152 ,0.53909 ,0.03005 
0.26615 ,0.03080 ,0.21847 ,0.03152 ,0.53995 ,0.03005 
0.13310 ,0.03080 ,0.42427 ,0.03152 ,0.52781 ,0.03005 
0.02695 ,0.03080 ,0.27041 ,0.03152 ,0.55362 ,0.03005 
0.10910 ,0.03080 ,0.28898 ,0.03153 ,0.49243 ,0.03005 
0.03266 ,0.03080 ,0.34829 ,0.03153 ,0.56630 ,0.03005 
0.07343 ,0.03080 ,0.28051 ,0.03153 ,0.51416 ,0.03005 
0.04635 ,0.03080 ,0.28948 ,0.03153 ,0.47181 ,0.03005 
0.07058 ,0.03081 ,0.26092 ,0.03153 ,0.51426 ,0.03005 
0.08109 ,0.03081 ,0.25571 ,0.03153 ,0.49963 ,0.03006 
0.10748 ,0.03081 ,0.30594 ,0.03153 ,0.65977 ,0.03006 
0.22977 ,0.03081 ,0.20318 ,0.03153 ,0.55317 ,0.03006 
0.03991 ,0.03081 ,0.27583 ,0.03153 ,0.58897 ,0.03006 
0.03184 ,0.03081 ,0.26285 ,0.03154 ,0.55942 ,0.03006 
0.05360 ,0.03082 ,0.40240 ,0.03154 ,0.58750 ,0.03007 
0.13933 ,0.03082 ,0.25946 ,0.03154 ,0.51422 ,0.03007 
0.03364 ,0.03082 ,0.35804 ,0.03154 ,0.55923 ,0.03007 
0.03305 ,0.03082 ,0.27425 ,0.03155 ,0.48498 ,0.03007 
0.27107 ,0.03082 ,0.35048 ,0.03155 ,0.52514 ,0.03007 
0.12042 ,0.03082 ,0.39253 ,0.03155 ,0.62372 ,0.03007 
0.12314 ,0.03082 ,0.25517 ,0.03155 ,0.49314 ,0.03008 
0.09426 ,0.03082 ,0.23811 ,0.03156 ,0.53504 ,0.03008 
0.02664 ,0.03082 ,0.27500 ,0.03156 ,0.62412 ,0.03008 
0.02630 ,0.03082 ,0.34122 ,0.03156 ,0.56332 ,0.03008 
0.07742 ,0.03083 ,0.24731 ,0.03156 ,0.61443 ,0.03008 
0.08143 ,0.03083 ,0.24252 ,0.03156 ,0.52183 ,0.03008 
0.06038 ,0.03083 ,0.20866 ,0.03157 ,0.47746 ,0.03008 
0.12060 ,0.03083 ,0.31068 ,0.03157 ,0.51424 ,0.03009 
0.10444 ,0.03083 ,0.25498 ,0.03157 ,0.51568 ,0.03009 
0.17287 ,0.03083 ,0.27221 ,0.03157 ,0.54327 ,0.03009 
0.22028 ,0.03083 ,0.21127 ,0.03157 ,0.52356 ,0.03009 
0.16342 ,0.03083 ,0.23916 ,0.03157 ,0.54055 ,0.03009 
0.07441 ,0.03083 ,0.26547 ,0.03157 ,0.51894 ,0.03009 
0.10060 ,0.03083 ,0.40818 ,0.03157 ,0.69349 ,0.03009 
0.13001 ,0.03083 ,0.22705 ,0.03157 ,0.53000 ,0.03010 
0.03832 ,0.03083 ,0.32596 ,0.03157 ,0.47836 ,0.03010 
0.34928 ,0.03083 ,0.28936 ,0.03157 ,0.56302 ,0.03011 
0.02753 ,0.03083 ,0.37496 ,0.03157 ,0.57528 ,0.03011 
0.06434 ,0.03084 ,0.29509 ,0.03157 ,0.51344 ,0.03011 
0.04611 ,0.03084 ,0.28843 ,0.03158 ,0.50882 ,0.03011 
0.17540 ,0.03084 ,0.26707 ,0.03158 ,0.51324 ,0.03011 
0.03989 ,0.03084 ,0.20601 ,0.03158 ,0.52720 ,0.03011 
0.03871 ,0.03084 ,0.27242 ,0.03158 ,0.57410 ,0.03011 
0.11328 ,0.03084 ,0.29169 ,0.03158 ,0.55817 ,0.03011 
0.12369 ,0.03085 ,0.22348 ,0.03158 ,0.55503 ,0.03011 
0.07571 ,0.03085 ,0.33503 ,0.03158 ,0.68494 ,0.03011 
0.02668 ,0.03085 ,0.27107 ,0.03159 ,0.53130 ,0.03011 
0.04569 ,0.03085 ,0.27603 ,0.03159 ,0.59822 ,0.03011 
0.05240 ,0.03085 ,0.31873 ,0.03159 ,0.59704 ,0.03012 
0.10403 ,0.03085 ,0.25861 ,0.03159 ,0.51216 ,0.03012 
0.21486 ,0.03085 ,0.30124 ,0.03160 ,0.52369 ,0.03013 
0.17868 ,0.03085 ,0.27790 ,0.03160 ,0.52367 ,0.03013 
0.03264 ,0.03085 ,0.24681 ,0.03160 ,0.57545 ,0.03013 
0.05738 ,0.03085 ,0.26665 ,0.03160 ,0.48239 ,0.03013 
0.15107 ,0.03085 ,0.24803 ,0.03160 ,0.58318 ,0.03013 
0.09694 ,0.03086 ,0.30897 ,0.03160 ,0.60680 ,0.03013 
0.07525 ,0.03086 ,0.26937 ,0.03160 ,0.63957 ,0.03013 
0.12668 ,0.03086 ,0.39441 ,0.03160 ,0.58437 ,0.03013 
0.13708 ,0.03086 ,0.18966 ,0.03160 ,0.50500 ,0.03014 
0.34632 ,0.03086 ,0.29869 ,0.03160 ,0.54355 ,0.03014 
0.36064 ,0.03086 ,0.29813 ,0.03161 ,0.59700 ,0.03014 
0.15953 ,0.03086 ,0.28715 ,0.03161 ,0.49838 ,0.03014 
0.06160 ,0.03086 ,0.25321 ,0.03161 ,0.47833 ,0.03014 
0.07311 ,0.03086 ,0.28056 ,0.03161 ,0.54817 ,0.03014 
0.06231 ,0.03086 ,0.24800 ,0.03161 ,0.60412 ,0.03014 
0.05241 ,0.03087 ,0.31469 ,0.03161 ,0.50060 ,0.03014 
0.06957 ,0.03087 ,0.32500 ,0.03162 ,0.60148 ,0.03014 
0.01697 ,0.03087 ,0.19937 ,0.03162 ,0.50382 ,0.03015 
0.06438 ,0.03087 ,0.39731 ,0.03162 ,0.50427 ,0.03015 
0.03437 ,0.03087 ,0.20239 ,0.03162 ,0.59679 ,0.03015 
0.07379 ,0.03087 ,0.20259 ,0.03163 ,0.55025 ,0.03015 
0.12713 ,0.03087 ,0.25841 ,0.03163 ,0.61021 ,0.03015 
0.02869 ,0.03088 ,0.24130 ,0.03163 ,0.57536 ,0.03016 
0.02743 ,0.03088 ,0.20533 ,0.03163 ,0.58250 ,0.03016 
0.09741 ,0.03088 ,0.21000 ,0.03163 ,0.62666 ,0.03016 
0.09972 ,0.03088 ,0.24534 ,0.03163 ,0.69770 ,0.03016 
0.13708 ,0.03088 ,0.22213 ,0.03163 ,0.59545 ,0.03016 
0.41059 ,0.03088 ,0.35846 ,0.03163 ,0.51264 ,0.03016 
0.05590 ,0.03088 ,0.19294 ,0.03163 ,0.50607 ,0.03016 
0.05717 ,0.03089 ,0.25860 ,0.03163 ,0.52950 ,0.03016 
0.03067 ,0.03089 ,0.20993 ,0.03163 ,0.64600 ,0.03016 
0.11582 ,0.03089 ,0.22521 ,0.03164 ,0.55947 ,0.03016 
0.04351 ,0.03089 ,0.23170 ,0.03164 ,0.54067 ,0.03017 
0.04844 ,0.03089 ,0.27745 ,0.03164 ,0.51773 ,0.03017 
0.05595 ,0.03089 ,0.20968 ,0.03164 ,0.60669 ,0.03017 
0.07919 ,0.03089 ,0.36388 ,0.03164 ,0.63860 ,0.03017 
0.06896 ,0.03089 ,0.22189 ,0.03164 ,0.50170 ,0.03018 
0.03403 ,0.03089 ,0.35401 ,0.03164 ,0.64961 ,0.03018 
0.08974 ,0.03090 ,0.21446 ,0.03164 ,0.55318 ,0.03018 
0.08564 ,0.03090 ,0.39849 ,0.03164 ,0.65505 ,0.03018 
0.12056 ,0.03090 ,0.21915 ,0.03164 ,0.51213 ,0.03018 
0.10371 ,0.03090 ,0.21390 ,0.03164 ,0.57540 ,0.03018 
0.04129 ,0.03090 ,0.23181 ,0.03165 ,0.51866 ,0.03018 
0.16406 ,0.03090 ,0.28475 ,0.03165 ,0.66995 ,0.03018 
0.26495 ,0.03090 ,0.19890 ,0.03165 ,0.59998 ,0.03018 
0.06508 ,0.03090 ,0.23220 ,0.03165 ,0.54398 ,0.03018 
0.09965 ,0.03090 ,0.25200 ,0.03165 ,0.57492 ,0.03018 
0.25934 ,0.03090 ,0.31276 ,0.03165 ,0.53132 ,0.03019 
0.14611 ,0.03091 ,0.20215 ,0.03165 ,0.51962 ,0.03019 
0.10135 ,0.03091 ,0.21940 ,0.03166 ,0.57131 ,0.03019 
0.03720 ,0.03091 ,0.26057 ,0.03166 ,0.58866 ,0.03019 
0.19903 ,0.03091 ,0.25609 ,0.03166 ,0.58716 ,0.03019 
0.16960 ,0.03092 ,0.41881 ,0.03166 ,0.50575 ,0.03019 
0.24942 ,0.03092 ,0.22391 ,0.03166 ,0.58548 ,0.03019 
0.04116 ,0.03092 ,0.20779 ,0.03166 ,0.64202 ,0.03019 
0.21645 ,0.03092 ,0.20084 ,0.03166 ,0.50899 ,0.03019 
0.15182 ,0.03092 ,0.19277 ,0.03166 ,0.67022 ,0.03020 
0.38619 ,0.03093 ,0.20463 ,0.03166 ,0.53241 ,0.03020 
0.12400 ,0.03093 ,0.28365 ,0.03166 ,0.53075 ,0.03020 
0.07590 ,0.03093 ,0.24778 ,0.03166 ,0.51171 ,0.03020 
0.02899 ,0.03093 ,0.29426 ,0.03166 ,0.57143 ,0.03020 
0.27392 ,0.03093 ,0.43694 ,0.03167 ,0.53283 ,0.03020 
0.14925 ,0.03093 ,0.22248 ,0.03167 ,0.56977 ,0.03021 
0.02349 ,0.03093 ,0.23686 ,0.03167 ,0.48462 ,0.03021 
0.08125 ,0.03093 ,0.24630 ,0.03167 ,0.57677 ,0.03021 
0.04291 ,0.03093 ,0.28359 ,0.03167 ,0.54089 ,0.03021 
0.14586 ,0.03093 ,0.19136 ,0.03167 ,0.64198 ,0.03021 
0.21674 ,0.03094 ,0.32778 ,0.03167 ,0.49151 ,0.03021 
0.02910 ,0.03094 ,0.35788 ,0.03167 ,0.62314 ,0.03022 
0.18448 ,0.03094 ,0.25664 ,0.03168 ,0.51940 ,0.03022 
0.10788 ,0.03094 ,0.20645 ,0.03168 ,0.49108 ,0.03023 
0.15038 ,0.03094 ,0.24496 ,0.03168 ,0.62761 ,0.03023 
0.07433 ,0.03094 ,0.20497 ,0.03168 ,0.55661 ,0.03023 
0.01567 ,0.03094 ,0.28864 ,0.03168 ,0.64354 ,0.03023 
0.23170 ,0.03094 ,0.28645 ,0.03168 ,0.55139 ,0.03023 
0.17368 ,0.03094 ,0.26093 ,0.03168 ,0.47678 ,0.03024 
0.05487 ,0.03094 ,0.38734 ,0.03169 ,0.56827 ,0.03024 
0.02926 ,0.03094 ,0.19801 ,0.03169 ,0.49799 ,0.03024 
0.18058 ,0.03094 ,0.35693 ,0.03169 ,0.51161 ,0.03024 
0.14887 ,0.03094 ,0.19709 ,0.03169 ,0.51812 ,0.03024 
0.04292 ,0.03094 ,0.43342 ,0.03169 ,0.55915 ,0.03024 
0.04144 ,0.03094 ,0.21986 ,0.03169 ,0.57599 ,0.03025 
0.23804 ,0.03095 ,0.23870 ,0.03169 ,0.52173 ,0.03025 
0.10203 ,0.03095 ,0.25495 ,0.03169 ,0.55734 ,0.03025 
0.05309 ,0.03095 ,0.24698 ,0.03169 ,0.66788 ,0.03025 
0.00182 ,0.03095 ,0.29036 ,0.03170 ,0.55737 ,0.03026 
0.03862 ,0.03095 ,0.28195 ,0.03170 ,0.59827 ,0.03026 
0.12277 ,0.03095 ,0.21431 ,0.03170 ,0.49734 ,0.03026 
0.23514 ,0.03095 ,0.32011 ,0.03170 ,0.69560 ,0.03026 
0.02970 ,0.03095 ,0.21339 ,0.03170 ,0.55389 ,0.03026 
0.04624 ,0.03095 ,0.28730 ,0.03170 ,0.49695 ,0.03026 
0.03232 ,0.03095 ,0.21735 ,0.03170 ,0.55471 ,0.03026 
0.14004 ,0.03095 ,0.27468 ,0.03170 ,0.56828 ,0.03026 
0.02526 ,0.03095 ,0.20620 ,0.03171 ,0.53147 ,0.03027 
0.10070 ,0.03095 ,0.25305 ,0.03171 ,0.58608 ,0.03027 
0.10494 ,0.03095 ,0.23427 ,0.03171 ,0.54393 ,0.03027 
0.14370 ,0.03095 ,0.26090 ,0.03171 ,0.58516 ,0.03027 
0.19523 ,0.03095 ,0.29385 ,0.03171 ,0.51776 ,0.03027 
0.04241 ,0.03096 ,0.22000 ,0.03171 ,0.59205 ,0.03027 
0.06464 ,0.03096 ,0.19815 ,0.03171 ,0.49361 ,0.03027 
0.18564 ,0.03096 ,0.25632 ,0.03171 ,0.52966 ,0.03027 
0.06512 ,0.03096 ,0.28968 ,0.03172 ,0.52736 ,0.03027 
0.08369 ,0.03096 ,0.33133 ,0.03172 ,0.56261 ,0.03027 
0.09712 ,0.03096 ,0.22752 ,0.03172 ,0.51266 ,0.03028 
0.08733 ,0.03097 ,0.22003 ,0.03172 ,0.53080 ,0.03028 
0.12167 ,0.03097 ,0.26603 ,0.03172 ,0.57585 ,0.03028 
0.19093 ,0.03097 ,0.31378 ,0.03172 ,0.68866 ,0.03028 
0.03347 ,0.03097 ,0.26068 ,0.03172 ,0.56106 ,0.03028 
0.10911 ,0.03097 ,0.22512 ,0.03172 ,0.69389 ,0.03028 
0.09706 ,0.03097 ,0.25431 ,0.03173 ,0.51246 ,0.03028 
0.04051 ,0.03097 ,0.26385 ,0.03173 ,0.54890 ,0.03028 
0.09683 ,0.03097 ,0.27227 ,0.03173 ,0.66326 ,0.03029 
0.12424 ,0.03097 ,0.32826 ,0.03173 ,0.49229 ,0.03029 
0.13911 ,0.03097 ,0.31190 ,0.03173 ,0.54986 ,0.03029 
0.19037 ,0.03097 ,0.25276 ,0.03173 ,0.64297 ,0.03030 
0.02884 ,0.03097 ,0.29030 ,0.03173 ,0.52433 ,0.03030 
0.15061 ,0.03097 ,0.29214 ,0.03173 ,0.53308 ,0.03030 
0.11900 ,0.03097 ,0.19706 ,0.03173 ,0.62763 ,0.03030 
0.11123 ,0.03098 ,0.28776 ,0.03173 ,0.60097 ,0.03030 
0.05769 ,0.03098 ,0.32962 ,0.03173 ,0.60627 ,0.03030 
0.12571 ,0.03098 ,0.19869 ,0.03173 ,0.57409 ,0.03030 
0.05283 ,0.03098 ,0.22550 ,0.03174 ,0.48731 ,0.03030 
0.35815 ,0.03098 ,0.21760 ,0.03174 ,0.49007 ,0.03030 
0.12969 ,0.03098 ,0.26631 ,0.03174 ,0.59626 ,0.03031 
0.19672 ,0.03098 ,0.20911 ,0.03174 ,0.49333 ,0.03031 
0.06009 ,0.03098 ,0.27279 ,0.03174 ,0.53281 ,0.03031 
0.06047 ,0.03098 ,0.36844 ,0.03174 ,0.57627 ,0.03031 
0.07004 ,0.03099 ,0.21237 ,0.03174 ,0.56619 ,0.03031 
0.08934 ,0.03099 ,0.41938 ,0.03174 ,0.49485 ,0.03031 
0.10248 ,0.03100 ,0.27142 ,0.03174 ,0.59507 ,0.03031 
0.20204 ,0.03100 ,0.34878 ,0.03174 ,0.54998 ,0.03031 
0.09052 ,0.03100 ,0.37188 ,0.03174 ,0.55965 ,0.03031 
0.09151 ,0.03100 ,0.22907 ,0.03174 ,0.54712 ,0.03031 
0.13544 ,0.03100 ,0.26229 ,0.03174 ,0.52111 ,0.03031 
0.02672 ,0.03100 ,0.20539 ,0.03174 ,0.51910 ,0.03031 
0.03102 ,0.03100 ,0.21878 ,0.03175 ,0.52369 ,0.03031 
0.27761 ,0.03101 ,0.19490 ,0.03175 ,0.57775 ,0.03031 
0.08385 ,0.03101 ,0.33772 ,0.03175 ,0.50391 ,0.03032 
0.38851 ,0.03101 ,0.42822 ,0.03175 ,0.53916 ,0.03032 
0.05145 ,0.03101 ,0.29091 ,0.03175 ,0.52425 ,0.03032 
0.47587 ,0.03101 ,0.21949 ,0.03175 ,0.60994 ,0.03032 
0.13372 ,0.03101 ,0.26039 ,0.03175 ,0.61938 ,0.03032 
0.07434 ,0.03101 ,0.22688 ,0.03175 ,0.49899 ,0.03033 
0.04453 ,0.03101 ,0.31431 ,0.03175 ,0.50977 ,0.03033 
0.09025 ,0.03101 ,0.21755 ,0.03176 ,0.57246 ,0.03033 
0.12240 ,0.03101 ,0.20366 ,0.03176 ,0.50088 ,0.03034 
0.07538 ,0.03102 ,0.29930 ,0.03176 ,0.50749 ,0.03034 
0.02172 ,0.03102 ,0.24095 ,0.03176 ,0.51060 ,0.03034 
0.03081 ,0.03102 ,0.25417 ,0.03176 ,0.65130 ,0.03034 
0.02617 ,0.03102 ,0.25113 ,0.03176 ,0.54000 ,0.03034 
0.08191 ,0.03102 ,0.18914 ,0.03176 ,0.53581 ,0.03034 
0.31407 ,0.03102 ,0.22652 ,0.03176 ,0.54648 ,0.03034 
0.10027 ,0.03103 ,0.24664 ,0.03177 ,0.54601 ,0.03034 
0.10388 ,0.03103 ,0.21160 ,0.03177 ,0.63214 ,0.03034 
0.09604 ,0.03103 ,0.38951 ,0.03177 ,0.50584 ,0.03034 
0.03769 ,0.03103 ,0.19767 ,0.03177 ,0.57329 ,0.03034 
0.09255 ,0.03103 ,0.25893 ,0.03177 ,0.56261 ,0.03034 
0.09529 ,0.03103 ,0.29546 ,0.03177 ,0.54793 ,0.03035 
0.09663 ,0.03103 ,0.29454 ,0.03177 ,0.50696 ,0.03035 
0.06257 ,0.03103 ,0.30541 ,0.03178 ,0.50554 ,0.03035 
0.09409 ,0.03103 ,0.34154 ,0.03178 ,0.51989 ,0.03035 
0.21051 ,0.03103 ,0.31098 ,0.03178 ,0.61966 ,0.03035 
0.28659 ,0.03104 ,0.21774 ,0.03178 ,0.53186 ,0.03036 
0.12294 ,0.03104 ,0.28123 ,0.03178 ,0.51541 ,0.03036 
0.03475 ,0.03104 ,0.30677 ,0.03178 ,0.56101 ,0.03036 
0.14246 ,0.03104 ,0.23370 ,0.03178 ,0.50511 ,0.03036 
0.07475 ,0.03104 ,0.27867 ,0.03178 ,0.53517 ,0.03036 
0.35945 ,0.03104 ,0.40485 ,0.03179 ,0.55659 ,0.03036 
0.02306 ,0.03104 ,0.36992 ,0.03179 ,0.61316 ,0.03036 
0.04870 ,0.03104 ,0.22909 ,0.03179 ,0.50562 ,0.03036 
0.08780 ,0.03104 ,0.22308 ,0.03179 ,0.51181 ,0.03037 
0.16979 ,0.03104 ,0.39360 ,0.03179 ,0.53410 ,0.03037 
0.14430 ,0.03105 ,0.30404 ,0.03179 ,0.59795 ,0.03037 
0.00936 ,0.03105 ,0.21425 ,0.03179 ,0.65036 ,0.03037 
0.14395 ,0.03105 ,0.25646 ,0.03180 ,0.51038 ,0.03037 
0.02769 ,0.03105 ,0.31839 ,0.03180 ,0.55795 ,0.03037 
0.16276 ,0.03105 ,0.36511 ,0.03180 ,0.65155 ,0.03037 
0.16687 ,0.03105 ,0.37826 ,0.03180 ,0.53624 ,0.03038 
0.27847 ,0.03105 ,0.27320 ,0.03180 ,0.58239 ,0.03038 
0.12245 ,0.03105 ,0.41705 ,0.03180 ,0.59966 ,0.03038 
0.02893 ,0.03106 ,0.40580 ,0.03181 ,0.54822 ,0.03039 
0.11440 ,0.03106 ,0.21903 ,0.03181 ,0.54649 ,0.03039 
0.04107 ,0.03106 ,0.21914 ,0.03181 ,0.54360 ,0.03039 
0.06839 ,0.03106 ,0.26792 ,0.03181 ,0.48922 ,0.03039 
0.06058 ,0.03106 ,0.26463 ,0.03181 ,0.66855 ,0.03039 
0.19047 ,0.03106 ,0.28229 ,0.03181 ,0.52394 ,0.03039 
0.08942 ,0.03106 ,0.27862 ,0.03181 ,0.58666 ,0.03039 
0.04894 ,0.03106 ,0.36090 ,0.03181 ,0.61164 ,0.03040 
0.13377 ,0.03106 ,0.20209 ,0.03181 ,0.64260 ,0.03040 
0.10011 ,0.03106 ,0.24830 ,0.03181 ,0.54794 ,0.03040 
0.22964 ,0.03107 ,0.38645 ,0.03181 ,0.58729 ,0.03040 
0.13068 ,0.03107 ,0.31610 ,0.03182 ,0.50027 ,0.03041 
0.01759 ,0.03107 ,0.38952 ,0.03182 ,0.63101 ,0.03041 
0.25308 ,0.03107 ,0.26300 ,0.03182 ,0.50908 ,0.03041 
0.11371 ,0.03107 ,0.18618 ,0.03182 ,0.56014 ,0.03041 
0.16839 ,0.03107 ,0.24874 ,0.03182 ,0.51883 ,0.03041 
0.18750 ,0.03107 ,0.23036 ,0.03182 ,0.49294 ,0.03041 
0.22246 ,0.03107 ,0.21701 ,0.03182 ,0.69202 ,0.03041 
0.06145 ,0.03108 ,0.22734 ,0.03182 ,0.53436 ,0.03042 
0.04865 ,0.03109 ,0.29538 ,0.03182 ,0.67477 ,0.03042 
0.13778 ,0.03109 ,0.22882 ,0.03183 ,0.51369 ,0.03042 
0.04240 ,0.03109 ,0.28217 ,0.03183 ,0.56354 ,0.03042 
0.02728 ,0.03109 ,0.36412 ,0.03183 ,0.60820 ,0.03042 
0.22351 ,0.03109 ,0.23990 ,0.03183 ,0.55307 ,0.03043 
0.12050 ,0.03109 ,0.28410 ,0.03183 ,0.51636 ,0.03043 
0.06213 ,0.03109 ,0.25621 ,0.03183 ,0.58515 ,0.03043 
0.05183 ,0.03109 ,0.39241 ,0.03183 ,0.52759 ,0.03043 
0.13599 ,0.03109 ,0.23884 ,0.03183 ,0.50016 ,0.03044 
0.02852 ,0.03109 ,0.43098 ,0.03184 ,0.58116 ,0.03044 
0.03199 ,0.03110 ,0.23379 ,0.03184 ,0.47960 ,0.03044 
0.02029 ,0.03110 ,0.27166 ,0.03184 ,0.53249 ,0.03044 
0.06765 ,0.03110 ,0.19584 ,0.03184 ,0.51415 ,0.03045 
0.21703 ,0.03110 ,0.26650 ,0.03184 ,0.50357 ,0.03045 
0.10400 ,0.03110 ,0.24612 ,0.03184 ,0.49381 ,0.03045 
0.11264 ,0.03110 ,0.23020 ,0.03184 ,0.52823 ,0.03045 
0.10955 ,0.03110 ,0.31266 ,0.03184 ,0.53129 ,0.03045 
0.04881 ,0.03110 ,0.59737 ,0.03185 ,0.50544 ,0.03045 
0.07185 ,0.03110 ,0.25256 ,0.03185 ,0.55534 ,0.03045 
0.22242 ,0.03110 ,0.53351 ,0.03185 ,0.54948 ,0.03045 
0.13034 ,0.03110 ,0.27757 ,0.03185 ,0.59266 ,0.03045 
0.15060 ,0.03110 ,0.19700 ,0.03185 ,0.50932 ,0.03045 
0.11098 ,0.03110 ,0.23554 ,0.03186 ,0.56094 ,0.03046 
0.16280 ,0.03110 ,0.27995 ,0.03186 ,0.49639 ,0.03046 
0.23265 ,0.03111 ,0.20822 ,0.03186 ,0.49826 ,0.03046 
0.18459 ,0.03111 ,0.19880 ,0.03186 ,0.54522 ,0.03046 
0.13065 ,0.03111 ,0.27380 ,0.03187 ,0.55638 ,0.03046 
0.10861 ,0.03111 ,0.22099 ,0.03187 ,0.66786 ,0.03046 
0.02885 ,0.03111 ,0.25295 ,0.03187 ,0.55086 ,0.03046 
0.15334 ,0.03111 ,0.44024 ,0.03187 ,0.58237 ,0.03046 
0.12068 ,0.03111 ,0.20161 ,0.03187 ,0.51362 ,0.03046 
0.03584 ,0.03111 ,0.24531 ,0.03187 ,0.51138 ,0.03046 
0.02916 ,0.03111 ,0.42899 ,0.03187 ,0.51228 ,0.03047 
0.05418 ,0.03111 ,0.28165 ,0.03187 ,0.55179 ,0.03047 
0.02861 ,0.03111 ,0.27871 ,0.03187 ,0.67055 ,0.03047 
0.07394 ,0.03111 ,0.21282 ,0.03187 ,0.50421 ,0.03047 
0.21344 ,0.03112 ,0.41907 ,0.03188 ,0.55531 ,0.03047 
0.20715 ,0.03112 ,0.28731 ,0.03188 ,0.53472 ,0.03047 
0.05559 ,0.03112 ,0.27681 ,0.03188 ,0.54575 ,0.03047 
0.14623 ,0.03112 ,0.23289 ,0.03188 ,0.59286 ,0.03047 
0.08927 ,0.03112 ,0.26201 ,0.03188 ,0.49130 ,0.03047 
0.06698 ,0.03112 ,0.35856 ,0.03188 ,0.49023 ,0.03047 
0.25624 ,0.03112 ,0.21312 ,0.03188 ,0.54899 ,0.03047 
0.19844 ,0.03112 ,0.30259 ,0.03188 ,0.54560 ,0.03048 
0.03256 ,0.03113 ,0.31262 ,0.03188 ,0.61436 ,0.03048 
0.04704 ,0.03113 ,0.23948 ,0.03189 ,0.51200 ,0.03048 
0.08864 ,0.03113 ,0.36546 ,0.03189 ,0.49687 ,0.03048 
0.05516 ,0.03113 ,0.36451 ,0.03189 ,0.52924 ,0.03048 
0.04540 ,0.03113 ,0.25105 ,0.03189 ,0.62514 ,0.03048 
0.04046 ,0.03113 ,0.39420 ,0.03189 ,0.52917 ,0.03048 
0.13546 ,0.03113 ,0.27522 ,0.03189 ,0.55079 ,0.03049 
0.03891 ,0.03113 ,0.21551 ,0.03190 ,0.49782 ,0.03049 
0.12662 ,0.03113 ,0.34568 ,0.03190 ,0.51153 ,0.03049 
0.09738 ,0.03114 ,0.22540 ,0.03190 ,0.57860 ,0.03049 
0.40113 ,0.03114 ,0.27884 ,0.03190 ,0.65589 ,0.03049 
0.09822 ,0.03114 ,0.23788 ,0.03190 ,0.62570 ,0.03049 
0.05751 ,0.03114 ,0.26763 ,0.03190 ,0.51635 ,0.03049 
0.04136 ,0.03114 ,0.25265 ,0.03190 ,0.53519 ,0.03049 
0.25227 ,0.03114 ,0.38877 ,0.03190 ,0.61133 ,0.03050 
0.15978 ,0.03114 ,0.29595 ,0.03190 ,0.50349 ,0.03050 
0.03660 ,0.03114 ,0.31503 ,0.03190 ,0.50457 ,0.03050 
0.12228 ,0.03114 ,0.28902 ,0.03191 ,0.53436 ,0.03050 
0.05445 ,0.03114 ,0.28003 ,0.03191 ,0.59236 ,0.03050 
0.05180 ,0.03115 ,0.26368 ,0.03191 ,0.51149 ,0.03051 
0.15922 ,0.03115 ,0.26940 ,0.03191 ,0.58836 ,0.03051 
0.08346 ,0.03115 ,0.36734 ,0.03191 ,0.54435 ,0.03051 
0.08919 ,0.03115 ,0.26148 ,0.03191 ,0.54476 ,0.03051 
0.14600 ,0.03115 ,0.28349 ,0.03191 ,0.55153 ,0.03051 
0.12507 ,0.03115 ,0.21740 ,0.03191 ,0.55198 ,0.03051 
0.06493 ,0.03115 ,0.18897 ,0.03192 ,0.56970 ,0.03051 
0.16457 ,0.03116 ,0.25038 ,0.03192 ,0.50882 ,0.03051 
0.07543 ,0.03116 ,0.26956 ,0.03192 ,0.50590 ,0.03051 
0.08951 ,0.03116 ,0.32348 ,0.03192 ,0.61210 ,0.03052 
0.04180 ,0.03116 ,0.24307 ,0.03192 ,0.59197 ,0.03052 
0.19198 ,0.03116 ,0.39050 ,0.03192 ,0.56296 ,0.03052 
0.05778 ,0.03116 ,0.24499 ,0.03192 ,0.54152 ,0.03052 
0.34346 ,0.03116 ,0.21659 ,0.03192 ,0.57460 ,0.03052 
0.13490 ,0.03116 ,0.24791 ,0.03192 ,0.49920 ,0.03052 
0.05698 ,0.03116 ,0.23782 ,0.03192 ,0.52531 ,0.03052 
0.08140 ,0.03116 ,0.30962 ,0.03192 ,0.62828 ,0.03053 
0.07421 ,0.03117 ,0.34591 ,0.03192 ,0.56887 ,0.03053 
0.01771 ,0.03117 ,0.30153 ,0.03192 ,0.52766 ,0.03053 
0.02524 ,0.03117 ,0.39107 ,0.03193 ,0.51402 ,0.03053 
0.09770 ,0.03117 ,0.43634 ,0.03193 ,0.63246 ,0.03053 
0.17950 ,0.03117 ,0.26151 ,0.03193 ,0.64935 ,0.03053 
0.07574 ,0.03117 ,0.58403 ,0.03193 ,0.68538 ,0.03054 
0.21575 ,0.03117 ,0.22672 ,0.03193 ,0.66496 ,0.03054 
0.04697 ,0.03118 ,0.19759 ,0.03193 ,0.56950 ,0.03054 
0.04250 ,0.03118 ,0.27487 ,0.03193 ,0.52685 ,0.03054 
0.12276 ,0.03118 ,0.37405 ,0.03193 ,0.53487 ,0.03054 
0.18881 ,0.03118 ,0.24005 ,0.03194 ,0.53740 ,0.03054 
0.12936 ,0.03118 ,0.24015 ,0.03194 ,0.53686 ,0.03054 
0.09593 ,0.03118 ,0.34762 ,0.03194 ,0.60724 ,0.03054 
0.13707 ,0.03119 ,0.24600 ,0.03194 ,0.59022 ,0.03055 
0.07273 ,0.03119 ,0.29407 ,0.03194 ,0.55642 ,0.03055 
0.06539 ,0.03119 ,0.33767 ,0.03195 ,0.51827 ,0.03055 
0.29973 ,0.03119 ,0.27072 ,0.03195 ,0.52233 ,0.03055 
0.11654 ,0.03119 ,0.25775 ,0.03195 ,0.65378 ,0.03055 
0.10809 ,0.03119 ,0.26574 ,0.03195 ,0.51635 ,0.03055 
0.34141 ,0.03119 ,0.38477 ,0.03195 ,0.54953 ,0.03055 
0.07090 ,0.03119 ,0.25900 ,0.03195 ,0.51160 ,0.03055 
0.02183 ,0.03119 ,0.26030 ,0.03195 ,0.60128 ,0.03056 
0.05696 ,0.03119 ,0.31052 ,0.03195 ,0.62147 ,0.03056 
0.05954 ,0.03120 ,0.28114 ,0.03195 ,0.58973 ,0.03056 
0.04570 ,0.03120 ,0.26206 ,0.03196 ,0.62678 ,0.03056 
0.04459 ,0.03120 ,0.22170 ,0.03196 ,0.50398 ,0.03056 
0.03443 ,0.03120 ,0.26107 ,0.03196 ,0.55154 ,0.03056 
0.06133 ,0.03120 ,0.26479 ,0.03196 ,0.59729 ,0.03056 
0.06738 ,0.03120 ,0.25351 ,0.03196 ,0.54939 ,0.03056 
0.08496 ,0.03121 ,0.20852 ,0.03197 ,0.60344 ,0.03056 
0.03395 ,0.03121 ,0.39167 ,0.03197 ,0.51628 ,0.03056 
0.36775 ,0.03121 ,0.30362 ,0.03198 ,0.60080 ,0.03057 
0.01108 ,0.03121 ,0.20223 ,0.03198 ,0.49195 ,0.03057 
0.23966 ,0.03121 ,0.25447 ,0.03198 ,0.57494 ,0.03057 
0.05207 ,0.03121 ,0.24112 ,0.03198 ,0.58281 ,0.03057 
0.19506 ,0.03121 ,0.43226 ,0.03198 ,0.52231 ,0.03057 
0.08884 ,0.03121 ,0.21608 ,0.03198 ,0.51917 ,0.03057 
0.09480 ,0.03121 ,0.21868 ,0.03198 ,0.56864 ,0.03057 
0.07778 ,0.03121 ,0.22606 ,0.03198 ,0.69122 ,0.03057 
0.05637 ,0.03121 ,0.23192 ,0.03199 ,0.59518 ,0.03057 
0.05370 ,0.03121 ,0.24228 ,0.03199 ,0.55193 ,0.03058 
0.37007 ,0.03121 ,0.44222 ,0.03200 ,0.53707 ,0.03058 
0.03413 ,0.03122 ,0.24299 ,0.03200 ,0.48903 ,0.03058 
0.03739 ,0.03122 ,0.23174 ,0.03200 ,0.56385 ,0.03058 
0.04491 ,0.03122 ,0.36460 ,0.03201 ,0.55148 ,0.03058 
0.34696 ,0.03122 ,0.19493 ,0.03201 ,0.50807 ,0.03058 
0.24229 ,0.03122 ,0.24792 ,0.03201 ,0.59777 ,0.03059 
0.31011 ,0.03122 ,0.23993 ,0.03201 ,0.58986 ,0.03059 
0.20492 ,0.03122 ,0.20789 ,0.03201 ,0.64444 ,0.03059 
0.10818 ,0.03122 ,0.31026 ,0.03201 ,0.53827 ,0.03059 
0.17317 ,0.03122 ,0.21540 ,0.03201 ,0.52302 ,0.03059 
0.13008 ,0.03123 ,0.24291 ,0.03202 ,0.49454 ,0.03059 
0.03849 ,0.03123 ,0.22411 ,0.03202 ,0.56112 ,0.03059 
0.05776 ,0.03123 ,0.22137 ,0.03202 ,0.52908 ,0.03059 
0.39586 ,0.03123 ,0.29475 ,0.03202 ,0.50000 ,0.03060 
0.16934 ,0.03123 ,0.20204 ,0.03202 ,0.66432 ,0.03060 
0.16318 ,0.03123 ,0.19170 ,0.03202 ,0.60055 ,0.03060 
0.06771 ,0.03123 ,0.21104 ,0.03202 ,0.53542 ,0.03060 
0.03026 ,0.03123 ,0.23252 ,0.03202 ,0.53055 ,0.03060 
0.06280 ,0.03123 ,0.26399 ,0.03203 ,0.51276 ,0.03060 
0.07600 ,0.03124 ,0.27005 ,0.03203 ,0.68852 ,0.03061 
0.04150 ,0.03124 ,0.22863 ,0.03203 ,0.50422 ,0.03061 
0.11970 ,0.03124 ,0.21460 ,0.03203 ,0.57552 ,0.03061 
0.12787 ,0.03124 ,0.23690 ,0.03203 ,0.54587 ,0.03061 
0.16239 ,0.03124 ,0.24673 ,0.03203 ,0.53550 ,0.03061 
0.16562 ,0.03124 ,0.22614 ,0.03203 ,0.53737 ,0.03061 
0.13289 ,0.03124 ,0.23003 ,0.03204 ,0.54420 ,0.03061 
0.24344 ,0.03125 ,0.35448 ,0.03204 ,0.54135 ,0.03061 
0.13886 ,0.03125 ,0.28472 ,0.03204 ,0.51367 ,0.03061 
0.29843 ,0.03125 ,0.27706 ,0.03204 ,0.54148 ,0.03062 
0.12095 ,0.03125 ,0.19960 ,0.03204 ,0.49750 ,0.03062 
0.11652 ,0.03125 ,0.24271 ,0.03204 ,0.60590 ,0.03062 
0.14080 ,0.03125 ,0.22911 ,0.03205 ,0.49297 ,0.03062 
0.23275 ,0.03125 ,0.22491 ,0.03205 ,0.55789 ,0.03062 
0.21257 ,0.03125 ,0.38795 ,0.03205 ,0.56446 ,0.03062 
0.13023 ,0.03125 ,0.23570 ,0.03205 ,0.51494 ,0.03062 
0.16363 ,0.03125 ,0.19788 ,0.03205 ,0.50104 ,0.03062 
0.05794 ,0.03125 ,0.25661 ,0.03206 ,0.56252 ,0.03062 
0.11985 ,0.03125 ,0.22390 ,0.03206 ,0.56709 ,0.03063 
0.05218 ,0.03125 ,0.20783 ,0.03206 ,0.57105 ,0.03063 
0.11348 ,0.03126 ,0.22490 ,0.03206 ,0.53643 ,0.03063 
0.10679 ,0.03126 ,0.42126 ,0.03206 ,0.61325 ,0.03063 
0.06161 ,0.03126 ,0.21138 ,0.03206 ,0.57206 ,0.03064 
0.04885 ,0.03126 ,0.29119 ,0.03206 ,0.59381 ,0.03064 
0.06102 ,0.03126 ,0.37401 ,0.03207 ,0.63683 ,0.03064 
0.17906 ,0.03126 ,0.21717 ,0.03207 ,0.53347 ,0.03064 
0.06017 ,0.03126 ,0.40073 ,0.03207 ,0.64309 ,0.03064 
0.05491 ,0.03126 ,0.25961 ,0.03207 ,0.48911 ,0.03064 
0.09426 ,0.03127 ,0.24037 ,0.03207 ,0.62256 ,0.03064 
0.09983 ,0.03127 ,0.33633 ,0.03208 ,0.60869 ,0.03064 
0.05152 ,0.03127 ,0.40529 ,0.03208 ,0.72696 ,0.03065 
0.04653 ,0.03127 ,0.23510 ,0.03208 ,0.58498 ,0.03065 
0.08886 ,0.03127 ,0.27224 ,0.03208 ,0.58683 ,0.03065 
0.26554 ,0.03127 ,0.24965 ,0.03208 ,0.52688 ,0.03065 
0.22922 ,0.03127 ,0.29332 ,0.03208 ,0.52766 ,0.03065 
0.32575 ,0.03127 ,0.28451 ,0.03208 ,0.61162 ,0.03066 
0.15363 ,0.03127 ,0.32122 ,0.03208 ,0.62422 ,0.03066 
0.07120 ,0.03127 ,0.21491 ,0.03208 ,0.63743 ,0.03066 
0.13343 ,0.03127 ,0.26817 ,0.03209 ,0.51194 ,0.03066 
0.06784 ,0.03127 ,0.22234 ,0.03209 ,0.62385 ,0.03066 
0.02482 ,0.03127 ,0.25498 ,0.03209 ,0.58909 ,0.03066 
0.34814 ,0.03127 ,0.24086 ,0.03209 ,0.50143 ,0.03067 
0.22847 ,0.03127 ,0.39441 ,0.03209 ,0.49327 ,0.03067 
0.12262 ,0.03128 ,0.24816 ,0.03209 ,0.49360 ,0.03067 
0.07030 ,0.03128 ,0.21196 ,0.03210 ,0.52760 ,0.03067 
0.22734 ,0.03128 ,0.27570 ,0.03210 ,0.56119 ,0.03067 
0.05937 ,0.03128 ,0.24789 ,0.03210 ,0.59218 ,0.03067 
0.04676 ,0.03128 ,0.31127 ,0.03211 ,0.64098 ,0.03068 
0.27584 ,0.03128 ,0.22090 ,0.03211 ,0.63947 ,0.03068 
0.09299 ,0.03128 ,0.19560 ,0.03211 ,0.61150 ,0.03068 
0.14048 ,0.03128 ,0.21359 ,0.03211 ,0.50886 ,0.03068 
0.09530 ,0.03128 ,0.18239 ,0.03211 ,0.64015 ,0.03068 
0.02045 ,0.03128 ,0.21990 ,0.03211 ,0.56625 ,0.03068 
0.06322 ,0.03128 ,0.21111 ,0.03211 ,0.54353 ,0.03068 
0.04273 ,0.03128 ,0.23427 ,0.03211 ,0.54462 ,0.03069 
0.22726 ,0.03129 ,0.39875 ,0.03212 ,0.58266 ,0.03069 
0.25070 ,0.03129 ,0.29654 ,0.03212 ,0.57653 ,0.03069 
0.26784 ,0.03129 ,0.27403 ,0.03212 ,0.52555 ,0.03069 
0.05244 ,0.03129 ,0.21727 ,0.03212 ,0.59338 ,0.03070 
0.02051 ,0.03130 ,0.44854 ,0.03213 ,0.50797 ,0.03070 
0.26482 ,0.03130 ,0.38098 ,0.03213 ,0.59894 ,0.03070 
0.07436 ,0.03130 ,0.20760 ,0.03213 ,0.53802 ,0.03070 
0.14996 ,0.03130 ,0.27217 ,0.03213 ,0.49833 ,0.03070 
0.25015 ,0.03130 ,0.23746 ,0.03213 ,0.58688 ,0.03070 
0.05866 ,0.03130 ,0.31812 ,0.03213 ,0.53359 ,0.03071 
0.09380 ,0.03130 ,0.25305 ,0.03213 ,0.48524 ,0.03071 
0.19322 ,0.03130 ,0.35318 ,0.03213 ,0.61366 ,0.03071 
0.02996 ,0.03130 ,0.22989 ,0.03213 ,0.53646 ,0.03071 
0.09396 ,0.03130 ,0.21983 ,0.03214 ,0.65821 ,0.03071 
0.03724 ,0.03131 ,0.26792 ,0.03214 ,0.66534 ,0.03071 
0.03041 ,0.03131 ,0.26507 ,0.03214 ,0.51357 ,0.03071 
0.05873 ,0.03131 ,0.23171 ,0.03214 ,0.58210 ,0.03072 
0.11766 ,0.03131 ,0.27456 ,0.03214 ,0.63007 ,0.03072 
0.05310 ,0.03131 ,0.23175 ,0.03214 ,0.51543 ,0.03072 
0.36744 ,0.03131 ,0.21670 ,0.03214 ,0.70707 ,0.03072 
0.05353 ,0.03131 ,0.31461 ,0.03215 ,0.49498 ,0.03072 
0.17819 ,0.03131 ,0.19738 ,0.03215 ,0.55069 ,0.03072 
0.24406 ,0.03131 ,0.21169 ,0.03215 ,0.57497 ,0.03073 
0.17224 ,0.03131 ,0.28472 ,0.03215 ,0.55183 ,0.03073 
0.13864 ,0.03131 ,0.21343 ,0.03215 ,0.68382 ,0.03073 
0.13547 ,0.03131 ,0.38989 ,0.03215 ,0.56813 ,0.03073 
0.09142 ,0.03131 ,0.23726 ,0.03216 ,0.70135 ,0.03073 
0.05541 ,0.03132 ,0.24017 ,0.03216 ,0.53675 ,0.03073 
0.05523 ,0.03132 ,0.20769 ,0.03216 ,0.49525 ,0.03073 
0.14258 ,0.03132 ,0.21958 ,0.03216 ,0.53800 ,0.03073 
0.26754 ,0.03132 ,0.19874 ,0.03216 ,0.53608 ,0.03073 
0.09969 ,0.03132 ,0.24966 ,0.03216 ,0.55851 ,0.03073 
0.12578 ,0.03132 ,0.20641 ,0.03216 ,0.48531 ,0.03074 
0.25284 ,0.03132 ,0.20124 ,0.03217 ,0.64003 ,0.03074 
0.08326 ,0.03132 ,0.20429 ,0.03217 ,0.56164 ,0.03074 
0.02719 ,0.03132 ,0.23074 ,0.03217 ,0.56664 ,0.03074 
0.18702 ,0.03133 ,0.18704 ,0.03217 ,0.59222 ,0.03074 
0.06219 ,0.03133 ,0.20981 ,0.03217 ,0.52426 ,0.03074 
0.25495 ,0.03133 ,0.34136 ,0.03217 ,0.56871 ,0.03074 
0.18821 ,0.03133 ,0.31297 ,0.03217 ,0.50602 ,0.03074 
0.25912 ,0.03133 ,0.23673 ,0.03217 ,0.55886 ,0.03074 
0.26733 ,0.03133 ,0.28016 ,0.03217 ,0.52608 ,0.03074 
0.21326 ,0.03133 ,0.21508 ,0.03218 ,0.57264 ,0.03074 
0.04317 ,0.03133 ,0.28601 ,0.03218 ,0.51288 ,0.03074 
0.04713 ,0.03133 ,0.24155 ,0.03218 ,0.57215 ,0.03074 
0.06055 ,0.03133 ,0.29736 ,0.03218 ,0.52057 ,0.03075 
0.36775 ,0.03133 ,0.32931 ,0.03218 ,0.51013 ,0.03075 
0.09818 ,0.03134 ,0.31300 ,0.03218 ,0.51684 ,0.03075 
0.02048 ,0.03134 ,0.28785 ,0.03218 ,0.60067 ,0.03075 
0.10410 ,0.03134 ,0.30597 ,0.03218 ,0.49763 ,0.03075 
0.18102 ,0.03134 ,0.21266 ,0.03219 ,0.49491 ,0.03075 
0.07580 ,0.03134 ,0.26440 ,0.03219 ,0.63248 ,0.03075 
0.11614 ,0.03134 ,0.28859 ,0.03219 ,0.54627 ,0.03075 
0.03457 ,0.03134 ,0.24997 ,0.03219 ,0.52497 ,0.03076 
0.17702 ,0.03134 ,0.33878 ,0.03219 ,0.51840 ,0.03076 
0.15682 ,0.03134 ,0.18684 ,0.03219 ,0.59734 ,0.03076 
0.18563 ,0.03134 ,0.28282 ,0.03219 ,0.56600 ,0.03076 
0.22463 ,0.03135 ,0.19064 ,0.03219 ,0.53898 ,0.03076 
0.11706 ,0.03135 ,0.23669 ,0.03219 ,0.71971 ,0.03076 
0.11714 ,0.03135 ,0.22562 ,0.03219 ,0.51058 ,0.03076 
0.05023 ,0.03135 ,0.32463 ,0.03219 ,0.57312 ,0.03076 
0.11794 ,0.03135 ,0.36183 ,0.03219 ,0.52865 ,0.03076 
0.03742 ,0.03135 ,0.26431 ,0.03220 ,0.52039 ,0.03077 
0.05126 ,0.03135 ,0.35394 ,0.03220 ,0.52222 ,0.03077 
0.06057 ,0.03136 ,0.29987 ,0.03220 ,0.66233 ,0.03078 
0.06741 ,0.03136 ,0.21310 ,0.03220 ,0.53527 ,0.03078 
0.12334 ,0.03136 ,0.25209 ,0.03220 ,0.55114 ,0.03079 
0.19881 ,0.03136 ,0.37287 ,0.03220 ,0.51834 ,0.03079 
0.05343 ,0.03136 ,0.22149 ,0.03220 ,0.58114 ,0.03079 
0.34602 ,0.03136 ,0.26815 ,0.03220 ,0.58994 ,0.03079 
0.13752 ,0.03136 ,0.25411 ,0.03220 ,0.61683 ,0.03079 
0.25010 ,0.03136 ,0.28592 ,0.03220 ,0.50794 ,0.03079 
0.05404 ,0.03137 ,0.36069 ,0.03220 ,0.50989 ,0.03079 
0.20638 ,0.03137 ,0.31402 ,0.03220 ,0.58386 ,0.03080 
0.16365 ,0.03137 ,0.23083 ,0.03220 ,0.49833 ,0.03080 
0.01932 ,0.03137 ,0.25156 ,0.03220 ,0.63725 ,0.03080 
0.18632 ,0.03137 ,0.26903 ,0.03221 ,0.51955 ,0.03080 
0.02816 ,0.03137 ,0.23876 ,0.03221 ,0.59773 ,0.03081 
0.02746 ,0.03137 ,0.27503 ,0.03221 ,0.51950 ,0.03081 
0.30214 ,0.03137 ,0.24340 ,0.03221 ,0.58766 ,0.03081 
0.27569 ,0.03137 ,0.28559 ,0.03221 ,0.65353 ,0.03081 
0.23515 ,0.03137 ,0.20969 ,0.03221 ,0.51550 ,0.03081 
0.07807 ,0.03137 ,0.26209 ,0.03221 ,0.55025 ,0.03081 
0.04300 ,0.03138 ,0.21142 ,0.03222 ,0.50807 ,0.03081 
0.04424 ,0.03138 ,0.25430 ,0.03222 ,0.53990 ,0.03081 
0.03711 ,0.03138 ,0.39208 ,0.03222 ,0.49545 ,0.03081 
0.02295 ,0.03138 ,0.33392 ,0.03222 ,0.61953 ,0.03082 
0.07475 ,0.03138 ,0.27560 ,0.03222 ,0.55768 ,0.03082 
0.18088 ,0.03138 ,0.39928 ,0.03222 ,0.51346 ,0.03082 
0.21841 ,0.03138 ,0.36142 ,0.03222 ,0.51149 ,0.03082 
0.02243 ,0.03139 ,0.34233 ,0.03222 ,0.54462 ,0.03082 
0.04040 ,0.03139 ,0.21586 ,0.03222 ,0.56879 ,0.03082 
0.22841 ,0.03139 ,0.31525 ,0.03222 ,0.58384 ,0.03082 
0.17978 ,0.03139 ,0.26690 ,0.03222 ,0.54931 ,0.03082 
0.05221 ,0.03139 ,0.24373 ,0.03222 ,0.55419 ,0.03082 
0.06929 ,0.03140 ,0.24360 ,0.03222 ,0.58327 ,0.03082 
0.01760 ,0.03140 ,0.21503 ,0.03223 ,0.65472 ,0.03083 
0.19310 ,0.03140 ,0.22624 ,0.03223 ,0.51764 ,0.03083 
0.08377 ,0.03140 ,0.26462 ,0.03223 ,0.50771 ,0.03083 
0.04185 ,0.03140 ,0.24186 ,0.03223 ,0.56593 ,0.03083 
0.16519 ,0.03140 ,0.22828 ,0.03223 ,0.52718 ,0.03084 
0.03730 ,0.03140 ,0.23996 ,0.03223 ,0.51214 ,0.03084 
0.16969 ,0.03140 ,0.26331 ,0.03223 ,0.51899 ,0.03084 
0.20331 ,0.03140 ,0.30995 ,0.03223 ,0.54692 ,0.03084 
0.10180 ,0.03140 ,0.23911 ,0.03223 ,0.62289 ,0.03084 
0.11328 ,0.03140 ,0.27853 ,0.03223 ,0.60880 ,0.03084 
0.03702 ,0.03140 ,0.27487 ,0.03223 ,0.53668 ,0.03084 
0.03799 ,0.03140 ,0.37223 ,0.03223 ,0.50624 ,0.03084 
0.17615 ,0.03141 ,0.21098 ,0.03223 ,0.60354 ,0.03084 
0.03840 ,0.03141 ,0.33478 ,0.03223 ,0.51543 ,0.03084 
0.03524 ,0.03141 ,0.25823 ,0.03224 ,0.60999 ,0.03084 
0.03980 ,0.03141 ,0.37102 ,0.03224 ,0.53980 ,0.03085 
0.05250 ,0.03141 ,0.22207 ,0.03224 ,0.58882 ,0.03085 
0.04835 ,0.03141 ,0.26238 ,0.03224 ,0.49930 ,0.03085 
0.14680 ,0.03141 ,0.38043 ,0.03224 ,0.59470 ,0.03085 
0.02179 ,0.03141 ,0.27929 ,0.03224 ,0.55118 ,0.03085 
0.13890 ,0.03141 ,0.24239 ,0.03224 ,0.60511 ,0.03086 
0.28474 ,0.03142 ,0.27626 ,0.03225 ,0.62661 ,0.03086 
0.05265 ,0.03142 ,0.24525 ,0.03225 ,0.71626 ,0.03086 
0.05002 ,0.03142 ,0.34404 ,0.03225 ,0.59964 ,0.03086 
0.05093 ,0.03142 ,0.24173 ,0.03225 ,0.50745 ,0.03086 
0.10550 ,0.03142 ,0.27112 ,0.03226 ,0.56863 ,0.03086 
0.06830 ,0.03142 ,0.25003 ,0.03226 ,0.55713 ,0.03086 
0.15081 ,0.03142 ,0.25942 ,0.03226 ,0.51318 ,0.03087 
0.03871 ,0.03142 ,0.29519 ,0.03226 ,0.50075 ,0.03087 
0.16572 ,0.03143 ,0.28897 ,0.03226 ,0.61003 ,0.03087 
0.06684 ,0.03143 ,0.28070 ,0.03226 ,0.56533 ,0.03087 
0.18762 ,0.03143 ,0.24626 ,0.03226 ,0.62469 ,0.03088 
0.15162 ,0.03143 ,0.43346 ,0.03226 ,0.51436 ,0.03088 
0.05878 ,0.03144 ,0.28738 ,0.03226 ,0.52411 ,0.03088 
0.13000 ,0.03144 ,0.29591 ,0.03226 ,0.50418 ,0.03088 
0.06852 ,0.03144 ,0.22716 ,0.03226 ,0.62228 ,0.03088 
0.24306 ,0.03144 ,0.27267 ,0.03226 ,0.48651 ,0.03088 
0.05290 ,0.03144 ,0.21870 ,0.03227 ,0.53805 ,0.03089 
0.09971 ,0.03144 ,0.33699 ,0.03227 ,0.56051 ,0.03089 
0.06216 ,0.03144 ,0.33283 ,0.03227 ,0.53577 ,0.03090 
0.18196 ,0.03144 ,0.20135 ,0.03227 ,0.49125 ,0.03090 
0.03474 ,0.03145 ,0.24628 ,0.03227 ,0.58520 ,0.03090 
0.05026 ,0.03145 ,0.20538 ,0.03227 ,0.51598 ,0.03091 
0.04405 ,0.03145 ,0.32423 ,0.03227 ,0.56400 ,0.03091 
0.02628 ,0.03145 ,0.42610 ,0.03227 ,0.51608 ,0.03091 
0.06336 ,0.03145 ,0.26057 ,0.03227 ,0.62401 ,0.03091 
0.16833 ,0.03146 ,0.21619 ,0.03228 ,0.67585 ,0.03091 
0.19801 ,0.03146 ,0.25643 ,0.03228 ,0.51501 ,0.03091 
0.07860 ,0.03146 ,0.19360 ,0.03228 ,0.53424 ,0.03091 
0.07657 ,0.03146 ,0.22068 ,0.03228 ,0.58081 ,0.03091 
0.12772 ,0.03146 ,0.22879 ,0.03228 ,0.66286 ,0.03092 
0.12228 ,0.03146 ,0.22712 ,0.03228 ,0.57270 ,0.03092 
0.09528 ,0.03146 ,0.23253 ,0.03228 ,0.58038 ,0.03092 
0.07168 ,0.03146 ,0.24594 ,0.03229 ,0.58091 ,0.03092 
0.16236 ,0.03146 ,0.22058 ,0.03229 ,0.56164 ,0.03092 
0.03819 ,0.03147 ,0.24680 ,0.03229 ,0.50557 ,0.03092 
0.01847 ,0.03147 ,0.22505 ,0.03229 ,0.54777 ,0.03092 
0.07581 ,0.03147 ,0.20354 ,0.03229 ,0.57944 ,0.03092 
0.04383 ,0.03147 ,0.25964 ,0.03229 ,0.65200 ,0.03092 
0.07484 ,0.03147 ,0.23078 ,0.03229 ,0.59112 ,0.03092 
0.07885 ,0.03147 ,0.22457 ,0.03229 ,0.55880 ,0.03092 
0.17067 ,0.03147 ,0.26226 ,0.03230 ,0.66744 ,0.03092 
0.08590 ,0.03147 ,0.26542 ,0.03230 ,0.48716 ,0.03093 
0.03820 ,0.03147 ,0.25113 ,0.03230 ,0.61878 ,0.03093 
0.00969 ,0.03147 ,0.31662 ,0.03230 ,0.57812 ,0.03093 
0.23323 ,0.03147 ,0.25607 ,0.03230 ,0.56582 ,0.03093 
0.05203 ,0.03147 ,0.24736 ,0.03230 ,0.51855 ,0.03093 
0.07388 ,0.03147 ,0.21283 ,0.03230 ,0.64684 ,0.03093 
0.04176 ,0.03147 ,0.25771 ,0.03230 ,0.52931 ,0.03094 
0.11558 ,0.03147 ,0.25996 ,0.03231 ,0.53802 ,0.03094 
0.05703 ,0.03147 ,0.26490 ,0.03231 ,0.52293 ,0.03094 
0.06716 ,0.03148 ,0.21081 ,0.03231 ,0.54123 ,0.03094 
0.02498 ,0.03148 ,0.25926 ,0.03231 ,0.50053 ,0.03094 
0.20868 ,0.03148 ,0.21642 ,0.03231 ,0.68796 ,0.03095 
0.18068 ,0.03148 ,0.32804 ,0.03232 ,0.56169 ,0.03095 
0.05506 ,0.03148 ,0.23860 ,0.03232 ,0.52440 ,0.03095 
0.01123 ,0.03148 ,0.35150 ,0.03232 ,0.58490 ,0.03095 
0.08790 ,0.03148 ,0.22601 ,0.03232 ,0.50887 ,0.03095 
0.10344 ,0.03149 ,0.19443 ,0.03232 ,0.48949 ,0.03095 
0.36400 ,0.03149 ,0.30156 ,0.03232 ,0.53962 ,0.03095 
0.01995 ,0.03149 ,0.18600 ,0.03232 ,0.56163 ,0.03096 
0.06322 ,0.03149 ,0.26559 ,0.03232 ,0.58714 ,0.03096 
0.10122 ,0.03149 ,0.21279 ,0.03232 ,0.50457 ,0.03096 
0.02878 ,0.03149 ,0.18779 ,0.03232 ,0.64411 ,0.03096 
0.20886 ,0.03149 ,0.32846 ,0.03232 ,0.54415 ,0.03096 
0.09135 ,0.03149 ,0.25399 ,0.03232 ,0.57468 ,0.03096 
0.26104 ,0.03149 ,0.28520 ,0.03233 ,0.65519 ,0.03096 
0.13086 ,0.03149 ,0.23165 ,0.03233 ,0.54425 ,0.03097 
0.22275 ,0.03150 ,0.20709 ,0.03233 ,0.52560 ,0.03097 
0.01357 ,0.03150 ,0.36072 ,0.03233 ,0.51940 ,0.03097 
0.32819 ,0.03150 ,0.36882 ,0.03233 ,0.63045 ,0.03097 
0.13186 ,0.03150 ,0.32619 ,0.03233 ,0.51513 ,0.03097 
0.09525 ,0.03150 ,0.28239 ,0.03233 ,0.57449 ,0.03098 
0.14640 ,0.03150 ,0.28578 ,0.03234 ,0.49898 ,0.03098 
0.06539 ,0.03150 ,0.19822 ,0.03234 ,0.52153 ,0.03098 
0.05887 ,0.03150 ,0.36462 ,0.03234 ,0.50816 ,0.03098 
0.06484 ,0.03150 ,0.24811 ,0.03234 ,0.53974 ,0.03098 
0.11194 ,0.03151 ,0.28133 ,0.03234 ,0.60274 ,0.03099 
0.20207 ,0.03151 ,0.19815 ,0.03234 ,0.61166 ,0.03099 
0.04498 ,0.03151 ,0.28385 ,0.03234 ,0.53808 ,0.03099 
0.04099 ,0.03151 ,0.22703 ,0.03234 ,0.51494 ,0.03099 
0.29370 ,0.03151 ,0.24395 ,0.03235 ,0.52323 ,0.03099 
0.04338 ,0.03151 ,0.22765 ,0.03235 ,0.50785 ,0.03099 
0.03456 ,0.03151 ,0.25880 ,0.03235 ,0.50389 ,0.03099 
0.14439 ,0.03151 ,0.25850 ,0.03235 ,0.69409 ,0.03099 
0.07538 ,0.03151 ,0.25585 ,0.03235 ,0.52174 ,0.03099 
0.14580 ,0.03151 ,0.22084 ,0.03235 ,0.56994 ,0.03099 
0.04612 ,0.03152 ,0.18780 ,0.03235 ,0.53998 ,0.03100 
0.10974 ,0.03152 ,0.23154 ,0.03235 ,0.62993 ,0.03100 
0.04281 ,0.03152 ,0.31161 ,0.03235 ,0.51477 ,0.03100 
0.05875 ,0.03152 ,0.20187 ,0.03235 ,0.65030 ,0.03100 
0.02022 ,0.03153 ,0.31018 ,0.03236 ,0.50554 ,0.03100 
0.05542 ,0.03153 ,0.22811 ,0.03236 ,0.50972 ,0.03101 
0.20627 ,0.03153 ,0.36636 ,0.03236 ,0.51423 ,0.03101 
0.06434 ,0.03153 ,0.26782 ,0.03236 ,0.50005 ,0.03101 
0.28850 ,0.03153 ,0.23140 ,0.03237 ,0.57722 ,0.03101 
0.05164 ,0.03153 ,0.27891 ,0.03237 ,0.48658 ,0.03101 
0.05329 ,0.03153 ,0.23276 ,0.03237 ,0.53521 ,0.03101 
0.05009 ,0.03153 ,0.19628 ,0.03237 ,0.51317 ,0.03101 
0.02589 ,0.03153 ,0.24777 ,0.03237 ,0.57319 ,0.03101 
0.23961 ,0.03153 ,0.26197 ,0.03237 ,0.57336 ,0.03102 
0.04046 ,0.03154 ,0.22077 ,0.03237 ,0.52060 ,0.03102 
0.04946 ,0.03154 ,0.24335 ,0.03237 ,0.56023 ,0.03102 
0.06148 ,0.03154 ,0.22485 ,0.03238 ,0.58227 ,0.03102 
0.09286 ,0.03154 ,0.24679 ,0.03238 ,0.51116 ,0.03102 
0.07692 ,0.03154 ,0.30599 ,0.03238 ,0.62331 ,0.03103 
0.11217 ,0.03154 ,0.22128 ,0.03238 ,0.50246 ,0.03103 
0.03456 ,0.03154 ,0.22513 ,0.03238 ,0.57055 ,0.03103 
0.03163 ,0.03154 ,0.31620 ,0.03238 ,0.50943 ,0.03103 
0.28583 ,0.03155 ,0.20396 ,0.03238 ,0.51978 ,0.03103 
0.04636 ,0.03155 ,0.20434 ,0.03239 ,0.61069 ,0.03104 
0.05540 ,0.03155 ,0.29223 ,0.03239 ,0.50927 ,0.03104 
0.09200 ,0.03155 ,0.19756 ,0.03240 ,0.55738 ,0.03104 
0.06234 ,0.03155 ,0.29224 ,0.03240 ,0.59031 ,0.03104 
0.32406 ,0.03155 ,0.27258 ,0.03240 ,0.52704 ,0.03104 
0.11737 ,0.03155 ,0.18585 ,0.03240 ,0.53156 ,0.03104 
0.14263 ,0.03155 ,0.19239 ,0.03240 ,0.54050 ,0.03104 
0.10610 ,0.03155 ,0.31709 ,0.03241 ,0.52856 ,0.03104 
0.21215 ,0.03155 ,0.20206 ,0.03241 ,0.64598 ,0.03104 
0.07469 ,0.03156 ,0.29764 ,0.03241 ,0.51190 ,0.03105 
0.29964 ,0.03156 ,0.32422 ,0.03241 ,0.49721 ,0.03105 
0.06093 ,0.03156 ,0.33479 ,0.03241 ,0.65719 ,0.03105 
0.06870 ,0.03156 ,0.21949 ,0.03241 ,0.69156 ,0.03105 
0.27487 ,0.03157 ,0.22021 ,0.03241 ,0.51115 ,0.03105 
0.12373 ,0.03157 ,0.26979 ,0.03241 ,0.50703 ,0.03105 
0.07520 ,0.03157 ,0.22729 ,0.03241 ,0.56165 ,0.03106 
0.22911 ,0.03157 ,0.25506 ,0.03241 ,0.62761 ,0.03106 
0.04867 ,0.03157 ,0.31098 ,0.03242 ,0.61330 ,0.03106 
0.08135 ,0.03157 ,0.20941 ,0.03242 ,0.55368 ,0.03107 
0.21142 ,0.03158 ,0.21688 ,0.03242 ,0.55615 ,0.03107 
0.07123 ,0.03158 ,0.23784 ,0.03242 ,0.64110 ,0.03107 
0.22612 ,0.03158 ,0.24652 ,0.03242 ,0.51016 ,0.03107 
0.24839 ,0.03158 ,0.28428 ,0.03242 ,0.66958 ,0.03107 
0.08803 ,0.03158 ,0.27514 ,0.03242 ,0.62412 ,0.03107 
0.22815 ,0.03158 ,0.23739 ,0.03242 ,0.64194 ,0.03107 
0.14243 ,0.03158 ,0.31499 ,0.03242 ,0.55546 ,0.03107 
0.04932 ,0.03158 ,0.23461 ,0.03242 ,0.60789 ,0.03107 
0.06023 ,0.03158 ,0.26594 ,0.03243 ,0.56053 ,0.03107 
0.04172 ,0.03159 ,0.32122 ,0.03243 ,0.56443 ,0.03108 
0.02771 ,0.03159 ,0.22149 ,0.03243 ,0.52710 ,0.03108 
0.11001 ,0.03159 ,0.32866 ,0.03243 ,0.65404 ,0.03108 
0.13536 ,0.03159 ,0.22151 ,0.03243 ,0.61357 ,0.03108 
0.04449 ,0.03159 ,0.27489 ,0.03243 ,0.50296 ,0.03108 
0.04708 ,0.03159 ,0.24579 ,0.03243 ,0.55340 ,0.03108 
0.07544 ,0.03159 ,0.37450 ,0.03243 ,0.54020 ,0.03109 
0.07856 ,0.03159 ,0.24784 ,0.03243 ,0.59223 ,0.03109 
0.21855 ,0.03159 ,0.25557 ,0.03243 ,0.57438 ,0.03110 
0.03604 ,0.03160 ,0.28008 ,0.03243 ,0.53565 ,0.03110 
0.25307 ,0.03160 ,0.21398 ,0.03244 ,0.59517 ,0.03110 
0.12650 ,0.03160 ,0.22544 ,0.03244 ,0.52763 ,0.03110 
0.10221 ,0.03160 ,0.25397 ,0.03244 ,0.64174 ,0.03110 
0.10575 ,0.03160 ,0.36498 ,0.03244 ,0.59826 ,0.03110 
0.04567 ,0.03160 ,0.21942 ,0.03244 ,0.63660 ,0.03110 
0.12396 ,0.03160 ,0.24093 ,0.03244 ,0.52496 ,0.03110 
0.03868 ,0.03160 ,0.20276 ,0.03244 ,0.50329 ,0.03110 
0.23066 ,0.03160 ,0.31527 ,0.03244 ,0.51308 ,0.03110 
0.04977 ,0.03161 ,0.20940 ,0.03244 ,0.68654 ,0.03111 
0.22167 ,0.03161 ,0.25691 ,0.03244 ,0.48844 ,0.03111 
0.04564 ,0.03161 ,0.22510 ,0.03244 ,0.53026 ,0.03111 
0.15081 ,0.03161 ,0.31781 ,0.03245 ,0.52005 ,0.03111 
0.22749 ,0.03162 ,0.28749 ,0.03245 ,0.51460 ,0.03111 
0.04459 ,0.03162 ,0.25326 ,0.03245 ,0.48003 ,0.03111 
0.21611 ,0.03162 ,0.21903 ,0.03245 ,0.55995 ,0.03111 
0.07502 ,0.03162 ,0.19216 ,0.03245 ,0.51990 ,0.03111 
0.07134 ,0.03162 ,0.28727 ,0.03245 ,0.53594 ,0.03111 
0.12080 ,0.03162 ,0.34934 ,0.03245 ,0.55834 ,0.03111 
0.08595 ,0.03162 ,0.24662 ,0.03246 ,0.49576 ,0.03112 
0.36924 ,0.03162 ,0.25619 ,0.03246 ,0.56640 ,0.03112 
0.03510 ,0.03162 ,0.37667 ,0.03246 ,0.57430 ,0.03112 
0.05238 ,0.03162 ,0.36735 ,0.03246 ,0.58113 ,0.03112 
0.05579 ,0.03162 ,0.21455 ,0.03246 ,0.55130 ,0.03112 
0.05634 ,0.03162 ,0.22886 ,0.03246 ,0.58975 ,0.03112 
0.12331 ,0.03162 ,0.33017 ,0.03246 ,0.64110 ,0.03112 
0.10115 ,0.03162 ,0.24549 ,0.03247 ,0.51746 ,0.03112 
0.17864 ,0.03162 ,0.20793 ,0.03247 ,0.66236 ,0.03112 
0.36347 ,0.03162 ,0.29500 ,0.03247 ,0.56197 ,0.03112 
0.05175 ,0.03162 ,0.21858 ,0.03247 ,0.55932 ,0.03113 
0.14256 ,0.03162 ,0.22804 ,0.03247 ,0.57591 ,0.03113 
0.04467 ,0.03163 ,0.23512 ,0.03247 ,0.51939 ,0.03113 
0.02212 ,0.03163 ,0.23347 ,0.03248 ,0.50153 ,0.03113 
0.04120 ,0.03163 ,0.28058 ,0.03248 ,0.49409 ,0.03113 
0.38687 ,0.03163 ,0.27377 ,0.03248 ,0.52226 ,0.03114 
0.10254 ,0.03163 ,0.21994 ,0.03248 ,0.53059 ,0.03114 
0.17203 ,0.03163 ,0.23463 ,0.03248 ,0.49472 ,0.03114 
0.37176 ,0.03163 ,0.33389 ,0.03248 ,0.56242 ,0.03114 
0.16103 ,0.03163 ,0.22759 ,0.03248 ,0.57762 ,0.03114 
0.09011 ,0.03163 ,0.25110 ,0.03248 ,0.64417 ,0.03114 
0.11813 ,0.03163 ,0.21137 ,0.03248 ,0.74123 ,0.03114 
0.15678 ,0.03163 ,0.28999 ,0.03248 ,0.49809 ,0.03115 
0.15538 ,0.03163 ,0.28925 ,0.03249 ,0.54253 ,0.03115 
0.04623 ,0.03163 ,0.22905 ,0.03249 ,0.54022 ,0.03115 
0.08023 ,0.03164 ,0.28810 ,0.03249 ,0.59590 ,0.03115 
0.04841 ,0.03164 ,0.22858 ,0.03249 ,0.60507 ,0.03116 
0.04701 ,0.03164 ,0.22519 ,0.03249 ,0.58756 ,0.03116 
0.05187 ,0.03164 ,0.29757 ,0.03249 ,0.59193 ,0.03116 
0.15572 ,0.03164 ,0.18828 ,0.03249 ,0.59837 ,0.03116 
0.04210 ,0.03164 ,0.29359 ,0.03249 ,0.50439 ,0.03116 
0.15315 ,0.03164 ,0.30827 ,0.03250 ,0.51482 ,0.03117 
0.08224 ,0.03164 ,0.41488 ,0.03250 ,0.50579 ,0.03117 
0.04513 ,0.03164 ,0.22013 ,0.03250 ,0.53140 ,0.03117 
0.05605 ,0.03165 ,0.19784 ,0.03250 ,0.66725 ,0.03117 
0.18011 ,0.03165 ,0.20969 ,0.03250 ,0.55668 ,0.03117 
0.24229 ,0.03165 ,0.37482 ,0.03250 ,0.54645 ,0.03117 
0.01764 ,0.03165 ,0.38148 ,0.03250 ,0.49510 ,0.03117 
0.06427 ,0.03165 ,0.20388 ,0.03250 ,0.54005 ,0.03117 
0.05991 ,0.03165 ,0.24292 ,0.03250 ,0.57453 ,0.03117 
0.19392 ,0.03165 ,0.31540 ,0.03251 ,0.53035 ,0.03118 
0.06973 ,0.03166 ,0.25326 ,0.03251 ,0.51493 ,0.03118 
0.10238 ,0.03166 ,0.27157 ,0.03251 ,0.53435 ,0.03118 
0.10317 ,0.03166 ,0.21906 ,0.03251 ,0.66355 ,0.03118 
0.07394 ,0.03166 ,0.22670 ,0.03251 ,0.52953 ,0.03119 
0.10846 ,0.03166 ,0.21101 ,0.03251 ,0.52846 ,0.03119 
0.08089 ,0.03166 ,0.28890 ,0.03251 ,0.50303 ,0.03120 
0.08215 ,0.03166 ,0.41547 ,0.03252 ,0.53865 ,0.03120 
0.03627 ,0.03166 ,0.36765 ,0.03252 ,0.51458 ,0.03120 
0.11184 ,0.03166 ,0.23488 ,0.03252 ,0.54353 ,0.03120 
0.07503 ,0.03166 ,0.23568 ,0.03252 ,0.57826 ,0.03121 
0.14792 ,0.03166 ,0.20101 ,0.03252 ,0.52796 ,0.03121 
0.07845 ,0.03166 ,0.21059 ,0.03252 ,0.56363 ,0.03121 
0.18975 ,0.03166 ,0.20664 ,0.03253 ,0.56350 ,0.03121 
0.06220 ,0.03166 ,0.21265 ,0.03253 ,0.57166 ,0.03121 
0.04929 ,0.03167 ,0.25766 ,0.03253 ,0.49843 ,0.03121 
0.29860 ,0.03167 ,0.29603 ,0.03253 ,0.51200 ,0.03121 
0.06919 ,0.03167 ,0.28415 ,0.03253 ,0.67942 ,0.03121 
0.01936 ,0.03167 ,0.25318 ,0.03253 ,0.53157 ,0.03121 
0.06779 ,0.03167 ,0.20819 ,0.03253 ,0.49359 ,0.03121 
0.09689 ,0.03167 ,0.33268 ,0.03253 ,0.54799 ,0.03121 
0.28113 ,0.03167 ,0.35366 ,0.03254 ,0.60383 ,0.03121 
0.09700 ,0.03167 ,0.38984 ,0.03254 ,0.50867 ,0.03121 
0.03280 ,0.03167 ,0.28946 ,0.03254 ,0.58131 ,0.03121 
0.17871 ,0.03168 ,0.24491 ,0.03254 ,0.58445 ,0.03122 
0.10461 ,0.03168 ,0.39622 ,0.03254 ,0.60842 ,0.03122 
0.15480 ,0.03168 ,0.23913 ,0.03254 ,0.62872 ,0.03122 
0.28264 ,0.03168 ,0.20753 ,0.03254 ,0.54670 ,0.03122 
0.07726 ,0.03168 ,0.33101 ,0.03254 ,0.48869 ,0.03122 
0.01925 ,0.03168 ,0.22226 ,0.03254 ,0.55161 ,0.03122 
0.05554 ,0.03168 ,0.23346 ,0.03254 ,0.54897 ,0.03122 
0.13473 ,0.03169 ,0.32630 ,0.03254 ,0.55414 ,0.03122 
0.24519 ,0.03169 ,0.29945 ,0.03254 ,0.62229 ,0.03123 
0.06807 ,0.03169 ,0.26786 ,0.03255 ,0.60113 ,0.03123 
0.16749 ,0.03169 ,0.23506 ,0.03255 ,0.51938 ,0.03123 
0.12518 ,0.03169 ,0.24178 ,0.03255 ,0.68753 ,0.03123 
0.05420 ,0.03169 ,0.21154 ,0.03255 ,0.50215 ,0.03123 
0.14665 ,0.03169 ,0.23734 ,0.03255 ,0.54598 ,0.03123 
0.05070 ,0.03169 ,0.31230 ,0.03255 ,0.53786 ,0.03124 
0.11007 ,0.03169 ,0.26564 ,0.03256 ,0.50293 ,0.03124 
0.03335 ,0.03169 ,0.34676 ,0.03256 ,0.50300 ,0.03124 
0.01854 ,0.03169 ,0.23704 ,0.03256 ,0.52198 ,0.03124 
0.19783 ,0.03169 ,0.24787 ,0.03256 ,0.76804 ,0.03124 
0.03061 ,0.03169 ,0.32425 ,0.03256 ,0.52691 ,0.03124 
0.04817 ,0.03169 ,0.20003 ,0.03256 ,0.60419 ,0.03125 
0.04478 ,0.03169 ,0.26276 ,0.03256 ,0.48983 ,0.03125 
0.03727 ,0.03170 ,0.29777 ,0.03257 ,0.59377 ,0.03125 
0.24818 ,0.03170 ,0.29164 ,0.03257 ,0.52193 ,0.03125 
0.03724 ,0.03170 ,0.27397 ,0.03257 ,0.51326 ,0.03125 
0.08495 ,0.03170 ,0.20596 ,0.03257 ,0.60791 ,0.03125 
0.26574 ,0.03170 ,0.28467 ,0.03257 ,0.55891 ,0.03125 
0.24189 ,0.03170 ,0.20155 ,0.03257 ,0.52273 ,0.03125 
0.08629 ,0.03170 ,0.24695 ,0.03257 ,0.62066 ,0.03125 
0.02920 ,0.03170 ,0.24119 ,0.03257 ,0.55831 ,0.03125 
0.35065 ,0.03170 ,0.21617 ,0.03257 ,0.63199 ,0.03125 
0.24195 ,0.03170 ,0.26219 ,0.03258 ,0.58364 ,0.03125 
0.12387 ,0.03170 ,0.28303 ,0.03258 ,0.65662 ,0.03126 
0.15583 ,0.03171 ,0.26507 ,0.03258 ,0.54834 ,0.03126 
0.06286 ,0.03171 ,0.26185 ,0.03258 ,0.59730 ,0.03126 
0.05529 ,0.03171 ,0.28109 ,0.03258 ,0.53515 ,0.03126 
0.27073 ,0.03171 ,0.20454 ,0.03258 ,0.54894 ,0.03126 
0.10732 ,0.03171 ,0.22545 ,0.03259 ,0.57844 ,0.03126 
0.12160 ,0.03171 ,0.20446 ,0.03259 ,0.50814 ,0.03126 
0.05808 ,0.03171 ,0.27104 ,0.03259 ,0.54434 ,0.03126 
0.18486 ,0.03171 ,0.19985 ,0.03259 ,0.53864 ,0.03126 
0.40092 ,0.03171 ,0.22401 ,0.03259 ,0.62022 ,0.03127 
0.05977 ,0.03172 ,0.27740 ,0.03259 ,0.49994 ,0.03127 
0.15589 ,0.03172 ,0.33850 ,0.03259 ,0.57481 ,0.03127 
0.16162 ,0.03172 ,0.24595 ,0.03259 ,0.52282 ,0.03127 
0.30121 ,0.03172 ,0.24911 ,0.03259 ,0.59368 ,0.03127 
0.11731 ,0.03172 ,0.19222 ,0.03259 ,0.49974 ,0.03127 
0.18933 ,0.03172 ,0.24005 ,0.03260 ,0.56758 ,0.03127 
0.05566 ,0.03172 ,0.24651 ,0.03260 ,0.50770 ,0.03127 
0.25276 ,0.03172 ,0.35847 ,0.03260 ,0.53855 ,0.03128 
0.08627 ,0.03172 ,0.24845 ,0.03260 ,0.50815 ,0.03128 
0.13066 ,0.03172 ,0.27679 ,0.03260 ,0.48769 ,0.03128 
0.04106 ,0.03172 ,0.33147 ,0.03260 ,0.53139 ,0.03128 
0.12083 ,0.03173 ,0.49241 ,0.03260 ,0.52363 ,0.03128 
0.17065 ,0.03173 ,0.33678 ,0.03261 ,0.61599 ,0.03128 
0.10360 ,0.03173 ,0.32702 ,0.03261 ,0.54055 ,0.03128 
0.09802 ,0.03173 ,0.23623 ,0.03261 ,0.52456 ,0.03128 
0.07489 ,0.03173 ,0.20429 ,0.03261 ,0.51144 ,0.03128 
0.04795 ,0.03173 ,0.25567 ,0.03261 ,0.52669 ,0.03128 
0.12099 ,0.03173 ,0.31893 ,0.03261 ,0.51632 ,0.03129 
0.03764 ,0.03173 ,0.29269 ,0.03261 ,0.57266 ,0.03129 
0.06065 ,0.03173 ,0.24963 ,0.03261 ,0.58620 ,0.03129 
0.05076 ,0.03173 ,0.21190 ,0.03261 ,0.57996 ,0.03129 
0.02259 ,0.03173 ,0.22182 ,0.03261 ,0.51396 ,0.03129 
0.14362 ,0.03174 ,0.39789 ,0.03261 ,0.68036 ,0.03129 
0.04584 ,0.03174 ,0.26007 ,0.03262 ,0.53665 ,0.03129 
0.09071 ,0.03174 ,0.26691 ,0.03262 ,0.51613 ,0.03129 
0.04358 ,0.03174 ,0.28012 ,0.03262 ,0.51085 ,0.03129 
0.06980 ,0.03174 ,0.35073 ,0.03263 ,0.50990 ,0.03129 
0.03939 ,0.03174 ,0.47115 ,0.03263 ,0.52539 ,0.03129 
0.12319 ,0.03174 ,0.24146 ,0.03263 ,0.50242 ,0.03130 
0.06158 ,0.03174 ,0.24560 ,0.03263 ,0.53043 ,0.03130 
0.04551 ,0.03174 ,0.32558 ,0.03263 ,0.52137 ,0.03130 
0.21731 ,0.03174 ,0.20043 ,0.03263 ,0.61216 ,0.03130 
0.07225 ,0.03175 ,0.25030 ,0.03263 ,0.71444 ,0.03130 
0.13258 ,0.03175 ,0.22886 ,0.03263 ,0.67530 ,0.03130 
0.10320 ,0.03175 ,0.21473 ,0.03263 ,0.58100 ,0.03130 
0.19213 ,0.03175 ,0.29314 ,0.03263 ,0.52401 ,0.03130 
0.00810 ,0.03175 ,0.24309 ,0.03264 ,0.56645 ,0.03131 
0.21949 ,0.03175 ,0.22879 ,0.03264 ,0.51129 ,0.03131 
0.10352 ,0.03175 ,0.26442 ,0.03264 ,0.58584 ,0.03131 
0.21845 ,0.03175 ,0.21486 ,0.03264 ,0.47839 ,0.03131 
0.15763 ,0.03175 ,0.21713 ,0.03264 ,0.63570 ,0.03131 
0.03772 ,0.03175 ,0.27238 ,0.03264 ,0.54652 ,0.03131 
0.05022 ,0.03175 ,0.23468 ,0.03264 ,0.61139 ,0.03132 
0.05325 ,0.03176 ,0.22947 ,0.03264 ,0.55039 ,0.03132 
0.04776 ,0.03176 ,0.21505 ,0.03265 ,0.55171 ,0.03132 
0.05870 ,0.03176 ,0.19505 ,0.03265 ,0.56529 ,0.03132 
0.08424 ,0.03176 ,0.30231 ,0.03265 ,0.53631 ,0.03132 
0.07834 ,0.03176 ,0.30608 ,0.03265 ,0.53417 ,0.03132 
0.06455 ,0.03176 ,0.25311 ,0.03265 ,0.50454 ,0.03133 
0.10371 ,0.03176 ,0.29757 ,0.03265 ,0.51587 ,0.03133 
0.08679 ,0.03176 ,0.21586 ,0.03265 ,0.50417 ,0.03133 
0.12400 ,0.03176 ,0.29963 ,0.03265 ,0.62875 ,0.03133 
0.13564 ,0.03176 ,0.27016 ,0.03265 ,0.48367 ,0.03133 
0.02974 ,0.03176 ,0.20994 ,0.03266 ,0.53737 ,0.03133 
0.12652 ,0.03176 ,0.30484 ,0.03266 ,0.50031 ,0.03133 
0.18685 ,0.03176 ,0.35761 ,0.03266 ,0.53093 ,0.03133 
0.02555 ,0.03176 ,0.27347 ,0.03266 ,0.50985 ,0.03133 
0.07804 ,0.03177 ,0.34806 ,0.03266 ,0.53643 ,0.03134 
0.08703 ,0.03177 ,0.26760 ,0.03266 ,0.51065 ,0.03134 
0.25527 ,0.03177 ,0.24339 ,0.03266 ,0.52067 ,0.03134 
0.03072 ,0.03177 ,0.19043 ,0.03267 ,0.56885 ,0.03134 
0.09255 ,0.03177 ,0.27001 ,0.03267 ,0.54519 ,0.03134 
0.04353 ,0.03177 ,0.30399 ,0.03267 ,0.53559 ,0.03134 
0.18239 ,0.03177 ,0.30165 ,0.03267 ,0.53450 ,0.03135 
0.14821 ,0.03177 ,0.38816 ,0.03267 ,0.59315 ,0.03135 
0.10892 ,0.03177 ,0.37880 ,0.03267 ,0.58072 ,0.03135 
0.05556 ,0.03177 ,0.27710 ,0.03267 ,0.49614 ,0.03135 
0.06319 ,0.03177 ,0.30852 ,0.03268 ,0.59810 ,0.03135 
0.03350 ,0.03178 ,0.31228 ,0.03268 ,0.53291 ,0.03135 
0.17670 ,0.03178 ,0.28490 ,0.03268 ,0.51267 ,0.03135 
0.07887 ,0.03178 ,0.26768 ,0.03268 ,0.68513 ,0.03135 
0.04534 ,0.03178 ,0.28058 ,0.03268 ,0.59743 ,0.03135 
0.10730 ,0.03178 ,0.21903 ,0.03269 ,0.52786 ,0.03135 
0.27783 ,0.03178 ,0.35668 ,0.03269 ,0.59273 ,0.03135 
0.04843 ,0.03178 ,0.24502 ,0.03269 ,0.57659 ,0.03136 
0.27744 ,0.03178 ,0.19349 ,0.03269 ,0.59146 ,0.03136 
0.07511 ,0.03178 ,0.28008 ,0.03270 ,0.63743 ,0.03136 
0.07265 ,0.03178 ,0.28308 ,0.03270 ,0.52347 ,0.03136 
0.10273 ,0.03179 ,0.22479 ,0.03270 ,0.50281 ,0.03136 
0.06937 ,0.03179 ,0.20701 ,0.03270 ,0.70922 ,0.03136 
0.05871 ,0.03179 ,0.37443 ,0.03270 ,0.58191 ,0.03136 
0.06188 ,0.03179 ,0.25802 ,0.03270 ,0.56774 ,0.03136 
0.07259 ,0.03179 ,0.23485 ,0.03270 ,0.53578 ,0.03137 
0.14750 ,0.03179 ,0.24111 ,0.03271 ,0.55892 ,0.03137 
0.40324 ,0.03179 ,0.21849 ,0.03271 ,0.56335 ,0.03137 
0.29546 ,0.03179 ,0.27180 ,0.03271 ,0.68099 ,0.03137 
0.17397 ,0.03180 ,0.21831 ,0.03271 ,0.52778 ,0.03137 
0.08859 ,0.03180 ,0.23407 ,0.03271 ,0.53819 ,0.03137 
0.10494 ,0.03180 ,0.30552 ,0.03271 ,0.57487 ,0.03137 
0.29034 ,0.03180 ,0.20983 ,0.03271 ,0.58987 ,0.03138 
0.03757 ,0.03180 ,0.21425 ,0.03271 ,0.49867 ,0.03138 
0.14662 ,0.03180 ,0.25227 ,0.03271 ,0.58435 ,0.03138 
0.04354 ,0.03180 ,0.24933 ,0.03271 ,0.50759 ,0.03138 
0.21467 ,0.03180 ,0.27831 ,0.03272 ,0.51505 ,0.03138 
0.05859 ,0.03180 ,0.27012 ,0.03272 ,0.58204 ,0.03138 
0.28329 ,0.03180 ,0.32273 ,0.03272 ,0.61332 ,0.03138 
0.26348 ,0.03181 ,0.29477 ,0.03272 ,0.59855 ,0.03138 
0.03411 ,0.03181 ,0.23399 ,0.03272 ,0.56507 ,0.03139 
0.15771 ,0.03181 ,0.27766 ,0.03272 ,0.49610 ,0.03139 
0.06697 ,0.03181 ,0.26696 ,0.03272 ,0.59657 ,0.03139 
0.11281 ,0.03181 ,0.29815 ,0.03272 ,0.64692 ,0.03139 
0.04751 ,0.03181 ,0.19819 ,0.03272 ,0.56520 ,0.03139 
0.06916 ,0.03181 ,0.30305 ,0.03272 ,0.53297 ,0.03139 
0.05257 ,0.03182 ,0.25092 ,0.03272 ,0.49086 ,0.03139 
0.02258 ,0.03182 ,0.26247 ,0.03272 ,0.50167 ,0.03139 
0.09195 ,0.03182 ,0.23382 ,0.03273 ,0.69565 ,0.03140 
0.07200 ,0.03182 ,0.22410 ,0.03273 ,0.49334 ,0.03140 
0.10247 ,0.03182 ,0.23018 ,0.03273 ,0.50355 ,0.03140 
0.07161 ,0.03182 ,0.25730 ,0.03273 ,0.55651 ,0.03140 
0.28858 ,0.03182 ,0.39818 ,0.03273 ,0.61506 ,0.03140 
0.09836 ,0.03182 ,0.24830 ,0.03274 ,0.53821 ,0.03140 
0.06333 ,0.03182 ,0.19164 ,0.03274 ,0.51341 ,0.03140 
0.22734 ,0.03182 ,0.28602 ,0.03274 ,0.50062 ,0.03140 
0.02968 ,0.03182 ,0.23591 ,0.03274 ,0.60055 ,0.03140 
0.10382 ,0.03182 ,0.42159 ,0.03274 ,0.64514 ,0.03141 
0.29519 ,0.03183 ,0.28922 ,0.03274 ,0.51973 ,0.03141 
0.12189 ,0.03183 ,0.26226 ,0.03274 ,0.48050 ,0.03141 
0.03943 ,0.03183 ,0.26943 ,0.03274 ,0.53911 ,0.03141 
0.04229 ,0.03183 ,0.24134 ,0.03274 ,0.66582 ,0.03141 
0.03884 ,0.03183 ,0.29164 ,0.03274 ,0.51417 ,0.03141 
0.35626 ,0.03183 ,0.22652 ,0.03275 ,0.52443 ,0.03141 
0.13971 ,0.03183 ,0.22656 ,0.03275 ,0.51498 ,0.03142 
0.04804 ,0.03183 ,0.43082 ,0.03275 ,0.68087 ,0.03142 
0.03069 ,0.03184 ,0.22435 ,0.03275 ,0.52974 ,0.03142 
0.05487 ,0.03184 ,0.23934 ,0.03275 ,0.50575 ,0.03142 
0.06590 ,0.03184 ,0.21066 ,0.03275 ,0.52333 ,0.03142 
0.03546 ,0.03184 ,0.26400 ,0.03275 ,0.61507 ,0.03143 
0.05145 ,0.03184 ,0.22751 ,0.03275 ,0.56754 ,0.03143 
0.02653 ,0.03184 ,0.20790 ,0.03276 ,0.55381 ,0.03143 
0.08630 ,0.03184 ,0.24885 ,0.03276 ,0.54875 ,0.03143 
0.05859 ,0.03185 ,0.26836 ,0.03276 ,0.51509 ,0.03144 
0.05094 ,0.03185 ,0.20921 ,0.03276 ,0.51378 ,0.03144 
0.12195 ,0.03185 ,0.22024 ,0.03276 ,0.55499 ,0.03144 
0.30881 ,0.03185 ,0.27177 ,0.03276 ,0.56064 ,0.03144 
0.04472 ,0.03185 ,0.41309 ,0.03276 ,0.55716 ,0.03144 
0.28776 ,0.03185 ,0.32072 ,0.03276 ,0.54116 ,0.03145 
0.15783 ,0.03185 ,0.21968 ,0.03276 ,0.50330 ,0.03145 
0.16050 ,0.03185 ,0.28418 ,0.03276 ,0.56015 ,0.03145 
0.05697 ,0.03185 ,0.22974 ,0.03276 ,0.58125 ,0.03145 
0.30431 ,0.03185 ,0.23504 ,0.03276 ,0.50579 ,0.03145 
0.07329 ,0.03185 ,0.19800 ,0.03277 ,0.50933 ,0.03145 
0.04596 ,0.03185 ,0.31791 ,0.03277 ,0.57281 ,0.03146 
0.14146 ,0.03185 ,0.34189 ,0.03277 ,0.52415 ,0.03146 
0.12675 ,0.03186 ,0.27704 ,0.03277 ,0.57237 ,0.03146 
0.17980 ,0.03186 ,0.25922 ,0.03277 ,0.52323 ,0.03146 
0.04826 ,0.03186 ,0.22357 ,0.03277 ,0.53266 ,0.03147 
0.07740 ,0.03186 ,0.33174 ,0.03277 ,0.55954 ,0.03147 
0.19146 ,0.03186 ,0.24349 ,0.03278 ,0.62485 ,0.03147 
0.08201 ,0.03186 ,0.26348 ,0.03278 ,0.50503 ,0.03147 
0.27413 ,0.03186 ,0.26033 ,0.03278 ,0.55727 ,0.03147 
0.08317 ,0.03186 ,0.23881 ,0.03278 ,0.52512 ,0.03147 
0.05975 ,0.03186 ,0.29872 ,0.03278 ,0.51038 ,0.03147 
0.09012 ,0.03186 ,0.29679 ,0.03279 ,0.56015 ,0.03147 
0.02742 ,0.03186 ,0.30416 ,0.03279 ,0.56190 ,0.03148 
0.02072 ,0.03186 ,0.34119 ,0.03279 ,0.53348 ,0.03148 
0.21461 ,0.03187 ,0.26202 ,0.03279 ,0.58117 ,0.03148 
0.06950 ,0.03187 ,0.28586 ,0.03279 ,0.65802 ,0.03148 
0.07485 ,0.03187 ,0.27791 ,0.03279 ,0.51601 ,0.03148 
0.04053 ,0.03187 ,0.25216 ,0.03280 ,0.56023 ,0.03148 
0.26120 ,0.03187 ,0.32117 ,0.03280 ,0.56161 ,0.03148 
0.22933 ,0.03187 ,0.24642 ,0.03280 ,0.52124 ,0.03148 
0.13963 ,0.03187 ,0.22041 ,0.03280 ,0.52979 ,0.03148 
0.16679 ,0.03187 ,0.24833 ,0.03280 ,0.71951 ,0.03148 
0.35266 ,0.03187 ,0.38629 ,0.03280 ,0.63769 ,0.03148 
0.06519 ,0.03188 ,0.26710 ,0.03280 ,0.50589 ,0.03148 
0.14349 ,0.03188 ,0.21684 ,0.03280 ,0.70708 ,0.03148 
0.12536 ,0.03188 ,0.22173 ,0.03281 ,0.53601 ,0.03149 
0.05658 ,0.03188 ,0.23741 ,0.03281 ,0.53248 ,0.03149 
0.03886 ,0.03188 ,0.26287 ,0.03281 ,0.57613 ,0.03149 
0.05002 ,0.03189 ,0.30821 ,0.03281 ,0.50561 ,0.03149 
0.20771 ,0.03189 ,0.32411 ,0.03281 ,0.50908 ,0.03149 
0.12762 ,0.03189 ,0.35297 ,0.03281 ,0.55103 ,0.03149 
0.02973 ,0.03189 ,0.29886 ,0.03281 ,0.57475 ,0.03150 
0.13108 ,0.03189 ,0.35044 ,0.03281 ,0.56164 ,0.03150 
0.10792 ,0.03189 ,0.22216 ,0.03281 ,0.54179 ,0.03150 
0.06242 ,0.03189 ,0.18927 ,0.03281 ,0.53830 ,0.03150 
0.08657 ,0.03189 ,0.21031 ,0.03281 ,0.63218 ,0.03150 
0.16218 ,0.03189 ,0.20279 ,0.03282 ,0.52122 ,0.03150 
0.04099 ,0.03189 ,0.22348 ,0.03282 ,0.57269 ,0.03150 
0.19631 ,0.03189 ,0.25217 ,0.03282 ,0.57633 ,0.03150 
0.04445 ,0.03189 ,0.24696 ,0.03282 ,0.64692 ,0.03150 
0.09191 ,0.03189 ,0.24818 ,0.03282 ,0.64425 ,0.03150 
0.05378 ,0.03190 ,0.34336 ,0.03282 ,0.60631 ,0.03150 
0.14111 ,0.03190 ,0.29217 ,0.03282 ,0.52200 ,0.03150 
0.02822 ,0.03190 ,0.44982 ,0.03282 ,0.53208 ,0.03150 
0.08695 ,0.03190 ,0.40724 ,0.03283 ,0.55220 ,0.03151 
0.32562 ,0.03190 ,0.41655 ,0.03283 ,0.50512 ,0.03151 
0.10705 ,0.03190 ,0.28730 ,0.03283 ,0.61840 ,0.03151 
0.02516 ,0.03190 ,0.25883 ,0.03283 ,0.66502 ,0.03152 
0.04076 ,0.03190 ,0.38398 ,0.03284 ,0.55061 ,0.03152 
0.13240 ,0.03190 ,0.27185 ,0.03284 ,0.58493 ,0.03152 
0.03963 ,0.03190 ,0.25599 ,0.03284 ,0.53339 ,0.03152 
0.22363 ,0.03190 ,0.20145 ,0.03284 ,0.54920 ,0.03152 
0.10878 ,0.03190 ,0.22260 ,0.03284 ,0.55976 ,0.03152 
0.04377 ,0.03190 ,0.25159 ,0.03284 ,0.50601 ,0.03152 
0.05521 ,0.03190 ,0.24330 ,0.03284 ,0.53609 ,0.03152 
0.16733 ,0.03191 ,0.36787 ,0.03284 ,0.51602 ,0.03152 
0.06869 ,0.03191 ,0.29162 ,0.03284 ,0.56869 ,0.03152 
0.27622 ,0.03191 ,0.23501 ,0.03285 ,0.62523 ,0.03152 
0.02771 ,0.03191 ,0.22273 ,0.03285 ,0.58586 ,0.03152 
0.23421 ,0.03191 ,0.22224 ,0.03285 ,0.66860 ,0.03153 
0.12068 ,0.03191 ,0.23324 ,0.03285 ,0.59221 ,0.03153 
0.06665 ,0.03191 ,0.21920 ,0.03285 ,0.51340 ,0.03153 
0.11767 ,0.03191 ,0.30031 ,0.03285 ,0.57168 ,0.03153 
0.09410 ,0.03191 ,0.39473 ,0.03285 ,0.53326 ,0.03153 
0.07083 ,0.03191 ,0.28296 ,0.03285 ,0.54011 ,0.03153 
0.12611 ,0.03191 ,0.29207 ,0.03285 ,0.61623 ,0.03153 
0.11884 ,0.03192 ,0.24971 ,0.03285 ,0.54204 ,0.03153 
0.23328 ,0.03192 ,0.21657 ,0.03285 ,0.55558 ,0.03154 
0.13114 ,0.03192 ,0.24939 ,0.03285 ,0.57158 ,0.03154 
0.33252 ,0.03192 ,0.25524 ,0.03286 ,0.58893 ,0.03154 
0.27397 ,0.03192 ,0.19220 ,0.03286 ,0.52269 ,0.03154 
0.13108 ,0.03192 ,0.25656 ,0.03286 ,0.61708 ,0.03154 
0.07650 ,0.03192 ,0.23180 ,0.03286 ,0.53486 ,0.03154 
0.19898 ,0.03192 ,0.28717 ,0.03286 ,0.65050 ,0.03155 
0.04759 ,0.03192 ,0.27094 ,0.03286 ,0.56602 ,0.03155 
0.18858 ,0.03192 ,0.26976 ,0.03286 ,0.52809 ,0.03155 
0.10059 ,0.03193 ,0.26210 ,0.03287 ,0.63616 ,0.03155 
0.05636 ,0.03193 ,0.23192 ,0.03287 ,0.55387 ,0.03155 
0.10379 ,0.03193 ,0.24713 ,0.03287 ,0.59824 ,0.03155 
0.14445 ,0.03193 ,0.30058 ,0.03287 ,0.51955 ,0.03155 
0.21267 ,0.03193 ,0.27353 ,0.03287 ,0.56119 ,0.03155 
0.30865 ,0.03193 ,0.39051 ,0.03287 ,0.54280 ,0.03155 
0.11694 ,0.03193 ,0.21477 ,0.03288 ,0.51423 ,0.03155 
0.09440 ,0.03194 ,0.22485 ,0.03288 ,0.57291 ,0.03155 
0.13763 ,0.03194 ,0.22834 ,0.03288 ,0.51142 ,0.03155 
0.24708 ,0.03194 ,0.40066 ,0.03288 ,0.53245 ,0.03155 
0.18254 ,0.03194 ,0.37874 ,0.03288 ,0.55635 ,0.03155 
0.13083 ,0.03194 ,0.37713 ,0.03289 ,0.57754 ,0.03155 
0.11502 ,0.03194 ,0.21579 ,0.03289 ,0.48900 ,0.03155 
0.05644 ,0.03194 ,0.26742 ,0.03289 ,0.52771 ,0.03156 
0.05816 ,0.03194 ,0.19443 ,0.03289 ,0.55078 ,0.03156 
0.14266 ,0.03194 ,0.26722 ,0.03289 ,0.54666 ,0.03156 
0.12154 ,0.03194 ,0.28481 ,0.03289 ,0.64330 ,0.03156 
0.16302 ,0.03194 ,0.31526 ,0.03289 ,0.61076 ,0.03156 
0.05742 ,0.03194 ,0.32433 ,0.03289 ,0.54961 ,0.03156 
0.01295 ,0.03194 ,0.23326 ,0.03290 ,0.51081 ,0.03157 
0.04703 ,0.03194 ,0.21105 ,0.03290 ,0.51395 ,0.03157 
0.06776 ,0.03194 ,0.25421 ,0.03290 ,0.58102 ,0.03157 
0.05096 ,0.03195 ,0.28005 ,0.03290 ,0.50112 ,0.03157 
0.14762 ,0.03195 ,0.31386 ,0.03290 ,0.52156 ,0.03157 
0.12532 ,0.03195 ,0.22680 ,0.03290 ,0.54105 ,0.03157 
0.23677 ,0.03195 ,0.20845 ,0.03290 ,0.57059 ,0.03157 
0.09811 ,0.03195 ,0.20775 ,0.03290 ,0.48879 ,0.03157 
0.06040 ,0.03195 ,0.21883 ,0.03290 ,0.52577 ,0.03157 
0.23214 ,0.03195 ,0.31844 ,0.03291 ,0.52379 ,0.03157 
0.04162 ,0.03196 ,0.29159 ,0.03291 ,0.58196 ,0.03158 
0.11353 ,0.03196 ,0.28472 ,0.03291 ,0.55349 ,0.03158 
0.11768 ,0.03196 ,0.24607 ,0.03292 ,0.56689 ,0.03158 
0.04081 ,0.03196 ,0.26498 ,0.03292 ,0.51523 ,0.03159 
0.08870 ,0.03196 ,0.26219 ,0.03292 ,0.57092 ,0.03159 
0.27807 ,0.03196 ,0.29695 ,0.03292 ,0.61559 ,0.03159 
0.09073 ,0.03196 ,0.28489 ,0.03292 ,0.55014 ,0.03159 
0.36802 ,0.03196 ,0.25596 ,0.03292 ,0.62304 ,0.03159 
0.14455 ,0.03196 ,0.30431 ,0.03293 ,0.56437 ,0.03159 
0.26510 ,0.03196 ,0.40436 ,0.03293 ,0.62563 ,0.03159 
0.18911 ,0.03196 ,0.41134 ,0.03293 ,0.53710 ,0.03159 
0.07001 ,0.03196 ,0.21223 ,0.03293 ,0.65589 ,0.03159 
0.07067 ,0.03197 ,0.28161 ,0.03293 ,0.59056 ,0.03160 
0.07810 ,0.03197 ,0.27290 ,0.03293 ,0.58364 ,0.03160 
0.15489 ,0.03197 ,0.23422 ,0.03293 ,0.55470 ,0.03160 
0.07785 ,0.03197 ,0.29248 ,0.03293 ,0.67889 ,0.03160 
0.12890 ,0.03197 ,0.25547 ,0.03293 ,0.50333 ,0.03160 
0.21891 ,0.03197 ,0.24108 ,0.03293 ,0.70798 ,0.03160 
0.18693 ,0.03197 ,0.20872 ,0.03293 ,0.55538 ,0.03160 
0.24637 ,0.03197 ,0.37015 ,0.03293 ,0.51969 ,0.03160 
0.11763 ,0.03198 ,0.25763 ,0.03294 ,0.61491 ,0.03160 
0.09168 ,0.03198 ,0.35261 ,0.03294 ,0.52273 ,0.03160 
0.23827 ,0.03199 ,0.25941 ,0.03294 ,0.53040 ,0.03160 
0.23516 ,0.03199 ,0.22290 ,0.03294 ,0.50275 ,0.03161 
0.03580 ,0.03199 ,0.22297 ,0.03294 ,0.53589 ,0.03161 
0.13949 ,0.03199 ,0.25655 ,0.03294 ,0.53863 ,0.03161 
0.04434 ,0.03199 ,0.35629 ,0.03294 ,0.58346 ,0.03162 
0.06881 ,0.03199 ,0.24134 ,0.03295 ,0.50663 ,0.03162 
0.17649 ,0.03199 ,0.21157 ,0.03295 ,0.60484 ,0.03162 
0.15919 ,0.03199 ,0.30256 ,0.03295 ,0.47444 ,0.03162 
0.05208 ,0.03199 ,0.36451 ,0.03295 ,0.53683 ,0.03162 
0.19798 ,0.03199 ,0.22948 ,0.03295 ,0.61372 ,0.03162 
0.05116 ,0.03200 ,0.32148 ,0.03295 ,0.61903 ,0.03162 
0.31726 ,0.03200 ,0.23713 ,0.03295 ,0.50750 ,0.03162 
0.08301 ,0.03200 ,0.26768 ,0.03295 ,0.58625 ,0.03162 
0.10322 ,0.03200 ,0.41039 ,0.03296 ,0.56630 ,0.03163 
0.12332 ,0.03200 ,0.23785 ,0.03296 ,0.54622 ,0.03163 
0.06419 ,0.03201 ,0.24692 ,0.03296 ,0.58657 ,0.03164 
0.29743 ,0.03201 ,0.19867 ,0.03296 ,0.61350 ,0.03164 
0.04092 ,0.03201 ,0.20247 ,0.03296 ,0.55093 ,0.03164 
0.10608 ,0.03201 ,0.19482 ,0.03296 ,0.58341 ,0.03164 
0.20510 ,0.03201 ,0.26597 ,0.03296 ,0.52113 ,0.03164 
0.29447 ,0.03202 ,0.37346 ,0.03297 ,0.61092 ,0.03165 
0.08993 ,0.03202 ,0.24554 ,0.03297 ,0.50729 ,0.03165 
0.19671 ,0.03202 ,0.30375 ,0.03297 ,0.66603 ,0.03165 
0.06904 ,0.03202 ,0.21558 ,0.03297 ,0.53948 ,0.03165 
0.03815 ,0.03202 ,0.32093 ,0.03297 ,0.53556 ,0.03165 
0.40531 ,0.03203 ,0.25174 ,0.03297 ,0.65811 ,0.03165 
0.05004 ,0.03203 ,0.27904 ,0.03297 ,0.49491 ,0.03165 
0.06714 ,0.03203 ,0.23150 ,0.03297 ,0.56798 ,0.03165 
0.24105 ,0.03203 ,0.30741 ,0.03297 ,0.59148 ,0.03165 
0.04670 ,0.03203 ,0.26250 ,0.03298 ,0.51809 ,0.03165 
0.35332 ,0.03203 ,0.36314 ,0.03298 ,0.51398 ,0.03165 
0.07240 ,0.03203 ,0.25285 ,0.03298 ,0.56676 ,0.03166 
0.11439 ,0.03203 ,0.32913 ,0.03298 ,0.56178 ,0.03166 
0.37825 ,0.03203 ,0.30620 ,0.03298 ,0.57362 ,0.03166 
0.08608 ,0.03203 ,0.28988 ,0.03298 ,0.61689 ,0.03166 
0.17949 ,0.03203 ,0.25314 ,0.03298 ,0.58421 ,0.03166 
0.04882 ,0.03203 ,0.24278 ,0.03298 ,0.58350 ,0.03166 
0.10805 ,0.03204 ,0.24295 ,0.03299 ,0.62841 ,0.03166 
0.15301 ,0.03204 ,0.28796 ,0.03299 ,0.64678 ,0.03167 
0.08079 ,0.03204 ,0.23574 ,0.03299 ,0.51245 ,0.03167 
0.24262 ,0.03204 ,0.23550 ,0.03299 ,0.49970 ,0.03167 
0.07544 ,0.03204 ,0.25472 ,0.03299 ,0.55094 ,0.03167 
0.03013 ,0.03204 ,0.22004 ,0.03299 ,0.58547 ,0.03167 
0.15159 ,0.03204 ,0.20564 ,0.03299 ,0.56229 ,0.03167 
0.19998 ,0.03204 ,0.25630 ,0.03299 ,0.50669 ,0.03168 
0.08807 ,0.03204 ,0.28401 ,0.03300 ,0.64215 ,0.03168 
0.08252 ,0.03205 ,0.28820 ,0.03300 ,0.54599 ,0.03168 
0.06851 ,0.03205 ,0.34956 ,0.03300 ,0.52399 ,0.03168 
0.03077 ,0.03205 ,0.21847 ,0.03300 ,0.51997 ,0.03168 
0.07518 ,0.03205 ,0.27197 ,0.03300 ,0.64870 ,0.03168 
0.04428 ,0.03205 ,0.21084 ,0.03300 ,0.59811 ,0.03168 
0.14092 ,0.03205 ,0.31624 ,0.03301 ,0.57552 ,0.03168 
0.27707 ,0.03205 ,0.35362 ,0.03301 ,0.54771 ,0.03169 
0.07865 ,0.03205 ,0.19212 ,0.03301 ,0.52476 ,0.03169 
0.08390 ,0.03205 ,0.21375 ,0.03302 ,0.70882 ,0.03169 
0.14065 ,0.03206 ,0.38437 ,0.03302 ,0.56392 ,0.03169 
0.15132 ,0.03206 ,0.28755 ,0.03302 ,0.67994 ,0.03170 
0.09532 ,0.03206 ,0.27618 ,0.03302 ,0.52183 ,0.03170 
0.03832 ,0.03206 ,0.31352 ,0.03302 ,0.52988 ,0.03170 
0.03379 ,0.03206 ,0.22909 ,0.03302 ,0.51524 ,0.03170 
0.04830 ,0.03206 ,0.32316 ,0.03302 ,0.51813 ,0.03170 
0.05443 ,0.03206 ,0.21259 ,0.03303 ,0.63303 ,0.03170 
0.15296 ,0.03206 ,0.21952 ,0.03303 ,0.69224 ,0.03170 
0.01975 ,0.03206 ,0.19415 ,0.03303 ,0.58455 ,0.03170 
0.03526 ,0.03207 ,0.25976 ,0.03303 ,0.52858 ,0.03170 
0.19309 ,0.03207 ,0.23762 ,0.03303 ,0.56564 ,0.03171 
0.23571 ,0.03207 ,0.20927 ,0.03304 ,0.48289 ,0.03171 
0.04402 ,0.03207 ,0.22033 ,0.03304 ,0.59267 ,0.03171 
0.08610 ,0.03207 ,0.24685 ,0.03304 ,0.69111 ,0.03171 
0.03945 ,0.03207 ,0.21091 ,0.03304 ,0.50250 ,0.03171 
0.26182 ,0.03207 ,0.22919 ,0.03305 ,0.51817 ,0.03171 
0.36912 ,0.03207 ,0.24649 ,0.03305 ,0.53638 ,0.03171 
0.02644 ,0.03207 ,0.26313 ,0.03305 ,0.54902 ,0.03171 
0.13581 ,0.03207 ,0.36771 ,0.03305 ,0.51824 ,0.03171 
0.12587 ,0.03207 ,0.25164 ,0.03305 ,0.54050 ,0.03171 
0.38640 ,0.03208 ,0.30035 ,0.03305 ,0.50130 ,0.03172 
0.12349 ,0.03208 ,0.41105 ,0.03305 ,0.66415 ,0.03172 
0.06905 ,0.03208 ,0.25294 ,0.03305 ,0.59612 ,0.03172 
0.16325 ,0.03208 ,0.19860 ,0.03305 ,0.59782 ,0.03172 
0.10325 ,0.03208 ,0.29003 ,0.03305 ,0.51552 ,0.03172 
0.15828 ,0.03208 ,0.23773 ,0.03305 ,0.50772 ,0.03172 
0.13026 ,0.03208 ,0.22951 ,0.03306 ,0.62483 ,0.03172 
0.09289 ,0.03208 ,0.24122 ,0.03306 ,0.58118 ,0.03173 
0.05620 ,0.03208 ,0.31092 ,0.03306 ,0.54770 ,0.03173 
0.34833 ,0.03208 ,0.36280 ,0.03306 ,0.55787 ,0.03173 
0.10051 ,0.03208 ,0.19730 ,0.03306 ,0.54077 ,0.03173 
0.05763 ,0.03208 ,0.43571 ,0.03306 ,0.52432 ,0.03173 
0.03504 ,0.03209 ,0.24050 ,0.03306 ,0.60766 ,0.03173 
0.03307 ,0.03209 ,0.40435 ,0.03307 ,0.53076 ,0.03173 
0.07437 ,0.03209 ,0.20887 ,0.03307 ,0.54664 ,0.03173 
0.08324 ,0.03209 ,0.22078 ,0.03307 ,0.51538 ,0.03173 
0.09078 ,0.03209 ,0.29130 ,0.03307 ,0.52306 ,0.03173 
0.16356 ,0.03209 ,0.22860 ,0.03307 ,0.51045 ,0.03173 
0.08113 ,0.03209 ,0.25138 ,0.03307 ,0.56363 ,0.03173 
0.25089 ,0.03209 ,0.20926 ,0.03307 ,0.49819 ,0.03174 
0.03651 ,0.03209 ,0.20232 ,0.03307 ,0.52608 ,0.03174 
0.07432 ,0.03209 ,0.26626 ,0.03307 ,0.50105 ,0.03174 
0.05812 ,0.03209 ,0.48921 ,0.03307 ,0.48771 ,0.03174 
0.21809 ,0.03209 ,0.24835 ,0.03307 ,0.55385 ,0.03174 
0.24519 ,0.03210 ,0.30213 ,0.03308 ,0.52622 ,0.03174 
0.04821 ,0.03210 ,0.21206 ,0.03308 ,0.51291 ,0.03174 
0.03945 ,0.03210 ,0.26686 ,0.03308 ,0.53360 ,0.03174 
0.16351 ,0.03210 ,0.21497 ,0.03308 ,0.66941 ,0.03175 
0.05390 ,0.03210 ,0.29696 ,0.03308 ,0.50992 ,0.03175 
0.05995 ,0.03210 ,0.32080 ,0.03308 ,0.52815 ,0.03175 
0.08410 ,0.03210 ,0.26800 ,0.03308 ,0.60904 ,0.03175 
0.05464 ,0.03210 ,0.37531 ,0.03308 ,0.51454 ,0.03175 
0.06207 ,0.03210 ,0.24441 ,0.03308 ,0.73883 ,0.03175 
0.15140 ,0.03211 ,0.30520 ,0.03308 ,0.58513 ,0.03175 
0.19898 ,0.03211 ,0.31685 ,0.03308 ,0.53518 ,0.03175 
0.07094 ,0.03211 ,0.35620 ,0.03308 ,0.56572 ,0.03176 
0.09531 ,0.03211 ,0.44535 ,0.03309 ,0.49417 ,0.03176 
0.02919 ,0.03211 ,0.31428 ,0.03309 ,0.50089 ,0.03176 
0.18584 ,0.03211 ,0.33360 ,0.03309 ,0.55572 ,0.03176 
0.08145 ,0.03211 ,0.41912 ,0.03309 ,0.57129 ,0.03177 
0.03145 ,0.03211 ,0.27863 ,0.03309 ,0.63805 ,0.03177 
0.09778 ,0.03211 ,0.33046 ,0.03309 ,0.51021 ,0.03177 
0.27607 ,0.03211 ,0.21864 ,0.03310 ,0.51677 ,0.03177 
0.13712 ,0.03212 ,0.23702 ,0.03310 ,0.58556 ,0.03177 
0.06510 ,0.03212 ,0.27990 ,0.03310 ,0.55069 ,0.03177 
0.13076 ,0.03212 ,0.35042 ,0.03310 ,0.57920 ,0.03177 
0.06514 ,0.03212 ,0.24897 ,0.03310 ,0.48290 ,0.03177 
0.04666 ,0.03212 ,0.27394 ,0.03310 ,0.54250 ,0.03177 
0.01825 ,0.03212 ,0.49184 ,0.03310 ,0.58359 ,0.03178 
0.04892 ,0.03212 ,0.24226 ,0.03310 ,0.54589 ,0.03178 
0.39755 ,0.03212 ,0.29891 ,0.03310 ,0.52194 ,0.03178 
0.18968 ,0.03212 ,0.27688 ,0.03310 ,0.61732 ,0.03178 
0.05216 ,0.03213 ,0.25838 ,0.03311 ,0.56170 ,0.03178 
0.24009 ,0.03213 ,0.22663 ,0.03311 ,0.55302 ,0.03178 
0.27542 ,0.03213 ,0.29250 ,0.03311 ,0.57130 ,0.03178 
0.06851 ,0.03213 ,0.26395 ,0.03311 ,0.57054 ,0.03178 
0.04274 ,0.03213 ,0.30479 ,0.03311 ,0.60275 ,0.03178 
0.12037 ,0.03213 ,0.28211 ,0.03311 ,0.49236 ,0.03178 
0.14111 ,0.03213 ,0.37915 ,0.03311 ,0.63832 ,0.03178 
0.06921 ,0.03213 ,0.25096 ,0.03311 ,0.54098 ,0.03178 
0.05620 ,0.03213 ,0.24113 ,0.03311 ,0.55358 ,0.03179 
0.06368 ,0.03213 ,0.39370 ,0.03312 ,0.52724 ,0.03179 
0.03358 ,0.03213 ,0.33722 ,0.03312 ,0.51894 ,0.03179 
0.12007 ,0.03213 ,0.26493 ,0.03312 ,0.52013 ,0.03179 
0.27786 ,0.03214 ,0.19476 ,0.03312 ,0.55270 ,0.03179 
0.05432 ,0.03214 ,0.25295 ,0.03312 ,0.60101 ,0.03179 
0.12483 ,0.03214 ,0.20780 ,0.03313 ,0.53572 ,0.03179 
0.04950 ,0.03214 ,0.21318 ,0.03313 ,0.53989 ,0.03179 
0.10399 ,0.03214 ,0.33152 ,0.03313 ,0.54290 ,0.03180 
0.06485 ,0.03214 ,0.41655 ,0.03313 ,0.63443 ,0.03180 
0.04492 ,0.03214 ,0.22770 ,0.03313 ,0.56556 ,0.03180 
0.08434 ,0.03214 ,0.30308 ,0.03313 ,0.52270 ,0.03180 
0.26771 ,0.03214 ,0.17909 ,0.03313 ,0.53980 ,0.03180 
0.05850 ,0.03214 ,0.29519 ,0.03313 ,0.52038 ,0.03180 
0.29479 ,0.03214 ,0.23168 ,0.03313 ,0.62347 ,0.03180 
0.22515 ,0.03214 ,0.36849 ,0.03313 ,0.56822 ,0.03180 
0.20139 ,0.03214 ,0.28524 ,0.03314 ,0.58407 ,0.03181 
0.05658 ,0.03215 ,0.21417 ,0.03314 ,0.59791 ,0.03181 
0.14373 ,0.03215 ,0.20892 ,0.03314 ,0.58821 ,0.03181 
0.07483 ,0.03215 ,0.18577 ,0.03314 ,0.50176 ,0.03181 
0.12867 ,0.03215 ,0.30245 ,0.03314 ,0.54972 ,0.03181 
0.17399 ,0.03215 ,0.31827 ,0.03314 ,0.57098 ,0.03181 
0.22291 ,0.03215 ,0.43774 ,0.03314 ,0.60981 ,0.03182 
0.04180 ,0.03215 ,0.23104 ,0.03314 ,0.55575 ,0.03182 
0.10251 ,0.03215 ,0.30332 ,0.03315 ,0.57480 ,0.03182 
0.39760 ,0.03215 ,0.23611 ,0.03315 ,0.55252 ,0.03182 
0.08232 ,0.03215 ,0.30346 ,0.03315 ,0.50588 ,0.03182 
0.32800 ,0.03216 ,0.27891 ,0.03316 ,0.54673 ,0.03182 
0.08655 ,0.03216 ,0.21081 ,0.03316 ,0.50752 ,0.03182 
0.14270 ,0.03216 ,0.26532 ,0.03316 ,0.50512 ,0.03182 
0.18645 ,0.03216 ,0.18476 ,0.03316 ,0.49443 ,0.03183 
0.08149 ,0.03216 ,0.21767 ,0.03316 ,0.53087 ,0.03183 
0.11994 ,0.03216 ,0.23320 ,0.03316 ,0.75736 ,0.03183 
0.05353 ,0.03216 ,0.35846 ,0.03317 ,0.56359 ,0.03183 
0.02248 ,0.03216 ,0.24142 ,0.03317 ,0.52746 ,0.03183 
0.05061 ,0.03216 ,0.28017 ,0.03317 ,0.50865 ,0.03184 
0.04890 ,0.03217 ,0.22498 ,0.03317 ,0.57509 ,0.03184 
0.06086 ,0.03217 ,0.23840 ,0.03317 ,0.62703 ,0.03184 
0.10596 ,0.03217 ,0.30248 ,0.03317 ,0.52169 ,0.03184 
0.07234 ,0.03217 ,0.32638 ,0.03317 ,0.57004 ,0.03184 
0.07932 ,0.03217 ,0.22182 ,0.03317 ,0.51862 ,0.03184 
0.05092 ,0.03217 ,0.21706 ,0.03318 ,0.64603 ,0.03184 
0.21164 ,0.03217 ,0.24809 ,0.03318 ,0.56268 ,0.03184 
0.17911 ,0.03218 ,0.29485 ,0.03318 ,0.54146 ,0.03184 
0.19483 ,0.03218 ,0.28013 ,0.03318 ,0.49502 ,0.03184 
0.20666 ,0.03218 ,0.28450 ,0.03318 ,0.57727 ,0.03185 
0.05469 ,0.03218 ,0.20788 ,0.03318 ,0.57524 ,0.03185 
0.05501 ,0.03218 ,0.21911 ,0.03318 ,0.54421 ,0.03185 
0.03321 ,0.03218 ,0.20515 ,0.03318 ,0.59638 ,0.03185 
0.05682 ,0.03218 ,0.24718 ,0.03318 ,0.53974 ,0.03186 
0.02322 ,0.03218 ,0.45822 ,0.03318 ,0.52243 ,0.03186 
0.04273 ,0.03218 ,0.40622 ,0.03318 ,0.63839 ,0.03186 
0.01863 ,0.03218 ,0.22995 ,0.03318 ,0.61409 ,0.03186 
0.24413 ,0.03218 ,0.41405 ,0.03318 ,0.53789 ,0.03186 
0.03745 ,0.03218 ,0.32397 ,0.03318 ,0.55978 ,0.03186 
0.16750 ,0.03218 ,0.28671 ,0.03319 ,0.57317 ,0.03186 
0.05006 ,0.03219 ,0.22833 ,0.03319 ,0.54386 ,0.03186 
0.16853 ,0.03219 ,0.21831 ,0.03319 ,0.53247 ,0.03186 
0.05247 ,0.03219 ,0.27254 ,0.03319 ,0.63140 ,0.03186 
0.03940 ,0.03219 ,0.29581 ,0.03319 ,0.50832 ,0.03187 
0.24831 ,0.03219 ,0.23912 ,0.03319 ,0.57715 ,0.03187 
0.04914 ,0.03219 ,0.36437 ,0.03319 ,0.53498 ,0.03187 
0.22527 ,0.03219 ,0.51219 ,0.03320 ,0.54017 ,0.03187 
0.05909 ,0.03219 ,0.18793 ,0.03320 ,0.55948 ,0.03187 
0.10338 ,0.03219 ,0.21823 ,0.03320 ,0.52525 ,0.03187 
0.05062 ,0.03219 ,0.20848 ,0.03320 ,0.57942 ,0.03187 
0.05435 ,0.03219 ,0.21673 ,0.03320 ,0.61607 ,0.03187 
0.05646 ,0.03220 ,0.30386 ,0.03320 ,0.53674 ,0.03187 
0.08787 ,0.03220 ,0.21807 ,0.03320 ,0.57896 ,0.03187 
0.04156 ,0.03220 ,0.29675 ,0.03320 ,0.53910 ,0.03187 
0.13240 ,0.03220 ,0.22079 ,0.03321 ,0.52682 ,0.03187 
0.10040 ,0.03220 ,0.21601 ,0.03321 ,0.56789 ,0.03188 
0.02668 ,0.03220 ,0.30158 ,0.03321 ,0.50020 ,0.03188 
0.19865 ,0.03220 ,0.25236 ,0.03321 ,0.65344 ,0.03188 
0.12435 ,0.03220 ,0.31325 ,0.03321 ,0.60915 ,0.03188 
0.04797 ,0.03220 ,0.23204 ,0.03321 ,0.55628 ,0.03188 
0.17646 ,0.03220 ,0.24967 ,0.03321 ,0.51375 ,0.03188 
0.08642 ,0.03220 ,0.22898 ,0.03321 ,0.52528 ,0.03189 
0.08170 ,0.03220 ,0.24715 ,0.03322 ,0.53792 ,0.03189 
0.10054 ,0.03220 ,0.22733 ,0.03322 ,0.63433 ,0.03189 
0.08119 ,0.03220 ,0.23772 ,0.03322 ,0.51739 ,0.03190 
0.11404 ,0.03221 ,0.28577 ,0.03322 ,0.69897 ,0.03190 
0.10536 ,0.03221 ,0.20958 ,0.03322 ,0.60798 ,0.03190 
0.01814 ,0.03221 ,0.22217 ,0.03322 ,0.54834 ,0.03190 
0.16102 ,0.03221 ,0.26950 ,0.03322 ,0.47880 ,0.03190 
0.03955 ,0.03221 ,0.28322 ,0.03322 ,0.60779 ,0.03190 
0.19993 ,0.03221 ,0.20749 ,0.03323 ,0.58501 ,0.03190 
0.10500 ,0.03221 ,0.29824 ,0.03323 ,0.65866 ,0.03191 
0.11138 ,0.03221 ,0.26570 ,0.03323 ,0.53769 ,0.03191 
0.01841 ,0.03221 ,0.33001 ,0.03323 ,0.52315 ,0.03191 
0.23773 ,0.03221 ,0.22533 ,0.03323 ,0.52979 ,0.03191 
0.13841 ,0.03221 ,0.47513 ,0.03323 ,0.52004 ,0.03191 
0.08567 ,0.03221 ,0.23882 ,0.03323 ,0.65096 ,0.03191 
0.07614 ,0.03221 ,0.22471 ,0.03323 ,0.50031 ,0.03191 
0.07316 ,0.03222 ,0.28662 ,0.03323 ,0.57222 ,0.03191 
0.17123 ,0.03222 ,0.29104 ,0.03323 ,0.55664 ,0.03191 
0.10637 ,0.03222 ,0.21061 ,0.03323 ,0.59092 ,0.03191 
0.17546 ,0.03222 ,0.19443 ,0.03324 ,0.55944 ,0.03192 
0.09981 ,0.03222 ,0.41781 ,0.03324 ,0.52111 ,0.03192 
0.22817 ,0.03222 ,0.25608 ,0.03324 ,0.54233 ,0.03192 
0.15136 ,0.03222 ,0.26583 ,0.03324 ,0.62110 ,0.03192 
0.05472 ,0.03222 ,0.21876 ,0.03324 ,0.51753 ,0.03192 
0.06854 ,0.03223 ,0.30608 ,0.03324 ,0.71006 ,0.03192 
0.07294 ,0.03223 ,0.28003 ,0.03325 ,0.50805 ,0.03192 
0.13104 ,0.03223 ,0.37228 ,0.03325 ,0.58726 ,0.03192 
0.09346 ,0.03223 ,0.26893 ,0.03325 ,0.54706 ,0.03192 
0.17218 ,0.03223 ,0.21244 ,0.03325 ,0.59317 ,0.03192 
0.04660 ,0.03223 ,0.26694 ,0.03325 ,0.51830 ,0.03192 
0.07570 ,0.03223 ,0.41842 ,0.03325 ,0.49292 ,0.03192 
0.06269 ,0.03223 ,0.35679 ,0.03325 ,0.52613 ,0.03193 
0.15486 ,0.03223 ,0.22345 ,0.03325 ,0.52374 ,0.03193 
0.02720 ,0.03223 ,0.19445 ,0.03325 ,0.58750 ,0.03193 
0.09574 ,0.03223 ,0.32563 ,0.03326 ,0.69968 ,0.03193 
0.14803 ,0.03223 ,0.21173 ,0.03326 ,0.65968 ,0.03193 
0.05821 ,0.03223 ,0.30096 ,0.03326 ,0.58471 ,0.03193 
0.05489 ,0.03223 ,0.34149 ,0.03326 ,0.52878 ,0.03193 
0.09040 ,0.03223 ,0.27561 ,0.03326 ,0.53326 ,0.03193 
0.05618 ,0.03223 ,0.44680 ,0.03326 ,0.52085 ,0.03193 
0.04954 ,0.03223 ,0.26268 ,0.03326 ,0.53654 ,0.03194 
0.14777 ,0.03224 ,0.31343 ,0.03326 ,0.54714 ,0.03194 
0.08064 ,0.03224 ,0.25101 ,0.03326 ,0.66546 ,0.03194 
0.20509 ,0.03224 ,0.23686 ,0.03326 ,0.54924 ,0.03195 
0.14027 ,0.03224 ,0.29406 ,0.03326 ,0.53223 ,0.03195 
0.09548 ,0.03224 ,0.36664 ,0.03326 ,0.52094 ,0.03195 
0.05058 ,0.03224 ,0.23162 ,0.03327 ,0.53847 ,0.03195 
0.16206 ,0.03224 ,0.21758 ,0.03327 ,0.48360 ,0.03195 
0.17200 ,0.03224 ,0.39355 ,0.03327 ,0.51019 ,0.03195 
0.06914 ,0.03224 ,0.28655 ,0.03327 ,0.55205 ,0.03195 
0.36096 ,0.03224 ,0.24526 ,0.03327 ,0.59904 ,0.03196 
0.06129 ,0.03224 ,0.24313 ,0.03327 ,0.53072 ,0.03196 
0.15483 ,0.03224 ,0.34347 ,0.03327 ,0.72813 ,0.03196 
0.06048 ,0.03224 ,0.26638 ,0.03327 ,0.50665 ,0.03196 
0.07443 ,0.03224 ,0.23211 ,0.03327 ,0.54992 ,0.03196 
0.05922 ,0.03224 ,0.27900 ,0.03327 ,0.52773 ,0.03196 
0.37440 ,0.03224 ,0.36909 ,0.03327 ,0.57209 ,0.03196 
0.16533 ,0.03225 ,0.20288 ,0.03327 ,0.54821 ,0.03196 
0.25076 ,0.03225 ,0.27600 ,0.03328 ,0.57942 ,0.03196 
0.06513 ,0.03225 ,0.30190 ,0.03328 ,0.56076 ,0.03196 
0.09081 ,0.03225 ,0.26868 ,0.03328 ,0.55026 ,0.03197 
0.13951 ,0.03225 ,0.28799 ,0.03328 ,0.58681 ,0.03197 
0.19192 ,0.03226 ,0.28182 ,0.03328 ,0.51618 ,0.03197 
0.13855 ,0.03226 ,0.22782 ,0.03328 ,0.50169 ,0.03197 
0.20315 ,0.03226 ,0.30181 ,0.03328 ,0.69062 ,0.03197 
0.20921 ,0.03226 ,0.29429 ,0.03328 ,0.58374 ,0.03197 
0.21501 ,0.03226 ,0.27725 ,0.03328 ,0.69886 ,0.03197 
0.12838 ,0.03226 ,0.30045 ,0.03328 ,0.57567 ,0.03197 
0.07574 ,0.03226 ,0.25962 ,0.03328 ,0.53019 ,0.03197 
0.06071 ,0.03227 ,0.25365 ,0.03328 ,0.57918 ,0.03197 
0.13264 ,0.03227 ,0.40274 ,0.03329 ,0.57565 ,0.03198 
0.07193 ,0.03227 ,0.40575 ,0.03329 ,0.58395 ,0.03198 
0.02111 ,0.03227 ,0.23981 ,0.03329 ,0.50465 ,0.03198 
0.06796 ,0.03227 ,0.21685 ,0.03329 ,0.57593 ,0.03198 
0.15912 ,0.03227 ,0.23606 ,0.03329 ,0.50717 ,0.03198 
0.18031 ,0.03227 ,0.45564 ,0.03329 ,0.57257 ,0.03198 
0.10423 ,0.03227 ,0.44206 ,0.03329 ,0.62402 ,0.03198 
0.05020 ,0.03227 ,0.27879 ,0.03329 ,0.54027 ,0.03198 
0.04272 ,0.03227 ,0.29665 ,0.03329 ,0.57496 ,0.03199 
0.23595 ,0.03227 ,0.34783 ,0.03329 ,0.62844 ,0.03199 
0.07420 ,0.03228 ,0.40049 ,0.03329 ,0.60004 ,0.03199 
0.04729 ,0.03228 ,0.24930 ,0.03329 ,0.53161 ,0.03199 
0.05673 ,0.03228 ,0.22914 ,0.03329 ,0.53095 ,0.03199 
0.06744 ,0.03228 ,0.28724 ,0.03330 ,0.58909 ,0.03199 
0.08841 ,0.03228 ,0.24927 ,0.03330 ,0.60279 ,0.03199 
0.02388 ,0.03228 ,0.25392 ,0.03330 ,0.58988 ,0.03199 
0.07609 ,0.03228 ,0.34616 ,0.03330 ,0.56407 ,0.03199 
0.06860 ,0.03229 ,0.41161 ,0.03330 ,0.54031 ,0.03199 
0.17070 ,0.03229 ,0.21290 ,0.03330 ,0.63531 ,0.03199 
0.10192 ,0.03229 ,0.24088 ,0.03330 ,0.54582 ,0.03200 
0.05137 ,0.03229 ,0.23262 ,0.03330 ,0.63586 ,0.03200 
0.11609 ,0.03229 ,0.29744 ,0.03330 ,0.53948 ,0.03200 
0.11699 ,0.03229 ,0.29887 ,0.03330 ,0.54363 ,0.03200 
0.20982 ,0.03229 ,0.26470 ,0.03330 ,0.51773 ,0.03200 
0.06177 ,0.03229 ,0.21286 ,0.03331 ,0.55538 ,0.03200 
0.05831 ,0.03229 ,0.29242 ,0.03331 ,0.52791 ,0.03200 
0.09059 ,0.03229 ,0.22245 ,0.03331 ,0.50720 ,0.03200 
0.05249 ,0.03229 ,0.27261 ,0.03331 ,0.54233 ,0.03200 
0.03953 ,0.03229 ,0.22229 ,0.03331 ,0.59208 ,0.03200 
0.03263 ,0.03230 ,0.23359 ,0.03331 ,0.57191 ,0.03201 
0.09028 ,0.03230 ,0.25064 ,0.03331 ,0.54843 ,0.03201 
0.11625 ,0.03230 ,0.24376 ,0.03331 ,0.62785 ,0.03201 
0.16494 ,0.03230 ,0.21428 ,0.03332 ,0.52518 ,0.03201 
0.10763 ,0.03230 ,0.24051 ,0.03332 ,0.55416 ,0.03201 
0.24824 ,0.03230 ,0.30511 ,0.03332 ,0.53435 ,0.03201 
0.05693 ,0.03230 ,0.18845 ,0.03332 ,0.50620 ,0.03202 
0.18425 ,0.03230 ,0.27633 ,0.03332 ,0.65874 ,0.03202 
0.04022 ,0.03230 ,0.31340 ,0.03332 ,0.58305 ,0.03202 
0.05599 ,0.03230 ,0.20403 ,0.03332 ,0.49986 ,0.03202 
0.01937 ,0.03230 ,0.23725 ,0.03332 ,0.57242 ,0.03202 
0.28023 ,0.03230 ,0.21592 ,0.03332 ,0.50740 ,0.03202 
0.14579 ,0.03230 ,0.31193 ,0.03332 ,0.51921 ,0.03202 
0.03514 ,0.03230 ,0.26104 ,0.03332 ,0.71026 ,0.03202 
0.23229 ,0.03230 ,0.21869 ,0.03332 ,0.61196 ,0.03202 
0.18569 ,0.03230 ,0.29413 ,0.03333 ,0.53141 ,0.03202 
0.03503 ,0.03230 ,0.39084 ,0.03333 ,0.53449 ,0.03202 
0.09133 ,0.03231 ,0.31097 ,0.03333 ,0.58044 ,0.03203 
0.01462 ,0.03231 ,0.20070 ,0.03333 ,0.52539 ,0.03203 
0.31326 ,0.03231 ,0.21782 ,0.03333 ,0.62458 ,0.03203 
0.05458 ,0.03231 ,0.26754 ,0.03333 ,0.50502 ,0.03203 
0.03641 ,0.03231 ,0.22865 ,0.03333 ,0.57629 ,0.03203 
0.01722 ,0.03231 ,0.40687 ,0.03333 ,0.54269 ,0.03203 
0.12515 ,0.03231 ,0.28570 ,0.03333 ,0.55712 ,0.03203 
0.18045 ,0.03231 ,0.22086 ,0.03333 ,0.50627 ,0.03203 
0.23258 ,0.03231 ,0.31732 ,0.03333 ,0.51332 ,0.03203 
0.01291 ,0.03231 ,0.53687 ,0.03333 ,0.51714 ,0.03203 
0.06468 ,0.03232 ,0.43749 ,0.03334 ,0.63632 ,0.03203 
0.04462 ,0.03232 ,0.42820 ,0.03334 ,0.50124 ,0.03203 
0.29394 ,0.03232 ,0.30038 ,0.03334 ,0.62452 ,0.03204 
0.24084 ,0.03232 ,0.24529 ,0.03334 ,0.59605 ,0.03204 
0.12359 ,0.03232 ,0.35087 ,0.03334 ,0.55924 ,0.03204 
0.19980 ,0.03232 ,0.25509 ,0.03334 ,0.61644 ,0.03204 
0.23099 ,0.03232 ,0.23131 ,0.03335 ,0.51418 ,0.03204 
0.11984 ,0.03232 ,0.31177 ,0.03335 ,0.54125 ,0.03204 
0.12842 ,0.03232 ,0.42894 ,0.03335 ,0.48879 ,0.03204 
0.11314 ,0.03232 ,0.24542 ,0.03335 ,0.55716 ,0.03204 
0.03447 ,0.03233 ,0.29645 ,0.03335 ,0.56381 ,0.03204 
0.05973 ,0.03233 ,0.32471 ,0.03335 ,0.52521 ,0.03204 
0.05796 ,0.03233 ,0.24700 ,0.03335 ,0.61549 ,0.03204 
0.14034 ,0.03233 ,0.29486 ,0.03335 ,0.54455 ,0.03204 
0.14038 ,0.03233 ,0.43528 ,0.03335 ,0.59147 ,0.03204 
0.08955 ,0.03233 ,0.27787 ,0.03335 ,0.49388 ,0.03205 
0.05561 ,0.03234 ,0.32422 ,0.03335 ,0.51310 ,0.03205 
0.13349 ,0.03234 ,0.20562 ,0.03336 ,0.56521 ,0.03205 
0.10225 ,0.03234 ,0.23310 ,0.03336 ,0.57947 ,0.03205 
0.04678 ,0.03234 ,0.24577 ,0.03336 ,0.50457 ,0.03205 
0.05003 ,0.03234 ,0.27098 ,0.03336 ,0.52482 ,0.03205 
0.05147 ,0.03234 ,0.25114 ,0.03336 ,0.55705 ,0.03205 
0.04656 ,0.03234 ,0.25220 ,0.03336 ,0.52942 ,0.03205 
0.05839 ,0.03234 ,0.42450 ,0.03336 ,0.53534 ,0.03205 
0.07755 ,0.03234 ,0.22339 ,0.03336 ,0.49673 ,0.03205 
0.06590 ,0.03234 ,0.36984 ,0.03336 ,0.49692 ,0.03205 
0.07817 ,0.03234 ,0.23019 ,0.03336 ,0.51363 ,0.03205 
0.16400 ,0.03234 ,0.26804 ,0.03337 ,0.52816 ,0.03206 
0.07673 ,0.03234 ,0.24643 ,0.03337 ,0.57794 ,0.03206 
0.02965 ,0.03235 ,0.33976 ,0.03337 ,0.55103 ,0.03206 
0.26102 ,0.03235 ,0.28657 ,0.03337 ,0.51951 ,0.03206 
0.18505 ,0.03235 ,0.44488 ,0.03337 ,0.63848 ,0.03206 
0.05590 ,0.03235 ,0.27858 ,0.03337 ,0.54715 ,0.03206 
0.11760 ,0.03235 ,0.30639 ,0.03337 ,0.56232 ,0.03207 
0.08650 ,0.03235 ,0.35332 ,0.03337 ,0.59497 ,0.03207 
0.25113 ,0.03235 ,0.22017 ,0.03338 ,0.52990 ,0.03207 
0.14915 ,0.03235 ,0.26399 ,0.03338 ,0.50278 ,0.03207 
0.03703 ,0.03235 ,0.24919 ,0.03338 ,0.49533 ,0.03207 
0.09781 ,0.03235 ,0.32929 ,0.03338 ,0.56520 ,0.03208 
0.12448 ,0.03235 ,0.24963 ,0.03338 ,0.67267 ,0.03208 
0.03236 ,0.03235 ,0.21034 ,0.03339 ,0.50363 ,0.03208 
0.07224 ,0.03235 ,0.25267 ,0.03339 ,0.54919 ,0.03208 
0.05581 ,0.03236 ,0.34446 ,0.03339 ,0.53988 ,0.03208 
0.07005 ,0.03236 ,0.20391 ,0.03339 ,0.65156 ,0.03208 
0.03839 ,0.03236 ,0.33817 ,0.03339 ,0.55270 ,0.03209 
0.16152 ,0.03236 ,0.29113 ,0.03339 ,0.53560 ,0.03209 
0.27847 ,0.03237 ,0.26758 ,0.03339 ,0.50613 ,0.03209 
0.16347 ,0.03237 ,0.21298 ,0.03339 ,0.52831 ,0.03209 
0.13921 ,0.03237 ,0.26039 ,0.03340 ,0.59329 ,0.03209 
0.13856 ,0.03237 ,0.20548 ,0.03340 ,0.50978 ,0.03209 
0.12261 ,0.03237 ,0.27836 ,0.03340 ,0.49819 ,0.03210 
0.06929 ,0.03237 ,0.26541 ,0.03340 ,0.56878 ,0.03210 
0.05215 ,0.03237 ,0.24362 ,0.03340 ,0.58645 ,0.03210 
0.08985 ,0.03238 ,0.23497 ,0.03340 ,0.51188 ,0.03210 
0.09092 ,0.03238 ,0.20361 ,0.03340 ,0.54736 ,0.03210 
0.36515 ,0.03238 ,0.22949 ,0.03340 ,0.51628 ,0.03210 
0.07144 ,0.03238 ,0.21670 ,0.03340 ,0.61612 ,0.03210 
0.13113 ,0.03238 ,0.28903 ,0.03341 ,0.62759 ,0.03210 
0.09233 ,0.03238 ,0.31851 ,0.03341 ,0.49307 ,0.03211 
0.38854 ,0.03238 ,0.31840 ,0.03341 ,0.59405 ,0.03211 
0.06512 ,0.03238 ,0.19452 ,0.03341 ,0.55995 ,0.03211 
0.03175 ,0.03238 ,0.28025 ,0.03341 ,0.53185 ,0.03211 
0.10099 ,0.03239 ,0.24330 ,0.03341 ,0.70183 ,0.03211 
0.31223 ,0.03239 ,0.27401 ,0.03341 ,0.55201 ,0.03211 
0.29531 ,0.03239 ,0.27957 ,0.03342 ,0.52856 ,0.03211 
0.11235 ,0.03239 ,0.32208 ,0.03342 ,0.51546 ,0.03211 
0.10621 ,0.03239 ,0.29983 ,0.03342 ,0.52796 ,0.03211 
0.09986 ,0.03239 ,0.19172 ,0.03342 ,0.53796 ,0.03211 
0.08357 ,0.03239 ,0.32877 ,0.03343 ,0.60211 ,0.03211 
0.33527 ,0.03239 ,0.31059 ,0.03343 ,0.61787 ,0.03211 
0.08360 ,0.03239 ,0.20728 ,0.03343 ,0.57813 ,0.03211 
0.01989 ,0.03239 ,0.26386 ,0.03343 ,0.52156 ,0.03211 
0.22074 ,0.03239 ,0.25697 ,0.03343 ,0.55012 ,0.03212 
0.16246 ,0.03239 ,0.39726 ,0.03343 ,0.55625 ,0.03212 
0.05726 ,0.03239 ,0.39000 ,0.03343 ,0.62155 ,0.03212 
0.01792 ,0.03239 ,0.39464 ,0.03344 ,0.57024 ,0.03212 
0.33369 ,0.03239 ,0.26068 ,0.03344 ,0.57838 ,0.03212 
0.01559 ,0.03240 ,0.29384 ,0.03344 ,0.60471 ,0.03212 
0.07777 ,0.03240 ,0.35229 ,0.03344 ,0.54356 ,0.03212 
0.12674 ,0.03240 ,0.26789 ,0.03344 ,0.55360 ,0.03212 
0.03940 ,0.03240 ,0.21820 ,0.03344 ,0.66659 ,0.03212 
0.06721 ,0.03240 ,0.34476 ,0.03344 ,0.55427 ,0.03212 
0.11075 ,0.03240 ,0.25592 ,0.03345 ,0.56425 ,0.03213 
0.02617 ,0.03240 ,0.21958 ,0.03345 ,0.54314 ,0.03213 
0.04529 ,0.03240 ,0.25963 ,0.03345 ,0.54054 ,0.03213 
0.10989 ,0.03240 ,0.20740 ,0.03345 ,0.58946 ,0.03213 
0.38649 ,0.03240 ,0.28787 ,0.03345 ,0.67930 ,0.03213 
0.05182 ,0.03240 ,0.39753 ,0.03345 ,0.61384 ,0.03213 
0.23952 ,0.03240 ,0.24733 ,0.03345 ,0.49866 ,0.03213 
0.24258 ,0.03240 ,0.29000 ,0.03345 ,0.65559 ,0.03213 
0.06776 ,0.03240 ,0.24293 ,0.03345 ,0.57596 ,0.03213 
0.06016 ,0.03240 ,0.24696 ,0.03345 ,0.65277 ,0.03213 
0.06114 ,0.03241 ,0.31143 ,0.03346 ,0.61267 ,0.03213 
0.05003 ,0.03241 ,0.29268 ,0.03346 ,0.49456 ,0.03214 
0.06269 ,0.03241 ,0.24668 ,0.03346 ,0.58233 ,0.03214 
0.12311 ,0.03241 ,0.28505 ,0.03346 ,0.53324 ,0.03214 
0.22284 ,0.03241 ,0.23769 ,0.03346 ,0.56486 ,0.03214 
0.03416 ,0.03241 ,0.28828 ,0.03346 ,0.56579 ,0.03214 
0.04659 ,0.03241 ,0.32542 ,0.03346 ,0.55371 ,0.03214 
0.06391 ,0.03241 ,0.29111 ,0.03346 ,0.64649 ,0.03214 
0.01126 ,0.03241 ,0.19810 ,0.03346 ,0.56298 ,0.03214 
0.04433 ,0.03241 ,0.21790 ,0.03346 ,0.54961 ,0.03214 
0.03340 ,0.03241 ,0.24695 ,0.03346 ,0.50032 ,0.03214 
0.14962 ,0.03241 ,0.24522 ,0.03347 ,0.56845 ,0.03214 
0.08397 ,0.03242 ,0.26812 ,0.03347 ,0.50804 ,0.03215 
0.11969 ,0.03242 ,0.24741 ,0.03347 ,0.63619 ,0.03215 
0.11203 ,0.03242 ,0.28452 ,0.03347 ,0.54234 ,0.03215 
0.13367 ,0.03242 ,0.22339 ,0.03347 ,0.58205 ,0.03215 
0.33900 ,0.03243 ,0.26446 ,0.03347 ,0.56271 ,0.03215 
0.12848 ,0.03243 ,0.34956 ,0.03347 ,0.62070 ,0.03215 
0.02732 ,0.03243 ,0.22861 ,0.03348 ,0.69701 ,0.03215 
0.15441 ,0.03243 ,0.21773 ,0.03348 ,0.53974 ,0.03215 
0.09455 ,0.03243 ,0.30539 ,0.03348 ,0.52698 ,0.03215 
0.08362 ,0.03243 ,0.32060 ,0.03348 ,0.59461 ,0.03216 
0.12899 ,0.03243 ,0.25377 ,0.03348 ,0.55437 ,0.03216 
0.03680 ,0.03243 ,0.24126 ,0.03348 ,0.50321 ,0.03216 
0.07102 ,0.03243 ,0.21763 ,0.03348 ,0.59500 ,0.03216 
0.03962 ,0.03243 ,0.24840 ,0.03348 ,0.51879 ,0.03216 
0.11196 ,0.03243 ,0.23302 ,0.03348 ,0.49843 ,0.03216 
0.31458 ,0.03243 ,0.33145 ,0.03348 ,0.55673 ,0.03216 
0.15487 ,0.03243 ,0.25789 ,0.03348 ,0.54360 ,0.03216 
0.16309 ,0.03243 ,0.25764 ,0.03348 ,0.52588 ,0.03216 
0.10497 ,0.03244 ,0.19827 ,0.03349 ,0.51320 ,0.03216 
0.13205 ,0.03244 ,0.22809 ,0.03349 ,0.48761 ,0.03216 
0.13771 ,0.03244 ,0.20492 ,0.03349 ,0.69331 ,0.03216 
0.10620 ,0.03244 ,0.35811 ,0.03349 ,0.55099 ,0.03216 
0.10813 ,0.03244 ,0.25989 ,0.03349 ,0.64577 ,0.03217 
0.04509 ,0.03244 ,0.25773 ,0.03350 ,0.51327 ,0.03217 
0.15075 ,0.03245 ,0.28471 ,0.03350 ,0.58173 ,0.03217 
0.24264 ,0.03245 ,0.24295 ,0.03350 ,0.54009 ,0.03217 
0.05145 ,0.03245 ,0.28542 ,0.03350 ,0.58764 ,0.03217 
0.03148 ,0.03245 ,0.25637 ,0.03350 ,0.55250 ,0.03217 
0.23044 ,0.03245 ,0.27898 ,0.03350 ,0.54610 ,0.03217 
0.25266 ,0.03245 ,0.27264 ,0.03350 ,0.61539 ,0.03217 
0.06758 ,0.03245 ,0.25795 ,0.03350 ,0.52369 ,0.03217 
0.10828 ,0.03245 ,0.26159 ,0.03351 ,0.54481 ,0.03217 
0.02931 ,0.03245 ,0.23332 ,0.03351 ,0.51363 ,0.03217 
0.07165 ,0.03245 ,0.25532 ,0.03351 ,0.57234 ,0.03218 
0.11268 ,0.03245 ,0.21081 ,0.03351 ,0.57543 ,0.03218 
0.06786 ,0.03245 ,0.23471 ,0.03351 ,0.52672 ,0.03218 
0.14550 ,0.03245 ,0.21395 ,0.03351 ,0.53998 ,0.03218 
0.07023 ,0.03246 ,0.36592 ,0.03351 ,0.58683 ,0.03218 
0.02364 ,0.03246 ,0.23461 ,0.03351 ,0.63409 ,0.03218 
0.08171 ,0.03246 ,0.26966 ,0.03351 ,0.64756 ,0.03218 
0.14685 ,0.03246 ,0.23423 ,0.03351 ,0.58095 ,0.03218 
0.01979 ,0.03246 ,0.21681 ,0.03352 ,0.58653 ,0.03219 
0.09710 ,0.03246 ,0.27311 ,0.03352 ,0.59341 ,0.03219 
0.24679 ,0.03246 ,0.25305 ,0.03352 ,0.68843 ,0.03219 
0.04820 ,0.03246 ,0.26290 ,0.03352 ,0.62605 ,0.03219 
0.04356 ,0.03246 ,0.32070 ,0.03353 ,0.54032 ,0.03219 
0.10924 ,0.03247 ,0.26860 ,0.03353 ,0.59120 ,0.03219 
0.09362 ,0.03247 ,0.24430 ,0.03353 ,0.53497 ,0.03219 
0.05217 ,0.03247 ,0.30143 ,0.03353 ,0.51563 ,0.03219 
0.05093 ,0.03247 ,0.25784 ,0.03353 ,0.49878 ,0.03219 
0.33934 ,0.03247 ,0.25401 ,0.03353 ,0.59406 ,0.03219 
0.19478 ,0.03247 ,0.25321 ,0.03353 ,0.65201 ,0.03220 
0.15489 ,0.03247 ,0.21729 ,0.03353 ,0.71229 ,0.03220 
0.06517 ,0.03247 ,0.21479 ,0.03353 ,0.57048 ,0.03220 
0.02732 ,0.03247 ,0.20715 ,0.03354 ,0.58380 ,0.03220 
0.26848 ,0.03247 ,0.29131 ,0.03354 ,0.53643 ,0.03220 
0.03752 ,0.03248 ,0.29185 ,0.03354 ,0.56706 ,0.03220 
0.08913 ,0.03248 ,0.25132 ,0.03354 ,0.55505 ,0.03220 
0.05003 ,0.03248 ,0.24157 ,0.03354 ,0.62632 ,0.03220 
0.38282 ,0.03248 ,0.24341 ,0.03354 ,0.50162 ,0.03221 
0.16455 ,0.03248 ,0.30185 ,0.03354 ,0.53194 ,0.03221 
0.04134 ,0.03248 ,0.50990 ,0.03354 ,0.57305 ,0.03221 
0.08087 ,0.03248 ,0.25038 ,0.03354 ,0.53807 ,0.03221 
0.25066 ,0.03248 ,0.21566 ,0.03354 ,0.52599 ,0.03221 
0.14513 ,0.03249 ,0.29778 ,0.03354 ,0.52681 ,0.03221 
0.26801 ,0.03249 ,0.21261 ,0.03354 ,0.52967 ,0.03221 
0.06327 ,0.03249 ,0.22516 ,0.03354 ,0.51474 ,0.03222 
0.07438 ,0.03249 ,0.25477 ,0.03354 ,0.53516 ,0.03222 
0.09255 ,0.03249 ,0.22493 ,0.03354 ,0.50756 ,0.03222 
0.29241 ,0.03249 ,0.28216 ,0.03355 ,0.57457 ,0.03222 
0.09851 ,0.03250 ,0.22745 ,0.03355 ,0.64167 ,0.03222 
0.19933 ,0.03250 ,0.28745 ,0.03355 ,0.55394 ,0.03222 
0.09668 ,0.03250 ,0.39155 ,0.03355 ,0.68221 ,0.03222 
0.10399 ,0.03250 ,0.46604 ,0.03355 ,0.61200 ,0.03222 
0.07354 ,0.03250 ,0.44804 ,0.03355 ,0.50781 ,0.03222 
0.18193 ,0.03250 ,0.29210 ,0.03356 ,0.52813 ,0.03223 
0.19304 ,0.03250 ,0.26872 ,0.03356 ,0.67127 ,0.03223 
0.03422 ,0.03250 ,0.24341 ,0.03356 ,0.55463 ,0.03223 
0.29967 ,0.03250 ,0.21615 ,0.03356 ,0.52131 ,0.03223 
0.18633 ,0.03250 ,0.26891 ,0.03356 ,0.57857 ,0.03223 
0.34557 ,0.03251 ,0.26725 ,0.03356 ,0.58249 ,0.03223 
0.34670 ,0.03251 ,0.23200 ,0.03356 ,0.52559 ,0.03223 
0.21206 ,0.03251 ,0.26394 ,0.03357 ,0.52309 ,0.03223 
0.06072 ,0.03251 ,0.29325 ,0.03357 ,0.63996 ,0.03224 
0.29892 ,0.03251 ,0.29917 ,0.03357 ,0.61549 ,0.03224 
0.05769 ,0.03251 ,0.33871 ,0.03357 ,0.59120 ,0.03224 
0.25679 ,0.03251 ,0.24938 ,0.03357 ,0.58295 ,0.03224 
0.11882 ,0.03251 ,0.25984 ,0.03357 ,0.53077 ,0.03224 
0.17661 ,0.03251 ,0.22462 ,0.03357 ,0.72610 ,0.03224 
0.08268 ,0.03251 ,0.22624 ,0.03357 ,0.52478 ,0.03224 
0.05258 ,0.03252 ,0.30498 ,0.03357 ,0.57599 ,0.03224 
0.03364 ,0.03252 ,0.32970 ,0.03357 ,0.62439 ,0.03224 
0.33749 ,0.03252 ,0.28827 ,0.03358 ,0.60182 ,0.03224 
0.02247 ,0.03252 ,0.26328 ,0.03358 ,0.53148 ,0.03224 
0.11594 ,0.03252 ,0.22269 ,0.03358 ,0.53990 ,0.03224 
0.18184 ,0.03252 ,0.26250 ,0.03358 ,0.52971 ,0.03224 
0.04690 ,0.03252 ,0.26553 ,0.03358 ,0.51799 ,0.03225 
0.02517 ,0.03252 ,0.24164 ,0.03358 ,0.65275 ,0.03225 
0.33837 ,0.03252 ,0.25317 ,0.03358 ,0.54070 ,0.03225 
0.30566 ,0.03252 ,0.20252 ,0.03359 ,0.54602 ,0.03225 
0.04627 ,0.03253 ,0.19947 ,0.03359 ,0.56473 ,0.03225 
0.02813 ,0.03253 ,0.24328 ,0.03359 ,0.65347 ,0.03225 
0.08311 ,0.03253 ,0.21996 ,0.03359 ,0.56090 ,0.03226 
0.06349 ,0.03253 ,0.24987 ,0.03359 ,0.50159 ,0.03226 
0.16897 ,0.03253 ,0.24800 ,0.03359 ,0.51876 ,0.03226 
0.06674 ,0.03253 ,0.25560 ,0.03359 ,0.62938 ,0.03226 
0.17269 ,0.03253 ,0.22413 ,0.03359 ,0.51664 ,0.03226 
0.01758 ,0.03253 ,0.24374 ,0.03359 ,0.56627 ,0.03226 
0.03938 ,0.03253 ,0.24795 ,0.03360 ,0.54391 ,0.03227 
0.27536 ,0.03254 ,0.22041 ,0.03360 ,0.59065 ,0.03227 
0.17714 ,0.03254 ,0.26895 ,0.03360 ,0.53588 ,0.03227 
0.04706 ,0.03254 ,0.21698 ,0.03360 ,0.67612 ,0.03227 
0.14601 ,0.03254 ,0.53347 ,0.03360 ,0.59173 ,0.03227 
0.26427 ,0.03254 ,0.27852 ,0.03360 ,0.61349 ,0.03227 
0.13120 ,0.03254 ,0.40282 ,0.03360 ,0.56152 ,0.03227 
0.08774 ,0.03254 ,0.49565 ,0.03360 ,0.52700 ,0.03227 
0.10551 ,0.03254 ,0.32646 ,0.03360 ,0.52245 ,0.03227 
0.14207 ,0.03254 ,0.29017 ,0.03361 ,0.53327 ,0.03227 
0.16756 ,0.03254 ,0.21780 ,0.03361 ,0.55840 ,0.03228 
0.26725 ,0.03254 ,0.27207 ,0.03361 ,0.55761 ,0.03228 
0.05376 ,0.03254 ,0.25900 ,0.03361 ,0.62546 ,0.03228 
0.04235 ,0.03254 ,0.21394 ,0.03361 ,0.55119 ,0.03228 
0.12352 ,0.03255 ,0.25356 ,0.03361 ,0.57212 ,0.03228 
0.05824 ,0.03255 ,0.25590 ,0.03362 ,0.64296 ,0.03228 
0.02986 ,0.03255 ,0.23666 ,0.03362 ,0.55727 ,0.03228 
0.29807 ,0.03255 ,0.29762 ,0.03362 ,0.48967 ,0.03228 
0.19491 ,0.03255 ,0.47628 ,0.03362 ,0.51287 ,0.03228 
0.07414 ,0.03256 ,0.26636 ,0.03362 ,0.56310 ,0.03228 
0.12779 ,0.03256 ,0.27100 ,0.03362 ,0.63062 ,0.03229 
0.06713 ,0.03256 ,0.23054 ,0.03362 ,0.52510 ,0.03229 
0.03009 ,0.03256 ,0.21194 ,0.03362 ,0.50601 ,0.03229 
0.02320 ,0.03256 ,0.25620 ,0.03362 ,0.56057 ,0.03229 
0.19294 ,0.03256 ,0.27044 ,0.03362 ,0.58304 ,0.03229 
0.10005 ,0.03256 ,0.25821 ,0.03363 ,0.64323 ,0.03229 
0.04430 ,0.03256 ,0.23541 ,0.03363 ,0.51818 ,0.03230 
0.18748 ,0.03256 ,0.24309 ,0.03363 ,0.49904 ,0.03230 
0.07448 ,0.03256 ,0.30408 ,0.03363 ,0.53276 ,0.03230 
0.08258 ,0.03256 ,0.26440 ,0.03363 ,0.59548 ,0.03230 
0.03764 ,0.03256 ,0.23161 ,0.03363 ,0.59421 ,0.03230 
0.22686 ,0.03257 ,0.23124 ,0.03363 ,0.56950 ,0.03230 
0.15265 ,0.03257 ,0.29196 ,0.03363 ,0.71043 ,0.03230 
0.20862 ,0.03257 ,0.43242 ,0.03363 ,0.68125 ,0.03230 
0.13996 ,0.03257 ,0.28054 ,0.03363 ,0.58753 ,0.03230 
0.11105 ,0.03257 ,0.21322 ,0.03364 ,0.61330 ,0.03230 
0.08386 ,0.03257 ,0.29181 ,0.03364 ,0.52052 ,0.03231 
0.04554 ,0.03257 ,0.28148 ,0.03364 ,0.49921 ,0.03231 
0.14346 ,0.03257 ,0.26782 ,0.03364 ,0.52860 ,0.03231 
0.10920 ,0.03257 ,0.27674 ,0.03364 ,0.65598 ,0.03231 
0.04969 ,0.03257 ,0.40427 ,0.03364 ,0.57721 ,0.03231 
0.03032 ,0.03257 ,0.30399 ,0.03364 ,0.62976 ,0.03231 
0.21068 ,0.03257 ,0.23318 ,0.03364 ,0.64496 ,0.03231 
0.11083 ,0.03257 ,0.25258 ,0.03364 ,0.56093 ,0.03232 
0.06727 ,0.03257 ,0.20837 ,0.03364 ,0.49317 ,0.03232 
0.07524 ,0.03257 ,0.23059 ,0.03364 ,0.49840 ,0.03232 
0.05278 ,0.03258 ,0.22332 ,0.03364 ,0.54804 ,0.03232 
0.23752 ,0.03258 ,0.24939 ,0.03364 ,0.53946 ,0.03233 
0.14869 ,0.03258 ,0.24142 ,0.03364 ,0.53113 ,0.03233 
0.16898 ,0.03258 ,0.21789 ,0.03364 ,0.52529 ,0.03233 
0.11511 ,0.03258 ,0.21810 ,0.03364 ,0.48761 ,0.03233 
0.03208 ,0.03258 ,0.39158 ,0.03365 ,0.56745 ,0.03233 
0.04933 ,0.03258 ,0.33415 ,0.03365 ,0.58314 ,0.03233 
0.27126 ,0.03258 ,0.20789 ,0.03365 ,0.57935 ,0.03233 
0.06408 ,0.03258 ,0.23066 ,0.03365 ,0.57236 ,0.03233 
0.02158 ,0.03258 ,0.22871 ,0.03365 ,0.51690 ,0.03233 
0.08987 ,0.03258 ,0.30926 ,0.03365 ,0.56735 ,0.03233 
0.19241 ,0.03258 ,0.32983 ,0.03365 ,0.55238 ,0.03233 
0.31681 ,0.03258 ,0.28240 ,0.03365 ,0.56686 ,0.03234 
0.09018 ,0.03259 ,0.30339 ,0.03366 ,0.59442 ,0.03234 
0.09688 ,0.03259 ,0.41387 ,0.03366 ,0.56477 ,0.03234 
0.29866 ,0.03259 ,0.28976 ,0.03366 ,0.73523 ,0.03234 
0.06329 ,0.03259 ,0.39063 ,0.03366 ,0.57354 ,0.03234 
0.06618 ,0.03259 ,0.21382 ,0.03366 ,0.55131 ,0.03234 
0.03903 ,0.03259 ,0.40517 ,0.03366 ,0.61612 ,0.03234 
0.08437 ,0.03259 ,0.22308 ,0.03367 ,0.50837 ,0.03234 
0.16856 ,0.03259 ,0.22964 ,0.03367 ,0.54018 ,0.03234 
0.22822 ,0.03259 ,0.24239 ,0.03367 ,0.51255 ,0.03234 
0.13264 ,0.03259 ,0.20844 ,0.03367 ,0.66900 ,0.03234 
0.05339 ,0.03259 ,0.38530 ,0.03367 ,0.51555 ,0.03235 
0.13022 ,0.03259 ,0.19243 ,0.03367 ,0.48831 ,0.03235 
0.22258 ,0.03259 ,0.22926 ,0.03367 ,0.49774 ,0.03235 
0.19791 ,0.03259 ,0.28603 ,0.03367 ,0.52728 ,0.03235 
0.10285 ,0.03259 ,0.38795 ,0.03367 ,0.53937 ,0.03235 
0.08668 ,0.03260 ,0.28558 ,0.03367 ,0.54330 ,0.03235 
0.09384 ,0.03260 ,0.18604 ,0.03368 ,0.53435 ,0.03235 
0.13867 ,0.03260 ,0.32977 ,0.03368 ,0.50975 ,0.03235 
0.21338 ,0.03260 ,0.25649 ,0.03368 ,0.52059 ,0.03235 
0.21321 ,0.03260 ,0.30254 ,0.03368 ,0.53127 ,0.03236 
0.09457 ,0.03260 ,0.18984 ,0.03368 ,0.58331 ,0.03236 
0.07142 ,0.03261 ,0.34723 ,0.03368 ,0.66927 ,0.03236 
0.20687 ,0.03261 ,0.25781 ,0.03368 ,0.57772 ,0.03236 
0.25880 ,0.03261 ,0.27665 ,0.03368 ,0.56375 ,0.03236 
0.16921 ,0.03261 ,0.23518 ,0.03369 ,0.55229 ,0.03236 
0.18746 ,0.03261 ,0.24117 ,0.03369 ,0.52422 ,0.03237 
0.02730 ,0.03261 ,0.34225 ,0.03369 ,0.56468 ,0.03237 
0.04880 ,0.03261 ,0.24150 ,0.03369 ,0.56912 ,0.03237 
0.15707 ,0.03262 ,0.22760 ,0.03369 ,0.52403 ,0.03237 
0.02892 ,0.03262 ,0.19539 ,0.03369 ,0.54927 ,0.03237 
0.30602 ,0.03262 ,0.25618 ,0.03369 ,0.53237 ,0.03238 
0.10046 ,0.03262 ,0.24356 ,0.03369 ,0.51271 ,0.03238 
0.10742 ,0.03262 ,0.18329 ,0.03370 ,0.55196 ,0.03238 
0.06917 ,0.03262 ,0.25888 ,0.03370 ,0.50589 ,0.03238 
0.03443 ,0.03262 ,0.25770 ,0.03370 ,0.50281 ,0.03238 
0.12923 ,0.03262 ,0.26926 ,0.03370 ,0.55350 ,0.03238 
0.07719 ,0.03262 ,0.28314 ,0.03370 ,0.57654 ,0.03238 
0.20780 ,0.03262 ,0.23658 ,0.03370 ,0.53105 ,0.03239 
0.03331 ,0.03262 ,0.31410 ,0.03370 ,0.52859 ,0.03239 
0.07522 ,0.03262 ,0.24223 ,0.03370 ,0.58994 ,0.03239 
0.32735 ,0.03262 ,0.23150 ,0.03370 ,0.56395 ,0.03239 
0.07357 ,0.03262 ,0.31828 ,0.03370 ,0.49420 ,0.03239 
0.05218 ,0.03262 ,0.30221 ,0.03370 ,0.61137 ,0.03239 
0.12416 ,0.03263 ,0.21860 ,0.03370 ,0.51785 ,0.03240 
0.08098 ,0.03263 ,0.24098 ,0.03370 ,0.51483 ,0.03240 
0.03517 ,0.03263 ,0.35372 ,0.03370 ,0.70856 ,0.03240 
0.10939 ,0.03263 ,0.31206 ,0.03371 ,0.53128 ,0.03240 
0.04943 ,0.03263 ,0.20654 ,0.03371 ,0.52541 ,0.03240 
0.04759 ,0.03263 ,0.28720 ,0.03371 ,0.63212 ,0.03240 
0.01731 ,0.03263 ,0.32854 ,0.03371 ,0.64643 ,0.03240 
0.17599 ,0.03263 ,0.41038 ,0.03371 ,0.56397 ,0.03240 
0.09962 ,0.03263 ,0.22407 ,0.03371 ,0.55296 ,0.03241 
0.28067 ,0.03263 ,0.25540 ,0.03371 ,0.49896 ,0.03241 
0.06630 ,0.03263 ,0.25743 ,0.03371 ,0.49811 ,0.03241 
0.30278 ,0.03263 ,0.25164 ,0.03371 ,0.61381 ,0.03241 
0.06591 ,0.03263 ,0.20788 ,0.03372 ,0.52713 ,0.03241 
0.12732 ,0.03263 ,0.28394 ,0.03372 ,0.52482 ,0.03241 
0.11464 ,0.03263 ,0.29453 ,0.03372 ,0.49957 ,0.03242 
0.16770 ,0.03264 ,0.25711 ,0.03372 ,0.61645 ,0.03242 
0.11485 ,0.03264 ,0.40364 ,0.03372 ,0.55108 ,0.03242 
0.05803 ,0.03264 ,0.21645 ,0.03372 ,0.52525 ,0.03242 
0.06728 ,0.03264 ,0.21395 ,0.03372 ,0.50760 ,0.03242 
0.07212 ,0.03264 ,0.43067 ,0.03373 ,0.51847 ,0.03242 
0.06918 ,0.03264 ,0.23520 ,0.03373 ,0.56140 ,0.03242 
0.07236 ,0.03264 ,0.29196 ,0.03373 ,0.55836 ,0.03242 
0.13970 ,0.03264 ,0.36523 ,0.03373 ,0.53346 ,0.03242 
0.04076 ,0.03264 ,0.22377 ,0.03373 ,0.56799 ,0.03242 
0.10380 ,0.03264 ,0.26166 ,0.03373 ,0.50083 ,0.03242 
0.05607 ,0.03264 ,0.21533 ,0.03373 ,0.54667 ,0.03242 
0.18564 ,0.03264 ,0.26850 ,0.03373 ,0.55420 ,0.03242 
0.03779 ,0.03264 ,0.28703 ,0.03374 ,0.56631 ,0.03243 
0.04314 ,0.03264 ,0.19839 ,0.03374 ,0.52359 ,0.03243 
0.08240 ,0.03264 ,0.28143 ,0.03374 ,0.55335 ,0.03243 
0.05678 ,0.03265 ,0.29250 ,0.03374 ,0.50883 ,0.03243 
0.34387 ,0.03265 ,0.40201 ,0.03374 ,0.49372 ,0.03243 
0.03936 ,0.03265 ,0.32301 ,0.03374 ,0.60515 ,0.03243 
0.16529 ,0.03265 ,0.21743 ,0.03374 ,0.51853 ,0.03243 
0.18029 ,0.03265 ,0.28026 ,0.03374 ,0.53807 ,0.03243 
0.06492 ,0.03265 ,0.21038 ,0.03374 ,0.57085 ,0.03243 
0.17379 ,0.03265 ,0.25905 ,0.03374 ,0.50835 ,0.03243 
0.04789 ,0.03266 ,0.23673 ,0.03374 ,0.50161 ,0.03244 
0.21752 ,0.03266 ,0.29571 ,0.03374 ,0.51717 ,0.03244 
0.16298 ,0.03266 ,0.41478 ,0.03374 ,0.50765 ,0.03244 
0.04760 ,0.03266 ,0.20129 ,0.03374 ,0.53313 ,0.03244 
0.05475 ,0.03266 ,0.33674 ,0.03374 ,0.65114 ,0.03244 
0.03579 ,0.03266 ,0.23794 ,0.03374 ,0.55566 ,0.03244 
0.34667 ,0.03266 ,0.42890 ,0.03374 ,0.50941 ,0.03244 
0.16535 ,0.03266 ,0.40890 ,0.03374 ,0.58149 ,0.03244 
0.03695 ,0.03266 ,0.26085 ,0.03375 ,0.53305 ,0.03244 
0.11602 ,0.03266 ,0.27746 ,0.03375 ,0.51805 ,0.03244 
0.10647 ,0.03266 ,0.18950 ,0.03375 ,0.66890 ,0.03245 
0.10792 ,0.03266 ,0.27368 ,0.03375 ,0.55263 ,0.03245 
0.12665 ,0.03267 ,0.28651 ,0.03375 ,0.59275 ,0.03245 
0.13859 ,0.03267 ,0.26393 ,0.03375 ,0.56016 ,0.03245 
0.02794 ,0.03267 ,0.29500 ,0.03375 ,0.61290 ,0.03245 
0.25766 ,0.03267 ,0.47633 ,0.03375 ,0.60115 ,0.03245 
0.05371 ,0.03267 ,0.20861 ,0.03375 ,0.69149 ,0.03245 
0.08485 ,0.03267 ,0.22678 ,0.03376 ,0.59824 ,0.03245 
0.07972 ,0.03267 ,0.21214 ,0.03376 ,0.53745 ,0.03245 
0.03648 ,0.03267 ,0.31149 ,0.03376 ,0.50668 ,0.03245 
0.09959 ,0.03267 ,0.25624 ,0.03376 ,0.51528 ,0.03246 
0.04990 ,0.03267 ,0.25277 ,0.03376 ,0.51428 ,0.03246 
0.30096 ,0.03267 ,0.20212 ,0.03376 ,0.53764 ,0.03246 
0.15178 ,0.03267 ,0.33944 ,0.03376 ,0.62612 ,0.03246 
0.11369 ,0.03267 ,0.28122 ,0.03376 ,0.57632 ,0.03246 
0.02776 ,0.03267 ,0.20088 ,0.03376 ,0.50015 ,0.03246 
0.13760 ,0.03267 ,0.22958 ,0.03376 ,0.60387 ,0.03246 
0.10924 ,0.03267 ,0.29547 ,0.03376 ,0.57613 ,0.03246 
0.34957 ,0.03267 ,0.37616 ,0.03376 ,0.49284 ,0.03246 
0.03714 ,0.03267 ,0.38211 ,0.03377 ,0.52824 ,0.03246 
0.09615 ,0.03267 ,0.28879 ,0.03377 ,0.52299 ,0.03246 
0.04936 ,0.03267 ,0.20053 ,0.03377 ,0.61409 ,0.03246 
0.08547 ,0.03268 ,0.29262 ,0.03377 ,0.52827 ,0.03247 
0.04677 ,0.03268 ,0.28230 ,0.03377 ,0.51478 ,0.03247 
0.21516 ,0.03268 ,0.35355 ,0.03377 ,0.49439 ,0.03247 
0.04323 ,0.03268 ,0.26021 ,0.03377 ,0.66576 ,0.03247 
0.20689 ,0.03268 ,0.37528 ,0.03377 ,0.53082 ,0.03247 
0.26424 ,0.03268 ,0.30550 ,0.03377 ,0.52526 ,0.03247 
0.21085 ,0.03268 ,0.32799 ,0.03377 ,0.49177 ,0.03247 
0.05258 ,0.03268 ,0.25080 ,0.03377 ,0.52635 ,0.03247 
0.09128 ,0.03268 ,0.23402 ,0.03377 ,0.62639 ,0.03247 
0.04542 ,0.03269 ,0.26802 ,0.03378 ,0.48041 ,0.03247 
0.08708 ,0.03269 ,0.20697 ,0.03378 ,0.66402 ,0.03247 
0.06730 ,0.03269 ,0.55989 ,0.03378 ,0.56711 ,0.03248 
0.27461 ,0.03269 ,0.27741 ,0.03378 ,0.57561 ,0.03248 
0.18532 ,0.03269 ,0.23810 ,0.03378 ,0.56878 ,0.03248 
0.10249 ,0.03269 ,0.33853 ,0.03378 ,0.54394 ,0.03248 
0.02058 ,0.03269 ,0.26708 ,0.03378 ,0.64545 ,0.03248 
0.23508 ,0.03269 ,0.31513 ,0.03379 ,0.58277 ,0.03248 
0.09831 ,0.03269 ,0.29111 ,0.03379 ,0.55653 ,0.03248 
0.10666 ,0.03269 ,0.21686 ,0.03379 ,0.54558 ,0.03249 
0.04565 ,0.03269 ,0.23338 ,0.03379 ,0.51185 ,0.03249 
0.13269 ,0.03269 ,0.35862 ,0.03379 ,0.50215 ,0.03249 
0.22172 ,0.03269 ,0.22235 ,0.03379 ,0.67357 ,0.03249 
0.09753 ,0.03269 ,0.22354 ,0.03379 ,0.51557 ,0.03249 
0.03837 ,0.03269 ,0.26231 ,0.03379 ,0.55779 ,0.03249 
0.04918 ,0.03270 ,0.20000 ,0.03379 ,0.52141 ,0.03249 
0.04826 ,0.03270 ,0.33030 ,0.03379 ,0.55578 ,0.03249 
0.05172 ,0.03270 ,0.21888 ,0.03380 ,0.50491 ,0.03250 
0.11123 ,0.03270 ,0.18753 ,0.03380 ,0.66228 ,0.03250 
0.04061 ,0.03270 ,0.36024 ,0.03380 ,0.60347 ,0.03250 
0.20714 ,0.03270 ,0.23112 ,0.03380 ,0.54741 ,0.03250 
0.09271 ,0.03270 ,0.22827 ,0.03380 ,0.62228 ,0.03250 
0.05531 ,0.03271 ,0.24105 ,0.03381 ,0.49725 ,0.03250 
0.14898 ,0.03271 ,0.25429 ,0.03381 ,0.70944 ,0.03250 
0.05205 ,0.03271 ,0.20656 ,0.03381 ,0.55185 ,0.03250 
0.19573 ,0.03271 ,0.36772 ,0.03381 ,0.64493 ,0.03250 
0.11589 ,0.03271 ,0.23558 ,0.03381 ,0.70651 ,0.03251 
0.02601 ,0.03271 ,0.38412 ,0.03381 ,0.57808 ,0.03251 
0.12829 ,0.03271 ,0.22286 ,0.03382 ,0.57972 ,0.03251 
0.14373 ,0.03271 ,0.25993 ,0.03382 ,0.58380 ,0.03251 
0.02324 ,0.03272 ,0.28005 ,0.03382 ,0.59251 ,0.03251 
0.05060 ,0.03272 ,0.24256 ,0.03382 ,0.59197 ,0.03251 
0.12428 ,0.03272 ,0.31343 ,0.03382 ,0.59888 ,0.03251 
0.30658 ,0.03272 ,0.34722 ,0.03382 ,0.51528 ,0.03251 
0.19886 ,0.03272 ,0.20370 ,0.03383 ,0.63821 ,0.03252 
0.13824 ,0.03272 ,0.26188 ,0.03383 ,0.56620 ,0.03252 
0.07415 ,0.03272 ,0.20300 ,0.03383 ,0.53053 ,0.03252 
0.03268 ,0.03272 ,0.37732 ,0.03383 ,0.54378 ,0.03252 
0.14310 ,0.03272 ,0.26824 ,0.03383 ,0.61747 ,0.03252 
0.14644 ,0.03272 ,0.35305 ,0.03383 ,0.65396 ,0.03252 
0.08530 ,0.03272 ,0.22066 ,0.03383 ,0.59555 ,0.03252 
0.26592 ,0.03273 ,0.24408 ,0.03383 ,0.66850 ,0.03253 
0.02125 ,0.03273 ,0.29335 ,0.03383 ,0.60033 ,0.03253 
0.07659 ,0.03273 ,0.30618 ,0.03384 ,0.63124 ,0.03253 
0.06321 ,0.03273 ,0.43386 ,0.03384 ,0.54342 ,0.03253 
0.04701 ,0.03273 ,0.28926 ,0.03384 ,0.69467 ,0.03253 
0.09320 ,0.03274 ,0.44271 ,0.03384 ,0.52262 ,0.03253 
0.05531 ,0.03274 ,0.22657 ,0.03384 ,0.63212 ,0.03253 
0.14188 ,0.03274 ,0.24068 ,0.03384 ,0.53691 ,0.03253 
0.36239 ,0.03274 ,0.32093 ,0.03384 ,0.53423 ,0.03253 
0.04270 ,0.03274 ,0.38532 ,0.03384 ,0.68597 ,0.03253 
0.24909 ,0.03274 ,0.25698 ,0.03385 ,0.50631 ,0.03253 
0.02432 ,0.03274 ,0.30129 ,0.03385 ,0.56575 ,0.03253 
0.04417 ,0.03274 ,0.26476 ,0.03385 ,0.55992 ,0.03254 
0.12822 ,0.03274 ,0.28475 ,0.03385 ,0.58251 ,0.03254 
0.04536 ,0.03274 ,0.30846 ,0.03385 ,0.60698 ,0.03254 
0.05699 ,0.03274 ,0.40022 ,0.03385 ,0.52861 ,0.03254 
0.05112 ,0.03274 ,0.43974 ,0.03385 ,0.63914 ,0.03254 
0.10004 ,0.03274 ,0.30718 ,0.03385 ,0.50830 ,0.03254 
0.10585 ,0.03274 ,0.42531 ,0.03385 ,0.53032 ,0.03254 
0.12494 ,0.03274 ,0.33874 ,0.03385 ,0.52841 ,0.03254 
0.10962 ,0.03274 ,0.27885 ,0.03385 ,0.51178 ,0.03254 
0.05606 ,0.03274 ,0.24799 ,0.03386 ,0.53343 ,0.03254 
0.07911 ,0.03274 ,0.38522 ,0.03386 ,0.64570 ,0.03255 
0.05020 ,0.03274 ,0.21887 ,0.03386 ,0.60232 ,0.03255 
0.05126 ,0.03274 ,0.21877 ,0.03386 ,0.52952 ,0.03255 
0.05716 ,0.03275 ,0.33341 ,0.03386 ,0.58457 ,0.03255 
0.06711 ,0.03275 ,0.21838 ,0.03386 ,0.54450 ,0.03255 
0.06734 ,0.03275 ,0.18651 ,0.03386 ,0.59880 ,0.03256 
0.13998 ,0.03275 ,0.47128 ,0.03386 ,0.52911 ,0.03256 
0.08255 ,0.03275 ,0.53956 ,0.03387 ,0.61065 ,0.03256 
0.04656 ,0.03275 ,0.29412 ,0.03387 ,0.52744 ,0.03256 
0.08891 ,0.03275 ,0.25947 ,0.03387 ,0.51064 ,0.03256 
0.07614 ,0.03276 ,0.22908 ,0.03387 ,0.61876 ,0.03256 
0.13269 ,0.03276 ,0.23629 ,0.03387 ,0.52333 ,0.03256 
0.04882 ,0.03276 ,0.52121 ,0.03387 ,0.54959 ,0.03256 
0.04156 ,0.03276 ,0.27768 ,0.03387 ,0.52570 ,0.03256 
0.08714 ,0.03276 ,0.37948 ,0.03387 ,0.53168 ,0.03257 
0.21000 ,0.03276 ,0.28027 ,0.03387 ,0.61757 ,0.03257 
0.06011 ,0.03276 ,0.25596 ,0.03388 ,0.51640 ,0.03257 
0.07158 ,0.03276 ,0.22964 ,0.03388 ,0.59955 ,0.03257 
0.33389 ,0.03276 ,0.28865 ,0.03388 ,0.55580 ,0.03257 
0.08512 ,0.03276 ,0.20522 ,0.03388 ,0.53637 ,0.03257 
0.15924 ,0.03276 ,0.27114 ,0.03388 ,0.55599 ,0.03257 
0.19761 ,0.03276 ,0.27677 ,0.03388 ,0.56470 ,0.03257 
0.08172 ,0.03276 ,0.22234 ,0.03388 ,0.49617 ,0.03257 
0.04873 ,0.03277 ,0.18477 ,0.03388 ,0.57112 ,0.03257 
0.11611 ,0.03277 ,0.38549 ,0.03388 ,0.51374 ,0.03258 
0.04865 ,0.03277 ,0.37176 ,0.03388 ,0.56420 ,0.03258 
0.06347 ,0.03277 ,0.27682 ,0.03388 ,0.61958 ,0.03258 
0.03378 ,0.03277 ,0.28589 ,0.03389 ,0.49817 ,0.03258 
0.40698 ,0.03277 ,0.24489 ,0.03389 ,0.51748 ,0.03258 
0.12490 ,0.03277 ,0.23719 ,0.03389 ,0.52631 ,0.03258 
0.23196 ,0.03277 ,0.37202 ,0.03389 ,0.65760 ,0.03258 
0.16652 ,0.03277 ,0.25793 ,0.03389 ,0.62687 ,0.03258 
0.22617 ,0.03277 ,0.39841 ,0.03389 ,0.51583 ,0.03259 
0.14991 ,0.03277 ,0.44164 ,0.03389 ,0.61068 ,0.03259 
0.22202 ,0.03277 ,0.34196 ,0.03389 ,0.53703 ,0.03259 
0.09077 ,0.03278 ,0.26348 ,0.03389 ,0.53962 ,0.03259 
0.07773 ,0.03278 ,0.33984 ,0.03389 ,0.70734 ,0.03259 
0.07791 ,0.03278 ,0.31575 ,0.03389 ,0.63553 ,0.03259 
0.14273 ,0.03278 ,0.31250 ,0.03390 ,0.56359 ,0.03259 
0.04189 ,0.03278 ,0.30552 ,0.03390 ,0.50083 ,0.03260 
0.14863 ,0.03278 ,0.32763 ,0.03390 ,0.62263 ,0.03260 
0.32415 ,0.03278 ,0.31963 ,0.03390 ,0.55486 ,0.03260 
0.05612 ,0.03279 ,0.26106 ,0.03391 ,0.60916 ,0.03260 
0.42004 ,0.03279 ,0.23532 ,0.03391 ,0.59644 ,0.03260 
0.23670 ,0.03279 ,0.21434 ,0.03391 ,0.56823 ,0.03260 
0.07914 ,0.03279 ,0.23274 ,0.03391 ,0.55242 ,0.03260 
0.12778 ,0.03279 ,0.40269 ,0.03392 ,0.51431 ,0.03260 
0.13546 ,0.03279 ,0.37632 ,0.03392 ,0.50583 ,0.03261 
0.06785 ,0.03279 ,0.31132 ,0.03392 ,0.70375 ,0.03261 
0.10215 ,0.03279 ,0.25046 ,0.03392 ,0.56633 ,0.03261 
0.08638 ,0.03279 ,0.20002 ,0.03392 ,0.56945 ,0.03261 
0.06925 ,0.03279 ,0.29218 ,0.03392 ,0.51406 ,0.03261 
0.07762 ,0.03280 ,0.25912 ,0.03392 ,0.56650 ,0.03262 
0.10951 ,0.03280 ,0.32602 ,0.03392 ,0.52072 ,0.03262 
0.08389 ,0.03280 ,0.25912 ,0.03392 ,0.60804 ,0.03262 
0.21541 ,0.03280 ,0.24637 ,0.03393 ,0.61511 ,0.03262 
0.05725 ,0.03280 ,0.25014 ,0.03393 ,0.67342 ,0.03262 
0.03862 ,0.03280 ,0.34378 ,0.03393 ,0.51232 ,0.03262 
0.10670 ,0.03281 ,0.31684 ,0.03393 ,0.48676 ,0.03263 
0.09112 ,0.03281 ,0.28792 ,0.03393 ,0.61753 ,0.03263 
0.10026 ,0.03281 ,0.24897 ,0.03393 ,0.55336 ,0.03263 
0.22239 ,0.03281 ,0.22653 ,0.03393 ,0.51776 ,0.03263 
0.27454 ,0.03281 ,0.23559 ,0.03394 ,0.65678 ,0.03263 
0.04447 ,0.03281 ,0.33808 ,0.03394 ,0.59140 ,0.03263 
0.25014 ,0.03281 ,0.28843 ,0.03394 ,0.55008 ,0.03263 
0.06445 ,0.03281 ,0.30802 ,0.03394 ,0.56935 ,0.03263 
0.19901 ,0.03281 ,0.24220 ,0.03394 ,0.54763 ,0.03263 
0.15094 ,0.03281 ,0.34377 ,0.03394 ,0.57498 ,0.03263 
0.06570 ,0.03281 ,0.22697 ,0.03394 ,0.50641 ,0.03263 
0.02215 ,0.03281 ,0.33699 ,0.03394 ,0.62573 ,0.03263 
0.10226 ,0.03282 ,0.41771 ,0.03394 ,0.56892 ,0.03263 
0.14545 ,0.03282 ,0.23517 ,0.03394 ,0.53724 ,0.03263 
0.05257 ,0.03282 ,0.28950 ,0.03395 ,0.49399 ,0.03264 
0.09816 ,0.03282 ,0.20535 ,0.03395 ,0.67369 ,0.03264 
0.08675 ,0.03282 ,0.36287 ,0.03395 ,0.52551 ,0.03264 
0.06555 ,0.03282 ,0.23683 ,0.03395 ,0.54499 ,0.03264 
0.05331 ,0.03282 ,0.24711 ,0.03395 ,0.51266 ,0.03264 
0.23250 ,0.03283 ,0.25582 ,0.03395 ,0.60029 ,0.03264 
0.26780 ,0.03283 ,0.35210 ,0.03395 ,0.52909 ,0.03264 
0.10691 ,0.03283 ,0.28052 ,0.03395 ,0.55983 ,0.03264 
0.06021 ,0.03283 ,0.28297 ,0.03395 ,0.54590 ,0.03265 
0.03572 ,0.03283 ,0.28772 ,0.03395 ,0.54710 ,0.03265 
0.04312 ,0.03283 ,0.23353 ,0.03395 ,0.57584 ,0.03265 
0.02803 ,0.03283 ,0.20356 ,0.03395 ,0.53433 ,0.03265 
0.11299 ,0.03283 ,0.23815 ,0.03395 ,0.50160 ,0.03265 
0.11338 ,0.03283 ,0.18711 ,0.03396 ,0.53502 ,0.03265 
0.12374 ,0.03283 ,0.23816 ,0.03396 ,0.54282 ,0.03265 
0.03153 ,0.03283 ,0.42731 ,0.03396 ,0.54292 ,0.03265 
0.17424 ,0.03283 ,0.23843 ,0.03396 ,0.55061 ,0.03265 
0.03202 ,0.03284 ,0.28404 ,0.03396 ,0.55399 ,0.03265 
0.06731 ,0.03284 ,0.35115 ,0.03397 ,0.60278 ,0.03265 
0.05420 ,0.03284 ,0.20826 ,0.03397 ,0.50270 ,0.03265 
0.10595 ,0.03284 ,0.26939 ,0.03397 ,0.54467 ,0.03266 
0.19241 ,0.03284 ,0.24808 ,0.03397 ,0.70197 ,0.03266 
0.03829 ,0.03284 ,0.23495 ,0.03397 ,0.62027 ,0.03266 
0.28890 ,0.03284 ,0.44161 ,0.03397 ,0.65145 ,0.03266 
0.35829 ,0.03284 ,0.23189 ,0.03397 ,0.56999 ,0.03266 
0.12025 ,0.03284 ,0.21526 ,0.03397 ,0.55824 ,0.03266 
0.25774 ,0.03284 ,0.25845 ,0.03397 ,0.57485 ,0.03267 
0.05857 ,0.03285 ,0.28591 ,0.03397 ,0.53453 ,0.03267 
0.08684 ,0.03285 ,0.25199 ,0.03397 ,0.56233 ,0.03267 
0.08352 ,0.03285 ,0.24884 ,0.03397 ,0.51937 ,0.03267 
0.04025 ,0.03285 ,0.20776 ,0.03397 ,0.52702 ,0.03267 
0.07827 ,0.03285 ,0.25175 ,0.03398 ,0.50144 ,0.03267 
0.21369 ,0.03285 ,0.29862 ,0.03398 ,0.57077 ,0.03267 
0.09731 ,0.03285 ,0.23521 ,0.03398 ,0.52031 ,0.03267 
0.09569 ,0.03285 ,0.24986 ,0.03398 ,0.61197 ,0.03267 
0.04564 ,0.03285 ,0.22412 ,0.03398 ,0.48605 ,0.03267 
0.14674 ,0.03285 ,0.20895 ,0.03398 ,0.54423 ,0.03267 
0.16751 ,0.03285 ,0.30739 ,0.03399 ,0.59919 ,0.03267 
0.23859 ,0.03285 ,0.21130 ,0.03399 ,0.48910 ,0.03267 
0.13771 ,0.03285 ,0.27584 ,0.03399 ,0.49926 ,0.03268 
0.13123 ,0.03285 ,0.29827 ,0.03399 ,0.53323 ,0.03268 
0.34283 ,0.03286 ,0.29545 ,0.03399 ,0.48481 ,0.03268 
0.05818 ,0.03286 ,0.22706 ,0.03399 ,0.56251 ,0.03268 
0.06619 ,0.03286 ,0.23676 ,0.03399 ,0.65287 ,0.03268 
0.21454 ,0.03286 ,0.34242 ,0.03399 ,0.55094 ,0.03268 
0.06900 ,0.03286 ,0.22407 ,0.03399 ,0.51438 ,0.03268 
0.07978 ,0.03286 ,0.29080 ,0.03399 ,0.56265 ,0.03268 
0.17050 ,0.03286 ,0.20242 ,0.03399 ,0.58090 ,0.03268 
0.27610 ,0.03286 ,0.25969 ,0.03399 ,0.55456 ,0.03269 
0.22649 ,0.03286 ,0.20292 ,0.03399 ,0.65123 ,0.03269 
0.24952 ,0.03286 ,0.27415 ,0.03400 ,0.55321 ,0.03269 
0.04313 ,0.03286 ,0.24139 ,0.03400 ,0.56669 ,0.03269 
0.07595 ,0.03286 ,0.53997 ,0.03400 ,0.50850 ,0.03269 
0.07895 ,0.03286 ,0.30711 ,0.03400 ,0.54455 ,0.03269 
0.07848 ,0.03286 ,0.25610 ,0.03400 ,0.56249 ,0.03269 
0.07259 ,0.03286 ,0.22550 ,0.03400 ,0.52279 ,0.03269 
0.29228 ,0.03286 ,0.27416 ,0.03400 ,0.55401 ,0.03269 
0.26819 ,0.03286 ,0.23958 ,0.03401 ,0.51043 ,0.03269 
0.15943 ,0.03287 ,0.27366 ,0.03401 ,0.49934 ,0.03269 
0.06370 ,0.03287 ,0.21255 ,0.03401 ,0.57516 ,0.03270 
0.12838 ,0.03287 ,0.38234 ,0.03401 ,0.49932 ,0.03270 
0.10757 ,0.03287 ,0.25566 ,0.03401 ,0.54875 ,0.03270 
0.03299 ,0.03287 ,0.28081 ,0.03401 ,0.57602 ,0.03270 
0.05106 ,0.03287 ,0.19567 ,0.03401 ,0.53607 ,0.03270 
0.07365 ,0.03287 ,0.31270 ,0.03401 ,0.52774 ,0.03270 
0.06206 ,0.03287 ,0.29572 ,0.03401 ,0.52724 ,0.03270 
0.13981 ,0.03287 ,0.28198 ,0.03401 ,0.56431 ,0.03270 
0.14119 ,0.03287 ,0.31161 ,0.03402 ,0.49822 ,0.03271 
0.07062 ,0.03287 ,0.23147 ,0.03402 ,0.62993 ,0.03271 
0.06990 ,0.03287 ,0.30082 ,0.03402 ,0.54853 ,0.03271 
0.03773 ,0.03288 ,0.23680 ,0.03402 ,0.52690 ,0.03271 
0.12438 ,0.03288 ,0.28040 ,0.03402 ,0.52103 ,0.03271 
0.15498 ,0.03288 ,0.29920 ,0.03402 ,0.59906 ,0.03271 
0.16661 ,0.03288 ,0.30553 ,0.03402 ,0.50724 ,0.03271 
0.04147 ,0.03288 ,0.25749 ,0.03403 ,0.55194 ,0.03272 
0.15053 ,0.03288 ,0.45006 ,0.03403 ,0.62372 ,0.03272 
0.33226 ,0.03288 ,0.22776 ,0.03403 ,0.52115 ,0.03272 
0.13564 ,0.03288 ,0.39075 ,0.03403 ,0.56353 ,0.03272 
0.02953 ,0.03289 ,0.46349 ,0.03403 ,0.49866 ,0.03272 
0.16427 ,0.03289 ,0.22150 ,0.03403 ,0.52815 ,0.03272 
0.11479 ,0.03289 ,0.24643 ,0.03403 ,0.64397 ,0.03272 
0.02474 ,0.03289 ,0.22724 ,0.03404 ,0.70033 ,0.03272 
0.11955 ,0.03289 ,0.35556 ,0.03404 ,0.53780 ,0.03272 
0.12952 ,0.03289 ,0.19713 ,0.03404 ,0.53899 ,0.03272 
0.02618 ,0.03289 ,0.24174 ,0.03404 ,0.54003 ,0.03272 
0.20590 ,0.03290 ,0.29779 ,0.03404 ,0.59408 ,0.03273 
0.15525 ,0.03290 ,0.24609 ,0.03404 ,0.60991 ,0.03273 
0.07848 ,0.03290 ,0.39807 ,0.03404 ,0.55754 ,0.03273 
0.11938 ,0.03290 ,0.42897 ,0.03404 ,0.66076 ,0.03274 
0.06528 ,0.03290 ,0.22996 ,0.03404 ,0.59373 ,0.03274 
0.14846 ,0.03290 ,0.36551 ,0.03404 ,0.56218 ,0.03274 
0.06765 ,0.03291 ,0.21091 ,0.03404 ,0.50454 ,0.03274 
0.07468 ,0.03291 ,0.27434 ,0.03404 ,0.51211 ,0.03274 
0.12929 ,0.03291 ,0.31893 ,0.03404 ,0.65323 ,0.03274 
0.07391 ,0.03291 ,0.29396 ,0.03404 ,0.61399 ,0.03274 
0.23188 ,0.03291 ,0.25109 ,0.03405 ,0.54528 ,0.03275 
0.09745 ,0.03291 ,0.27206 ,0.03405 ,0.52282 ,0.03275 
0.39179 ,0.03291 ,0.35131 ,0.03405 ,0.61095 ,0.03275 
0.14495 ,0.03291 ,0.40035 ,0.03405 ,0.63072 ,0.03275 
0.19162 ,0.03291 ,0.25436 ,0.03405 ,0.52148 ,0.03275 
0.06580 ,0.03291 ,0.24957 ,0.03405 ,0.53166 ,0.03275 
0.19096 ,0.03291 ,0.21372 ,0.03405 ,0.53505 ,0.03275 
0.04698 ,0.03292 ,0.51679 ,0.03405 ,0.55072 ,0.03275 
0.06172 ,0.03292 ,0.31566 ,0.03405 ,0.50479 ,0.03275 
0.34651 ,0.03292 ,0.19367 ,0.03405 ,0.53306 ,0.03275 
0.35584 ,0.03292 ,0.21854 ,0.03405 ,0.56352 ,0.03275 
0.16806 ,0.03292 ,0.41553 ,0.03405 ,0.55800 ,0.03276 
0.05127 ,0.03292 ,0.22389 ,0.03406 ,0.52153 ,0.03276 
0.04471 ,0.03292 ,0.33150 ,0.03406 ,0.54864 ,0.03276 
0.15147 ,0.03293 ,0.40920 ,0.03406 ,0.55384 ,0.03276 
0.07380 ,0.03293 ,0.40727 ,0.03406 ,0.57422 ,0.03276 
0.14942 ,0.03293 ,0.36687 ,0.03406 ,0.52047 ,0.03276 
0.03571 ,0.03293 ,0.29816 ,0.03406 ,0.54313 ,0.03276 
0.26010 ,0.03293 ,0.22315 ,0.03406 ,0.56038 ,0.03277 
0.08028 ,0.03293 ,0.23721 ,0.03406 ,0.72329 ,0.03277 
0.12042 ,0.03293 ,0.26283 ,0.03407 ,0.57285 ,0.03277 
0.05112 ,0.03293 ,0.37858 ,0.03407 ,0.64614 ,0.03277 
0.13822 ,0.03293 ,0.24986 ,0.03407 ,0.57221 ,0.03277 
0.06629 ,0.03293 ,0.34747 ,0.03407 ,0.51301 ,0.03277 
0.06468 ,0.03293 ,0.32260 ,0.03407 ,0.50182 ,0.03277 
0.05727 ,0.03293 ,0.27525 ,0.03407 ,0.60407 ,0.03277 
0.06570 ,0.03293 ,0.26947 ,0.03407 ,0.64370 ,0.03277 
0.12712 ,0.03294 ,0.28495 ,0.03407 ,0.49505 ,0.03278 
0.12402 ,0.03294 ,0.27371 ,0.03407 ,0.57530 ,0.03278 
0.05359 ,0.03294 ,0.27963 ,0.03407 ,0.63141 ,0.03278 
0.05314 ,0.03294 ,0.44732 ,0.03408 ,0.60331 ,0.03278 
0.05384 ,0.03294 ,0.30429 ,0.03408 ,0.58673 ,0.03278 
0.16171 ,0.03294 ,0.25045 ,0.03408 ,0.56591 ,0.03278 
0.26508 ,0.03294 ,0.41947 ,0.03408 ,0.57578 ,0.03278 
0.12626 ,0.03294 ,0.24085 ,0.03408 ,0.54918 ,0.03278 
0.05522 ,0.03294 ,0.24596 ,0.03408 ,0.63231 ,0.03279 
0.04299 ,0.03294 ,0.29461 ,0.03408 ,0.60371 ,0.03279 
0.13005 ,0.03294 ,0.31195 ,0.03408 ,0.64106 ,0.03279 
0.25464 ,0.03295 ,0.19875 ,0.03408 ,0.63645 ,0.03279 
0.15672 ,0.03295 ,0.23614 ,0.03408 ,0.55653 ,0.03279 
0.07512 ,0.03295 ,0.24594 ,0.03408 ,0.57329 ,0.03279 
0.37865 ,0.03295 ,0.24834 ,0.03408 ,0.53965 ,0.03279 
0.10558 ,0.03295 ,0.21184 ,0.03409 ,0.57097 ,0.03279 
0.07804 ,0.03295 ,0.21228 ,0.03409 ,0.54229 ,0.03280 
0.04586 ,0.03295 ,0.46715 ,0.03409 ,0.51993 ,0.03280 
0.03270 ,0.03295 ,0.23919 ,0.03409 ,0.59904 ,0.03280 
0.05081 ,0.03295 ,0.24220 ,0.03409 ,0.58921 ,0.03280 
0.07606 ,0.03295 ,0.26580 ,0.03409 ,0.58128 ,0.03280 
0.08727 ,0.03295 ,0.44158 ,0.03409 ,0.66146 ,0.03280 
0.04113 ,0.03295 ,0.21201 ,0.03409 ,0.66263 ,0.03280 
0.03263 ,0.03296 ,0.27148 ,0.03409 ,0.58778 ,0.03281 
0.14463 ,0.03296 ,0.20011 ,0.03409 ,0.55137 ,0.03281 
0.04661 ,0.03296 ,0.47767 ,0.03409 ,0.58410 ,0.03281 
0.10673 ,0.03296 ,0.28685 ,0.03410 ,0.56693 ,0.03281 
0.07899 ,0.03296 ,0.31548 ,0.03410 ,0.53677 ,0.03281 
0.25439 ,0.03296 ,0.27754 ,0.03410 ,0.53056 ,0.03281 
0.05580 ,0.03296 ,0.38801 ,0.03410 ,0.61449 ,0.03281 
0.14582 ,0.03296 ,0.23283 ,0.03411 ,0.57501 ,0.03281 
0.06860 ,0.03296 ,0.39406 ,0.03411 ,0.60705 ,0.03281 
0.02741 ,0.03296 ,0.32250 ,0.03411 ,0.53464 ,0.03282 
0.01080 ,0.03296 ,0.29948 ,0.03411 ,0.51015 ,0.03282 
0.16814 ,0.03296 ,0.24610 ,0.03411 ,0.60674 ,0.03282 
0.10365 ,0.03297 ,0.34122 ,0.03412 ,0.57755 ,0.03282 
0.11643 ,0.03297 ,0.42773 ,0.03412 ,0.69271 ,0.03282 
0.16830 ,0.03297 ,0.21424 ,0.03412 ,0.59659 ,0.03282 
0.08821 ,0.03297 ,0.29714 ,0.03412 ,0.55338 ,0.03282 
0.15870 ,0.03298 ,0.30250 ,0.03412 ,0.56427 ,0.03282 
0.08822 ,0.03298 ,0.21606 ,0.03413 ,0.56554 ,0.03282 
0.10085 ,0.03298 ,0.26393 ,0.03413 ,0.53286 ,0.03282 
0.31650 ,0.03298 ,0.24406 ,0.03413 ,0.53580 ,0.03282 
0.28629 ,0.03298 ,0.25912 ,0.03413 ,0.49232 ,0.03283 
0.05657 ,0.03298 ,0.26213 ,0.03413 ,0.50690 ,0.03283 
0.09254 ,0.03298 ,0.25678 ,0.03413 ,0.67414 ,0.03283 
0.05883 ,0.03298 ,0.26344 ,0.03413 ,0.61893 ,0.03283 
0.06011 ,0.03298 ,0.24772 ,0.03413 ,0.57626 ,0.03283 
0.02286 ,0.03298 ,0.30444 ,0.03413 ,0.51976 ,0.03283 
0.26811 ,0.03298 ,0.22646 ,0.03413 ,0.56925 ,0.03283 
0.07153 ,0.03298 ,0.21954 ,0.03413 ,0.57489 ,0.03283 
0.05690 ,0.03299 ,0.29452 ,0.03413 ,0.59344 ,0.03283 
0.07738 ,0.03299 ,0.44266 ,0.03414 ,0.50432 ,0.03283 
0.06937 ,0.03299 ,0.24961 ,0.03414 ,0.52403 ,0.03283 
0.15338 ,0.03299 ,0.22359 ,0.03414 ,0.51869 ,0.03283 
0.05502 ,0.03299 ,0.24329 ,0.03414 ,0.61246 ,0.03283 
0.09758 ,0.03300 ,0.27371 ,0.03414 ,0.59100 ,0.03284 
0.03621 ,0.03300 ,0.32583 ,0.03414 ,0.55828 ,0.03284 
0.18390 ,0.03300 ,0.36031 ,0.03414 ,0.50679 ,0.03284 
0.04511 ,0.03300 ,0.29554 ,0.03414 ,0.49914 ,0.03284 
0.05576 ,0.03300 ,0.34836 ,0.03414 ,0.58092 ,0.03284 
0.04152 ,0.03300 ,0.28715 ,0.03414 ,0.65853 ,0.03284 
0.13854 ,0.03300 ,0.28411 ,0.03414 ,0.57996 ,0.03284 
0.09010 ,0.03300 ,0.22515 ,0.03414 ,0.66755 ,0.03284 
0.13103 ,0.03301 ,0.24223 ,0.03414 ,0.53410 ,0.03284 
0.12247 ,0.03301 ,0.21867 ,0.03415 ,0.68320 ,0.03284 
0.18090 ,0.03301 ,0.28514 ,0.03415 ,0.55723 ,0.03284 
0.39752 ,0.03301 ,0.27112 ,0.03415 ,0.62659 ,0.03284 
0.04955 ,0.03301 ,0.25504 ,0.03415 ,0.52278 ,0.03284 
0.09138 ,0.03301 ,0.41320 ,0.03415 ,0.49917 ,0.03285 
0.15206 ,0.03301 ,0.25829 ,0.03415 ,0.50708 ,0.03285 
0.07187 ,0.03301 ,0.21607 ,0.03415 ,0.52567 ,0.03285 
0.06546 ,0.03301 ,0.35949 ,0.03415 ,0.61884 ,0.03285 
0.27723 ,0.03301 ,0.28754 ,0.03415 ,0.53465 ,0.03285 
0.02859 ,0.03301 ,0.35066 ,0.03415 ,0.61334 ,0.03285 
0.06602 ,0.03301 ,0.23322 ,0.03415 ,0.50154 ,0.03285 
0.11346 ,0.03301 ,0.22870 ,0.03415 ,0.61962 ,0.03285 
0.03706 ,0.03301 ,0.43876 ,0.03416 ,0.53752 ,0.03286 
0.07512 ,0.03301 ,0.20344 ,0.03416 ,0.59863 ,0.03286 
0.11578 ,0.03301 ,0.24602 ,0.03416 ,0.52854 ,0.03286 
0.22614 ,0.03302 ,0.26031 ,0.03416 ,0.51383 ,0.03286 
0.06943 ,0.03302 ,0.21281 ,0.03416 ,0.57743 ,0.03286 
0.12424 ,0.03302 ,0.28020 ,0.03416 ,0.56186 ,0.03286 
0.23446 ,0.03302 ,0.31293 ,0.03416 ,0.50883 ,0.03286 
0.03439 ,0.03302 ,0.32718 ,0.03417 ,0.53806 ,0.03286 
0.35668 ,0.03302 ,0.32762 ,0.03417 ,0.58720 ,0.03286 
0.23929 ,0.03302 ,0.21186 ,0.03417 ,0.50914 ,0.03286 
0.09726 ,0.03302 ,0.25632 ,0.03417 ,0.50203 ,0.03287 
0.05839 ,0.03302 ,0.29616 ,0.03417 ,0.54428 ,0.03287 
0.17434 ,0.03303 ,0.21916 ,0.03417 ,0.51117 ,0.03287 
0.10070 ,0.03303 ,0.23621 ,0.03417 ,0.61641 ,0.03287 
0.07076 ,0.03303 ,0.36418 ,0.03417 ,0.51336 ,0.03287 
0.15457 ,0.03303 ,0.28180 ,0.03417 ,0.49841 ,0.03287 
0.08849 ,0.03303 ,0.40638 ,0.03417 ,0.49533 ,0.03287 
0.04835 ,0.03303 ,0.31306 ,0.03417 ,0.62384 ,0.03287 
0.09037 ,0.03303 ,0.22118 ,0.03417 ,0.54932 ,0.03287 
0.13753 ,0.03303 ,0.31930 ,0.03418 ,0.52464 ,0.03287 
0.07506 ,0.03303 ,0.25782 ,0.03418 ,0.58057 ,0.03287 
0.09694 ,0.03303 ,0.23510 ,0.03418 ,0.52875 ,0.03288 
0.32087 ,0.03304 ,0.38161 ,0.03418 ,0.53525 ,0.03288 
0.07440 ,0.03304 ,0.47652 ,0.03418 ,0.54767 ,0.03288 
0.13316 ,0.03304 ,0.29583 ,0.03418 ,0.55338 ,0.03288 
0.15282 ,0.03304 ,0.25470 ,0.03418 ,0.53293 ,0.03288 
0.10713 ,0.03304 ,0.22758 ,0.03418 ,0.55803 ,0.03288 
0.15537 ,0.03304 ,0.37428 ,0.03418 ,0.59407 ,0.03288 
0.03714 ,0.03304 ,0.35918 ,0.03418 ,0.48152 ,0.03288 
0.11460 ,0.03304 ,0.45662 ,0.03418 ,0.63408 ,0.03289 
0.14190 ,0.03304 ,0.27892 ,0.03419 ,0.59903 ,0.03289 
0.02807 ,0.03304 ,0.42728 ,0.03419 ,0.60520 ,0.03289 
0.29645 ,0.03304 ,0.34292 ,0.03419 ,0.58315 ,0.03289 
0.09819 ,0.03305 ,0.28426 ,0.03419 ,0.64093 ,0.03290 
0.24451 ,0.03305 ,0.23094 ,0.03419 ,0.72530 ,0.03290 
0.06413 ,0.03305 ,0.38063 ,0.03419 ,0.60875 ,0.03290 
0.17416 ,0.03305 ,0.25791 ,0.03419 ,0.49921 ,0.03290 
0.06763 ,0.03305 ,0.39822 ,0.03419 ,0.53572 ,0.03290 
0.05462 ,0.03305 ,0.28203 ,0.03419 ,0.59615 ,0.03290 
0.09883 ,0.03305 ,0.29345 ,0.03419 ,0.59398 ,0.03290 
0.07185 ,0.03305 ,0.41586 ,0.03419 ,0.57436 ,0.03290 
0.05087 ,0.03305 ,0.20130 ,0.03420 ,0.48904 ,0.03290 
0.11663 ,0.03305 ,0.25164 ,0.03420 ,0.50520 ,0.03291 
0.05779 ,0.03305 ,0.37647 ,0.03420 ,0.49276 ,0.03291 
0.18754 ,0.03306 ,0.21050 ,0.03420 ,0.52589 ,0.03291 
0.05231 ,0.03306 ,0.24254 ,0.03420 ,0.52712 ,0.03291 
0.13817 ,0.03306 ,0.28178 ,0.03420 ,0.57449 ,0.03291 
0.10102 ,0.03306 ,0.23093 ,0.03420 ,0.51140 ,0.03291 
0.08737 ,0.03306 ,0.25249 ,0.03420 ,0.55484 ,0.03291 
0.06232 ,0.03306 ,0.25579 ,0.03420 ,0.59164 ,0.03291 
0.01480 ,0.03306 ,0.32729 ,0.03420 ,0.55107 ,0.03291 
0.04204 ,0.03306 ,0.32116 ,0.03420 ,0.52248 ,0.03291 
0.06248 ,0.03306 ,0.23413 ,0.03420 ,0.57494 ,0.03292 
0.02880 ,0.03306 ,0.19951 ,0.03420 ,0.49307 ,0.03292 
0.03423 ,0.03306 ,0.43914 ,0.03420 ,0.58319 ,0.03292 
0.05796 ,0.03306 ,0.28441 ,0.03420 ,0.52204 ,0.03292 
0.16185 ,0.03306 ,0.24363 ,0.03421 ,0.55479 ,0.03292 
0.04594 ,0.03307 ,0.23881 ,0.03421 ,0.53172 ,0.03292 
0.07846 ,0.03307 ,0.26200 ,0.03421 ,0.49738 ,0.03292 
0.07048 ,0.03307 ,0.22420 ,0.03421 ,0.60016 ,0.03293 
0.11325 ,0.03307 ,0.36244 ,0.03421 ,0.52412 ,0.03293 
0.10974 ,0.03307 ,0.32352 ,0.03421 ,0.63114 ,0.03293 
0.15761 ,0.03307 ,0.20776 ,0.03421 ,0.51749 ,0.03293 
0.08541 ,0.03308 ,0.29191 ,0.03421 ,0.57153 ,0.03293 
0.25309 ,0.03308 ,0.22604 ,0.03421 ,0.53695 ,0.03293 
0.32490 ,0.03308 ,0.38121 ,0.03422 ,0.57813 ,0.03293 
0.12689 ,0.03308 ,0.40840 ,0.03422 ,0.67282 ,0.03293 
0.12929 ,0.03308 ,0.28259 ,0.03422 ,0.56832 ,0.03293 
0.07606 ,0.03308 ,0.24178 ,0.03422 ,0.48658 ,0.03293 
0.09724 ,0.03308 ,0.23068 ,0.03422 ,0.50723 ,0.03293 
0.23253 ,0.03308 ,0.28715 ,0.03422 ,0.53371 ,0.03294 
0.13160 ,0.03308 ,0.20436 ,0.03422 ,0.55107 ,0.03294 
0.21581 ,0.03308 ,0.22042 ,0.03422 ,0.52468 ,0.03294 
0.06504 ,0.03308 ,0.25077 ,0.03422 ,0.66912 ,0.03294 
0.08614 ,0.03308 ,0.28133 ,0.03422 ,0.56959 ,0.03294 
0.07521 ,0.03309 ,0.25670 ,0.03423 ,0.50116 ,0.03294 
0.12571 ,0.03309 ,0.28643 ,0.03423 ,0.50023 ,0.03295 
0.16740 ,0.03309 ,0.25488 ,0.03423 ,0.51829 ,0.03295 
0.26670 ,0.03309 ,0.42819 ,0.03423 ,0.52492 ,0.03295 
0.08136 ,0.03309 ,0.24068 ,0.03423 ,0.49828 ,0.03295 
0.04569 ,0.03309 ,0.27918 ,0.03423 ,0.60165 ,0.03295 
0.10403 ,0.03309 ,0.29625 ,0.03423 ,0.65945 ,0.03295 
0.12593 ,0.03309 ,0.25471 ,0.03423 ,0.65194 ,0.03295 
0.03685 ,0.03309 ,0.25496 ,0.03424 ,0.56124 ,0.03295 
0.04779 ,0.03309 ,0.26893 ,0.03424 ,0.49129 ,0.03295 
0.04237 ,0.03309 ,0.41858 ,0.03424 ,0.56790 ,0.03295 
0.37240 ,0.03310 ,0.25951 ,0.03424 ,0.59556 ,0.03295 
0.17759 ,0.03310 ,0.25864 ,0.03424 ,0.63667 ,0.03295 
0.08620 ,0.03310 ,0.31157 ,0.03424 ,0.59224 ,0.03296 
0.08719 ,0.03310 ,0.21877 ,0.03424 ,0.58886 ,0.03296 
0.14199 ,0.03310 ,0.21500 ,0.03424 ,0.60960 ,0.03296 
0.25858 ,0.03310 ,0.32318 ,0.03424 ,0.52958 ,0.03296 
0.07347 ,0.03310 ,0.23076 ,0.03424 ,0.55781 ,0.03296 
0.11791 ,0.03310 ,0.41179 ,0.03424 ,0.57117 ,0.03296 
0.06381 ,0.03310 ,0.25818 ,0.03424 ,0.57846 ,0.03296 
0.19600 ,0.03310 ,0.29534 ,0.03424 ,0.65228 ,0.03297 
0.07004 ,0.03310 ,0.38510 ,0.03424 ,0.50500 ,0.03297 
0.09338 ,0.03310 ,0.26222 ,0.03424 ,0.50659 ,0.03297 
0.04879 ,0.03310 ,0.23027 ,0.03424 ,0.62369 ,0.03297 
0.16756 ,0.03311 ,0.25373 ,0.03425 ,0.67926 ,0.03297 
0.16385 ,0.03311 ,0.24637 ,0.03425 ,0.52346 ,0.03297 
0.22585 ,0.03311 ,0.42504 ,0.03425 ,0.55054 ,0.03297 
0.16038 ,0.03311 ,0.31746 ,0.03425 ,0.50003 ,0.03297 
0.06179 ,0.03311 ,0.22359 ,0.03425 ,0.52145 ,0.03297 
0.09718 ,0.03311 ,0.19922 ,0.03425 ,0.60199 ,0.03297 
0.21956 ,0.03311 ,0.26163 ,0.03425 ,0.61624 ,0.03298 
0.20244 ,0.03311 ,0.26766 ,0.03425 ,0.65938 ,0.03298 
0.03418 ,0.03311 ,0.24170 ,0.03425 ,0.52341 ,0.03298 
0.07182 ,0.03311 ,0.27719 ,0.03425 ,0.53989 ,0.03298 
0.14332 ,0.03312 ,0.29328 ,0.03425 ,0.54041 ,0.03298 
0.21697 ,0.03312 ,0.24365 ,0.03425 ,0.68580 ,0.03298 
0.08261 ,0.03312 ,0.23195 ,0.03426 ,0.51704 ,0.03298 
0.08659 ,0.03312 ,0.35452 ,0.03426 ,0.54620 ,0.03298 
0.19199 ,0.03312 ,0.29421 ,0.03426 ,0.72304 ,0.03298 
0.03513 ,0.03312 ,0.22679 ,0.03426 ,0.53992 ,0.03298 
0.30704 ,0.03312 ,0.23984 ,0.03426 ,0.60796 ,0.03299 
0.16787 ,0.03312 ,0.25727 ,0.03426 ,0.52235 ,0.03299 
0.07202 ,0.03312 ,0.22053 ,0.03426 ,0.62874 ,0.03299 
0.03851 ,0.03312 ,0.23263 ,0.03426 ,0.51089 ,0.03299 
0.06348 ,0.03312 ,0.34886 ,0.03426 ,0.52884 ,0.03299 
0.07911 ,0.03312 ,0.25009 ,0.03426 ,0.53166 ,0.03299 
0.24793 ,0.03313 ,0.23626 ,0.03427 ,0.58456 ,0.03299 
0.19348 ,0.03313 ,0.27339 ,0.03427 ,0.53772 ,0.03299 
0.03468 ,0.03313 ,0.23993 ,0.03427 ,0.63554 ,0.03299 
0.10682 ,0.03313 ,0.40201 ,0.03427 ,0.48613 ,0.03299 
0.24530 ,0.03313 ,0.25481 ,0.03427 ,0.52200 ,0.03299 
0.10432 ,0.03313 ,0.22092 ,0.03428 ,0.52837 ,0.03299 
0.03597 ,0.03313 ,0.26851 ,0.03428 ,0.54800 ,0.03300 
0.18571 ,0.03313 ,0.27287 ,0.03428 ,0.56519 ,0.03300 
0.05389 ,0.03313 ,0.19492 ,0.03428 ,0.50527 ,0.03300 
0.06526 ,0.03313 ,0.24874 ,0.03428 ,0.52627 ,0.03300 
0.28532 ,0.03313 ,0.29105 ,0.03428 ,0.57272 ,0.03300 
0.11083 ,0.03313 ,0.28667 ,0.03428 ,0.55084 ,0.03300 
0.30828 ,0.03313 ,0.21375 ,0.03428 ,0.53946 ,0.03300 
0.18805 ,0.03313 ,0.43882 ,0.03428 ,0.55042 ,0.03301 
0.07529 ,0.03313 ,0.26116 ,0.03428 ,0.63085 ,0.03301 
0.02032 ,0.03314 ,0.20358 ,0.03428 ,0.53210 ,0.03301 
0.06490 ,0.03314 ,0.31944 ,0.03428 ,0.55310 ,0.03301 
0.05753 ,0.03314 ,0.27558 ,0.03429 ,0.59589 ,0.03301 
0.05713 ,0.03314 ,0.28423 ,0.03429 ,0.50714 ,0.03302 
0.04816 ,0.03314 ,0.39375 ,0.03429 ,0.63893 ,0.03302 
0.08386 ,0.03314 ,0.23903 ,0.03429 ,0.52970 ,0.03302 
0.26482 ,0.03314 ,0.36001 ,0.03429 ,0.56705 ,0.03302 
0.21210 ,0.03314 ,0.28266 ,0.03429 ,0.58546 ,0.03302 
0.04878 ,0.03314 ,0.22021 ,0.03429 ,0.52290 ,0.03302 
0.07738 ,0.03314 ,0.23888 ,0.03429 ,0.56471 ,0.03302 
0.03457 ,0.03314 ,0.30470 ,0.03429 ,0.56249 ,0.03302 
0.34472 ,0.03314 ,0.26462 ,0.03430 ,0.70265 ,0.03302 
0.09254 ,0.03314 ,0.36593 ,0.03430 ,0.53126 ,0.03303 
0.27972 ,0.03314 ,0.35755 ,0.03430 ,0.52931 ,0.03303 
0.04785 ,0.03314 ,0.28449 ,0.03430 ,0.53142 ,0.03303 
0.02458 ,0.03314 ,0.22067 ,0.03430 ,0.52201 ,0.03303 
0.10264 ,0.03314 ,0.40028 ,0.03430 ,0.61423 ,0.03303 
0.08127 ,0.03314 ,0.38071 ,0.03430 ,0.58622 ,0.03303 
0.25915 ,0.03314 ,0.31349 ,0.03430 ,0.56434 ,0.03303 
0.06353 ,0.03314 ,0.38785 ,0.03430 ,0.57258 ,0.03303 
0.07985 ,0.03314 ,0.30972 ,0.03430 ,0.62944 ,0.03304 
0.07436 ,0.03314 ,0.28126 ,0.03431 ,0.52357 ,0.03304 
0.12229 ,0.03315 ,0.39755 ,0.03431 ,0.56887 ,0.03304 
0.22290 ,0.03315 ,0.18604 ,0.03431 ,0.52895 ,0.03304 
0.03483 ,0.03315 ,0.26434 ,0.03431 ,0.57396 ,0.03304 
0.07050 ,0.03315 ,0.21313 ,0.03431 ,0.51203 ,0.03304 
0.25612 ,0.03315 ,0.23872 ,0.03431 ,0.53319 ,0.03304 
0.03995 ,0.03315 ,0.23515 ,0.03431 ,0.49218 ,0.03304 
0.17278 ,0.03315 ,0.25257 ,0.03431 ,0.50520 ,0.03304 
0.36192 ,0.03315 ,0.33303 ,0.03431 ,0.60734 ,0.03304 
0.09025 ,0.03315 ,0.32385 ,0.03432 ,0.54930 ,0.03304 
0.08546 ,0.03315 ,0.25979 ,0.03432 ,0.67454 ,0.03305 
0.04823 ,0.03315 ,0.26580 ,0.03432 ,0.64019 ,0.03305 
0.15851 ,0.03315 ,0.39745 ,0.03432 ,0.57787 ,0.03305 
0.16100 ,0.03315 ,0.31210 ,0.03433 ,0.51001 ,0.03305 
0.07387 ,0.03315 ,0.40933 ,0.03433 ,0.51363 ,0.03305 
0.07902 ,0.03315 ,0.24554 ,0.03433 ,0.55780 ,0.03305 
0.22823 ,0.03315 ,0.20512 ,0.03433 ,0.57565 ,0.03305 
0.13148 ,0.03316 ,0.20720 ,0.03433 ,0.51882 ,0.03305 
0.11898 ,0.03316 ,0.29794 ,0.03433 ,0.52850 ,0.03305 
0.05552 ,0.03316 ,0.28899 ,0.03433 ,0.57154 ,0.03305 
0.14441 ,0.03316 ,0.24431 ,0.03433 ,0.54087 ,0.03305 
0.18594 ,0.03316 ,0.27164 ,0.03433 ,0.58807 ,0.03305 
0.09080 ,0.03316 ,0.37869 ,0.03434 ,0.51620 ,0.03305 
0.05737 ,0.03316 ,0.28797 ,0.03434 ,0.60790 ,0.03305 
0.27277 ,0.03316 ,0.28089 ,0.03434 ,0.50192 ,0.03305 
0.24796 ,0.03316 ,0.29251 ,0.03434 ,0.57571 ,0.03306 
0.07100 ,0.03316 ,0.43425 ,0.03434 ,0.57449 ,0.03306 
0.01541 ,0.03317 ,0.22148 ,0.03434 ,0.48707 ,0.03306 
0.19465 ,0.03317 ,0.31562 ,0.03434 ,0.58228 ,0.03306 
0.06125 ,0.03317 ,0.22673 ,0.03435 ,0.56039 ,0.03306 
0.10414 ,0.03317 ,0.23740 ,0.03435 ,0.59815 ,0.03307 
0.30588 ,0.03317 ,0.20053 ,0.03435 ,0.54082 ,0.03307 
0.07288 ,0.03317 ,0.29017 ,0.03435 ,0.50451 ,0.03307 
0.04330 ,0.03317 ,0.28109 ,0.03435 ,0.60882 ,0.03307 
0.11351 ,0.03317 ,0.27685 ,0.03435 ,0.61631 ,0.03307 
0.04281 ,0.03317 ,0.24922 ,0.03435 ,0.55004 ,0.03307 
0.03372 ,0.03317 ,0.21938 ,0.03435 ,0.55945 ,0.03307 
0.03173 ,0.03317 ,0.29608 ,0.03435 ,0.58881 ,0.03307 
0.10494 ,0.03318 ,0.27054 ,0.03435 ,0.54112 ,0.03307 
0.14450 ,0.03318 ,0.39974 ,0.03435 ,0.56223 ,0.03307 
0.04572 ,0.03318 ,0.24831 ,0.03435 ,0.52601 ,0.03308 
0.24494 ,0.03318 ,0.41631 ,0.03435 ,0.55851 ,0.03308 
0.08426 ,0.03318 ,0.20560 ,0.03436 ,0.52056 ,0.03308 
0.03908 ,0.03318 ,0.35417 ,0.03436 ,0.54255 ,0.03308 
0.33316 ,0.03318 ,0.31601 ,0.03436 ,0.50770 ,0.03308 
0.08813 ,0.03318 ,0.43532 ,0.03436 ,0.57533 ,0.03308 
0.23696 ,0.03318 ,0.24561 ,0.03436 ,0.52047 ,0.03308 
0.18541 ,0.03318 ,0.33835 ,0.03436 ,0.61726 ,0.03309 
0.15248 ,0.03319 ,0.48872 ,0.03436 ,0.52324 ,0.03309 
0.15413 ,0.03319 ,0.33387 ,0.03436 ,0.50765 ,0.03309 
0.17377 ,0.03319 ,0.25075 ,0.03436 ,0.56266 ,0.03309 
0.07984 ,0.03319 ,0.20740 ,0.03436 ,0.54260 ,0.03309 
0.04831 ,0.03319 ,0.25673 ,0.03437 ,0.62867 ,0.03310 
0.06198 ,0.03320 ,0.34070 ,0.03437 ,0.61412 ,0.03310 
0.32478 ,0.03320 ,0.25755 ,0.03437 ,0.52104 ,0.03310 
0.05299 ,0.03320 ,0.28487 ,0.03437 ,0.51182 ,0.03310 
0.21042 ,0.03320 ,0.20751 ,0.03437 ,0.50936 ,0.03310 
0.07660 ,0.03320 ,0.35198 ,0.03437 ,0.51172 ,0.03310 
0.10940 ,0.03320 ,0.23538 ,0.03437 ,0.59485 ,0.03310 
0.13199 ,0.03320 ,0.23355 ,0.03437 ,0.58961 ,0.03310 
0.37362 ,0.03320 ,0.27836 ,0.03437 ,0.55996 ,0.03310 
0.37908 ,0.03320 ,0.29794 ,0.03438 ,0.52305 ,0.03310 
0.14848 ,0.03320 ,0.28932 ,0.03438 ,0.59606 ,0.03310 
0.05786 ,0.03320 ,0.26043 ,0.03438 ,0.49863 ,0.03310 
0.08132 ,0.03320 ,0.20744 ,0.03438 ,0.51794 ,0.03311 
0.25537 ,0.03320 ,0.52017 ,0.03438 ,0.65666 ,0.03311 
0.08548 ,0.03320 ,0.21405 ,0.03438 ,0.49932 ,0.03311 
0.11419 ,0.03320 ,0.33247 ,0.03438 ,0.53220 ,0.03311 
0.10826 ,0.03321 ,0.22446 ,0.03438 ,0.49131 ,0.03311 
0.03629 ,0.03321 ,0.28051 ,0.03438 ,0.57957 ,0.03311 
0.12625 ,0.03321 ,0.27489 ,0.03438 ,0.64886 ,0.03311 
0.06842 ,0.03321 ,0.27561 ,0.03438 ,0.61411 ,0.03311 
0.06967 ,0.03321 ,0.26374 ,0.03438 ,0.67854 ,0.03311 
0.06040 ,0.03321 ,0.29627 ,0.03438 ,0.49996 ,0.03311 
0.13292 ,0.03321 ,0.36121 ,0.03438 ,0.50320 ,0.03311 
0.08478 ,0.03321 ,0.26034 ,0.03439 ,0.53440 ,0.03312 
0.04525 ,0.03322 ,0.29640 ,0.03439 ,0.54859 ,0.03312 
0.08465 ,0.03322 ,0.57983 ,0.03439 ,0.50203 ,0.03312 
0.06122 ,0.03322 ,0.30626 ,0.03439 ,0.60121 ,0.03312 
0.03685 ,0.03322 ,0.29475 ,0.03439 ,0.49540 ,0.03312 
0.16880 ,0.03322 ,0.22631 ,0.03439 ,0.54398 ,0.03312 
0.17455 ,0.03322 ,0.21609 ,0.03439 ,0.63826 ,0.03312 
0.13007 ,0.03322 ,0.25137 ,0.03439 ,0.53683 ,0.03312 
0.21396 ,0.03322 ,0.31507 ,0.03439 ,0.65681 ,0.03312 
0.13022 ,0.03322 ,0.38868 ,0.03440 ,0.72240 ,0.03312 
0.16398 ,0.03322 ,0.21276 ,0.03440 ,0.50970 ,0.03312 
0.34498 ,0.03322 ,0.42735 ,0.03440 ,0.54257 ,0.03312 
0.36005 ,0.03322 ,0.37983 ,0.03440 ,0.52381 ,0.03312 
0.01942 ,0.03323 ,0.29188 ,0.03440 ,0.56517 ,0.03312 
0.05498 ,0.03323 ,0.36069 ,0.03440 ,0.60252 ,0.03312 
0.28246 ,0.03323 ,0.25005 ,0.03440 ,0.57609 ,0.03312 
0.07412 ,0.03323 ,0.38721 ,0.03440 ,0.50306 ,0.03312 
0.14771 ,0.03323 ,0.34072 ,0.03440 ,0.52544 ,0.03312 
0.03491 ,0.03323 ,0.24236 ,0.03440 ,0.60731 ,0.03313 
0.09239 ,0.03323 ,0.26863 ,0.03440 ,0.56990 ,0.03313 
0.08258 ,0.03323 ,0.28097 ,0.03440 ,0.63285 ,0.03313 
0.07584 ,0.03323 ,0.39515 ,0.03440 ,0.58532 ,0.03314 
0.05388 ,0.03323 ,0.20900 ,0.03441 ,0.60996 ,0.03314 
0.05695 ,0.03323 ,0.40060 ,0.03441 ,0.52002 ,0.03314 
0.03478 ,0.03324 ,0.29874 ,0.03441 ,0.54337 ,0.03314 
0.34435 ,0.03324 ,0.20613 ,0.03441 ,0.52653 ,0.03314 
0.15000 ,0.03324 ,0.27733 ,0.03441 ,0.64243 ,0.03314 
0.04880 ,0.03324 ,0.22688 ,0.03441 ,0.53901 ,0.03314 
0.04201 ,0.03324 ,0.29761 ,0.03441 ,0.49012 ,0.03314 
0.15019 ,0.03324 ,0.39784 ,0.03441 ,0.53840 ,0.03315 
0.04909 ,0.03324 ,0.26843 ,0.03441 ,0.58140 ,0.03315 
0.17057 ,0.03324 ,0.21489 ,0.03441 ,0.55850 ,0.03315 
0.08224 ,0.03324 ,0.25705 ,0.03441 ,0.50103 ,0.03315 
0.07986 ,0.03324 ,0.19768 ,0.03441 ,0.59607 ,0.03315 
0.04808 ,0.03324 ,0.27129 ,0.03441 ,0.54779 ,0.03315 
0.06310 ,0.03324 ,0.24781 ,0.03441 ,0.56805 ,0.03315 
0.03885 ,0.03324 ,0.24210 ,0.03441 ,0.50513 ,0.03315 
0.05885 ,0.03324 ,0.34419 ,0.03442 ,0.70357 ,0.03315 
0.16198 ,0.03324 ,0.26762 ,0.03442 ,0.55869 ,0.03315 
0.26337 ,0.03325 ,0.23846 ,0.03442 ,0.58485 ,0.03316 
0.12606 ,0.03325 ,0.22113 ,0.03442 ,0.51524 ,0.03316 
0.14266 ,0.03325 ,0.27475 ,0.03442 ,0.56479 ,0.03316 
0.06244 ,0.03325 ,0.36497 ,0.03442 ,0.54307 ,0.03316 
0.06413 ,0.03325 ,0.34398 ,0.03442 ,0.61552 ,0.03316 
0.15189 ,0.03325 ,0.35427 ,0.03442 ,0.51002 ,0.03316 
0.08808 ,0.03325 ,0.30757 ,0.03442 ,0.52564 ,0.03316 
0.24090 ,0.03325 ,0.37821 ,0.03442 ,0.56144 ,0.03316 
0.11448 ,0.03325 ,0.36976 ,0.03442 ,0.49605 ,0.03316 
0.07537 ,0.03325 ,0.29806 ,0.03442 ,0.59844 ,0.03316 
0.15197 ,0.03325 ,0.30114 ,0.03442 ,0.53223 ,0.03317 
0.03086 ,0.03325 ,0.27723 ,0.03442 ,0.53480 ,0.03317 
0.15002 ,0.03325 ,0.26821 ,0.03442 ,0.60082 ,0.03317 
0.05202 ,0.03326 ,0.31972 ,0.03442 ,0.60451 ,0.03317 
0.14001 ,0.03326 ,0.24071 ,0.03443 ,0.53923 ,0.03317 
0.06148 ,0.03326 ,0.42096 ,0.03443 ,0.51475 ,0.03317 
0.23600 ,0.03326 ,0.28754 ,0.03443 ,0.50058 ,0.03317 
0.03117 ,0.03326 ,0.24124 ,0.03443 ,0.60526 ,0.03317 
0.12376 ,0.03326 ,0.32874 ,0.03443 ,0.52547 ,0.03317 
0.17598 ,0.03326 ,0.21480 ,0.03443 ,0.52814 ,0.03317 
0.07509 ,0.03326 ,0.28710 ,0.03443 ,0.53597 ,0.03317 
0.19499 ,0.03326 ,0.28577 ,0.03443 ,0.57899 ,0.03317 
0.10873 ,0.03326 ,0.23294 ,0.03443 ,0.54201 ,0.03317 
0.28728 ,0.03326 ,0.37810 ,0.03443 ,0.51096 ,0.03317 
0.06845 ,0.03326 ,0.30083 ,0.03443 ,0.54247 ,0.03318 
0.21917 ,0.03327 ,0.45089 ,0.03443 ,0.59570 ,0.03318 
0.09835 ,0.03327 ,0.33833 ,0.03443 ,0.69116 ,0.03318 
0.05456 ,0.03327 ,0.43724 ,0.03443 ,0.54323 ,0.03318 
0.05302 ,0.03327 ,0.31717 ,0.03443 ,0.58794 ,0.03318 
0.03572 ,0.03327 ,0.23206 ,0.03443 ,0.52807 ,0.03318 
0.13235 ,0.03327 ,0.25134 ,0.03443 ,0.67907 ,0.03318 
0.26767 ,0.03327 ,0.28406 ,0.03443 ,0.70897 ,0.03319 
0.20365 ,0.03327 ,0.23177 ,0.03443 ,0.65363 ,0.03319 
0.12895 ,0.03327 ,0.21744 ,0.03444 ,0.52066 ,0.03319 
0.08243 ,0.03327 ,0.30813 ,0.03444 ,0.68670 ,0.03319 
0.03213 ,0.03327 ,0.28112 ,0.03444 ,0.52527 ,0.03319 
0.16031 ,0.03328 ,0.20977 ,0.03444 ,0.55561 ,0.03319 
0.17705 ,0.03328 ,0.20183 ,0.03444 ,0.53142 ,0.03319 
0.25204 ,0.03328 ,0.27345 ,0.03444 ,0.56030 ,0.03319 
0.13964 ,0.03328 ,0.23390 ,0.03444 ,0.54078 ,0.03319 
0.08050 ,0.03328 ,0.23097 ,0.03444 ,0.62483 ,0.03319 
0.03402 ,0.03328 ,0.23319 ,0.03445 ,0.59608 ,0.03319 
0.03819 ,0.03328 ,0.26016 ,0.03445 ,0.56720 ,0.03320 
0.25437 ,0.03328 ,0.28184 ,0.03445 ,0.52192 ,0.03320 
0.05025 ,0.03329 ,0.22574 ,0.03445 ,0.69838 ,0.03320 
0.18513 ,0.03329 ,0.19193 ,0.03445 ,0.61977 ,0.03320 
0.06270 ,0.03329 ,0.26546 ,0.03445 ,0.58080 ,0.03320 
0.06909 ,0.03329 ,0.33279 ,0.03445 ,0.51689 ,0.03320 
0.04906 ,0.03329 ,0.30084 ,0.03445 ,0.57089 ,0.03320 
0.18909 ,0.03329 ,0.24543 ,0.03445 ,0.66180 ,0.03320 
0.21064 ,0.03329 ,0.21385 ,0.03445 ,0.56532 ,0.03321 
0.11402 ,0.03329 ,0.21847 ,0.03445 ,0.49189 ,0.03321 
0.07044 ,0.03329 ,0.23537 ,0.03446 ,0.52183 ,0.03321 
0.18314 ,0.03329 ,0.28428 ,0.03446 ,0.52681 ,0.03321 
0.24715 ,0.03330 ,0.30277 ,0.03446 ,0.56605 ,0.03321 
0.18518 ,0.03330 ,0.23209 ,0.03446 ,0.53700 ,0.03321 
0.12783 ,0.03330 ,0.32603 ,0.03446 ,0.54389 ,0.03321 
0.10306 ,0.03330 ,0.23457 ,0.03446 ,0.50394 ,0.03321 
0.31053 ,0.03330 ,0.22213 ,0.03446 ,0.60564 ,0.03321 
0.21822 ,0.03330 ,0.31345 ,0.03447 ,0.50815 ,0.03321 
0.15378 ,0.03330 ,0.26503 ,0.03447 ,0.60000 ,0.03321 
0.03369 ,0.03330 ,0.24425 ,0.03447 ,0.52887 ,0.03322 
0.04262 ,0.03330 ,0.25123 ,0.03447 ,0.57709 ,0.03322 
0.15900 ,0.03330 ,0.27730 ,0.03447 ,0.62944 ,0.03322 
0.08964 ,0.03330 ,0.24543 ,0.03447 ,0.66207 ,0.03322 
0.11748 ,0.03330 ,0.27621 ,0.03447 ,0.53423 ,0.03322 
0.27977 ,0.03331 ,0.36300 ,0.03447 ,0.57899 ,0.03322 
0.03801 ,0.03331 ,0.31875 ,0.03447 ,0.52087 ,0.03322 
0.04885 ,0.03331 ,0.20238 ,0.03447 ,0.53195 ,0.03322 
0.13748 ,0.03331 ,0.33700 ,0.03448 ,0.52325 ,0.03322 
0.05556 ,0.03331 ,0.33967 ,0.03448 ,0.56715 ,0.03322 
0.07278 ,0.03331 ,0.28585 ,0.03448 ,0.53828 ,0.03322 
0.15906 ,0.03331 ,0.36275 ,0.03448 ,0.51266 ,0.03322 
0.14616 ,0.03331 ,0.28514 ,0.03448 ,0.54037 ,0.03322 
0.17571 ,0.03331 ,0.29201 ,0.03448 ,0.62193 ,0.03322 
0.24683 ,0.03331 ,0.20710 ,0.03448 ,0.54684 ,0.03322 
0.37130 ,0.03332 ,0.26050 ,0.03448 ,0.51726 ,0.03322 
0.27379 ,0.03332 ,0.32349 ,0.03449 ,0.52114 ,0.03323 
0.20038 ,0.03332 ,0.36160 ,0.03449 ,0.52167 ,0.03323 
0.25900 ,0.03332 ,0.26487 ,0.03449 ,0.50600 ,0.03323 
0.06451 ,0.03332 ,0.24770 ,0.03449 ,0.49407 ,0.03323 
0.14757 ,0.03332 ,0.26311 ,0.03449 ,0.49626 ,0.03323 
0.07557 ,0.03332 ,0.23059 ,0.03449 ,0.64514 ,0.03323 
0.08126 ,0.03332 ,0.35428 ,0.03449 ,0.57388 ,0.03323 
0.22039 ,0.03332 ,0.50804 ,0.03449 ,0.58629 ,0.03323 
0.06519 ,0.03332 ,0.26564 ,0.03449 ,0.51044 ,0.03323 
0.03140 ,0.03332 ,0.22239 ,0.03449 ,0.53620 ,0.03324 
0.08993 ,0.03332 ,0.25497 ,0.03449 ,0.53834 ,0.03324 
0.20326 ,0.03332 ,0.31823 ,0.03450 ,0.56070 ,0.03324 
0.27266 ,0.03333 ,0.27090 ,0.03450 ,0.54281 ,0.03324 
0.03094 ,0.03333 ,0.36598 ,0.03450 ,0.58870 ,0.03324 
0.05418 ,0.03333 ,0.21079 ,0.03450 ,0.50410 ,0.03325 
0.04519 ,0.03333 ,0.23035 ,0.03450 ,0.52587 ,0.03325 
0.15528 ,0.03333 ,0.29673 ,0.03450 ,0.56158 ,0.03325 
0.04809 ,0.03333 ,0.26481 ,0.03450 ,0.63957 ,0.03325 
0.10450 ,0.03333 ,0.38359 ,0.03450 ,0.49366 ,0.03325 
0.19825 ,0.03333 ,0.29677 ,0.03451 ,0.52946 ,0.03325 
0.02750 ,0.03333 ,0.24673 ,0.03451 ,0.56619 ,0.03325 
0.03292 ,0.03333 ,0.27433 ,0.03451 ,0.55023 ,0.03325 
0.05384 ,0.03334 ,0.26632 ,0.03451 ,0.56168 ,0.03325 
0.03805 ,0.03334 ,0.37045 ,0.03451 ,0.52033 ,0.03326 
0.04528 ,0.03334 ,0.21525 ,0.03451 ,0.56330 ,0.03326 
0.03067 ,0.03334 ,0.34216 ,0.03451 ,0.65460 ,0.03326 
0.12133 ,0.03334 ,0.31608 ,0.03451 ,0.69036 ,0.03326 
0.18255 ,0.03334 ,0.24464 ,0.03451 ,0.50234 ,0.03326 
0.25773 ,0.03334 ,0.27938 ,0.03451 ,0.51389 ,0.03327 
0.02722 ,0.03334 ,0.36606 ,0.03452 ,0.54370 ,0.03327 
0.14864 ,0.03334 ,0.43558 ,0.03452 ,0.57358 ,0.03327 
0.23612 ,0.03334 ,0.29126 ,0.03452 ,0.55962 ,0.03327 
0.07521 ,0.03334 ,0.29702 ,0.03452 ,0.53683 ,0.03327 
0.16666 ,0.03335 ,0.39816 ,0.03452 ,0.52358 ,0.03327 
0.07280 ,0.03335 ,0.33066 ,0.03452 ,0.56709 ,0.03327 
0.03951 ,0.03335 ,0.21176 ,0.03452 ,0.49951 ,0.03327 
0.08414 ,0.03335 ,0.37976 ,0.03452 ,0.51159 ,0.03327 
0.04531 ,0.03335 ,0.24643 ,0.03453 ,0.62367 ,0.03328 
0.22099 ,0.03335 ,0.36651 ,0.03453 ,0.51586 ,0.03328 
0.25936 ,0.03335 ,0.25714 ,0.03453 ,0.59499 ,0.03328 
0.03413 ,0.03335 ,0.26319 ,0.03453 ,0.53818 ,0.03328 
0.21096 ,0.03336 ,0.24169 ,0.03453 ,0.48175 ,0.03328 
0.07774 ,0.03336 ,0.22780 ,0.03453 ,0.51900 ,0.03328 
0.09445 ,0.03336 ,0.19525 ,0.03453 ,0.65423 ,0.03329 
0.04519 ,0.03336 ,0.24766 ,0.03453 ,0.52057 ,0.03329 
0.05234 ,0.03336 ,0.19392 ,0.03454 ,0.54321 ,0.03329 
0.24652 ,0.03336 ,0.23293 ,0.03454 ,0.56748 ,0.03329 
0.12713 ,0.03336 ,0.56147 ,0.03454 ,0.58100 ,0.03329 
0.08115 ,0.03336 ,0.37566 ,0.03454 ,0.56190 ,0.03329 
0.06428 ,0.03336 ,0.31886 ,0.03454 ,0.57207 ,0.03329 
0.08392 ,0.03337 ,0.41341 ,0.03454 ,0.53410 ,0.03329 
0.21364 ,0.03337 ,0.46957 ,0.03454 ,0.60580 ,0.03329 
0.12514 ,0.03337 ,0.37066 ,0.03454 ,0.50354 ,0.03329 
0.03460 ,0.03337 ,0.49835 ,0.03455 ,0.56647 ,0.03329 
0.16425 ,0.03337 ,0.28470 ,0.03455 ,0.62956 ,0.03330 
0.04545 ,0.03337 ,0.28831 ,0.03455 ,0.57135 ,0.03330 
0.35714 ,0.03337 ,0.24573 ,0.03455 ,0.60110 ,0.03330 
0.05349 ,0.03337 ,0.32332 ,0.03456 ,0.53069 ,0.03330 
0.10182 ,0.03337 ,0.22496 ,0.03456 ,0.51685 ,0.03330 
0.02130 ,0.03337 ,0.30467 ,0.03456 ,0.54308 ,0.03330 
0.10593 ,0.03337 ,0.23943 ,0.03456 ,0.50717 ,0.03330 
0.03242 ,0.03337 ,0.25505 ,0.03456 ,0.56223 ,0.03330 
0.24429 ,0.03337 ,0.32088 ,0.03456 ,0.63493 ,0.03330 
0.15117 ,0.03337 ,0.21654 ,0.03456 ,0.55527 ,0.03330 
0.06060 ,0.03337 ,0.25238 ,0.03456 ,0.49710 ,0.03330 
0.09420 ,0.03337 ,0.22700 ,0.03457 ,0.56654 ,0.03330 
0.09037 ,0.03337 ,0.24984 ,0.03457 ,0.69956 ,0.03330 
0.12231 ,0.03337 ,0.25420 ,0.03457 ,0.66996 ,0.03331 
0.15288 ,0.03338 ,0.23109 ,0.03457 ,0.50691 ,0.03331 
0.12406 ,0.03338 ,0.24045 ,0.03457 ,0.52634 ,0.03331 
0.05694 ,0.03338 ,0.21846 ,0.03457 ,0.64031 ,0.03331 
0.16475 ,0.03338 ,0.23915 ,0.03457 ,0.61232 ,0.03331 
0.06339 ,0.03338 ,0.27692 ,0.03457 ,0.61088 ,0.03331 
0.31690 ,0.03338 ,0.24033 ,0.03457 ,0.52813 ,0.03331 
0.12824 ,0.03338 ,0.23244 ,0.03457 ,0.54095 ,0.03331 
0.38228 ,0.03338 ,0.24388 ,0.03457 ,0.50555 ,0.03331 
0.04219 ,0.03338 ,0.19024 ,0.03458 ,0.60084 ,0.03332 
0.19293 ,0.03338 ,0.24452 ,0.03458 ,0.67070 ,0.03332 
0.21261 ,0.03338 ,0.30696 ,0.03458 ,0.57447 ,0.03332 
0.09412 ,0.03338 ,0.22439 ,0.03458 ,0.50677 ,0.03332 
0.03560 ,0.03338 ,0.23165 ,0.03458 ,0.57127 ,0.03332 
0.05964 ,0.03339 ,0.22572 ,0.03458 ,0.56362 ,0.03332 
0.05554 ,0.03339 ,0.22050 ,0.03458 ,0.51029 ,0.03332 
0.13862 ,0.03339 ,0.31521 ,0.03458 ,0.57852 ,0.03333 
0.08664 ,0.03339 ,0.25292 ,0.03458 ,0.59891 ,0.03333 
0.11033 ,0.03339 ,0.26037 ,0.03458 ,0.53251 ,0.03333 
0.05853 ,0.03339 ,0.27251 ,0.03458 ,0.56039 ,0.03333 
0.13166 ,0.03339 ,0.23877 ,0.03458 ,0.57225 ,0.03333 
0.11065 ,0.03339 ,0.24645 ,0.03458 ,0.56140 ,0.03333 
0.04951 ,0.03339 ,0.27576 ,0.03459 ,0.62474 ,0.03333 
0.18688 ,0.03340 ,0.33122 ,0.03459 ,0.57238 ,0.03333 
0.26201 ,0.03340 ,0.20365 ,0.03459 ,0.53275 ,0.03333 
0.02655 ,0.03340 ,0.21768 ,0.03459 ,0.54531 ,0.03333 
0.20624 ,0.03340 ,0.47173 ,0.03459 ,0.49611 ,0.03333 
0.11371 ,0.03340 ,0.36490 ,0.03459 ,0.58022 ,0.03334 
0.03218 ,0.03340 ,0.26828 ,0.03459 ,0.53531 ,0.03334 
0.02763 ,0.03340 ,0.23499 ,0.03459 ,0.53980 ,0.03334 
0.04195 ,0.03340 ,0.48226 ,0.03459 ,0.55830 ,0.03334 
0.06440 ,0.03340 ,0.24949 ,0.03460 ,0.56510 ,0.03334 
0.04675 ,0.03340 ,0.27355 ,0.03460 ,0.56250 ,0.03334 
0.06526 ,0.03340 ,0.22470 ,0.03460 ,0.63732 ,0.03334 
0.12129 ,0.03340 ,0.30598 ,0.03460 ,0.51819 ,0.03334 
0.14634 ,0.03341 ,0.22858 ,0.03460 ,0.50049 ,0.03334 
0.04011 ,0.03341 ,0.24202 ,0.03460 ,0.58935 ,0.03334 
0.07300 ,0.03341 ,0.24780 ,0.03460 ,0.58896 ,0.03335 
0.34199 ,0.03341 ,0.42561 ,0.03461 ,0.47358 ,0.03335 
0.35186 ,0.03341 ,0.20652 ,0.03461 ,0.53529 ,0.03335 
0.27702 ,0.03341 ,0.24226 ,0.03461 ,0.64747 ,0.03335 
0.07948 ,0.03341 ,0.27917 ,0.03461 ,0.60180 ,0.03335 
0.27859 ,0.03341 ,0.26649 ,0.03461 ,0.79135 ,0.03335 
0.05569 ,0.03341 ,0.19674 ,0.03461 ,0.56073 ,0.03335 
0.18151 ,0.03341 ,0.18541 ,0.03461 ,0.55723 ,0.03335 
0.05744 ,0.03341 ,0.26521 ,0.03461 ,0.54726 ,0.03335 
0.11141 ,0.03341 ,0.25496 ,0.03461 ,0.54343 ,0.03335 
0.09943 ,0.03341 ,0.23572 ,0.03462 ,0.53429 ,0.03335 
0.09319 ,0.03341 ,0.21153 ,0.03462 ,0.54547 ,0.03336 
0.31004 ,0.03341 ,0.30059 ,0.03462 ,0.51653 ,0.03336 
0.11943 ,0.03341 ,0.39142 ,0.03462 ,0.56797 ,0.03336 
0.38388 ,0.03341 ,0.32449 ,0.03462 ,0.50565 ,0.03336 
0.13914 ,0.03341 ,0.29551 ,0.03462 ,0.58610 ,0.03336 
0.18062 ,0.03342 ,0.20087 ,0.03462 ,0.51241 ,0.03336 
0.05685 ,0.03342 ,0.27044 ,0.03462 ,0.57666 ,0.03336 
0.12817 ,0.03342 ,0.22935 ,0.03462 ,0.66982 ,0.03336 
0.05554 ,0.03342 ,0.26146 ,0.03463 ,0.58183 ,0.03337 
0.06519 ,0.03342 ,0.46473 ,0.03463 ,0.48733 ,0.03337 
0.06694 ,0.03342 ,0.29778 ,0.03463 ,0.62931 ,0.03337 
0.08462 ,0.03342 ,0.43713 ,0.03463 ,0.58241 ,0.03337 
0.19939 ,0.03342 ,0.49721 ,0.03463 ,0.53912 ,0.03337 
0.20175 ,0.03342 ,0.31177 ,0.03463 ,0.56246 ,0.03337 
0.05526 ,0.03342 ,0.29040 ,0.03463 ,0.54992 ,0.03338 
0.06128 ,0.03342 ,0.24081 ,0.03463 ,0.59629 ,0.03338 
0.19310 ,0.03342 ,0.42954 ,0.03463 ,0.52106 ,0.03338 
0.24542 ,0.03342 ,0.31829 ,0.03463 ,0.53120 ,0.03338 
0.09585 ,0.03343 ,0.29991 ,0.03463 ,0.51943 ,0.03338 
0.09950 ,0.03343 ,0.25355 ,0.03463 ,0.65308 ,0.03338 
0.06545 ,0.03343 ,0.23381 ,0.03463 ,0.50236 ,0.03338 
0.07521 ,0.03343 ,0.27012 ,0.03463 ,0.69984 ,0.03339 
0.12669 ,0.03343 ,0.29867 ,0.03463 ,0.57815 ,0.03339 
0.07360 ,0.03343 ,0.25390 ,0.03463 ,0.51612 ,0.03339 
0.08103 ,0.03343 ,0.32099 ,0.03463 ,0.52177 ,0.03339 
0.21001 ,0.03343 ,0.27804 ,0.03464 ,0.57264 ,0.03339 
0.07589 ,0.03343 ,0.35127 ,0.03464 ,0.53406 ,0.03339 
0.20372 ,0.03343 ,0.23473 ,0.03464 ,0.51409 ,0.03339 
0.03365 ,0.03343 ,0.29733 ,0.03464 ,0.52715 ,0.03339 
0.08678 ,0.03343 ,0.31335 ,0.03464 ,0.61536 ,0.03339 
0.15528 ,0.03343 ,0.22491 ,0.03464 ,0.58859 ,0.03340 
0.10579 ,0.03343 ,0.31110 ,0.03465 ,0.55491 ,0.03340 
0.11980 ,0.03343 ,0.19203 ,0.03465 ,0.55683 ,0.03340 
0.08756 ,0.03344 ,0.28562 ,0.03465 ,0.48771 ,0.03340 
0.04535 ,0.03344 ,0.23028 ,0.03465 ,0.57652 ,0.03340 
0.04564 ,0.03344 ,0.29441 ,0.03465 ,0.51450 ,0.03340 
0.07138 ,0.03344 ,0.23998 ,0.03465 ,0.58068 ,0.03340 
0.09629 ,0.03344 ,0.27121 ,0.03465 ,0.55354 ,0.03340 
0.17220 ,0.03344 ,0.21991 ,0.03465 ,0.55839 ,0.03340 
0.20123 ,0.03344 ,0.29122 ,0.03465 ,0.57645 ,0.03341 
0.03579 ,0.03344 ,0.41452 ,0.03465 ,0.52091 ,0.03341 
0.06159 ,0.03344 ,0.42975 ,0.03465 ,0.56748 ,0.03341 
0.17985 ,0.03344 ,0.26433 ,0.03465 ,0.50693 ,0.03341 
0.03571 ,0.03344 ,0.26531 ,0.03466 ,0.62269 ,0.03341 
0.10385 ,0.03344 ,0.22288 ,0.03466 ,0.73286 ,0.03342 
0.07825 ,0.03345 ,0.28581 ,0.03466 ,0.51138 ,0.03342 
0.02680 ,0.03345 ,0.27598 ,0.03466 ,0.52428 ,0.03342 
0.13180 ,0.03345 ,0.29860 ,0.03466 ,0.58574 ,0.03342 
0.11442 ,0.03345 ,0.50919 ,0.03466 ,0.50691 ,0.03342 
0.13175 ,0.03345 ,0.22481 ,0.03466 ,0.61192 ,0.03342 
0.06012 ,0.03345 ,0.23253 ,0.03466 ,0.67297 ,0.03343 
0.19094 ,0.03345 ,0.41685 ,0.03466 ,0.53923 ,0.03343 
0.20005 ,0.03345 ,0.25668 ,0.03466 ,0.53648 ,0.03343 
0.15077 ,0.03345 ,0.31758 ,0.03467 ,0.55183 ,0.03343 
0.07820 ,0.03345 ,0.25656 ,0.03467 ,0.56272 ,0.03343 
0.20493 ,0.03345 ,0.29520 ,0.03467 ,0.59105 ,0.03343 
0.11837 ,0.03345 ,0.18757 ,0.03467 ,0.69291 ,0.03343 
0.26888 ,0.03346 ,0.22589 ,0.03467 ,0.59658 ,0.03343 
0.17139 ,0.03346 ,0.22290 ,0.03467 ,0.68323 ,0.03343 
0.21290 ,0.03346 ,0.29783 ,0.03468 ,0.66764 ,0.03343 
0.35813 ,0.03346 ,0.19524 ,0.03468 ,0.66203 ,0.03343 
0.03681 ,0.03346 ,0.31345 ,0.03468 ,0.55900 ,0.03344 
0.03884 ,0.03346 ,0.47070 ,0.03468 ,0.54967 ,0.03344 
0.17820 ,0.03346 ,0.32529 ,0.03468 ,0.58843 ,0.03344 
0.04241 ,0.03347 ,0.25451 ,0.03468 ,0.70633 ,0.03344 
0.36407 ,0.03347 ,0.21426 ,0.03468 ,0.59647 ,0.03344 
0.04003 ,0.03347 ,0.28861 ,0.03468 ,0.52782 ,0.03344 
0.35561 ,0.03347 ,0.26972 ,0.03468 ,0.50976 ,0.03344 
0.04483 ,0.03347 ,0.28823 ,0.03468 ,0.58922 ,0.03344 
0.15835 ,0.03347 ,0.39445 ,0.03468 ,0.53482 ,0.03344 
0.02653 ,0.03347 ,0.54523 ,0.03468 ,0.57349 ,0.03345 
0.04962 ,0.03347 ,0.32630 ,0.03469 ,0.50969 ,0.03345 
0.24742 ,0.03347 ,0.25446 ,0.03469 ,0.56927 ,0.03345 
0.15264 ,0.03347 ,0.20491 ,0.03469 ,0.52466 ,0.03345 
0.09227 ,0.03347 ,0.23377 ,0.03469 ,0.56158 ,0.03345 
0.13941 ,0.03347 ,0.24257 ,0.03469 ,0.60924 ,0.03346 
0.28747 ,0.03347 ,0.29974 ,0.03469 ,0.53973 ,0.03346 
0.21301 ,0.03347 ,0.34009 ,0.03469 ,0.57025 ,0.03346 
0.23596 ,0.03347 ,0.58108 ,0.03469 ,0.57907 ,0.03346 
0.15165 ,0.03347 ,0.20002 ,0.03469 ,0.55291 ,0.03347 
0.04374 ,0.03348 ,0.25817 ,0.03469 ,0.52459 ,0.03347 
0.07540 ,0.03348 ,0.19861 ,0.03470 ,0.51833 ,0.03347 
0.05670 ,0.03348 ,0.34238 ,0.03470 ,0.52382 ,0.03347 
0.03020 ,0.03348 ,0.30748 ,0.03470 ,0.53000 ,0.03347 
0.04485 ,0.03348 ,0.20714 ,0.03470 ,0.55735 ,0.03347 
0.18031 ,0.03348 ,0.26335 ,0.03470 ,0.49905 ,0.03347 
0.23957 ,0.03348 ,0.37870 ,0.03470 ,0.54259 ,0.03347 
0.21972 ,0.03348 ,0.39463 ,0.03470 ,0.67827 ,0.03347 
0.07023 ,0.03348 ,0.24362 ,0.03470 ,0.55616 ,0.03347 
0.12560 ,0.03349 ,0.25744 ,0.03470 ,0.53619 ,0.03347 
0.59197 ,0.03349 ,0.21060 ,0.03470 ,0.60990 ,0.03347 
0.05389 ,0.03349 ,0.22235 ,0.03470 ,0.64651 ,0.03347 
0.15410 ,0.03349 ,0.23594 ,0.03471 ,0.70159 ,0.03347 
0.28441 ,0.03349 ,0.46359 ,0.03471 ,0.55320 ,0.03347 
0.10372 ,0.03349 ,0.28135 ,0.03471 ,0.63258 ,0.03347 
0.07132 ,0.03349 ,0.34908 ,0.03471 ,0.52034 ,0.03347 
0.12078 ,0.03349 ,0.30236 ,0.03471 ,0.59363 ,0.03348 
0.12113 ,0.03349 ,0.27777 ,0.03471 ,0.51581 ,0.03348 
0.12466 ,0.03349 ,0.31487 ,0.03471 ,0.52612 ,0.03348 
0.10469 ,0.03349 ,0.35296 ,0.03471 ,0.49870 ,0.03348 
0.19049 ,0.03349 ,0.45665 ,0.03472 ,0.51598 ,0.03348 
0.04836 ,0.03349 ,0.23825 ,0.03472 ,0.56684 ,0.03348 
0.12453 ,0.03349 ,0.25369 ,0.03472 ,0.60143 ,0.03348 
0.05589 ,0.03349 ,0.30846 ,0.03472 ,0.58231 ,0.03349 
0.05040 ,0.03349 ,0.23183 ,0.03472 ,0.57061 ,0.03349 
0.23652 ,0.03350 ,0.29015 ,0.03472 ,0.50055 ,0.03349 
0.15416 ,0.03350 ,0.29155 ,0.03472 ,0.51859 ,0.03349 
0.09008 ,0.03350 ,0.25501 ,0.03472 ,0.63968 ,0.03349 
0.09145 ,0.03350 ,0.41589 ,0.03473 ,0.57150 ,0.03349 
0.03422 ,0.03350 ,0.25407 ,0.03473 ,0.52415 ,0.03349 
0.12042 ,0.03350 ,0.24925 ,0.03473 ,0.56522 ,0.03349 
0.08023 ,0.03350 ,0.27539 ,0.03473 ,0.60933 ,0.03349 
0.08915 ,0.03350 ,0.42338 ,0.03473 ,0.66339 ,0.03349 
0.12258 ,0.03350 ,0.25975 ,0.03473 ,0.58416 ,0.03349 
0.15251 ,0.03350 ,0.27242 ,0.03473 ,0.50905 ,0.03350 
0.09462 ,0.03350 ,0.32635 ,0.03473 ,0.58785 ,0.03350 
0.14377 ,0.03350 ,0.25528 ,0.03473 ,0.51943 ,0.03350 
0.05655 ,0.03350 ,0.31076 ,0.03473 ,0.48892 ,0.03350 
0.12580 ,0.03350 ,0.25002 ,0.03473 ,0.54721 ,0.03350 
0.28969 ,0.03351 ,0.29904 ,0.03474 ,0.56331 ,0.03350 
0.14780 ,0.03351 ,0.40279 ,0.03474 ,0.52703 ,0.03351 
0.07781 ,0.03351 ,0.37329 ,0.03474 ,0.52147 ,0.03351 
0.29451 ,0.03351 ,0.20347 ,0.03474 ,0.56702 ,0.03351 
0.09883 ,0.03351 ,0.34810 ,0.03474 ,0.57843 ,0.03351 
0.31122 ,0.03351 ,0.35859 ,0.03474 ,0.55162 ,0.03351 
0.18454 ,0.03351 ,0.25276 ,0.03474 ,0.51474 ,0.03351 
0.31427 ,0.03351 ,0.59516 ,0.03475 ,0.53140 ,0.03351 
0.20267 ,0.03351 ,0.28006 ,0.03475 ,0.71540 ,0.03351 
0.06086 ,0.03351 ,0.26433 ,0.03475 ,0.53829 ,0.03351 
0.05860 ,0.03351 ,0.35711 ,0.03475 ,0.54739 ,0.03352 
0.03245 ,0.03351 ,0.29626 ,0.03475 ,0.53079 ,0.03352 
0.08599 ,0.03351 ,0.31733 ,0.03475 ,0.51090 ,0.03352 
0.12690 ,0.03351 ,0.31098 ,0.03475 ,0.62857 ,0.03352 
0.18530 ,0.03351 ,0.35037 ,0.03475 ,0.64480 ,0.03352 
0.42171 ,0.03351 ,0.26949 ,0.03476 ,0.53745 ,0.03352 
0.05855 ,0.03352 ,0.26520 ,0.03476 ,0.61726 ,0.03352 
0.11634 ,0.03352 ,0.30181 ,0.03476 ,0.65871 ,0.03352 
0.28188 ,0.03352 ,0.26628 ,0.03476 ,0.61965 ,0.03352 
0.12555 ,0.03352 ,0.22507 ,0.03476 ,0.50603 ,0.03352 
0.26704 ,0.03352 ,0.36428 ,0.03476 ,0.51553 ,0.03352 
0.19458 ,0.03352 ,0.38752 ,0.03476 ,0.67740 ,0.03352 
0.09359 ,0.03352 ,0.31319 ,0.03476 ,0.48846 ,0.03352 
0.05249 ,0.03352 ,0.22475 ,0.03476 ,0.54610 ,0.03353 
0.03639 ,0.03352 ,0.26412 ,0.03476 ,0.52798 ,0.03353 
0.06978 ,0.03352 ,0.20497 ,0.03477 ,0.52511 ,0.03353 
0.16358 ,0.03352 ,0.28055 ,0.03477 ,0.59626 ,0.03353 
0.24364 ,0.03352 ,0.24483 ,0.03477 ,0.67024 ,0.03353 
0.06678 ,0.03352 ,0.33126 ,0.03477 ,0.55317 ,0.03353 
0.02376 ,0.03353 ,0.32385 ,0.03477 ,0.67405 ,0.03353 
0.21344 ,0.03353 ,0.33868 ,0.03477 ,0.51796 ,0.03353 
0.20885 ,0.03353 ,0.36940 ,0.03477 ,0.55087 ,0.03353 
0.46206 ,0.03353 ,0.29415 ,0.03477 ,0.51894 ,0.03354 
0.14065 ,0.03353 ,0.50363 ,0.03477 ,0.51879 ,0.03354 
0.17509 ,0.03353 ,0.34295 ,0.03477 ,0.52780 ,0.03354 
0.04800 ,0.03353 ,0.28003 ,0.03477 ,0.56831 ,0.03354 
0.23594 ,0.03353 ,0.22402 ,0.03477 ,0.54740 ,0.03354 
0.16224 ,0.03353 ,0.21905 ,0.03477 ,0.54195 ,0.03354 
0.13523 ,0.03353 ,0.24323 ,0.03477 ,0.54769 ,0.03354 
0.08994 ,0.03353 ,0.36185 ,0.03477 ,0.54395 ,0.03354 
0.07946 ,0.03353 ,0.20654 ,0.03477 ,0.57094 ,0.03354 
0.03281 ,0.03353 ,0.34028 ,0.03477 ,0.70910 ,0.03355 
0.12520 ,0.03353 ,0.35448 ,0.03478 ,0.50604 ,0.03355 
0.04583 ,0.03354 ,0.24572 ,0.03478 ,0.58804 ,0.03355 
0.04558 ,0.03354 ,0.25376 ,0.03478 ,0.52665 ,0.03355 
0.21716 ,0.03354 ,0.25959 ,0.03478 ,0.51674 ,0.03355 
0.29436 ,0.03354 ,0.22266 ,0.03478 ,0.59570 ,0.03355 
0.14853 ,0.03354 ,0.23913 ,0.03478 ,0.55884 ,0.03355 
0.37093 ,0.03354 ,0.25624 ,0.03478 ,0.53270 ,0.03356 
0.01338 ,0.03354 ,0.22920 ,0.03478 ,0.62950 ,0.03356 
0.18264 ,0.03354 ,0.21710 ,0.03478 ,0.64783 ,0.03356 
0.02416 ,0.03355 ,0.21590 ,0.03478 ,0.58104 ,0.03356 
0.14896 ,0.03355 ,0.24623 ,0.03478 ,0.61221 ,0.03356 
0.03402 ,0.03355 ,0.23826 ,0.03478 ,0.53794 ,0.03356 
0.08827 ,0.03355 ,0.26084 ,0.03478 ,0.57062 ,0.03356 
0.04833 ,0.03355 ,0.21223 ,0.03478 ,0.53728 ,0.03356 
0.21280 ,0.03355 ,0.24438 ,0.03479 ,0.50187 ,0.03356 
0.07472 ,0.03355 ,0.28255 ,0.03479 ,0.60708 ,0.03357 
0.21297 ,0.03355 ,0.28402 ,0.03479 ,0.58058 ,0.03357 
0.05080 ,0.03355 ,0.32540 ,0.03479 ,0.57349 ,0.03357 
0.03443 ,0.03355 ,0.25105 ,0.03479 ,0.55532 ,0.03357 
0.07044 ,0.03355 ,0.26255 ,0.03479 ,0.54196 ,0.03357 
0.16325 ,0.03355 ,0.21841 ,0.03479 ,0.55367 ,0.03357 
0.10243 ,0.03355 ,0.24258 ,0.03479 ,0.50230 ,0.03357 
0.15851 ,0.03356 ,0.22042 ,0.03479 ,0.55019 ,0.03357 
0.30100 ,0.03356 ,0.24873 ,0.03479 ,0.57448 ,0.03358 
0.27165 ,0.03356 ,0.29004 ,0.03479 ,0.56374 ,0.03358 
0.05474 ,0.03356 ,0.24288 ,0.03479 ,0.64178 ,0.03358 
0.11628 ,0.03356 ,0.24415 ,0.03479 ,0.53314 ,0.03358 
0.22662 ,0.03356 ,0.24435 ,0.03479 ,0.60003 ,0.03358 
0.30581 ,0.03356 ,0.23297 ,0.03479 ,0.73075 ,0.03358 
0.14871 ,0.03356 ,0.32201 ,0.03479 ,0.56125 ,0.03358 
0.12426 ,0.03356 ,0.25723 ,0.03479 ,0.58149 ,0.03358 
0.11051 ,0.03356 ,0.30163 ,0.03479 ,0.56226 ,0.03359 
0.07646 ,0.03356 ,0.25476 ,0.03479 ,0.55588 ,0.03359 
0.08615 ,0.03356 ,0.26759 ,0.03480 ,0.55479 ,0.03359 
0.10733 ,0.03356 ,0.32070 ,0.03480 ,0.56063 ,0.03359 
0.04715 ,0.03356 ,0.38625 ,0.03480 ,0.55145 ,0.03359 
0.10245 ,0.03356 ,0.26326 ,0.03480 ,0.57815 ,0.03359 
0.16958 ,0.03357 ,0.22797 ,0.03480 ,0.52792 ,0.03359 
0.09080 ,0.03357 ,0.33875 ,0.03480 ,0.54036 ,0.03359 
0.08409 ,0.03357 ,0.32644 ,0.03480 ,0.60996 ,0.03359 
0.07441 ,0.03357 ,0.34129 ,0.03480 ,0.60368 ,0.03359 
0.05895 ,0.03357 ,0.24373 ,0.03480 ,0.57889 ,0.03359 
0.18386 ,0.03357 ,0.21126 ,0.03480 ,0.52764 ,0.03360 
0.35359 ,0.03357 ,0.24300 ,0.03480 ,0.68206 ,0.03360 
0.22950 ,0.03357 ,0.33726 ,0.03480 ,0.52504 ,0.03360 
0.14641 ,0.03357 ,0.21247 ,0.03481 ,0.58443 ,0.03360 
0.12916 ,0.03357 ,0.26235 ,0.03481 ,0.67036 ,0.03360 
0.16334 ,0.03357 ,0.26175 ,0.03481 ,0.63476 ,0.03360 
0.08316 ,0.03357 ,0.19623 ,0.03481 ,0.65901 ,0.03361 
0.08209 ,0.03357 ,0.28236 ,0.03481 ,0.66678 ,0.03361 
0.09376 ,0.03357 ,0.22498 ,0.03481 ,0.54949 ,0.03361 
0.10346 ,0.03358 ,0.21583 ,0.03481 ,0.57950 ,0.03361 
0.03224 ,0.03358 ,0.21020 ,0.03481 ,0.49656 ,0.03361 
0.14337 ,0.03358 ,0.34607 ,0.03481 ,0.55296 ,0.03361 
0.06437 ,0.03358 ,0.50941 ,0.03481 ,0.51368 ,0.03361 
0.05501 ,0.03358 ,0.32115 ,0.03481 ,0.64907 ,0.03361 
0.04223 ,0.03358 ,0.25144 ,0.03481 ,0.54696 ,0.03361 
0.23085 ,0.03358 ,0.25518 ,0.03482 ,0.61782 ,0.03361 
0.04251 ,0.03358 ,0.43800 ,0.03482 ,0.59369 ,0.03361 
0.18117 ,0.03358 ,0.45092 ,0.03482 ,0.59368 ,0.03361 
0.26621 ,0.03358 ,0.30839 ,0.03482 ,0.52908 ,0.03362 
0.12301 ,0.03358 ,0.29984 ,0.03482 ,0.54616 ,0.03362 
0.23168 ,0.03358 ,0.31975 ,0.03482 ,0.61095 ,0.03362 
0.18652 ,0.03359 ,0.31206 ,0.03483 ,0.61940 ,0.03362 
0.11688 ,0.03359 ,0.20495 ,0.03483 ,0.52051 ,0.03362 
0.05353 ,0.03359 ,0.26020 ,0.03483 ,0.66754 ,0.03362 
0.06073 ,0.03359 ,0.37250 ,0.03483 ,0.55212 ,0.03362 
0.06317 ,0.03359 ,0.40035 ,0.03483 ,0.64034 ,0.03362 
0.11868 ,0.03359 ,0.37245 ,0.03483 ,0.55084 ,0.03362 
0.05627 ,0.03359 ,0.23543 ,0.03483 ,0.50949 ,0.03362 
0.39042 ,0.03359 ,0.33376 ,0.03483 ,0.56352 ,0.03363 
0.04887 ,0.03359 ,0.38824 ,0.03483 ,0.56625 ,0.03363 
0.05144 ,0.03360 ,0.29659 ,0.03483 ,0.52909 ,0.03363 
0.21814 ,0.03360 ,0.41624 ,0.03484 ,0.49983 ,0.03363 
0.13741 ,0.03360 ,0.23263 ,0.03484 ,0.51210 ,0.03363 
0.05977 ,0.03360 ,0.27881 ,0.03484 ,0.50778 ,0.03363 
0.19434 ,0.03360 ,0.29695 ,0.03484 ,0.52360 ,0.03363 
0.13477 ,0.03361 ,0.26378 ,0.03484 ,0.60545 ,0.03363 
0.04314 ,0.03361 ,0.49951 ,0.03484 ,0.54634 ,0.03363 
0.12400 ,0.03361 ,0.24625 ,0.03484 ,0.61694 ,0.03364 
0.25696 ,0.03361 ,0.27269 ,0.03484 ,0.49922 ,0.03364 
0.07268 ,0.03361 ,0.24927 ,0.03484 ,0.55174 ,0.03364 
0.18899 ,0.03361 ,0.23630 ,0.03484 ,0.60152 ,0.03364 
0.11642 ,0.03361 ,0.28785 ,0.03484 ,0.59580 ,0.03364 
0.05705 ,0.03361 ,0.19254 ,0.03484 ,0.53366 ,0.03364 
0.08248 ,0.03361 ,0.22701 ,0.03484 ,0.57235 ,0.03364 
0.06493 ,0.03361 ,0.30899 ,0.03484 ,0.53180 ,0.03364 
0.16974 ,0.03361 ,0.27328 ,0.03484 ,0.60062 ,0.03364 
0.09593 ,0.03361 ,0.25635 ,0.03485 ,0.51902 ,0.03364 
0.06903 ,0.03361 ,0.56804 ,0.03485 ,0.68562 ,0.03365 
0.19220 ,0.03361 ,0.48177 ,0.03485 ,0.49190 ,0.03365 
0.06217 ,0.03361 ,0.37819 ,0.03485 ,0.50145 ,0.03365 
0.28752 ,0.03362 ,0.31952 ,0.03485 ,0.63065 ,0.03365 
0.12426 ,0.03362 ,0.27493 ,0.03485 ,0.56523 ,0.03365 
0.13579 ,0.03362 ,0.32567 ,0.03485 ,0.60691 ,0.03365 
0.05128 ,0.03362 ,0.32253 ,0.03485 ,0.53334 ,0.03365 
0.11067 ,0.03362 ,0.33241 ,0.03485 ,0.64703 ,0.03365 
0.12677 ,0.03362 ,0.27321 ,0.03486 ,0.50053 ,0.03365 
0.03669 ,0.03362 ,0.26427 ,0.03486 ,0.54522 ,0.03366 
0.05319 ,0.03362 ,0.30727 ,0.03486 ,0.53542 ,0.03366 
0.02149 ,0.03362 ,0.22944 ,0.03486 ,0.55097 ,0.03366 
0.34188 ,0.03362 ,0.22657 ,0.03486 ,0.60718 ,0.03366 
0.09397 ,0.03362 ,0.26853 ,0.03486 ,0.58983 ,0.03366 
0.06834 ,0.03362 ,0.25754 ,0.03486 ,0.54618 ,0.03366 
0.11779 ,0.03363 ,0.28172 ,0.03486 ,0.52247 ,0.03366 
0.20550 ,0.03363 ,0.27834 ,0.03486 ,0.54012 ,0.03366 
0.10999 ,0.03363 ,0.23822 ,0.03486 ,0.50572 ,0.03366 
0.12828 ,0.03363 ,0.45322 ,0.03486 ,0.49260 ,0.03366 
0.06809 ,0.03363 ,0.28360 ,0.03486 ,0.51917 ,0.03366 
0.10855 ,0.03363 ,0.27685 ,0.03486 ,0.51928 ,0.03366 
0.12929 ,0.03363 ,0.23654 ,0.03486 ,0.57682 ,0.03366 
0.06859 ,0.03363 ,0.23639 ,0.03487 ,0.49878 ,0.03366 
0.01365 ,0.03363 ,0.34513 ,0.03487 ,0.50610 ,0.03366 
0.10268 ,0.03363 ,0.21580 ,0.03487 ,0.69506 ,0.03367 
0.20108 ,0.03363 ,0.35293 ,0.03487 ,0.55194 ,0.03367 
0.05270 ,0.03363 ,0.37585 ,0.03487 ,0.66999 ,0.03367 
0.09658 ,0.03363 ,0.22482 ,0.03487 ,0.62188 ,0.03367 
0.04776 ,0.03363 ,0.23787 ,0.03487 ,0.52930 ,0.03367 
0.30507 ,0.03364 ,0.21522 ,0.03487 ,0.64790 ,0.03367 
0.18217 ,0.03364 ,0.46581 ,0.03487 ,0.53920 ,0.03367 
0.05186 ,0.03364 ,0.27819 ,0.03488 ,0.68209 ,0.03367 
0.16049 ,0.03364 ,0.29568 ,0.03488 ,0.55917 ,0.03368 
0.25989 ,0.03364 ,0.29468 ,0.03488 ,0.50165 ,0.03368 
0.08487 ,0.03364 ,0.34335 ,0.03488 ,0.62382 ,0.03368 
0.04782 ,0.03364 ,0.47158 ,0.03488 ,0.58793 ,0.03368 
0.07349 ,0.03364 ,0.29266 ,0.03488 ,0.51544 ,0.03368 
0.15560 ,0.03364 ,0.21198 ,0.03488 ,0.51518 ,0.03368 
0.14516 ,0.03364 ,0.23429 ,0.03488 ,0.53977 ,0.03368 
0.05844 ,0.03364 ,0.28677 ,0.03488 ,0.63724 ,0.03368 
0.05203 ,0.03365 ,0.32744 ,0.03488 ,0.54741 ,0.03369 
0.30706 ,0.03365 ,0.30198 ,0.03488 ,0.57253 ,0.03369 
0.12502 ,0.03365 ,0.21511 ,0.03488 ,0.58277 ,0.03369 
0.05628 ,0.03365 ,0.21718 ,0.03488 ,0.52930 ,0.03369 
0.05711 ,0.03365 ,0.23821 ,0.03488 ,0.56687 ,0.03370 
0.30018 ,0.03365 ,0.21861 ,0.03489 ,0.61057 ,0.03370 
0.19607 ,0.03365 ,0.29250 ,0.03489 ,0.54825 ,0.03370 
0.04572 ,0.03365 ,0.41578 ,0.03489 ,0.51822 ,0.03370 
0.09928 ,0.03365 ,0.24316 ,0.03489 ,0.60969 ,0.03370 
0.04027 ,0.03365 ,0.27838 ,0.03489 ,0.49031 ,0.03370 
0.32761 ,0.03365 ,0.40166 ,0.03489 ,0.65221 ,0.03370 
0.26804 ,0.03365 ,0.32953 ,0.03489 ,0.49995 ,0.03370 
0.08055 ,0.03366 ,0.34537 ,0.03489 ,0.57707 ,0.03370 
0.06781 ,0.03366 ,0.28782 ,0.03489 ,0.54715 ,0.03370 
0.05347 ,0.03366 ,0.29804 ,0.03489 ,0.48955 ,0.03371 
0.08850 ,0.03366 ,0.31033 ,0.03489 ,0.56065 ,0.03371 
0.07819 ,0.03366 ,0.29715 ,0.03489 ,0.68511 ,0.03371 
0.17692 ,0.03366 ,0.21477 ,0.03489 ,0.53985 ,0.03371 
0.37057 ,0.03366 ,0.21162 ,0.03489 ,0.53630 ,0.03371 
0.06146 ,0.03366 ,0.32741 ,0.03489 ,0.52169 ,0.03371 
0.35966 ,0.03366 ,0.26181 ,0.03489 ,0.53144 ,0.03371 
0.14507 ,0.03366 ,0.23197 ,0.03489 ,0.56298 ,0.03371 
0.25847 ,0.03366 ,0.57087 ,0.03489 ,0.51368 ,0.03371 
0.35265 ,0.03366 ,0.27600 ,0.03489 ,0.51604 ,0.03372 
0.21665 ,0.03366 ,0.27019 ,0.03489 ,0.56486 ,0.03372 
0.05678 ,0.03366 ,0.47579 ,0.03489 ,0.57748 ,0.03372 
0.06723 ,0.03366 ,0.21612 ,0.03489 ,0.51787 ,0.03372 
0.06667 ,0.03366 ,0.25788 ,0.03489 ,0.61777 ,0.03373 
0.06423 ,0.03367 ,0.32228 ,0.03489 ,0.55621 ,0.03373 
0.08516 ,0.03367 ,0.31089 ,0.03489 ,0.48894 ,0.03373 
0.04936 ,0.03367 ,0.35553 ,0.03490 ,0.51199 ,0.03373 
0.14675 ,0.03367 ,0.22720 ,0.03490 ,0.60259 ,0.03373 
0.17075 ,0.03367 ,0.26414 ,0.03490 ,0.56665 ,0.03373 
0.18864 ,0.03367 ,0.24119 ,0.03490 ,0.50210 ,0.03373 
0.06572 ,0.03367 ,0.23208 ,0.03490 ,0.52084 ,0.03373 
0.13877 ,0.03367 ,0.30585 ,0.03490 ,0.63939 ,0.03373 
0.12633 ,0.03367 ,0.30112 ,0.03490 ,0.53298 ,0.03374 
0.09644 ,0.03367 ,0.21156 ,0.03490 ,0.64170 ,0.03374 
0.03265 ,0.03367 ,0.43379 ,0.03490 ,0.55469 ,0.03374 
0.29538 ,0.03367 ,0.24302 ,0.03490 ,0.66134 ,0.03374 
0.21223 ,0.03367 ,0.35587 ,0.03490 ,0.59933 ,0.03374 
0.10659 ,0.03367 ,0.38247 ,0.03490 ,0.60813 ,0.03374 
0.07838 ,0.03367 ,0.23504 ,0.03490 ,0.58362 ,0.03374 
0.03186 ,0.03367 ,0.32772 ,0.03490 ,0.52559 ,0.03374 
0.03902 ,0.03367 ,0.26013 ,0.03490 ,0.52131 ,0.03374 
0.08155 ,0.03367 ,0.26139 ,0.03491 ,0.57183 ,0.03375 
0.39386 ,0.03367 ,0.24342 ,0.03491 ,0.62583 ,0.03375 
0.27111 ,0.03367 ,0.22653 ,0.03491 ,0.59091 ,0.03375 
0.31228 ,0.03368 ,0.18956 ,0.03491 ,0.53932 ,0.03375 
0.12036 ,0.03368 ,0.49077 ,0.03491 ,0.48691 ,0.03375 
0.25598 ,0.03368 ,0.30095 ,0.03491 ,0.58956 ,0.03375 
0.19753 ,0.03368 ,0.48250 ,0.03491 ,0.55177 ,0.03375 
0.19057 ,0.03368 ,0.30473 ,0.03492 ,0.55089 ,0.03375 
0.05597 ,0.03368 ,0.23673 ,0.03492 ,0.50681 ,0.03376 
0.17294 ,0.03368 ,0.32549 ,0.03492 ,0.50621 ,0.03376 
0.06321 ,0.03368 ,0.29972 ,0.03492 ,0.54979 ,0.03376 
0.12577 ,0.03369 ,0.30346 ,0.03492 ,0.56975 ,0.03376 
0.05165 ,0.03369 ,0.19138 ,0.03492 ,0.51731 ,0.03376 
0.10109 ,0.03369 ,0.31452 ,0.03492 ,0.59624 ,0.03376 
0.21636 ,0.03369 ,0.20905 ,0.03492 ,0.49535 ,0.03376 
0.04429 ,0.03369 ,0.23445 ,0.03492 ,0.52733 ,0.03376 
0.16914 ,0.03369 ,0.33034 ,0.03492 ,0.61794 ,0.03376 
0.14604 ,0.03370 ,0.29263 ,0.03492 ,0.53588 ,0.03376 
0.05443 ,0.03370 ,0.29825 ,0.03493 ,0.51112 ,0.03377 
0.12175 ,0.03370 ,0.26298 ,0.03493 ,0.58249 ,0.03377 
0.04694 ,0.03370 ,0.32859 ,0.03493 ,0.60494 ,0.03377 
0.24506 ,0.03370 ,0.37319 ,0.03493 ,0.58883 ,0.03377 
0.34214 ,0.03370 ,0.36243 ,0.03493 ,0.53767 ,0.03377 
0.05957 ,0.03370 ,0.40333 ,0.03493 ,0.54040 ,0.03377 
0.13070 ,0.03370 ,0.22568 ,0.03493 ,0.52897 ,0.03377 
0.13782 ,0.03370 ,0.36869 ,0.03494 ,0.49931 ,0.03377 
0.12728 ,0.03370 ,0.45595 ,0.03494 ,0.55886 ,0.03377 
0.19052 ,0.03370 ,0.44177 ,0.03494 ,0.66563 ,0.03378 
0.20677 ,0.03370 ,0.29247 ,0.03494 ,0.66984 ,0.03378 
0.25470 ,0.03370 ,0.25847 ,0.03494 ,0.61900 ,0.03378 
0.08546 ,0.03370 ,0.39368 ,0.03494 ,0.63129 ,0.03378 
0.24726 ,0.03370 ,0.23950 ,0.03494 ,0.53252 ,0.03378 
0.18748 ,0.03370 ,0.38856 ,0.03494 ,0.59529 ,0.03378 
0.17687 ,0.03370 ,0.24584 ,0.03494 ,0.55511 ,0.03378 
0.05936 ,0.03370 ,0.21636 ,0.03494 ,0.54651 ,0.03378 
0.10521 ,0.03370 ,0.31840 ,0.03494 ,0.56711 ,0.03378 
0.25643 ,0.03371 ,0.22880 ,0.03494 ,0.53879 ,0.03378 
0.13691 ,0.03371 ,0.45859 ,0.03494 ,0.59996 ,0.03378 
0.01813 ,0.03371 ,0.45632 ,0.03494 ,0.50277 ,0.03378 
0.05489 ,0.03371 ,0.26561 ,0.03494 ,0.52685 ,0.03378 
0.10850 ,0.03371 ,0.22913 ,0.03495 ,0.57252 ,0.03379 
0.16938 ,0.03371 ,0.30653 ,0.03495 ,0.62675 ,0.03379 
0.10302 ,0.03371 ,0.25104 ,0.03495 ,0.64615 ,0.03379 
0.15640 ,0.03371 ,0.30279 ,0.03495 ,0.53873 ,0.03379 
0.05978 ,0.03371 ,0.56088 ,0.03495 ,0.64183 ,0.03379 
0.20792 ,0.03371 ,0.24019 ,0.03495 ,0.55454 ,0.03379 
0.12824 ,0.03371 ,0.21206 ,0.03495 ,0.60766 ,0.03379 
0.03649 ,0.03371 ,0.23962 ,0.03495 ,0.62131 ,0.03379 
0.12280 ,0.03371 ,0.21866 ,0.03495 ,0.64487 ,0.03379 
0.31991 ,0.03371 ,0.31930 ,0.03495 ,0.66997 ,0.03379 
0.08711 ,0.03371 ,0.23793 ,0.03495 ,0.51156 ,0.03379 
0.04083 ,0.03371 ,0.27045 ,0.03495 ,0.56159 ,0.03379 
0.05491 ,0.03371 ,0.26061 ,0.03495 ,0.51856 ,0.03380 
0.05315 ,0.03372 ,0.35918 ,0.03495 ,0.53785 ,0.03380 
0.11961 ,0.03372 ,0.41955 ,0.03495 ,0.53764 ,0.03380 
0.05811 ,0.03372 ,0.24710 ,0.03495 ,0.50744 ,0.03380 
0.34241 ,0.03372 ,0.43796 ,0.03496 ,0.62146 ,0.03380 
0.17671 ,0.03372 ,0.29982 ,0.03496 ,0.61695 ,0.03380 
0.11187 ,0.03372 ,0.23604 ,0.03496 ,0.52409 ,0.03380 
0.26013 ,0.03372 ,0.23528 ,0.03496 ,0.66284 ,0.03380 
0.25842 ,0.03372 ,0.49519 ,0.03496 ,0.60726 ,0.03380 
0.06514 ,0.03372 ,0.36606 ,0.03496 ,0.64912 ,0.03380 
0.14875 ,0.03373 ,0.23527 ,0.03497 ,0.56995 ,0.03380 
0.06256 ,0.03373 ,0.24174 ,0.03497 ,0.55407 ,0.03381 
0.24659 ,0.03373 ,0.25102 ,0.03497 ,0.69795 ,0.03381 
0.08880 ,0.03373 ,0.22855 ,0.03497 ,0.53702 ,0.03381 
0.17615 ,0.03373 ,0.20669 ,0.03497 ,0.78402 ,0.03381 
0.10176 ,0.03373 ,0.36398 ,0.03497 ,0.50301 ,0.03381 
0.05840 ,0.03374 ,0.25619 ,0.03497 ,0.76040 ,0.03381 
0.22864 ,0.03374 ,0.31307 ,0.03497 ,0.54961 ,0.03381 
0.05654 ,0.03374 ,0.27460 ,0.03497 ,0.49588 ,0.03382 
0.34560 ,0.03374 ,0.27666 ,0.03498 ,0.54300 ,0.03382 
0.21690 ,0.03374 ,0.21460 ,0.03498 ,0.56821 ,0.03382 
0.20255 ,0.03374 ,0.31636 ,0.03498 ,0.51340 ,0.03382 
0.04729 ,0.03374 ,0.30001 ,0.03498 ,0.53595 ,0.03382 
0.11211 ,0.03374 ,0.26408 ,0.03498 ,0.52645 ,0.03382 
0.05938 ,0.03374 ,0.27379 ,0.03498 ,0.55490 ,0.03382 
0.07676 ,0.03374 ,0.40890 ,0.03498 ,0.57223 ,0.03383 
0.17892 ,0.03375 ,0.24372 ,0.03498 ,0.50333 ,0.03383 
0.07477 ,0.03375 ,0.28590 ,0.03498 ,0.54811 ,0.03383 
0.32082 ,0.03375 ,0.30183 ,0.03498 ,0.61958 ,0.03383 
0.09672 ,0.03375 ,0.35580 ,0.03498 ,0.71859 ,0.03383 
0.03977 ,0.03375 ,0.26584 ,0.03498 ,0.53353 ,0.03383 
0.13582 ,0.03375 ,0.31072 ,0.03499 ,0.55509 ,0.03383 
0.41225 ,0.03375 ,0.30787 ,0.03499 ,0.58537 ,0.03383 
0.25664 ,0.03375 ,0.41071 ,0.03499 ,0.54757 ,0.03383 
0.21696 ,0.03375 ,0.23329 ,0.03499 ,0.60728 ,0.03384 
0.05723 ,0.03375 ,0.21946 ,0.03499 ,0.57197 ,0.03384 
0.08970 ,0.03375 ,0.20013 ,0.03499 ,0.55390 ,0.03384 
0.08546 ,0.03375 ,0.25805 ,0.03499 ,0.58551 ,0.03384 
0.23594 ,0.03375 ,0.20748 ,0.03499 ,0.53475 ,0.03384 
0.03903 ,0.03375 ,0.25125 ,0.03500 ,0.53729 ,0.03384 
0.24752 ,0.03375 ,0.26254 ,0.03500 ,0.52445 ,0.03384 
0.05812 ,0.03375 ,0.33984 ,0.03500 ,0.61549 ,0.03384 
0.23712 ,0.03375 ,0.21620 ,0.03500 ,0.53369 ,0.03385 
0.18993 ,0.03375 ,0.24697 ,0.03500 ,0.50803 ,0.03385 
0.09908 ,0.03376 ,0.32334 ,0.03500 ,0.59942 ,0.03385 
0.18586 ,0.03376 ,0.37305 ,0.03500 ,0.56894 ,0.03385 
0.34637 ,0.03376 ,0.27302 ,0.03500 ,0.53546 ,0.03385 
0.13384 ,0.03376 ,0.40027 ,0.03500 ,0.59219 ,0.03386 
0.13935 ,0.03376 ,0.24545 ,0.03500 ,0.51802 ,0.03386 
0.08336 ,0.03376 ,0.26395 ,0.03500 ,0.56694 ,0.03386 
0.15524 ,0.03376 ,0.33512 ,0.03500 ,0.60241 ,0.03386 
0.12045 ,0.03376 ,0.39989 ,0.03500 ,0.50042 ,0.03386 
0.19095 ,0.03376 ,0.26253 ,0.03501 ,0.57727 ,0.03386 
0.13348 ,0.03376 ,0.24325 ,0.03501 ,0.48638 ,0.03386 
0.05915 ,0.03377 ,0.26159 ,0.03501 ,0.56353 ,0.03386 
0.25504 ,0.03377 ,0.28092 ,0.03501 ,0.58255 ,0.03386 
0.04411 ,0.03377 ,0.40245 ,0.03501 ,0.51678 ,0.03386 
0.10249 ,0.03377 ,0.44089 ,0.03501 ,0.52108 ,0.03386 
0.22871 ,0.03377 ,0.29577 ,0.03501 ,0.52730 ,0.03386 
0.21937 ,0.03377 ,0.24489 ,0.03501 ,0.54440 ,0.03386 
0.29017 ,0.03377 ,0.19572 ,0.03501 ,0.57800 ,0.03386 
0.08176 ,0.03377 ,0.23732 ,0.03502 ,0.55681 ,0.03387 
0.05690 ,0.03377 ,0.27658 ,0.03502 ,0.54144 ,0.03387 
0.05352 ,0.03377 ,0.25139 ,0.03502 ,0.59257 ,0.03387 
0.26311 ,0.03377 ,0.34139 ,0.03502 ,0.55377 ,0.03387 
0.03784 ,0.03377 ,0.34553 ,0.03502 ,0.56044 ,0.03387 
0.05830 ,0.03377 ,0.25855 ,0.03502 ,0.62317 ,0.03387 
0.08013 ,0.03378 ,0.22857 ,0.03502 ,0.52839 ,0.03387 
0.05847 ,0.03378 ,0.43200 ,0.03502 ,0.51674 ,0.03387 
0.26222 ,0.03378 ,0.28244 ,0.03502 ,0.68495 ,0.03387 
0.06136 ,0.03378 ,0.24607 ,0.03502 ,0.60883 ,0.03387 
0.24459 ,0.03378 ,0.40283 ,0.03502 ,0.56539 ,0.03387 
0.08063 ,0.03378 ,0.28412 ,0.03502 ,0.59254 ,0.03387 
0.04816 ,0.03378 ,0.54754 ,0.03502 ,0.68729 ,0.03387 
0.03680 ,0.03378 ,0.23492 ,0.03502 ,0.53680 ,0.03388 
0.09362 ,0.03378 ,0.22853 ,0.03502 ,0.57373 ,0.03388 
0.11864 ,0.03378 ,0.34788 ,0.03503 ,0.67114 ,0.03388 
0.05288 ,0.03378 ,0.21329 ,0.03503 ,0.52699 ,0.03388 
0.03561 ,0.03378 ,0.24946 ,0.03503 ,0.57340 ,0.03388 
0.04921 ,0.03378 ,0.23061 ,0.03503 ,0.53055 ,0.03388 
0.05954 ,0.03378 ,0.25070 ,0.03503 ,0.52725 ,0.03388 
0.11896 ,0.03379 ,0.30115 ,0.03503 ,0.52013 ,0.03388 
0.09116 ,0.03379 ,0.25211 ,0.03503 ,0.50948 ,0.03388 
0.07923 ,0.03379 ,0.25132 ,0.03503 ,0.50970 ,0.03388 
0.04544 ,0.03379 ,0.21463 ,0.03503 ,0.58642 ,0.03388 
0.06600 ,0.03379 ,0.32275 ,0.03503 ,0.57500 ,0.03388 
0.04180 ,0.03379 ,0.37809 ,0.03504 ,0.62489 ,0.03389 
0.05175 ,0.03379 ,0.23472 ,0.03504 ,0.63920 ,0.03389 
0.08180 ,0.03379 ,0.27656 ,0.03504 ,0.59755 ,0.03389 
0.10856 ,0.03379 ,0.25157 ,0.03504 ,0.58529 ,0.03389 
0.05113 ,0.03379 ,0.35625 ,0.03504 ,0.53432 ,0.03389 
0.09734 ,0.03379 ,0.38994 ,0.03504 ,0.55152 ,0.03389 
0.05065 ,0.03379 ,0.42110 ,0.03504 ,0.55793 ,0.03389 
0.16258 ,0.03380 ,0.39011 ,0.03504 ,0.81280 ,0.03389 
0.26736 ,0.03380 ,0.41321 ,0.03504 ,0.56734 ,0.03389 
0.09425 ,0.03380 ,0.22338 ,0.03504 ,0.53388 ,0.03389 
0.12578 ,0.03380 ,0.28361 ,0.03505 ,0.51230 ,0.03390 
0.15102 ,0.03380 ,0.29073 ,0.03505 ,0.50071 ,0.03390 
0.14352 ,0.03380 ,0.26379 ,0.03505 ,0.56962 ,0.03390 
0.04424 ,0.03380 ,0.22695 ,0.03505 ,0.63252 ,0.03390 
0.04379 ,0.03380 ,0.27446 ,0.03505 ,0.56680 ,0.03390 
0.39289 ,0.03380 ,0.25231 ,0.03506 ,0.59850 ,0.03390 
0.06841 ,0.03380 ,0.27724 ,0.03506 ,0.49313 ,0.03390 
0.10043 ,0.03380 ,0.24540 ,0.03506 ,0.52977 ,0.03390 
0.07035 ,0.03380 ,0.27831 ,0.03506 ,0.53409 ,0.03390 
0.06440 ,0.03380 ,0.25686 ,0.03506 ,0.55551 ,0.03390 
0.05615 ,0.03381 ,0.25998 ,0.03506 ,0.59316 ,0.03390 
0.05528 ,0.03381 ,0.28077 ,0.03506 ,0.55609 ,0.03391 
0.05745 ,0.03381 ,0.52587 ,0.03507 ,0.58196 ,0.03391 
0.05582 ,0.03381 ,0.19935 ,0.03507 ,0.58483 ,0.03391 
0.04650 ,0.03381 ,0.30651 ,0.03507 ,0.53916 ,0.03391 
0.13984 ,0.03381 ,0.25430 ,0.03507 ,0.52947 ,0.03391 
0.10028 ,0.03381 ,0.30379 ,0.03507 ,0.62218 ,0.03391 
0.09619 ,0.03381 ,0.20634 ,0.03507 ,0.51820 ,0.03391 
0.06219 ,0.03381 ,0.34221 ,0.03507 ,0.62884 ,0.03391 
0.02792 ,0.03381 ,0.29307 ,0.03507 ,0.49570 ,0.03391 
0.11533 ,0.03381 ,0.25524 ,0.03507 ,0.61375 ,0.03391 
0.04144 ,0.03381 ,0.29466 ,0.03507 ,0.63936 ,0.03392 
0.12536 ,0.03381 ,0.24535 ,0.03507 ,0.55571 ,0.03392 
0.11219 ,0.03381 ,0.31582 ,0.03508 ,0.53011 ,0.03392 
0.15261 ,0.03381 ,0.24714 ,0.03508 ,0.52613 ,0.03392 
0.14127 ,0.03381 ,0.22916 ,0.03508 ,0.53083 ,0.03392 
0.30123 ,0.03382 ,0.24275 ,0.03508 ,0.52127 ,0.03392 
0.37408 ,0.03382 ,0.27680 ,0.03508 ,0.53521 ,0.03392 
0.35720 ,0.03382 ,0.28578 ,0.03508 ,0.51925 ,0.03392 
0.02771 ,0.03382 ,0.24229 ,0.03508 ,0.55447 ,0.03392 
0.04351 ,0.03382 ,0.22147 ,0.03508 ,0.58555 ,0.03392 
0.04066 ,0.03382 ,0.52329 ,0.03508 ,0.64572 ,0.03392 
0.07038 ,0.03382 ,0.28577 ,0.03509 ,0.55858 ,0.03392 
0.11509 ,0.03382 ,0.25088 ,0.03509 ,0.50967 ,0.03392 
0.21329 ,0.03382 ,0.22570 ,0.03509 ,0.56248 ,0.03393 
0.02609 ,0.03382 ,0.27259 ,0.03509 ,0.69877 ,0.03393 
0.20044 ,0.03382 ,0.28853 ,0.03509 ,0.52289 ,0.03393 
0.13665 ,0.03382 ,0.25449 ,0.03509 ,0.51391 ,0.03393 
0.20359 ,0.03382 ,0.21404 ,0.03509 ,0.52259 ,0.03393 
0.06947 ,0.03382 ,0.27688 ,0.03509 ,0.58990 ,0.03393 
0.10522 ,0.03382 ,0.31782 ,0.03509 ,0.59370 ,0.03393 
0.05285 ,0.03382 ,0.30890 ,0.03509 ,0.61030 ,0.03393 
0.08414 ,0.03383 ,0.38286 ,0.03509 ,0.53179 ,0.03393 
0.15805 ,0.03383 ,0.25118 ,0.03510 ,0.59140 ,0.03394 
0.35329 ,0.03383 ,0.31021 ,0.03510 ,0.49599 ,0.03394 
0.19178 ,0.03383 ,0.31331 ,0.03510 ,0.58593 ,0.03394 
0.16135 ,0.03383 ,0.26049 ,0.03510 ,0.51543 ,0.03394 
0.03437 ,0.03383 ,0.25464 ,0.03510 ,0.53073 ,0.03394 
0.19136 ,0.03383 ,0.43737 ,0.03510 ,0.56750 ,0.03394 
0.07843 ,0.03383 ,0.24489 ,0.03510 ,0.65927 ,0.03394 
0.09535 ,0.03383 ,0.46119 ,0.03510 ,0.81040 ,0.03394 
0.04425 ,0.03383 ,0.26343 ,0.03510 ,0.50656 ,0.03394 
0.06369 ,0.03383 ,0.35500 ,0.03510 ,0.53456 ,0.03394 
0.16773 ,0.03383 ,0.25716 ,0.03511 ,0.50428 ,0.03394 
0.07017 ,0.03383 ,0.33747 ,0.03511 ,0.55685 ,0.03394 
0.22106 ,0.03383 ,0.22728 ,0.03511 ,0.62667 ,0.03394 
0.03380 ,0.03384 ,0.48533 ,0.03511 ,0.49904 ,0.03394 
0.04045 ,0.03384 ,0.28083 ,0.03511 ,0.50728 ,0.03394 
0.11710 ,0.03384 ,0.29097 ,0.03511 ,0.50144 ,0.03395 
0.29792 ,0.03384 ,0.24136 ,0.03511 ,0.50612 ,0.03395 
0.03658 ,0.03384 ,0.23246 ,0.03511 ,0.51682 ,0.03395 
0.04422 ,0.03384 ,0.20319 ,0.03511 ,0.74535 ,0.03395 
0.15447 ,0.03384 ,0.28759 ,0.03512 ,0.53051 ,0.03395 
0.03792 ,0.03384 ,0.44185 ,0.03512 ,0.51358 ,0.03395 
0.11202 ,0.03384 ,0.23560 ,0.03512 ,0.60225 ,0.03395 
0.16779 ,0.03384 ,0.28628 ,0.03512 ,0.82304 ,0.03395 
0.06060 ,0.03384 ,0.33512 ,0.03512 ,0.61074 ,0.03395 
0.13192 ,0.03385 ,0.27975 ,0.03512 ,0.57124 ,0.03395 
0.11242 ,0.03385 ,0.22379 ,0.03512 ,0.56243 ,0.03395 
0.03003 ,0.03385 ,0.22426 ,0.03512 ,0.61561 ,0.03396 
0.05661 ,0.03385 ,0.21161 ,0.03512 ,0.58575 ,0.03396 
0.06836 ,0.03385 ,0.21081 ,0.03513 ,0.59699 ,0.03396 
0.33974 ,0.03385 ,0.22666 ,0.03513 ,0.57158 ,0.03396 
0.09261 ,0.03385 ,0.47079 ,0.03513 ,0.64585 ,0.03396 
0.13109 ,0.03386 ,0.22579 ,0.03513 ,0.51548 ,0.03396 
0.04867 ,0.03386 ,0.29561 ,0.03513 ,0.55304 ,0.03396 
0.09725 ,0.03386 ,0.31885 ,0.03513 ,0.54220 ,0.03397 
0.17562 ,0.03386 ,0.28507 ,0.03513 ,0.52069 ,0.03397 
0.20537 ,0.03386 ,0.20667 ,0.03513 ,0.55999 ,0.03397 
0.25605 ,0.03386 ,0.28676 ,0.03513 ,0.56721 ,0.03397 
0.13071 ,0.03386 ,0.23006 ,0.03513 ,0.51934 ,0.03397 
0.05312 ,0.03386 ,0.39218 ,0.03513 ,0.54293 ,0.03397 
0.20731 ,0.03386 ,0.22867 ,0.03513 ,0.55031 ,0.03397 
0.10324 ,0.03386 ,0.28937 ,0.03513 ,0.59202 ,0.03397 
0.07165 ,0.03386 ,0.20434 ,0.03513 ,0.59396 ,0.03397 
0.23436 ,0.03386 ,0.20425 ,0.03513 ,0.54805 ,0.03397 
0.24569 ,0.03386 ,0.38878 ,0.03513 ,0.52914 ,0.03397 
0.06308 ,0.03387 ,0.25487 ,0.03513 ,0.54273 ,0.03397 
0.02446 ,0.03387 ,0.31071 ,0.03513 ,0.82502 ,0.03398 
0.15654 ,0.03387 ,0.24990 ,0.03513 ,0.58635 ,0.03398 
0.21487 ,0.03387 ,0.43029 ,0.03514 ,0.53499 ,0.03398 
0.12314 ,0.03387 ,0.28762 ,0.03514 ,0.50685 ,0.03398 
0.07458 ,0.03387 ,0.26855 ,0.03514 ,0.55373 ,0.03398 
0.19924 ,0.03387 ,0.23489 ,0.03514 ,0.51663 ,0.03398 
0.03482 ,0.03387 ,0.38240 ,0.03515 ,0.58691 ,0.03398 
0.03916 ,0.03387 ,0.38583 ,0.03515 ,0.56873 ,0.03398 
0.15864 ,0.03387 ,0.34775 ,0.03515 ,0.57026 ,0.03398 
0.27085 ,0.03388 ,0.24922 ,0.03515 ,0.53935 ,0.03398 
0.22405 ,0.03388 ,0.26977 ,0.03515 ,0.62387 ,0.03398 
0.07275 ,0.03388 ,0.28220 ,0.03516 ,0.51290 ,0.03398 
0.10498 ,0.03388 ,0.27147 ,0.03516 ,0.68336 ,0.03398 
0.07935 ,0.03388 ,0.27221 ,0.03516 ,0.59684 ,0.03399 
0.14717 ,0.03388 ,0.35850 ,0.03516 ,0.83766 ,0.03399 
0.23054 ,0.03388 ,0.24164 ,0.03516 ,0.66772 ,0.03399 
0.03764 ,0.03388 ,0.26686 ,0.03516 ,0.59319 ,0.03399 
0.05872 ,0.03388 ,0.28912 ,0.03516 ,0.61487 ,0.03399 
0.04960 ,0.03388 ,0.35633 ,0.03516 ,0.54537 ,0.03399 
0.03760 ,0.03388 ,0.28504 ,0.03517 ,0.59736 ,0.03399 
0.22938 ,0.03388 ,0.24408 ,0.03517 ,0.55981 ,0.03399 
0.34154 ,0.03388 ,0.34036 ,0.03517 ,0.52241 ,0.03399 
0.14039 ,0.03388 ,0.23019 ,0.03517 ,0.59220 ,0.03399 
0.03769 ,0.03388 ,0.22594 ,0.03517 ,0.50546 ,0.03399 
0.45665 ,0.03388 ,0.22481 ,0.03517 ,0.56573 ,0.03399 
0.01662 ,0.03388 ,0.25661 ,0.03517 ,0.64102 ,0.03399 
0.09062 ,0.03389 ,0.25307 ,0.03517 ,0.63746 ,0.03400 
0.08614 ,0.03389 ,0.25664 ,0.03518 ,0.50905 ,0.03400 
0.09179 ,0.03389 ,0.30308 ,0.03518 ,0.58132 ,0.03400 
0.27715 ,0.03389 ,0.31307 ,0.03518 ,0.59434 ,0.03400 
0.08266 ,0.03389 ,0.47774 ,0.03518 ,0.61220 ,0.03400 
0.09284 ,0.03389 ,0.35206 ,0.03518 ,0.52297 ,0.03400 
0.26399 ,0.03389 ,0.20309 ,0.03518 ,0.55077 ,0.03400 
0.15210 ,0.03389 ,0.21647 ,0.03518 ,0.64159 ,0.03400 
0.14125 ,0.03389 ,0.37178 ,0.03518 ,0.59633 ,0.03400 
0.10429 ,0.03389 ,0.25688 ,0.03518 ,0.51744 ,0.03400 
0.32992 ,0.03389 ,0.22164 ,0.03518 ,0.53820 ,0.03400 
0.10832 ,0.03389 ,0.29828 ,0.03518 ,0.61706 ,0.03400 
0.10123 ,0.03389 ,0.22246 ,0.03518 ,0.74970 ,0.03401 
0.04587 ,0.03390 ,0.33165 ,0.03518 ,0.59739 ,0.03401 
0.10809 ,0.03390 ,0.27587 ,0.03518 ,0.56121 ,0.03401 
0.07887 ,0.03390 ,0.23533 ,0.03518 ,0.59640 ,0.03401 
0.21032 ,0.03390 ,0.37490 ,0.03518 ,0.52414 ,0.03401 
0.05590 ,0.03390 ,0.21670 ,0.03518 ,0.48636 ,0.03401 
0.04505 ,0.03390 ,0.26257 ,0.03519 ,0.64240 ,0.03401 
0.11060 ,0.03390 ,0.32381 ,0.03519 ,0.59920 ,0.03401 
0.19492 ,0.03390 ,0.27778 ,0.03519 ,0.56954 ,0.03401 
0.10216 ,0.03390 ,0.24901 ,0.03519 ,0.68539 ,0.03401 
0.07960 ,0.03390 ,0.31410 ,0.03519 ,0.63291 ,0.03401 
0.06542 ,0.03390 ,0.46864 ,0.03519 ,0.52343 ,0.03401 
0.21190 ,0.03390 ,0.24956 ,0.03519 ,0.50352 ,0.03402 
0.03436 ,0.03390 ,0.21710 ,0.03519 ,0.66312 ,0.03402 
0.15800 ,0.03390 ,0.20829 ,0.03519 ,0.72718 ,0.03402 
0.05379 ,0.03391 ,0.35168 ,0.03519 ,0.53371 ,0.03402 
0.05729 ,0.03391 ,0.21397 ,0.03519 ,0.52004 ,0.03402 
0.17086 ,0.03391 ,0.26132 ,0.03519 ,0.52131 ,0.03402 
0.14459 ,0.03391 ,0.21941 ,0.03519 ,0.68014 ,0.03402 
0.11841 ,0.03391 ,0.23348 ,0.03519 ,0.56422 ,0.03402 
0.05838 ,0.03391 ,0.37813 ,0.03519 ,0.53514 ,0.03403 
0.02875 ,0.03391 ,0.30732 ,0.03519 ,0.60899 ,0.03403 
0.18396 ,0.03391 ,0.34912 ,0.03520 ,0.54928 ,0.03403 
0.02066 ,0.03391 ,0.26062 ,0.03520 ,0.58428 ,0.03403 
0.04561 ,0.03391 ,0.29399 ,0.03520 ,0.59582 ,0.03403 
0.27074 ,0.03391 ,0.28488 ,0.03520 ,0.56617 ,0.03403 
0.09906 ,0.03391 ,0.42169 ,0.03520 ,0.54358 ,0.03403 
0.17091 ,0.03391 ,0.25746 ,0.03520 ,0.66143 ,0.03403 
0.01985 ,0.03391 ,0.25215 ,0.03520 ,0.48746 ,0.03403 
0.15310 ,0.03391 ,0.30420 ,0.03520 ,0.55231 ,0.03403 
0.04063 ,0.03391 ,0.24630 ,0.03520 ,0.61722 ,0.03404 
0.12281 ,0.03391 ,0.18865 ,0.03520 ,0.66002 ,0.03404 
0.05242 ,0.03391 ,0.34134 ,0.03520 ,0.53354 ,0.03404 
0.23306 ,0.03392 ,0.30255 ,0.03520 ,0.52193 ,0.03404 
0.06679 ,0.03392 ,0.21931 ,0.03520 ,0.54265 ,0.03404 
0.17850 ,0.03392 ,0.25292 ,0.03521 ,0.56912 ,0.03404 
0.17998 ,0.03392 ,0.39020 ,0.03521 ,0.68564 ,0.03404 
0.28795 ,0.03392 ,0.21589 ,0.03521 ,0.50637 ,0.03404 
0.01409 ,0.03392 ,0.26635 ,0.03521 ,0.51753 ,0.03404 
0.03724 ,0.03392 ,0.27775 ,0.03521 ,0.55775 ,0.03404 
0.04898 ,0.03392 ,0.21568 ,0.03521 ,0.53039 ,0.03404 
0.11132 ,0.03392 ,0.24322 ,0.03521 ,0.58376 ,0.03405 
0.14930 ,0.03392 ,0.29358 ,0.03521 ,0.55588 ,0.03405 
0.06338 ,0.03392 ,0.25459 ,0.03521 ,0.55434 ,0.03405 
0.15555 ,0.03392 ,0.29745 ,0.03521 ,0.51038 ,0.03405 
0.24017 ,0.03392 ,0.22369 ,0.03522 ,0.56806 ,0.03405 
0.06030 ,0.03392 ,0.38422 ,0.03522 ,0.64058 ,0.03405 
0.06105 ,0.03393 ,0.20554 ,0.03522 ,0.52225 ,0.03405 
0.22630 ,0.03393 ,0.49470 ,0.03522 ,0.74899 ,0.03406 
0.02007 ,0.03393 ,0.23519 ,0.03522 ,0.57417 ,0.03406 
0.07136 ,0.03393 ,0.37735 ,0.03522 ,0.64688 ,0.03406 
0.24152 ,0.03393 ,0.23610 ,0.03522 ,0.57431 ,0.03406 
0.22100 ,0.03393 ,0.27455 ,0.03522 ,0.59785 ,0.03406 
0.10394 ,0.03393 ,0.25503 ,0.03522 ,0.52633 ,0.03406 
0.09695 ,0.03393 ,0.25074 ,0.03522 ,0.51628 ,0.03406 
0.32792 ,0.03393 ,0.28166 ,0.03522 ,0.50837 ,0.03406 
0.25908 ,0.03393 ,0.25030 ,0.03522 ,0.49660 ,0.03406 
0.07521 ,0.03393 ,0.21332 ,0.03522 ,0.58992 ,0.03406 
0.20695 ,0.03393 ,0.26593 ,0.03522 ,0.51812 ,0.03406 
0.07935 ,0.03394 ,0.30869 ,0.03522 ,0.57653 ,0.03406 
0.07109 ,0.03394 ,0.39200 ,0.03523 ,0.52274 ,0.03406 
0.14307 ,0.03394 ,0.27749 ,0.03523 ,0.58044 ,0.03407 
0.07957 ,0.03394 ,0.21217 ,0.03523 ,0.50623 ,0.03407 
0.12503 ,0.03394 ,0.20424 ,0.03523 ,0.58441 ,0.03407 
0.03311 ,0.03394 ,0.27335 ,0.03523 ,0.57079 ,0.03407 
0.08144 ,0.03394 ,0.23928 ,0.03523 ,0.52867 ,0.03407 
0.03682 ,0.03395 ,0.25378 ,0.03523 ,0.53194 ,0.03407 
0.07492 ,0.03395 ,0.28300 ,0.03523 ,0.49405 ,0.03407 
0.11673 ,0.03395 ,0.29431 ,0.03523 ,0.52594 ,0.03407 
0.11789 ,0.03395 ,0.22064 ,0.03523 ,0.50164 ,0.03408 
0.23295 ,0.03395 ,0.26759 ,0.03523 ,0.63803 ,0.03408 
0.15812 ,0.03395 ,0.22902 ,0.03523 ,0.69395 ,0.03408 
0.08798 ,0.03395 ,0.26705 ,0.03524 ,0.52531 ,0.03408 
0.04960 ,0.03395 ,0.26744 ,0.03524 ,0.54912 ,0.03408 
0.29357 ,0.03395 ,0.22501 ,0.03524 ,0.51866 ,0.03408 
0.03753 ,0.03395 ,0.38565 ,0.03524 ,0.62433 ,0.03408 
0.05763 ,0.03395 ,0.21994 ,0.03524 ,0.71046 ,0.03408 
0.15634 ,0.03396 ,0.28262 ,0.03524 ,0.57466 ,0.03408 
0.17478 ,0.03396 ,0.20781 ,0.03524 ,0.55695 ,0.03408 
0.07802 ,0.03396 ,0.21509 ,0.03524 ,0.51669 ,0.03409 
0.07338 ,0.03396 ,0.20374 ,0.03524 ,0.55578 ,0.03409 
0.24127 ,0.03396 ,0.30456 ,0.03524 ,0.50538 ,0.03409 
0.03764 ,0.03396 ,0.30490 ,0.03524 ,0.57447 ,0.03409 
0.21846 ,0.03396 ,0.23902 ,0.03524 ,0.66182 ,0.03409 
0.04383 ,0.03396 ,0.25670 ,0.03525 ,0.55125 ,0.03409 
0.14160 ,0.03396 ,0.22650 ,0.03525 ,0.50767 ,0.03409 
0.06151 ,0.03396 ,0.26525 ,0.03525 ,0.54455 ,0.03409 
0.07229 ,0.03397 ,0.22210 ,0.03525 ,0.53878 ,0.03409 
0.19546 ,0.03397 ,0.25628 ,0.03525 ,0.53244 ,0.03409 
0.10884 ,0.03397 ,0.31709 ,0.03525 ,0.68469 ,0.03410 
0.05591 ,0.03397 ,0.22543 ,0.03525 ,0.52974 ,0.03410 
0.06316 ,0.03397 ,0.34415 ,0.03525 ,0.51107 ,0.03410 
0.09417 ,0.03397 ,0.27174 ,0.03525 ,0.58346 ,0.03410 
0.35687 ,0.03397 ,0.21189 ,0.03525 ,0.66580 ,0.03410 
0.20549 ,0.03397 ,0.25087 ,0.03525 ,0.63957 ,0.03410 
0.06831 ,0.03397 ,0.30806 ,0.03525 ,0.61350 ,0.03410 
0.29678 ,0.03397 ,0.21473 ,0.03525 ,0.61975 ,0.03410 
0.09353 ,0.03397 ,0.38611 ,0.03525 ,0.57884 ,0.03410 
0.04974 ,0.03398 ,0.25272 ,0.03525 ,0.60791 ,0.03411 
0.05461 ,0.03398 ,0.31010 ,0.03525 ,0.56319 ,0.03411 
0.05660 ,0.03398 ,0.22636 ,0.03526 ,0.52147 ,0.03411 
0.09268 ,0.03398 ,0.38862 ,0.03526 ,0.65585 ,0.03411 
0.04759 ,0.03398 ,0.21671 ,0.03526 ,0.57706 ,0.03412 
0.23681 ,0.03398 ,0.46104 ,0.03526 ,0.67531 ,0.03412 
0.11469 ,0.03398 ,0.24265 ,0.03526 ,0.61155 ,0.03412 
0.09150 ,0.03398 ,0.25037 ,0.03526 ,0.55649 ,0.03412 
0.25799 ,0.03398 ,0.23769 ,0.03526 ,0.69179 ,0.03412 
0.15712 ,0.03398 ,0.24826 ,0.03526 ,0.50229 ,0.03412 
0.03965 ,0.03398 ,0.30118 ,0.03526 ,0.53526 ,0.03412 
0.11913 ,0.03399 ,0.23596 ,0.03526 ,0.52804 ,0.03412 
0.05651 ,0.03399 ,0.33789 ,0.03526 ,0.54705 ,0.03412 
0.48829 ,0.03399 ,0.35710 ,0.03526 ,0.53286 ,0.03412 
0.03932 ,0.03399 ,0.22441 ,0.03527 ,0.64022 ,0.03413 
0.08975 ,0.03399 ,0.33788 ,0.03527 ,0.49439 ,0.03413 
0.21025 ,0.03399 ,0.27596 ,0.03527 ,0.61016 ,0.03413 
0.24803 ,0.03399 ,0.26940 ,0.03527 ,0.62080 ,0.03413 
0.04005 ,0.03399 ,0.23769 ,0.03527 ,0.52776 ,0.03413 
0.09860 ,0.03399 ,0.27449 ,0.03527 ,0.53888 ,0.03413 
0.28805 ,0.03399 ,0.29686 ,0.03527 ,0.52885 ,0.03413 
0.06723 ,0.03399 ,0.39719 ,0.03527 ,0.62059 ,0.03413 
0.04276 ,0.03399 ,0.21541 ,0.03527 ,0.64880 ,0.03413 
0.10735 ,0.03400 ,0.24725 ,0.03527 ,0.56790 ,0.03413 
0.31891 ,0.03400 ,0.26123 ,0.03527 ,0.58973 ,0.03413 
0.07316 ,0.03400 ,0.28155 ,0.03527 ,0.56008 ,0.03413 
0.29051 ,0.03400 ,0.27185 ,0.03527 ,0.55315 ,0.03413 
0.18237 ,0.03400 ,0.30416 ,0.03528 ,0.54868 ,0.03414 
0.22673 ,0.03400 ,0.37990 ,0.03528 ,0.55362 ,0.03414 
0.06237 ,0.03400 ,0.25304 ,0.03528 ,0.51673 ,0.03414 
0.13799 ,0.03400 ,0.27229 ,0.03528 ,0.60749 ,0.03414 
0.12404 ,0.03400 ,0.38891 ,0.03528 ,0.56347 ,0.03414 
0.08589 ,0.03400 ,0.44957 ,0.03528 ,0.58866 ,0.03414 
0.21930 ,0.03400 ,0.31955 ,0.03528 ,0.62403 ,0.03414 
0.13463 ,0.03400 ,0.21233 ,0.03528 ,0.58359 ,0.03414 
0.09904 ,0.03400 ,0.23923 ,0.03528 ,0.56886 ,0.03414 
0.28046 ,0.03401 ,0.21381 ,0.03528 ,0.67665 ,0.03415 
0.04760 ,0.03401 ,0.26737 ,0.03529 ,0.52888 ,0.03415 
0.08617 ,0.03401 ,0.22485 ,0.03529 ,0.55797 ,0.03415 
0.05706 ,0.03401 ,0.21293 ,0.03529 ,0.53378 ,0.03415 
0.31816 ,0.03401 ,0.22500 ,0.03529 ,0.62696 ,0.03415 
0.11153 ,0.03401 ,0.27703 ,0.03529 ,0.50446 ,0.03415 
0.08851 ,0.03401 ,0.26682 ,0.03529 ,0.73107 ,0.03415 
0.08922 ,0.03401 ,0.45513 ,0.03529 ,0.49423 ,0.03415 
0.24703 ,0.03401 ,0.24362 ,0.03529 ,0.53449 ,0.03415 
0.19420 ,0.03401 ,0.23763 ,0.03529 ,0.58835 ,0.03415 
0.11492 ,0.03401 ,0.30007 ,0.03530 ,0.56147 ,0.03415 
0.03673 ,0.03401 ,0.23376 ,0.03530 ,0.57470 ,0.03415 
0.07704 ,0.03401 ,0.37926 ,0.03530 ,0.64471 ,0.03415 
0.11121 ,0.03401 ,0.44880 ,0.03530 ,0.56111 ,0.03415 
0.13007 ,0.03401 ,0.31223 ,0.03530 ,0.56596 ,0.03416 
0.08183 ,0.03402 ,0.28521 ,0.03530 ,0.55745 ,0.03416 
0.28283 ,0.03402 ,0.25172 ,0.03530 ,0.53639 ,0.03416 
0.23886 ,0.03402 ,0.21456 ,0.03530 ,0.50891 ,0.03416 
0.17272 ,0.03402 ,0.32111 ,0.03530 ,0.65320 ,0.03416 
0.12671 ,0.03402 ,0.28659 ,0.03530 ,0.61507 ,0.03416 
0.11134 ,0.03402 ,0.27318 ,0.03531 ,0.67778 ,0.03416 
0.31783 ,0.03402 ,0.28945 ,0.03531 ,0.59347 ,0.03416 
0.10704 ,0.03402 ,0.20308 ,0.03531 ,0.53780 ,0.03416 
0.04425 ,0.03403 ,0.19674 ,0.03531 ,0.53144 ,0.03417 
0.04059 ,0.03403 ,0.23534 ,0.03531 ,0.59341 ,0.03417 
0.08846 ,0.03403 ,0.40643 ,0.03531 ,0.51744 ,0.03417 
0.23409 ,0.03403 ,0.21497 ,0.03531 ,0.53915 ,0.03417 
0.23730 ,0.03403 ,0.38731 ,0.03531 ,0.52498 ,0.03417 
0.11994 ,0.03403 ,0.38608 ,0.03531 ,0.53766 ,0.03417 
0.06719 ,0.03403 ,0.31972 ,0.03531 ,0.65516 ,0.03417 
0.07891 ,0.03403 ,0.25898 ,0.03531 ,0.56471 ,0.03417 
0.06355 ,0.03403 ,0.30963 ,0.03531 ,0.58141 ,0.03417 
0.29938 ,0.03403 ,0.21204 ,0.03531 ,0.49883 ,0.03417 
0.01510 ,0.03403 ,0.25529 ,0.03532 ,0.52274 ,0.03417 
0.06848 ,0.03403 ,0.22893 ,0.03532 ,0.61569 ,0.03418 
0.10647 ,0.03403 ,0.28589 ,0.03532 ,0.54245 ,0.03418 
0.07455 ,0.03404 ,0.19261 ,0.03532 ,0.58967 ,0.03418 
0.03294 ,0.03404 ,0.30815 ,0.03532 ,0.59984 ,0.03418 
0.05358 ,0.03404 ,0.23794 ,0.03532 ,0.58689 ,0.03418 
0.33889 ,0.03404 ,0.32197 ,0.03532 ,0.63021 ,0.03418 
0.04300 ,0.03404 ,0.26780 ,0.03532 ,0.53927 ,0.03418 
0.06928 ,0.03404 ,0.29524 ,0.03532 ,0.57362 ,0.03418 
0.05061 ,0.03404 ,0.29976 ,0.03532 ,0.62967 ,0.03419 
0.28907 ,0.03404 ,0.42291 ,0.03532 ,0.53642 ,0.03419 
0.10673 ,0.03404 ,0.23145 ,0.03533 ,0.54223 ,0.03419 
0.10905 ,0.03404 ,0.25515 ,0.03533 ,0.54594 ,0.03419 
0.16614 ,0.03405 ,0.33915 ,0.03533 ,0.56417 ,0.03419 
0.13432 ,0.03405 ,0.25457 ,0.03533 ,0.50285 ,0.03419 
0.06258 ,0.03405 ,0.28433 ,0.03533 ,0.57466 ,0.03419 
0.14406 ,0.03405 ,0.30675 ,0.03533 ,0.58854 ,0.03419 
0.19266 ,0.03405 ,0.24859 ,0.03533 ,0.52376 ,0.03420 
0.37078 ,0.03406 ,0.36839 ,0.03533 ,0.51431 ,0.03420 
0.03743 ,0.03406 ,0.43537 ,0.03533 ,0.51354 ,0.03420 
0.04770 ,0.03406 ,0.28715 ,0.03533 ,0.55953 ,0.03420 
0.05132 ,0.03406 ,0.27573 ,0.03533 ,0.55403 ,0.03420 
0.13567 ,0.03406 ,0.22780 ,0.03533 ,0.50605 ,0.03420 
0.08066 ,0.03406 ,0.21416 ,0.03534 ,0.58282 ,0.03420 
0.09029 ,0.03406 ,0.24344 ,0.03534 ,0.62190 ,0.03420 
0.16481 ,0.03406 ,0.26041 ,0.03534 ,0.51133 ,0.03420 
0.04678 ,0.03406 ,0.38162 ,0.03534 ,0.49736 ,0.03420 
0.08037 ,0.03406 ,0.38721 ,0.03535 ,0.61119 ,0.03421 
0.27382 ,0.03406 ,0.26554 ,0.03535 ,0.57085 ,0.03421 
0.03072 ,0.03406 ,0.28583 ,0.03535 ,0.51729 ,0.03421 
0.05537 ,0.03407 ,0.22564 ,0.03535 ,0.52487 ,0.03421 
0.08245 ,0.03407 ,0.31966 ,0.03535 ,0.71435 ,0.03421 
0.23990 ,0.03407 ,0.40039 ,0.03535 ,0.66560 ,0.03422 
0.08137 ,0.03407 ,0.25283 ,0.03535 ,0.61239 ,0.03422 
0.22834 ,0.03407 ,0.24855 ,0.03535 ,0.66551 ,0.03422 
0.20919 ,0.03407 ,0.27880 ,0.03535 ,0.50858 ,0.03422 
0.16948 ,0.03407 ,0.28035 ,0.03535 ,0.52812 ,0.03422 
0.12019 ,0.03407 ,0.27506 ,0.03535 ,0.65330 ,0.03422 
0.11099 ,0.03407 ,0.27315 ,0.03535 ,0.57456 ,0.03423 
0.22848 ,0.03407 ,0.27337 ,0.03535 ,0.57835 ,0.03423 
0.07611 ,0.03407 ,0.21805 ,0.03535 ,0.56483 ,0.03423 
0.07024 ,0.03407 ,0.20951 ,0.03535 ,0.53792 ,0.03423 
0.19942 ,0.03407 ,0.29515 ,0.03536 ,0.56045 ,0.03423 
0.18000 ,0.03407 ,0.26453 ,0.03536 ,0.52346 ,0.03423 
0.05964 ,0.03407 ,0.31689 ,0.03536 ,0.62268 ,0.03423 
0.13453 ,0.03407 ,0.28153 ,0.03536 ,0.59325 ,0.03423 
0.14134 ,0.03407 ,0.27174 ,0.03536 ,0.60212 ,0.03423 
0.34700 ,0.03407 ,0.23061 ,0.03536 ,0.65645 ,0.03423 
0.23219 ,0.03407 ,0.31494 ,0.03536 ,0.55394 ,0.03424 
0.05802 ,0.03408 ,0.36868 ,0.03536 ,0.52706 ,0.03424 
0.08666 ,0.03408 ,0.29863 ,0.03536 ,0.55812 ,0.03424 
0.09027 ,0.03408 ,0.32310 ,0.03536 ,0.67914 ,0.03424 
0.10490 ,0.03408 ,0.27111 ,0.03537 ,0.55524 ,0.03424 
0.06453 ,0.03408 ,0.36463 ,0.03537 ,0.58354 ,0.03424 
0.16658 ,0.03408 ,0.28123 ,0.03537 ,0.50638 ,0.03424 
0.06921 ,0.03408 ,0.42819 ,0.03537 ,0.49955 ,0.03424 
0.10813 ,0.03408 ,0.24351 ,0.03537 ,0.60627 ,0.03424 
0.28314 ,0.03408 ,0.24993 ,0.03537 ,0.58874 ,0.03425 
0.23313 ,0.03408 ,0.46769 ,0.03537 ,0.53262 ,0.03425 
0.36421 ,0.03408 ,0.25247 ,0.03537 ,0.57587 ,0.03425 
0.05397 ,0.03408 ,0.26873 ,0.03537 ,0.50999 ,0.03425 
0.07364 ,0.03408 ,0.30946 ,0.03537 ,0.58773 ,0.03425 
0.05601 ,0.03408 ,0.24470 ,0.03537 ,0.53852 ,0.03425 
0.06182 ,0.03409 ,0.41863 ,0.03537 ,0.62274 ,0.03425 
0.06414 ,0.03409 ,0.24085 ,0.03537 ,0.52475 ,0.03425 
0.19200 ,0.03409 ,0.27683 ,0.03537 ,0.64716 ,0.03425 
0.03497 ,0.03409 ,0.25139 ,0.03537 ,0.55964 ,0.03426 
0.12841 ,0.03409 ,0.33283 ,0.03537 ,0.55873 ,0.03426 
0.07629 ,0.03409 ,0.24901 ,0.03538 ,0.51815 ,0.03426 
0.22242 ,0.03409 ,0.22973 ,0.03538 ,0.52142 ,0.03426 
0.06029 ,0.03409 ,0.22070 ,0.03538 ,0.58787 ,0.03426 
0.06183 ,0.03409 ,0.25623 ,0.03538 ,0.56818 ,0.03426 
0.13092 ,0.03409 ,0.27796 ,0.03538 ,0.57877 ,0.03426 
0.06634 ,0.03409 ,0.24555 ,0.03538 ,0.51981 ,0.03426 
0.04635 ,0.03409 ,0.24080 ,0.03539 ,0.55117 ,0.03426 
0.18244 ,0.03409 ,0.30381 ,0.03539 ,0.56094 ,0.03426 
0.04993 ,0.03410 ,0.30381 ,0.03539 ,0.53598 ,0.03426 
0.26012 ,0.03410 ,0.33774 ,0.03539 ,0.53346 ,0.03427 
0.04474 ,0.03410 ,0.31237 ,0.03539 ,0.51159 ,0.03427 
0.14333 ,0.03410 ,0.25099 ,0.03539 ,0.58813 ,0.03427 
0.10220 ,0.03410 ,0.26131 ,0.03539 ,0.56586 ,0.03427 
0.10797 ,0.03410 ,0.30030 ,0.03539 ,0.58302 ,0.03427 
0.17344 ,0.03410 ,0.48262 ,0.03539 ,0.56951 ,0.03427 
0.04040 ,0.03410 ,0.22466 ,0.03540 ,0.67787 ,0.03427 
0.13582 ,0.03410 ,0.34666 ,0.03540 ,0.55578 ,0.03427 
0.13384 ,0.03410 ,0.22748 ,0.03540 ,0.54753 ,0.03428 
0.02692 ,0.03410 ,0.20765 ,0.03540 ,0.54524 ,0.03428 
0.21097 ,0.03410 ,0.29869 ,0.03540 ,0.56351 ,0.03428 
0.10942 ,0.03411 ,0.36691 ,0.03540 ,0.54811 ,0.03428 
0.32003 ,0.03411 ,0.25443 ,0.03540 ,0.58805 ,0.03428 
0.12280 ,0.03411 ,0.23444 ,0.03540 ,0.66996 ,0.03428 
0.10812 ,0.03411 ,0.39496 ,0.03540 ,0.51912 ,0.03428 
0.15683 ,0.03411 ,0.34009 ,0.03541 ,0.64012 ,0.03428 
0.09135 ,0.03411 ,0.33334 ,0.03541 ,0.59813 ,0.03429 
0.25153 ,0.03411 ,0.34568 ,0.03541 ,0.52962 ,0.03429 
0.25152 ,0.03411 ,0.31682 ,0.03541 ,0.56378 ,0.03429 
0.15344 ,0.03411 ,0.36078 ,0.03541 ,0.54694 ,0.03429 
0.07277 ,0.03411 ,0.27111 ,0.03541 ,0.59598 ,0.03429 
0.01985 ,0.03411 ,0.33102 ,0.03541 ,0.53396 ,0.03429 
0.05526 ,0.03411 ,0.21528 ,0.03541 ,0.51003 ,0.03429 
0.06584 ,0.03411 ,0.27077 ,0.03541 ,0.60995 ,0.03429 
0.06286 ,0.03412 ,0.32671 ,0.03541 ,0.55300 ,0.03429 
0.02670 ,0.03412 ,0.22707 ,0.03541 ,0.52363 ,0.03430 
0.27560 ,0.03412 ,0.22646 ,0.03541 ,0.63237 ,0.03430 
0.03696 ,0.03412 ,0.31742 ,0.03541 ,0.62956 ,0.03430 
0.31622 ,0.03412 ,0.26599 ,0.03541 ,0.58903 ,0.03430 
0.05271 ,0.03412 ,0.42561 ,0.03541 ,0.54562 ,0.03430 
0.10619 ,0.03412 ,0.37317 ,0.03541 ,0.58811 ,0.03430 
0.05938 ,0.03412 ,0.29973 ,0.03541 ,0.57360 ,0.03430 
0.23419 ,0.03412 ,0.29674 ,0.03541 ,0.51582 ,0.03431 
0.13443 ,0.03412 ,0.43950 ,0.03541 ,0.51992 ,0.03431 
0.09121 ,0.03412 ,0.21865 ,0.03542 ,0.63457 ,0.03431 
0.09168 ,0.03412 ,0.22304 ,0.03542 ,0.49745 ,0.03431 
0.07038 ,0.03412 ,0.24219 ,0.03542 ,0.53334 ,0.03431 
0.10167 ,0.03412 ,0.24715 ,0.03542 ,0.55928 ,0.03431 
0.24829 ,0.03412 ,0.29737 ,0.03542 ,0.50115 ,0.03431 
0.14236 ,0.03412 ,0.34760 ,0.03542 ,0.56030 ,0.03431 
0.11192 ,0.03412 ,0.25172 ,0.03542 ,0.64886 ,0.03432 
0.18866 ,0.03412 ,0.42263 ,0.03542 ,0.57037 ,0.03432 
0.02800 ,0.03413 ,0.32685 ,0.03543 ,0.60817 ,0.03432 
0.03502 ,0.03413 ,0.27460 ,0.03543 ,0.66422 ,0.03432 
0.23478 ,0.03413 ,0.27180 ,0.03543 ,0.60890 ,0.03432 
0.09505 ,0.03413 ,0.32273 ,0.03543 ,0.54207 ,0.03432 
0.08513 ,0.03413 ,0.28524 ,0.03543 ,0.56499 ,0.03432 
0.06518 ,0.03413 ,0.26190 ,0.03543 ,0.54791 ,0.03432 
0.01593 ,0.03413 ,0.29886 ,0.03543 ,0.54908 ,0.03432 
0.10406 ,0.03413 ,0.19295 ,0.03543 ,0.49282 ,0.03432 
0.09774 ,0.03414 ,0.22697 ,0.03543 ,0.65579 ,0.03432 
0.09381 ,0.03414 ,0.49191 ,0.03543 ,0.54062 ,0.03432 
0.04419 ,0.03414 ,0.28995 ,0.03544 ,0.66375 ,0.03432 
0.21179 ,0.03414 ,0.35085 ,0.03544 ,0.67799 ,0.03432 
0.03307 ,0.03414 ,0.27283 ,0.03544 ,0.68299 ,0.03432 
0.03635 ,0.03414 ,0.28922 ,0.03544 ,0.68388 ,0.03432 
0.04477 ,0.03414 ,0.43044 ,0.03544 ,0.59716 ,0.03433 
0.06777 ,0.03414 ,0.28473 ,0.03544 ,0.60127 ,0.03433 
0.36347 ,0.03414 ,0.42319 ,0.03544 ,0.64569 ,0.03433 
0.12415 ,0.03414 ,0.26433 ,0.03544 ,0.53376 ,0.03433 
0.16922 ,0.03414 ,0.25227 ,0.03544 ,0.62295 ,0.03433 
0.03824 ,0.03415 ,0.22759 ,0.03544 ,0.62842 ,0.03433 
0.13551 ,0.03415 ,0.28621 ,0.03544 ,0.68018 ,0.03434 
0.06064 ,0.03415 ,0.29079 ,0.03544 ,0.55187 ,0.03434 
0.09706 ,0.03415 ,0.23327 ,0.03544 ,0.50672 ,0.03434 
0.07543 ,0.03415 ,0.27734 ,0.03544 ,0.53984 ,0.03434 
0.20388 ,0.03415 ,0.20322 ,0.03545 ,0.52395 ,0.03434 
0.14037 ,0.03415 ,0.33386 ,0.03545 ,0.49929 ,0.03434 
0.04486 ,0.03415 ,0.23495 ,0.03545 ,0.48849 ,0.03434 
0.07487 ,0.03415 ,0.37217 ,0.03545 ,0.53436 ,0.03434 
0.03044 ,0.03415 ,0.34186 ,0.03545 ,0.54907 ,0.03434 
0.05479 ,0.03415 ,0.23082 ,0.03545 ,0.52793 ,0.03434 
0.04038 ,0.03415 ,0.25278 ,0.03545 ,0.51866 ,0.03434 
0.08638 ,0.03415 ,0.32933 ,0.03545 ,0.63014 ,0.03434 
0.08519 ,0.03415 ,0.22707 ,0.03545 ,0.51563 ,0.03434 
0.15893 ,0.03416 ,0.30352 ,0.03546 ,0.67115 ,0.03434 
0.20785 ,0.03416 ,0.36031 ,0.03546 ,0.51353 ,0.03435 
0.16910 ,0.03416 ,0.37499 ,0.03546 ,0.54810 ,0.03435 
0.15123 ,0.03416 ,0.27033 ,0.03546 ,0.63921 ,0.03435 
0.34225 ,0.03416 ,0.29601 ,0.03546 ,0.55679 ,0.03435 
0.05867 ,0.03416 ,0.20352 ,0.03546 ,0.52337 ,0.03435 
0.17609 ,0.03416 ,0.29268 ,0.03546 ,0.55473 ,0.03435 
0.05237 ,0.03416 ,0.26185 ,0.03546 ,0.52389 ,0.03435 
0.05567 ,0.03416 ,0.31464 ,0.03546 ,0.51456 ,0.03435 
0.16721 ,0.03416 ,0.22879 ,0.03546 ,0.57881 ,0.03435 
0.03465 ,0.03416 ,0.27253 ,0.03546 ,0.50225 ,0.03436 
0.16501 ,0.03416 ,0.23520 ,0.03546 ,0.60108 ,0.03436 
0.12817 ,0.03416 ,0.25714 ,0.03546 ,0.53076 ,0.03436 
0.23209 ,0.03416 ,0.21620 ,0.03547 ,0.53034 ,0.03436 
0.08297 ,0.03417 ,0.19328 ,0.03547 ,0.71170 ,0.03436 
0.04031 ,0.03417 ,0.29182 ,0.03547 ,0.51125 ,0.03436 
0.04181 ,0.03417 ,0.23860 ,0.03547 ,0.54994 ,0.03436 
0.28100 ,0.03417 ,0.37305 ,0.03547 ,0.65026 ,0.03436 
0.08296 ,0.03417 ,0.25981 ,0.03547 ,0.55561 ,0.03437 
0.10809 ,0.03417 ,0.25623 ,0.03547 ,0.54026 ,0.03437 
0.11072 ,0.03417 ,0.21748 ,0.03547 ,0.56731 ,0.03437 
0.21923 ,0.03417 ,0.34796 ,0.03547 ,0.56308 ,0.03437 
0.15285 ,0.03417 ,0.27495 ,0.03547 ,0.53983 ,0.03437 
0.07787 ,0.03417 ,0.30445 ,0.03547 ,0.55720 ,0.03437 
0.19395 ,0.03417 ,0.32256 ,0.03547 ,0.57547 ,0.03437 
0.11328 ,0.03417 ,0.23290 ,0.03547 ,0.62603 ,0.03437 
0.20499 ,0.03417 ,0.26389 ,0.03547 ,0.54682 ,0.03437 
0.08667 ,0.03417 ,0.32782 ,0.03548 ,0.64840 ,0.03437 
0.10380 ,0.03417 ,0.23634 ,0.03548 ,0.60038 ,0.03438 
0.11320 ,0.03417 ,0.39001 ,0.03548 ,0.52263 ,0.03438 
0.14085 ,0.03417 ,0.30315 ,0.03548 ,0.53275 ,0.03438 
0.08363 ,0.03418 ,0.22593 ,0.03548 ,0.54695 ,0.03438 
0.04589 ,0.03418 ,0.23208 ,0.03548 ,0.56176 ,0.03438 
0.09937 ,0.03418 ,0.28294 ,0.03548 ,0.54434 ,0.03438 
0.19147 ,0.03418 ,0.28626 ,0.03548 ,0.58942 ,0.03438 
0.03665 ,0.03418 ,0.24967 ,0.03548 ,0.53787 ,0.03438 
0.30718 ,0.03418 ,0.43772 ,0.03548 ,0.50500 ,0.03438 
0.04187 ,0.03418 ,0.33223 ,0.03549 ,0.51900 ,0.03438 
0.07145 ,0.03418 ,0.24662 ,0.03549 ,0.55133 ,0.03439 
0.07345 ,0.03418 ,0.35644 ,0.03549 ,0.59439 ,0.03439 
0.22985 ,0.03418 ,0.29429 ,0.03549 ,0.55140 ,0.03439 
0.35621 ,0.03418 ,0.33838 ,0.03549 ,0.62231 ,0.03439 
0.04860 ,0.03418 ,0.20738 ,0.03549 ,0.52832 ,0.03439 
0.46400 ,0.03418 ,0.26761 ,0.03549 ,0.49007 ,0.03439 
0.10852 ,0.03418 ,0.23079 ,0.03549 ,0.56359 ,0.03439 
0.05338 ,0.03418 ,0.20575 ,0.03549 ,0.54892 ,0.03439 
0.28641 ,0.03418 ,0.31176 ,0.03550 ,0.55373 ,0.03439 
0.33094 ,0.03418 ,0.30419 ,0.03550 ,0.66492 ,0.03440 
0.06200 ,0.03418 ,0.22740 ,0.03550 ,0.51110 ,0.03440 
0.05943 ,0.03419 ,0.28582 ,0.03550 ,0.55966 ,0.03440 
0.04727 ,0.03419 ,0.30148 ,0.03550 ,0.54335 ,0.03440 
0.06337 ,0.03419 ,0.34652 ,0.03550 ,0.61320 ,0.03440 
0.02038 ,0.03419 ,0.37549 ,0.03550 ,0.52547 ,0.03440 
0.23153 ,0.03419 ,0.21899 ,0.03550 ,0.60591 ,0.03440 
0.11338 ,0.03419 ,0.31613 ,0.03550 ,0.68031 ,0.03440 
0.06685 ,0.03419 ,0.28490 ,0.03550 ,0.62777 ,0.03440 
0.20821 ,0.03419 ,0.30311 ,0.03551 ,0.51262 ,0.03440 
0.07542 ,0.03419 ,0.27367 ,0.03551 ,0.57939 ,0.03441 
0.04567 ,0.03419 ,0.27890 ,0.03551 ,0.57586 ,0.03441 
0.24958 ,0.03419 ,0.31872 ,0.03551 ,0.58186 ,0.03441 
0.15232 ,0.03419 ,0.23194 ,0.03551 ,0.72257 ,0.03441 
0.08309 ,0.03420 ,0.31396 ,0.03551 ,0.58651 ,0.03441 
0.08394 ,0.03420 ,0.40720 ,0.03551 ,0.52817 ,0.03441 
0.04580 ,0.03420 ,0.33449 ,0.03551 ,0.63555 ,0.03441 
0.07239 ,0.03420 ,0.23236 ,0.03551 ,0.49926 ,0.03441 
0.35010 ,0.03420 ,0.25655 ,0.03551 ,0.75605 ,0.03441 
0.08417 ,0.03420 ,0.29282 ,0.03551 ,0.58047 ,0.03441 
0.37208 ,0.03420 ,0.32526 ,0.03552 ,0.51314 ,0.03441 
0.06279 ,0.03420 ,0.30264 ,0.03552 ,0.57935 ,0.03441 
0.08135 ,0.03420 ,0.27379 ,0.03552 ,0.55471 ,0.03442 
0.04084 ,0.03420 ,0.27513 ,0.03552 ,0.54287 ,0.03442 
0.04711 ,0.03420 ,0.23349 ,0.03552 ,0.51121 ,0.03442 
0.04868 ,0.03420 ,0.21644 ,0.03552 ,0.68456 ,0.03442 
0.14263 ,0.03420 ,0.20189 ,0.03552 ,0.55700 ,0.03442 
0.13637 ,0.03420 ,0.35975 ,0.03553 ,0.48968 ,0.03442 
0.28312 ,0.03420 ,0.29740 ,0.03553 ,0.57799 ,0.03442 
0.11351 ,0.03421 ,0.27446 ,0.03553 ,0.50774 ,0.03442 
0.23091 ,0.03421 ,0.22497 ,0.03553 ,0.56823 ,0.03442 
0.05836 ,0.03421 ,0.26387 ,0.03553 ,0.56093 ,0.03442 
0.06994 ,0.03421 ,0.22584 ,0.03553 ,0.60822 ,0.03442 
0.06688 ,0.03421 ,0.20610 ,0.03553 ,0.50307 ,0.03442 
0.07193 ,0.03421 ,0.28391 ,0.03553 ,0.59838 ,0.03442 
0.18809 ,0.03421 ,0.29536 ,0.03553 ,0.53160 ,0.03442 
0.10424 ,0.03421 ,0.23385 ,0.03553 ,0.51839 ,0.03443 
0.17897 ,0.03421 ,0.24998 ,0.03553 ,0.52759 ,0.03443 
0.06971 ,0.03421 ,0.30132 ,0.03553 ,0.57546 ,0.03443 
0.09711 ,0.03421 ,0.28439 ,0.03553 ,0.54657 ,0.03443 
0.06568 ,0.03421 ,0.29213 ,0.03553 ,0.52276 ,0.03443 
0.09615 ,0.03421 ,0.30500 ,0.03553 ,0.49304 ,0.03443 
0.04805 ,0.03421 ,0.27480 ,0.03553 ,0.57301 ,0.03443 
0.03983 ,0.03421 ,0.30077 ,0.03553 ,0.51709 ,0.03443 
0.03661 ,0.03421 ,0.20365 ,0.03553 ,0.52328 ,0.03443 
0.23941 ,0.03421 ,0.29466 ,0.03554 ,0.64804 ,0.03444 
0.16327 ,0.03421 ,0.26824 ,0.03554 ,0.55515 ,0.03444 
0.19305 ,0.03421 ,0.41551 ,0.03554 ,0.53486 ,0.03444 
0.12948 ,0.03421 ,0.30447 ,0.03554 ,0.52795 ,0.03444 
0.17737 ,0.03421 ,0.30436 ,0.03554 ,0.63494 ,0.03444 
0.19448 ,0.03421 ,0.25348 ,0.03555 ,0.58457 ,0.03444 
0.29676 ,0.03421 ,0.25690 ,0.03555 ,0.71100 ,0.03444 
0.13640 ,0.03422 ,0.27847 ,0.03555 ,0.60939 ,0.03444 
0.18982 ,0.03422 ,0.30558 ,0.03555 ,0.65610 ,0.03444 
0.11427 ,0.03422 ,0.24446 ,0.03555 ,0.60787 ,0.03444 
0.08608 ,0.03422 ,0.38077 ,0.03555 ,0.53708 ,0.03445 
0.07673 ,0.03422 ,0.25296 ,0.03555 ,0.56896 ,0.03445 
0.31478 ,0.03422 ,0.26612 ,0.03555 ,0.60788 ,0.03445 
0.06034 ,0.03422 ,0.36480 ,0.03555 ,0.54714 ,0.03445 
0.27842 ,0.03422 ,0.28447 ,0.03555 ,0.55779 ,0.03445 
0.21241 ,0.03422 ,0.43408 ,0.03555 ,0.60226 ,0.03445 
0.05937 ,0.03422 ,0.30876 ,0.03555 ,0.50800 ,0.03445 
0.17701 ,0.03422 ,0.23180 ,0.03556 ,0.65402 ,0.03445 
0.08605 ,0.03423 ,0.37781 ,0.03556 ,0.64043 ,0.03445 
0.03855 ,0.03423 ,0.24681 ,0.03556 ,0.52928 ,0.03445 
0.05182 ,0.03423 ,0.28223 ,0.03556 ,0.57827 ,0.03446 
0.04425 ,0.03423 ,0.19822 ,0.03556 ,0.57026 ,0.03446 
0.12035 ,0.03423 ,0.31294 ,0.03556 ,0.51083 ,0.03446 
0.13125 ,0.03423 ,0.25821 ,0.03556 ,0.69048 ,0.03446 
0.04408 ,0.03423 ,0.24020 ,0.03556 ,0.54633 ,0.03446 
0.04780 ,0.03423 ,0.23920 ,0.03556 ,0.61471 ,0.03446 
0.08689 ,0.03423 ,0.27119 ,0.03556 ,0.55465 ,0.03446 
0.33740 ,0.03423 ,0.38136 ,0.03556 ,0.64066 ,0.03446 
0.10689 ,0.03423 ,0.25015 ,0.03556 ,0.63071 ,0.03447 
0.08346 ,0.03424 ,0.26210 ,0.03557 ,0.52589 ,0.03447 
0.04308 ,0.03424 ,0.23067 ,0.03557 ,0.57471 ,0.03447 
0.12324 ,0.03424 ,0.30259 ,0.03557 ,0.58566 ,0.03447 
0.08568 ,0.03424 ,0.34745 ,0.03557 ,0.55441 ,0.03447 
0.07004 ,0.03424 ,0.24025 ,0.03557 ,0.67819 ,0.03447 
0.13982 ,0.03424 ,0.22554 ,0.03557 ,0.50327 ,0.03447 
0.07483 ,0.03424 ,0.26171 ,0.03557 ,0.53891 ,0.03447 
0.06313 ,0.03424 ,0.31059 ,0.03557 ,0.61191 ,0.03447 
0.03648 ,0.03424 ,0.23937 ,0.03557 ,0.56310 ,0.03447 
0.16080 ,0.03424 ,0.34239 ,0.03557 ,0.54015 ,0.03447 
0.17349 ,0.03424 ,0.27857 ,0.03557 ,0.54595 ,0.03448 
0.07994 ,0.03424 ,0.32548 ,0.03557 ,0.54039 ,0.03448 
0.05574 ,0.03425 ,0.22616 ,0.03557 ,0.55917 ,0.03448 
0.04152 ,0.03425 ,0.20621 ,0.03558 ,0.52511 ,0.03448 
0.13230 ,0.03425 ,0.25048 ,0.03558 ,0.55505 ,0.03448 
0.26913 ,0.03425 ,0.22994 ,0.03558 ,0.62727 ,0.03448 
0.08828 ,0.03425 ,0.34698 ,0.03558 ,0.66036 ,0.03448 
0.05599 ,0.03425 ,0.22745 ,0.03558 ,0.55840 ,0.03449 
0.05426 ,0.03425 ,0.25984 ,0.03558 ,0.59036 ,0.03449 
0.10440 ,0.03425 ,0.26863 ,0.03558 ,0.70125 ,0.03449 
0.05410 ,0.03425 ,0.25750 ,0.03558 ,0.52146 ,0.03449 
0.05018 ,0.03425 ,0.26635 ,0.03558 ,0.57547 ,0.03449 
0.04095 ,0.03425 ,0.23020 ,0.03558 ,0.54000 ,0.03449 
0.14640 ,0.03425 ,0.32587 ,0.03558 ,0.51738 ,0.03449 
0.07850 ,0.03425 ,0.21049 ,0.03558 ,0.59398 ,0.03449 
0.21788 ,0.03425 ,0.23137 ,0.03559 ,0.51146 ,0.03449 
0.14994 ,0.03425 ,0.31374 ,0.03559 ,0.51873 ,0.03449 
0.12348 ,0.03425 ,0.23193 ,0.03559 ,0.50350 ,0.03449 
0.15387 ,0.03426 ,0.45755 ,0.03559 ,0.63154 ,0.03449 
0.07219 ,0.03426 ,0.25848 ,0.03559 ,0.57922 ,0.03449 
0.23139 ,0.03426 ,0.22528 ,0.03559 ,0.58923 ,0.03449 
0.14131 ,0.03426 ,0.31338 ,0.03559 ,0.65535 ,0.03449 
0.05242 ,0.03426 ,0.30867 ,0.03559 ,0.56066 ,0.03450 
0.03256 ,0.03426 ,0.24632 ,0.03559 ,0.64389 ,0.03450 
0.13047 ,0.03426 ,0.22910 ,0.03559 ,0.51381 ,0.03450 
0.11933 ,0.03426 ,0.26574 ,0.03559 ,0.63793 ,0.03450 
0.06301 ,0.03426 ,0.22707 ,0.03560 ,0.53863 ,0.03450 
0.06033 ,0.03426 ,0.42237 ,0.03560 ,0.51530 ,0.03450 
0.03571 ,0.03426 ,0.42384 ,0.03560 ,0.56311 ,0.03450 
0.16005 ,0.03426 ,0.43594 ,0.03560 ,0.58177 ,0.03450 
0.17106 ,0.03426 ,0.30935 ,0.03560 ,0.52092 ,0.03450 
0.12423 ,0.03427 ,0.23553 ,0.03560 ,0.52074 ,0.03450 
0.09640 ,0.03427 ,0.39769 ,0.03560 ,0.66745 ,0.03450 
0.07441 ,0.03427 ,0.27941 ,0.03560 ,0.50713 ,0.03450 
0.20220 ,0.03427 ,0.33441 ,0.03560 ,0.52295 ,0.03450 
0.13668 ,0.03427 ,0.30061 ,0.03560 ,0.51278 ,0.03451 
0.02663 ,0.03427 ,0.26367 ,0.03560 ,0.54528 ,0.03451 
0.28579 ,0.03427 ,0.28768 ,0.03560 ,0.49009 ,0.03451 
0.35967 ,0.03427 ,0.24066 ,0.03560 ,0.66252 ,0.03451 
0.09993 ,0.03427 ,0.58278 ,0.03560 ,0.50733 ,0.03451 
0.06536 ,0.03427 ,0.21706 ,0.03560 ,0.56372 ,0.03451 
0.03705 ,0.03427 ,0.22803 ,0.03560 ,0.49527 ,0.03451 
0.05833 ,0.03427 ,0.24177 ,0.03560 ,0.66784 ,0.03451 
0.15124 ,0.03428 ,0.38094 ,0.03560 ,0.63195 ,0.03451 
0.04908 ,0.03428 ,0.43482 ,0.03560 ,0.50643 ,0.03451 
0.02951 ,0.03428 ,0.42770 ,0.03560 ,0.61428 ,0.03451 
0.20626 ,0.03428 ,0.22544 ,0.03560 ,0.52438 ,0.03451 
0.08864 ,0.03428 ,0.37116 ,0.03560 ,0.49455 ,0.03451 
0.08860 ,0.03428 ,0.27335 ,0.03561 ,0.53502 ,0.03451 
0.07462 ,0.03428 ,0.33264 ,0.03561 ,0.56972 ,0.03451 
0.11325 ,0.03428 ,0.31500 ,0.03561 ,0.57167 ,0.03451 
0.11772 ,0.03428 ,0.30478 ,0.03561 ,0.60703 ,0.03451 
0.17278 ,0.03428 ,0.26738 ,0.03561 ,0.66271 ,0.03451 
0.35526 ,0.03428 ,0.25769 ,0.03561 ,0.58713 ,0.03451 
0.09381 ,0.03428 ,0.42730 ,0.03561 ,0.60181 ,0.03452 
0.30074 ,0.03428 ,0.28908 ,0.03561 ,0.62673 ,0.03452 
0.12951 ,0.03428 ,0.24108 ,0.03561 ,0.65843 ,0.03452 
0.08580 ,0.03429 ,0.31368 ,0.03561 ,0.58667 ,0.03452 
0.09565 ,0.03429 ,0.29311 ,0.03561 ,0.61728 ,0.03452 
0.23630 ,0.03429 ,0.22891 ,0.03561 ,0.53501 ,0.03452 
0.07592 ,0.03429 ,0.33743 ,0.03561 ,0.50796 ,0.03452 
0.09211 ,0.03429 ,0.40989 ,0.03562 ,0.51205 ,0.03452 
0.31040 ,0.03429 ,0.23170 ,0.03562 ,0.66414 ,0.03452 
0.07241 ,0.03429 ,0.28996 ,0.03562 ,0.56333 ,0.03452 
0.09964 ,0.03429 ,0.24035 ,0.03562 ,0.62473 ,0.03452 
0.02079 ,0.03429 ,0.27427 ,0.03562 ,0.61420 ,0.03452 
0.02186 ,0.03429 ,0.27849 ,0.03562 ,0.57693 ,0.03452 
0.08263 ,0.03429 ,0.24865 ,0.03562 ,0.62368 ,0.03453 
0.11666 ,0.03429 ,0.23841 ,0.03562 ,0.51786 ,0.03453 
0.03576 ,0.03429 ,0.29894 ,0.03562 ,0.60607 ,0.03453 
0.11949 ,0.03429 ,0.22563 ,0.03562 ,0.53081 ,0.03453 
0.11168 ,0.03429 ,0.35726 ,0.03562 ,0.57851 ,0.03453 
0.06703 ,0.03429 ,0.29558 ,0.03562 ,0.56151 ,0.03453 
0.06362 ,0.03429 ,0.21047 ,0.03562 ,0.57739 ,0.03453 
0.13471 ,0.03430 ,0.32881 ,0.03563 ,0.53678 ,0.03454 
0.05084 ,0.03430 ,0.28195 ,0.03563 ,0.53996 ,0.03454 
0.02895 ,0.03430 ,0.22527 ,0.03563 ,0.57353 ,0.03454 
0.34328 ,0.03430 ,0.22040 ,0.03563 ,0.54067 ,0.03454 
0.11502 ,0.03430 ,0.39356 ,0.03563 ,0.51679 ,0.03454 
0.08841 ,0.03430 ,0.24770 ,0.03563 ,0.57925 ,0.03454 
0.42784 ,0.03430 ,0.39556 ,0.03563 ,0.51333 ,0.03454 
0.12476 ,0.03430 ,0.43690 ,0.03563 ,0.54067 ,0.03454 
0.11551 ,0.03430 ,0.29803 ,0.03563 ,0.58403 ,0.03454 
0.15392 ,0.03430 ,0.27584 ,0.03563 ,0.51924 ,0.03454 
0.39209 ,0.03430 ,0.28149 ,0.03563 ,0.68676 ,0.03455 
0.11038 ,0.03431 ,0.22683 ,0.03563 ,0.58644 ,0.03455 
0.03073 ,0.03431 ,0.29238 ,0.03563 ,0.55468 ,0.03455 
0.29981 ,0.03431 ,0.24600 ,0.03563 ,0.58208 ,0.03455 
0.04227 ,0.03431 ,0.26677 ,0.03563 ,0.56724 ,0.03455 
0.19036 ,0.03431 ,0.28847 ,0.03563 ,0.54192 ,0.03455 
0.19942 ,0.03431 ,0.25871 ,0.03564 ,0.59046 ,0.03455 
0.05280 ,0.03431 ,0.22692 ,0.03564 ,0.58175 ,0.03455 
0.15311 ,0.03431 ,0.28506 ,0.03564 ,0.55938 ,0.03455 
0.26119 ,0.03431 ,0.23816 ,0.03564 ,0.53765 ,0.03455 
0.03785 ,0.03431 ,0.41649 ,0.03564 ,0.53316 ,0.03455 
0.04631 ,0.03431 ,0.21465 ,0.03564 ,0.54296 ,0.03456 
0.32614 ,0.03431 ,0.26832 ,0.03564 ,0.56859 ,0.03456 
0.27932 ,0.03431 ,0.30234 ,0.03564 ,0.54092 ,0.03456 
0.04191 ,0.03432 ,0.55852 ,0.03564 ,0.52981 ,0.03456 
0.06159 ,0.03432 ,0.21258 ,0.03564 ,0.53707 ,0.03456 
0.26188 ,0.03432 ,0.26791 ,0.03564 ,0.52897 ,0.03456 
0.02366 ,0.03432 ,0.32282 ,0.03564 ,0.59179 ,0.03456 
0.12197 ,0.03432 ,0.23509 ,0.03565 ,0.53366 ,0.03456 
0.05431 ,0.03432 ,0.32559 ,0.03565 ,0.61694 ,0.03456 
0.37922 ,0.03432 ,0.21570 ,0.03565 ,0.56155 ,0.03456 
0.05274 ,0.03432 ,0.21918 ,0.03565 ,0.51479 ,0.03456 
0.30028 ,0.03432 ,0.41586 ,0.03565 ,0.60407 ,0.03457 
0.29972 ,0.03432 ,0.23713 ,0.03565 ,0.53601 ,0.03457 
0.17085 ,0.03432 ,0.32070 ,0.03565 ,0.59625 ,0.03457 
0.04233 ,0.03432 ,0.29831 ,0.03565 ,0.53951 ,0.03457 
0.13675 ,0.03432 ,0.34296 ,0.03565 ,0.50937 ,0.03457 
0.14056 ,0.03432 ,0.28495 ,0.03565 ,0.56420 ,0.03457 
0.05418 ,0.03432 ,0.24895 ,0.03565 ,0.66293 ,0.03457 
0.10888 ,0.03432 ,0.41954 ,0.03565 ,0.52651 ,0.03457 
0.14022 ,0.03433 ,0.28689 ,0.03565 ,0.64396 ,0.03457 
0.18079 ,0.03433 ,0.25980 ,0.03565 ,0.61311 ,0.03457 
0.13591 ,0.03433 ,0.30681 ,0.03565 ,0.51992 ,0.03457 
0.09169 ,0.03433 ,0.22512 ,0.03565 ,0.55998 ,0.03457 
0.14906 ,0.03433 ,0.21635 ,0.03565 ,0.70858 ,0.03457 
0.21049 ,0.03433 ,0.45665 ,0.03566 ,0.50815 ,0.03457 
0.02587 ,0.03433 ,0.49153 ,0.03566 ,0.54702 ,0.03457 
0.03817 ,0.03433 ,0.38477 ,0.03566 ,0.67055 ,0.03457 
0.04893 ,0.03433 ,0.27501 ,0.03566 ,0.60526 ,0.03458 
0.16310 ,0.03433 ,0.26025 ,0.03566 ,0.51526 ,0.03458 
0.12646 ,0.03433 ,0.23360 ,0.03566 ,0.60496 ,0.03458 
0.24758 ,0.03433 ,0.32079 ,0.03566 ,0.57449 ,0.03458 
0.37170 ,0.03433 ,0.21474 ,0.03566 ,0.62160 ,0.03458 
0.04036 ,0.03433 ,0.30638 ,0.03567 ,0.56808 ,0.03458 
0.06070 ,0.03433 ,0.25812 ,0.03567 ,0.51039 ,0.03458 
0.11316 ,0.03433 ,0.26938 ,0.03567 ,0.58314 ,0.03458 
0.26998 ,0.03433 ,0.24056 ,0.03567 ,0.63233 ,0.03458 
0.03206 ,0.03433 ,0.21278 ,0.03567 ,0.58937 ,0.03458 
0.11570 ,0.03433 ,0.23445 ,0.03567 ,0.63913 ,0.03458 
0.11417 ,0.03433 ,0.27808 ,0.03567 ,0.52748 ,0.03458 
0.09219 ,0.03434 ,0.24377 ,0.03567 ,0.71551 ,0.03459 
0.07232 ,0.03434 ,0.30109 ,0.03567 ,0.52842 ,0.03459 
0.34533 ,0.03434 ,0.43308 ,0.03567 ,0.71115 ,0.03459 
0.08160 ,0.03434 ,0.25298 ,0.03567 ,0.68145 ,0.03459 
0.05021 ,0.03434 ,0.32539 ,0.03567 ,0.50147 ,0.03459 
0.05555 ,0.03434 ,0.31516 ,0.03567 ,0.62158 ,0.03459 
0.12642 ,0.03434 ,0.32769 ,0.03568 ,0.65591 ,0.03459 
0.14137 ,0.03434 ,0.56945 ,0.03568 ,0.56384 ,0.03459 
0.48344 ,0.03434 ,0.45973 ,0.03568 ,0.56262 ,0.03459 
0.16200 ,0.03434 ,0.22726 ,0.03568 ,0.61528 ,0.03459 
0.11458 ,0.03434 ,0.33013 ,0.03568 ,0.51002 ,0.03459 
0.21860 ,0.03434 ,0.20132 ,0.03568 ,0.51857 ,0.03459 
0.13165 ,0.03435 ,0.34029 ,0.03568 ,0.57305 ,0.03459 
0.04756 ,0.03435 ,0.32254 ,0.03568 ,0.58497 ,0.03460 
0.10021 ,0.03435 ,0.31485 ,0.03568 ,0.53366 ,0.03460 
0.04893 ,0.03435 ,0.40958 ,0.03568 ,0.56433 ,0.03460 
0.04807 ,0.03435 ,0.32389 ,0.03568 ,0.54419 ,0.03460 
0.07846 ,0.03435 ,0.34733 ,0.03568 ,0.52755 ,0.03460 
0.20317 ,0.03435 ,0.19960 ,0.03568 ,0.52987 ,0.03460 
0.04517 ,0.03435 ,0.22976 ,0.03569 ,0.64899 ,0.03460 
0.04725 ,0.03435 ,0.33895 ,0.03569 ,0.55040 ,0.03460 
0.12820 ,0.03435 ,0.25377 ,0.03569 ,0.50429 ,0.03461 
0.07205 ,0.03435 ,0.26040 ,0.03569 ,0.64131 ,0.03461 
0.12867 ,0.03435 ,0.28591 ,0.03569 ,0.63408 ,0.03461 
0.14887 ,0.03436 ,0.26779 ,0.03569 ,0.67284 ,0.03461 
0.22239 ,0.03436 ,0.28927 ,0.03569 ,0.65675 ,0.03461 
0.34837 ,0.03436 ,0.33189 ,0.03569 ,0.55025 ,0.03461 
0.10628 ,0.03436 ,0.38191 ,0.03569 ,0.77681 ,0.03461 
0.05087 ,0.03436 ,0.26883 ,0.03569 ,0.50746 ,0.03461 
0.07950 ,0.03436 ,0.22164 ,0.03569 ,0.52771 ,0.03461 
0.04392 ,0.03436 ,0.33830 ,0.03570 ,0.56371 ,0.03461 
0.18380 ,0.03436 ,0.30044 ,0.03570 ,0.50156 ,0.03462 
0.10691 ,0.03436 ,0.22151 ,0.03570 ,0.49695 ,0.03462 
0.22968 ,0.03436 ,0.25359 ,0.03570 ,0.51549 ,0.03462 
0.05166 ,0.03437 ,0.27446 ,0.03570 ,0.49690 ,0.03462 
0.06584 ,0.03437 ,0.20428 ,0.03570 ,0.53456 ,0.03462 
0.05856 ,0.03437 ,0.28288 ,0.03570 ,0.51513 ,0.03462 
0.15695 ,0.03437 ,0.19431 ,0.03570 ,0.57350 ,0.03462 
0.31341 ,0.03437 ,0.31536 ,0.03570 ,0.57084 ,0.03462 
0.11317 ,0.03437 ,0.28513 ,0.03570 ,0.55734 ,0.03462 
0.29038 ,0.03437 ,0.24265 ,0.03570 ,0.62668 ,0.03462 
0.22904 ,0.03437 ,0.20820 ,0.03571 ,0.69745 ,0.03462 
0.26785 ,0.03437 ,0.20604 ,0.03571 ,0.58430 ,0.03463 
0.06056 ,0.03437 ,0.31125 ,0.03571 ,0.51804 ,0.03463 
0.05900 ,0.03437 ,0.22063 ,0.03571 ,0.67451 ,0.03463 
0.06922 ,0.03437 ,0.23109 ,0.03571 ,0.57800 ,0.03463 
0.09773 ,0.03437 ,0.38708 ,0.03571 ,0.65292 ,0.03463 
0.04840 ,0.03437 ,0.25998 ,0.03571 ,0.58700 ,0.03463 
0.12952 ,0.03437 ,0.27272 ,0.03572 ,0.57088 ,0.03463 
0.09000 ,0.03437 ,0.29431 ,0.03572 ,0.73302 ,0.03463 
0.19626 ,0.03437 ,0.39808 ,0.03572 ,0.61989 ,0.03463 
0.25962 ,0.03437 ,0.26720 ,0.03572 ,0.65893 ,0.03463 
0.11177 ,0.03437 ,0.28940 ,0.03572 ,0.49581 ,0.03464 
0.11078 ,0.03438 ,0.25602 ,0.03572 ,0.58246 ,0.03464 
0.06260 ,0.03438 ,0.40934 ,0.03572 ,0.52564 ,0.03464 
0.32144 ,0.03438 ,0.25174 ,0.03572 ,0.52058 ,0.03464 
0.37246 ,0.03438 ,0.25336 ,0.03572 ,0.65322 ,0.03464 
0.03178 ,0.03438 ,0.26919 ,0.03572 ,0.56332 ,0.03464 
0.22406 ,0.03438 ,0.39466 ,0.03572 ,0.54412 ,0.03464 
0.07873 ,0.03438 ,0.23176 ,0.03572 ,0.59810 ,0.03464 
0.16303 ,0.03438 ,0.44429 ,0.03572 ,0.52502 ,0.03464 
0.05852 ,0.03438 ,0.27345 ,0.03572 ,0.56989 ,0.03465 
0.08581 ,0.03438 ,0.48279 ,0.03573 ,0.53905 ,0.03465 
0.15399 ,0.03438 ,0.23738 ,0.03573 ,0.51551 ,0.03465 
0.10267 ,0.03438 ,0.32853 ,0.03573 ,0.51941 ,0.03465 
0.31595 ,0.03438 ,0.23139 ,0.03573 ,0.66495 ,0.03465 
0.38447 ,0.03438 ,0.28427 ,0.03573 ,0.58456 ,0.03465 
0.06492 ,0.03438 ,0.25142 ,0.03573 ,0.51599 ,0.03465 
0.05500 ,0.03438 ,0.20182 ,0.03573 ,0.57111 ,0.03465 
0.09460 ,0.03439 ,0.27338 ,0.03573 ,0.69260 ,0.03465 
0.36738 ,0.03439 ,0.28822 ,0.03573 ,0.59792 ,0.03465 
0.30668 ,0.03439 ,0.33589 ,0.03573 ,0.66729 ,0.03465 
0.12596 ,0.03439 ,0.23320 ,0.03573 ,0.59729 ,0.03465 
0.09486 ,0.03439 ,0.26795 ,0.03573 ,0.51663 ,0.03466 
0.02179 ,0.03439 ,0.34292 ,0.03573 ,0.64360 ,0.03466 
0.14416 ,0.03439 ,0.25514 ,0.03573 ,0.51173 ,0.03466 
0.15769 ,0.03439 ,0.31650 ,0.03574 ,0.53527 ,0.03466 
0.17320 ,0.03439 ,0.41361 ,0.03574 ,0.65788 ,0.03466 
0.07802 ,0.03439 ,0.29287 ,0.03574 ,0.51473 ,0.03466 
0.21871 ,0.03439 ,0.22961 ,0.03574 ,0.57662 ,0.03466 
0.23654 ,0.03439 ,0.34606 ,0.03574 ,0.57543 ,0.03466 
0.10547 ,0.03440 ,0.28877 ,0.03574 ,0.59252 ,0.03466 
0.06817 ,0.03440 ,0.26542 ,0.03575 ,0.65271 ,0.03466 
0.05148 ,0.03440 ,0.30427 ,0.03575 ,0.57054 ,0.03466 
0.43247 ,0.03440 ,0.43526 ,0.03575 ,0.57603 ,0.03467 
0.04161 ,0.03440 ,0.22473 ,0.03575 ,0.59884 ,0.03467 
0.11581 ,0.03440 ,0.28081 ,0.03575 ,0.50591 ,0.03467 
0.04854 ,0.03440 ,0.38074 ,0.03575 ,0.57790 ,0.03467 
0.03678 ,0.03440 ,0.20667 ,0.03576 ,0.57466 ,0.03467 
0.28310 ,0.03440 ,0.33943 ,0.03576 ,0.63141 ,0.03467 
0.20062 ,0.03440 ,0.23627 ,0.03576 ,0.58239 ,0.03467 
0.25780 ,0.03440 ,0.27167 ,0.03576 ,0.60829 ,0.03467 
0.14705 ,0.03440 ,0.30134 ,0.03576 ,0.69025 ,0.03468 
0.11474 ,0.03440 ,0.29399 ,0.03576 ,0.55145 ,0.03468 
0.19909 ,0.03440 ,0.28817 ,0.03576 ,0.50899 ,0.03468 
0.08939 ,0.03440 ,0.24721 ,0.03576 ,0.60213 ,0.03468 
0.28687 ,0.03441 ,0.20491 ,0.03576 ,0.54887 ,0.03468 
0.16670 ,0.03441 ,0.30695 ,0.03576 ,0.63537 ,0.03468 
0.15530 ,0.03441 ,0.25406 ,0.03576 ,0.55054 ,0.03468 
0.23346 ,0.03441 ,0.33708 ,0.03576 ,0.61309 ,0.03468 
0.06305 ,0.03441 ,0.26205 ,0.03576 ,0.64479 ,0.03468 
0.09251 ,0.03441 ,0.28642 ,0.03576 ,0.50209 ,0.03468 
0.02786 ,0.03441 ,0.24914 ,0.03577 ,0.56573 ,0.03469 
0.11525 ,0.03441 ,0.26307 ,0.03577 ,0.51653 ,0.03469 
0.31863 ,0.03442 ,0.23021 ,0.03577 ,0.56089 ,0.03469 
0.17780 ,0.03442 ,0.32285 ,0.03577 ,0.50969 ,0.03469 
0.03447 ,0.03442 ,0.25933 ,0.03577 ,0.53833 ,0.03469 
0.05269 ,0.03442 ,0.30472 ,0.03577 ,0.61221 ,0.03469 
0.08964 ,0.03442 ,0.23839 ,0.03577 ,0.51313 ,0.03469 
0.05165 ,0.03442 ,0.28502 ,0.03577 ,0.57999 ,0.03469 
0.09547 ,0.03442 ,0.33957 ,0.03578 ,0.56703 ,0.03470 
0.05886 ,0.03442 ,0.30498 ,0.03578 ,0.49646 ,0.03470 
0.16782 ,0.03442 ,0.28588 ,0.03578 ,0.63417 ,0.03470 
0.12175 ,0.03442 ,0.33804 ,0.03578 ,0.59904 ,0.03470 
0.02880 ,0.03443 ,0.32597 ,0.03578 ,0.51161 ,0.03470 
0.05355 ,0.03443 ,0.39343 ,0.03578 ,0.56887 ,0.03470 
0.03778 ,0.03443 ,0.25437 ,0.03578 ,0.54724 ,0.03470 
0.13373 ,0.03443 ,0.25009 ,0.03578 ,0.59855 ,0.03470 
0.40950 ,0.03443 ,0.26224 ,0.03579 ,0.56028 ,0.03470 
0.10567 ,0.03443 ,0.24292 ,0.03579 ,0.73791 ,0.03471 
0.23034 ,0.03443 ,0.29476 ,0.03579 ,0.68145 ,0.03471 
0.03257 ,0.03443 ,0.25793 ,0.03579 ,0.65183 ,0.03471 
0.05659 ,0.03444 ,0.25581 ,0.03579 ,0.59949 ,0.03471 
0.20085 ,0.03444 ,0.21042 ,0.03579 ,0.69362 ,0.03471 
0.15293 ,0.03444 ,0.47829 ,0.03579 ,0.64255 ,0.03471 
0.10828 ,0.03444 ,0.20297 ,0.03579 ,0.55456 ,0.03472 
0.08756 ,0.03444 ,0.39925 ,0.03579 ,0.52716 ,0.03472 
0.10124 ,0.03444 ,0.21151 ,0.03579 ,0.53440 ,0.03472 
0.26499 ,0.03444 ,0.31575 ,0.03579 ,0.49312 ,0.03472 
0.21023 ,0.03444 ,0.28877 ,0.03579 ,0.49608 ,0.03472 
0.04656 ,0.03444 ,0.27971 ,0.03579 ,0.52975 ,0.03472 
0.15484 ,0.03444 ,0.22144 ,0.03579 ,0.53716 ,0.03472 
0.18119 ,0.03444 ,0.21774 ,0.03580 ,0.52268 ,0.03472 
0.02715 ,0.03444 ,0.25840 ,0.03580 ,0.60445 ,0.03472 
0.04598 ,0.03444 ,0.31173 ,0.03580 ,0.69381 ,0.03472 
0.02274 ,0.03445 ,0.36062 ,0.03580 ,0.50945 ,0.03472 
0.01893 ,0.03445 ,0.25592 ,0.03580 ,0.50492 ,0.03473 
0.10783 ,0.03445 ,0.24563 ,0.03580 ,0.52976 ,0.03473 
0.04682 ,0.03445 ,0.61648 ,0.03580 ,0.58383 ,0.03473 
0.18662 ,0.03445 ,0.26388 ,0.03580 ,0.54663 ,0.03473 
0.16881 ,0.03445 ,0.48838 ,0.03580 ,0.51367 ,0.03473 
0.06094 ,0.03445 ,0.24477 ,0.03580 ,0.53468 ,0.03473 
0.19747 ,0.03445 ,0.25954 ,0.03581 ,0.57845 ,0.03473 
0.11533 ,0.03445 ,0.20202 ,0.03581 ,0.62213 ,0.03474 
0.11133 ,0.03445 ,0.34048 ,0.03581 ,0.53440 ,0.03474 
0.09956 ,0.03445 ,0.33104 ,0.03581 ,0.56706 ,0.03474 
0.05204 ,0.03445 ,0.25902 ,0.03581 ,0.57652 ,0.03474 
0.08877 ,0.03445 ,0.25236 ,0.03581 ,0.68314 ,0.03474 
0.10261 ,0.03445 ,0.32415 ,0.03581 ,0.67284 ,0.03474 
0.22555 ,0.03445 ,0.22603 ,0.03581 ,0.55319 ,0.03474 
0.03466 ,0.03445 ,0.27616 ,0.03581 ,0.52770 ,0.03475 
0.12675 ,0.03445 ,0.22947 ,0.03582 ,0.53004 ,0.03475 
0.10572 ,0.03445 ,0.20706 ,0.03582 ,0.59210 ,0.03475 
0.06521 ,0.03446 ,0.20769 ,0.03582 ,0.66548 ,0.03475 
0.13146 ,0.03446 ,0.26726 ,0.03582 ,0.53648 ,0.03475 
0.04361 ,0.03446 ,0.38464 ,0.03582 ,0.50848 ,0.03475 
0.06465 ,0.03446 ,0.27961 ,0.03582 ,0.50793 ,0.03475 
0.06268 ,0.03446 ,0.21733 ,0.03582 ,0.58717 ,0.03476 
0.15506 ,0.03446 ,0.24450 ,0.03582 ,0.50699 ,0.03476 
0.24063 ,0.03446 ,0.30139 ,0.03582 ,0.57119 ,0.03476 
0.33886 ,0.03446 ,0.20540 ,0.03582 ,0.58033 ,0.03477 
0.28760 ,0.03446 ,0.22878 ,0.03582 ,0.54993 ,0.03477 
0.04641 ,0.03446 ,0.26368 ,0.03582 ,0.58478 ,0.03477 
0.08874 ,0.03446 ,0.43834 ,0.03582 ,0.57828 ,0.03477 
0.04311 ,0.03446 ,0.20607 ,0.03582 ,0.58324 ,0.03477 
0.05903 ,0.03446 ,0.26961 ,0.03583 ,0.51918 ,0.03477 
0.22478 ,0.03447 ,0.28953 ,0.03583 ,0.52638 ,0.03477 
0.07250 ,0.03447 ,0.33694 ,0.03583 ,0.58448 ,0.03477 
0.02839 ,0.03447 ,0.22989 ,0.03583 ,0.53586 ,0.03478 
0.10434 ,0.03447 ,0.28040 ,0.03583 ,0.58991 ,0.03478 
0.20801 ,0.03447 ,0.28178 ,0.03583 ,0.63773 ,0.03478 
0.08892 ,0.03447 ,0.23264 ,0.03583 ,0.50889 ,0.03478 
0.06898 ,0.03447 ,0.34811 ,0.03583 ,0.51065 ,0.03478 
0.17678 ,0.03447 ,0.35504 ,0.03583 ,0.60522 ,0.03478 
0.03333 ,0.03447 ,0.22741 ,0.03583 ,0.62747 ,0.03478 
0.28715 ,0.03447 ,0.27120 ,0.03583 ,0.57106 ,0.03478 
0.17953 ,0.03447 ,0.23234 ,0.03583 ,0.53954 ,0.03478 
0.33885 ,0.03447 ,0.40128 ,0.03584 ,0.67799 ,0.03478 
0.05889 ,0.03447 ,0.22635 ,0.03584 ,0.54061 ,0.03478 
0.16421 ,0.03447 ,0.21165 ,0.03584 ,0.58706 ,0.03478 
0.04991 ,0.03447 ,0.33871 ,0.03584 ,0.58836 ,0.03478 
0.04714 ,0.03447 ,0.23506 ,0.03584 ,0.55005 ,0.03478 
0.09616 ,0.03448 ,0.23678 ,0.03584 ,0.51311 ,0.03478 
0.25488 ,0.03448 ,0.21828 ,0.03584 ,0.61828 ,0.03478 
0.17139 ,0.03448 ,0.28114 ,0.03584 ,0.56999 ,0.03479 
0.34256 ,0.03448 ,0.41096 ,0.03584 ,0.53228 ,0.03479 
0.03492 ,0.03448 ,0.22771 ,0.03584 ,0.52079 ,0.03479 
0.03480 ,0.03448 ,0.29934 ,0.03584 ,0.59908 ,0.03479 
0.13307 ,0.03448 ,0.27363 ,0.03584 ,0.57728 ,0.03479 
0.03148 ,0.03448 ,0.33324 ,0.03584 ,0.61712 ,0.03479 
0.18499 ,0.03448 ,0.24182 ,0.03584 ,0.64273 ,0.03479 
0.16513 ,0.03448 ,0.25212 ,0.03585 ,0.52201 ,0.03479 
0.20956 ,0.03448 ,0.26548 ,0.03585 ,0.73860 ,0.03479 
0.06506 ,0.03448 ,0.24732 ,0.03585 ,0.55195 ,0.03480 
0.18514 ,0.03448 ,0.33111 ,0.03585 ,0.57664 ,0.03480 
0.39273 ,0.03448 ,0.25323 ,0.03585 ,0.58773 ,0.03480 
0.06161 ,0.03448 ,0.50601 ,0.03585 ,0.56333 ,0.03480 
0.19209 ,0.03448 ,0.38239 ,0.03585 ,0.62492 ,0.03480 
0.02961 ,0.03448 ,0.35208 ,0.03585 ,0.73871 ,0.03480 
0.17756 ,0.03448 ,0.24172 ,0.03585 ,0.58009 ,0.03480 
0.23821 ,0.03448 ,0.38780 ,0.03585 ,0.57329 ,0.03480 
0.11507 ,0.03449 ,0.21621 ,0.03585 ,0.53451 ,0.03480 
0.07233 ,0.03449 ,0.24935 ,0.03586 ,0.50200 ,0.03481 
0.09765 ,0.03449 ,0.37597 ,0.03586 ,0.54550 ,0.03481 
0.02521 ,0.03449 ,0.28518 ,0.03586 ,0.49664 ,0.03481 
0.13087 ,0.03449 ,0.30337 ,0.03586 ,0.60355 ,0.03481 
0.05257 ,0.03449 ,0.31480 ,0.03586 ,0.56906 ,0.03481 
0.04681 ,0.03449 ,0.24964 ,0.03586 ,0.54426 ,0.03481 
0.10716 ,0.03449 ,0.27265 ,0.03586 ,0.50004 ,0.03481 
0.03738 ,0.03449 ,0.31522 ,0.03586 ,0.66965 ,0.03481 
0.06321 ,0.03449 ,0.28791 ,0.03586 ,0.58034 ,0.03481 
0.02027 ,0.03449 ,0.27432 ,0.03586 ,0.47610 ,0.03481 
0.09614 ,0.03449 ,0.22373 ,0.03586 ,0.52420 ,0.03481 
0.41675 ,0.03449 ,0.45838 ,0.03587 ,0.58854 ,0.03481 
0.16619 ,0.03450 ,0.41177 ,0.03587 ,0.59701 ,0.03481 
0.03272 ,0.03450 ,0.23629 ,0.03587 ,0.49025 ,0.03481 
0.10946 ,0.03450 ,0.24633 ,0.03587 ,0.53123 ,0.03482 
0.37827 ,0.03450 ,0.21021 ,0.03587 ,0.53435 ,0.03482 
0.09901 ,0.03450 ,0.28827 ,0.03587 ,0.56042 ,0.03482 
0.13223 ,0.03450 ,0.54420 ,0.03587 ,0.50064 ,0.03482 
0.32452 ,0.03450 ,0.40282 ,0.03587 ,0.70944 ,0.03482 
0.03537 ,0.03450 ,0.31310 ,0.03587 ,0.60907 ,0.03482 
0.24470 ,0.03451 ,0.60314 ,0.03588 ,0.53751 ,0.03482 
0.11522 ,0.03451 ,0.26208 ,0.03588 ,0.59454 ,0.03482 
0.04897 ,0.03451 ,0.35825 ,0.03588 ,0.48593 ,0.03482 
0.10133 ,0.03451 ,0.21450 ,0.03588 ,0.61272 ,0.03482 
0.06778 ,0.03451 ,0.28359 ,0.03588 ,0.57608 ,0.03482 
0.14894 ,0.03451 ,0.27355 ,0.03588 ,0.56031 ,0.03482 
0.19029 ,0.03451 ,0.22767 ,0.03588 ,0.59360 ,0.03483 
0.05258 ,0.03451 ,0.32908 ,0.03588 ,0.59765 ,0.03483 
0.24860 ,0.03451 ,0.45476 ,0.03588 ,0.61029 ,0.03483 
0.28335 ,0.03451 ,0.37369 ,0.03588 ,0.58425 ,0.03483 
0.10317 ,0.03451 ,0.25227 ,0.03588 ,0.58058 ,0.03483 
0.12921 ,0.03451 ,0.21551 ,0.03588 ,0.57714 ,0.03483 
0.05782 ,0.03451 ,0.25569 ,0.03588 ,0.55051 ,0.03483 
0.12874 ,0.03451 ,0.25262 ,0.03588 ,0.73046 ,0.03483 
0.07113 ,0.03451 ,0.25606 ,0.03589 ,0.55661 ,0.03483 
0.08766 ,0.03452 ,0.22585 ,0.03589 ,0.49939 ,0.03483 
0.23253 ,0.03452 ,0.29037 ,0.03589 ,0.59151 ,0.03484 
0.11693 ,0.03452 ,0.32512 ,0.03589 ,0.54400 ,0.03484 
0.15169 ,0.03452 ,0.32238 ,0.03589 ,0.52518 ,0.03484 
0.10570 ,0.03452 ,0.28916 ,0.03589 ,0.58052 ,0.03484 
0.12797 ,0.03452 ,0.27742 ,0.03590 ,0.72224 ,0.03484 
0.08447 ,0.03452 ,0.32886 ,0.03590 ,0.52197 ,0.03484 
0.23590 ,0.03452 ,0.29013 ,0.03590 ,0.50488 ,0.03484 
0.12481 ,0.03452 ,0.36507 ,0.03590 ,0.63121 ,0.03484 
0.29095 ,0.03452 ,0.20551 ,0.03590 ,0.74471 ,0.03484 
0.36991 ,0.03452 ,0.35711 ,0.03590 ,0.63033 ,0.03484 
0.05132 ,0.03452 ,0.46414 ,0.03590 ,0.55147 ,0.03485 
0.31130 ,0.03452 ,0.27170 ,0.03590 ,0.57979 ,0.03485 
0.07391 ,0.03452 ,0.26491 ,0.03590 ,0.60713 ,0.03485 
0.06755 ,0.03452 ,0.20508 ,0.03590 ,0.66467 ,0.03485 
0.08295 ,0.03453 ,0.24639 ,0.03591 ,0.50897 ,0.03485 
0.27048 ,0.03453 ,0.26587 ,0.03591 ,0.52083 ,0.03485 
0.05397 ,0.03453 ,0.29318 ,0.03591 ,0.52142 ,0.03485 
0.14963 ,0.03453 ,0.23269 ,0.03591 ,0.56872 ,0.03485 
0.04604 ,0.03453 ,0.26337 ,0.03591 ,0.52315 ,0.03485 
0.05570 ,0.03453 ,0.28834 ,0.03591 ,0.54608 ,0.03485 
0.20834 ,0.03453 ,0.28464 ,0.03591 ,0.49612 ,0.03485 
0.28738 ,0.03453 ,0.29658 ,0.03591 ,0.54491 ,0.03485 
0.05682 ,0.03453 ,0.38251 ,0.03591 ,0.68144 ,0.03486 
0.05728 ,0.03453 ,0.42751 ,0.03591 ,0.49703 ,0.03486 
0.18135 ,0.03453 ,0.44292 ,0.03591 ,0.58210 ,0.03486 
0.02128 ,0.03453 ,0.31427 ,0.03591 ,0.55517 ,0.03486 
0.06868 ,0.03453 ,0.23038 ,0.03591 ,0.50861 ,0.03486 
0.15988 ,0.03453 ,0.23758 ,0.03591 ,0.60730 ,0.03486 
0.03737 ,0.03453 ,0.27530 ,0.03591 ,0.50681 ,0.03486 
0.23863 ,0.03454 ,0.42284 ,0.03591 ,0.54910 ,0.03486 
0.17724 ,0.03454 ,0.37830 ,0.03592 ,0.63589 ,0.03486 
0.04964 ,0.03454 ,0.28041 ,0.03592 ,0.53790 ,0.03486 
0.22672 ,0.03454 ,0.37332 ,0.03592 ,0.54049 ,0.03486 
0.29927 ,0.03454 ,0.34219 ,0.03592 ,0.53064 ,0.03486 
0.10498 ,0.03454 ,0.24046 ,0.03592 ,0.49869 ,0.03486 
0.04075 ,0.03454 ,0.47374 ,0.03592 ,0.58308 ,0.03487 
0.35735 ,0.03454 ,0.25699 ,0.03592 ,0.57138 ,0.03487 
0.08885 ,0.03454 ,0.45265 ,0.03592 ,0.59023 ,0.03487 
0.19598 ,0.03454 ,0.27795 ,0.03592 ,0.56754 ,0.03487 
0.04770 ,0.03454 ,0.25090 ,0.03593 ,0.56332 ,0.03487 
0.30240 ,0.03454 ,0.25384 ,0.03593 ,0.51378 ,0.03488 
0.10437 ,0.03454 ,0.32536 ,0.03593 ,0.58956 ,0.03488 
0.14388 ,0.03454 ,0.31560 ,0.03593 ,0.66131 ,0.03488 
0.03580 ,0.03454 ,0.29066 ,0.03593 ,0.57504 ,0.03488 
0.28713 ,0.03454 ,0.20370 ,0.03593 ,0.54362 ,0.03488 
0.03173 ,0.03454 ,0.28351 ,0.03593 ,0.57131 ,0.03488 
0.03128 ,0.03454 ,0.18772 ,0.03593 ,0.53647 ,0.03488 
0.03023 ,0.03455 ,0.22865 ,0.03593 ,0.51023 ,0.03488 
0.02441 ,0.03455 ,0.24169 ,0.03593 ,0.63160 ,0.03489 
0.05426 ,0.03455 ,0.35071 ,0.03594 ,0.58156 ,0.03489 
0.15237 ,0.03455 ,0.28924 ,0.03594 ,0.53219 ,0.03489 
0.06155 ,0.03455 ,0.22217 ,0.03594 ,0.75191 ,0.03489 
0.01736 ,0.03455 ,0.34917 ,0.03594 ,0.58018 ,0.03489 
0.12163 ,0.03455 ,0.23842 ,0.03594 ,0.63923 ,0.03489 
0.18757 ,0.03455 ,0.23918 ,0.03594 ,0.51166 ,0.03489 
0.20668 ,0.03455 ,0.31613 ,0.03594 ,0.78161 ,0.03489 
0.05462 ,0.03455 ,0.22640 ,0.03594 ,0.53785 ,0.03489 
0.18049 ,0.03455 ,0.19914 ,0.03594 ,0.55123 ,0.03490 
0.39505 ,0.03455 ,0.19471 ,0.03594 ,0.58421 ,0.03490 
0.11263 ,0.03456 ,0.24306 ,0.03594 ,0.50649 ,0.03490 
0.12120 ,0.03456 ,0.29799 ,0.03594 ,0.58398 ,0.03490 
0.06545 ,0.03456 ,0.25728 ,0.03594 ,0.53974 ,0.03490 
0.05709 ,0.03456 ,0.23565 ,0.03594 ,0.54997 ,0.03490 
0.15340 ,0.03456 ,0.57341 ,0.03594 ,0.69875 ,0.03490 
0.17023 ,0.03456 ,0.31474 ,0.03595 ,0.52818 ,0.03490 
0.14287 ,0.03456 ,0.19872 ,0.03595 ,0.56467 ,0.03490 
0.03676 ,0.03456 ,0.30422 ,0.03595 ,0.71617 ,0.03490 
0.12877 ,0.03456 ,0.24425 ,0.03595 ,0.54119 ,0.03490 
0.15475 ,0.03456 ,0.45907 ,0.03595 ,0.61511 ,0.03490 
0.10933 ,0.03456 ,0.24919 ,0.03595 ,0.56681 ,0.03491 
0.07831 ,0.03456 ,0.35436 ,0.03595 ,0.74016 ,0.03491 
0.20955 ,0.03456 ,0.24294 ,0.03595 ,0.63581 ,0.03491 
0.03061 ,0.03456 ,0.35524 ,0.03595 ,0.54661 ,0.03491 
0.35569 ,0.03456 ,0.26401 ,0.03595 ,0.49609 ,0.03491 
0.25254 ,0.03456 ,0.22457 ,0.03595 ,0.57980 ,0.03491 
0.03539 ,0.03456 ,0.26868 ,0.03595 ,0.54330 ,0.03491 
0.24420 ,0.03457 ,0.30339 ,0.03595 ,0.51800 ,0.03491 
0.05125 ,0.03457 ,0.24557 ,0.03595 ,0.61506 ,0.03491 
0.02363 ,0.03457 ,0.23108 ,0.03596 ,0.53565 ,0.03491 
0.04148 ,0.03457 ,0.27677 ,0.03596 ,0.53539 ,0.03491 
0.14355 ,0.03457 ,0.30191 ,0.03596 ,0.72075 ,0.03491 
0.11045 ,0.03457 ,0.22979 ,0.03596 ,0.59568 ,0.03491 
0.27021 ,0.03457 ,0.22521 ,0.03596 ,0.57884 ,0.03491 
0.14349 ,0.03457 ,0.25578 ,0.03596 ,0.52989 ,0.03491 
0.11744 ,0.03457 ,0.24414 ,0.03596 ,0.61236 ,0.03491 
0.02492 ,0.03457 ,0.33887 ,0.03596 ,0.49147 ,0.03491 
0.08836 ,0.03457 ,0.34179 ,0.03596 ,0.51111 ,0.03492 
0.19061 ,0.03457 ,0.20631 ,0.03596 ,0.53803 ,0.03492 
0.03376 ,0.03457 ,0.25517 ,0.03596 ,0.54753 ,0.03492 
0.20424 ,0.03457 ,0.42657 ,0.03596 ,0.55328 ,0.03492 
0.10454 ,0.03457 ,0.37824 ,0.03597 ,0.58971 ,0.03492 
0.23597 ,0.03457 ,0.27015 ,0.03597 ,0.56606 ,0.03492 
0.22648 ,0.03457 ,0.28163 ,0.03597 ,0.62395 ,0.03492 
0.19759 ,0.03458 ,0.22455 ,0.03597 ,0.64553 ,0.03492 
0.25389 ,0.03458 ,0.33261 ,0.03597 ,0.52210 ,0.03492 
0.15003 ,0.03458 ,0.30255 ,0.03597 ,0.59362 ,0.03492 
0.11628 ,0.03458 ,0.33882 ,0.03597 ,0.53605 ,0.03492 
0.26413 ,0.03458 ,0.28554 ,0.03597 ,0.54976 ,0.03492 
0.13167 ,0.03458 ,0.22512 ,0.03597 ,0.58583 ,0.03493 
0.10650 ,0.03458 ,0.36870 ,0.03598 ,0.60190 ,0.03493 
0.04670 ,0.03458 ,0.30670 ,0.03598 ,0.58369 ,0.03493 
0.16855 ,0.03458 ,0.31128 ,0.03598 ,0.60521 ,0.03493 
0.11922 ,0.03458 ,0.25215 ,0.03598 ,0.51896 ,0.03493 
0.21539 ,0.03458 ,0.42092 ,0.03598 ,0.57648 ,0.03493 
0.03504 ,0.03458 ,0.23301 ,0.03598 ,0.56814 ,0.03493 
0.04692 ,0.03458 ,0.33738 ,0.03598 ,0.57798 ,0.03493 
0.18710 ,0.03458 ,0.31230 ,0.03598 ,0.73157 ,0.03493 
0.16421 ,0.03458 ,0.36565 ,0.03599 ,0.54000 ,0.03493 
0.10100 ,0.03458 ,0.38891 ,0.03599 ,0.61561 ,0.03493 
0.32029 ,0.03458 ,0.23144 ,0.03599 ,0.52475 ,0.03494 
0.20923 ,0.03459 ,0.19944 ,0.03599 ,0.53353 ,0.03494 
0.24004 ,0.03459 ,0.28972 ,0.03599 ,0.67182 ,0.03494 
0.14194 ,0.03459 ,0.22298 ,0.03599 ,0.55685 ,0.03494 
0.06259 ,0.03459 ,0.26787 ,0.03599 ,0.55739 ,0.03494 
0.12885 ,0.03459 ,0.30460 ,0.03599 ,0.62981 ,0.03494 
0.07629 ,0.03459 ,0.27262 ,0.03600 ,0.51273 ,0.03494 
0.09768 ,0.03459 ,0.24391 ,0.03600 ,0.53330 ,0.03495 
0.18347 ,0.03460 ,0.26502 ,0.03600 ,0.56394 ,0.03495 
0.08079 ,0.03460 ,0.24477 ,0.03600 ,0.50459 ,0.03495 
0.01896 ,0.03460 ,0.33487 ,0.03600 ,0.51604 ,0.03495 
0.26786 ,0.03460 ,0.20714 ,0.03600 ,0.54589 ,0.03495 
0.28638 ,0.03460 ,0.28991 ,0.03600 ,0.59785 ,0.03495 
0.10394 ,0.03460 ,0.42111 ,0.03600 ,0.75722 ,0.03495 
0.09966 ,0.03460 ,0.25909 ,0.03600 ,0.59788 ,0.03495 
0.29852 ,0.03460 ,0.24404 ,0.03600 ,0.67765 ,0.03495 
0.15626 ,0.03460 ,0.27089 ,0.03600 ,0.58559 ,0.03495 
0.05768 ,0.03460 ,0.20652 ,0.03600 ,0.65583 ,0.03495 
0.22880 ,0.03460 ,0.27423 ,0.03600 ,0.55208 ,0.03496 
0.17790 ,0.03460 ,0.22634 ,0.03600 ,0.52206 ,0.03496 
0.04341 ,0.03460 ,0.32905 ,0.03600 ,0.70045 ,0.03496 
0.26942 ,0.03460 ,0.25757 ,0.03600 ,0.56689 ,0.03496 
0.22229 ,0.03460 ,0.24865 ,0.03600 ,0.54990 ,0.03496 
0.14320 ,0.03460 ,0.23187 ,0.03600 ,0.56658 ,0.03496 
0.05674 ,0.03460 ,0.25784 ,0.03600 ,0.66878 ,0.03496 
0.19005 ,0.03461 ,0.31156 ,0.03601 ,0.58279 ,0.03497 
0.10396 ,0.03461 ,0.36732 ,0.03601 ,0.57096 ,0.03497 
0.06463 ,0.03461 ,0.39371 ,0.03601 ,0.55281 ,0.03497 
0.05556 ,0.03461 ,0.23775 ,0.03601 ,0.52358 ,0.03497 
0.14303 ,0.03461 ,0.38736 ,0.03601 ,0.62794 ,0.03497 
0.09219 ,0.03461 ,0.22502 ,0.03601 ,0.75736 ,0.03497 
0.05800 ,0.03461 ,0.24926 ,0.03601 ,0.50393 ,0.03497 
0.16492 ,0.03461 ,0.22103 ,0.03601 ,0.67007 ,0.03497 
0.12061 ,0.03462 ,0.36098 ,0.03601 ,0.54775 ,0.03497 
0.13713 ,0.03462 ,0.21811 ,0.03601 ,0.52864 ,0.03497 
0.04438 ,0.03462 ,0.28608 ,0.03601 ,0.59960 ,0.03497 
0.09361 ,0.03462 ,0.24966 ,0.03601 ,0.64239 ,0.03498 
0.12245 ,0.03462 ,0.32893 ,0.03601 ,0.60631 ,0.03498 
0.05508 ,0.03462 ,0.21807 ,0.03601 ,0.57329 ,0.03498 
0.24086 ,0.03462 ,0.26450 ,0.03601 ,0.53407 ,0.03498 
0.05072 ,0.03462 ,0.25997 ,0.03602 ,0.55570 ,0.03498 
0.17679 ,0.03462 ,0.30916 ,0.03602 ,0.59953 ,0.03498 
0.07001 ,0.03462 ,0.27014 ,0.03602 ,0.48790 ,0.03498 
0.27626 ,0.03462 ,0.28241 ,0.03602 ,0.55945 ,0.03498 
0.04534 ,0.03462 ,0.21772 ,0.03602 ,0.51336 ,0.03498 
0.31527 ,0.03462 ,0.25946 ,0.03602 ,0.77577 ,0.03498 
0.08056 ,0.03462 ,0.21074 ,0.03602 ,0.52784 ,0.03498 
0.05901 ,0.03462 ,0.27515 ,0.03602 ,0.61940 ,0.03498 
0.10745 ,0.03462 ,0.20883 ,0.03602 ,0.54350 ,0.03498 
0.20261 ,0.03462 ,0.25434 ,0.03602 ,0.49885 ,0.03498 
0.08375 ,0.03463 ,0.25085 ,0.03603 ,0.58835 ,0.03498 
0.25061 ,0.03463 ,0.27053 ,0.03603 ,0.72791 ,0.03498 
0.02959 ,0.03463 ,0.21662 ,0.03603 ,0.52688 ,0.03498 
0.43975 ,0.03463 ,0.41006 ,0.03603 ,0.52937 ,0.03498 
0.05338 ,0.03463 ,0.31406 ,0.03603 ,0.56578 ,0.03498 
0.14027 ,0.03463 ,0.36470 ,0.03603 ,0.51022 ,0.03498 
0.19063 ,0.03463 ,0.26957 ,0.03603 ,0.52352 ,0.03499 
0.13392 ,0.03463 ,0.32518 ,0.03603 ,0.52943 ,0.03499 
0.26563 ,0.03463 ,0.34438 ,0.03603 ,0.55454 ,0.03499 
0.15582 ,0.03463 ,0.20909 ,0.03603 ,0.65741 ,0.03499 
0.30472 ,0.03463 ,0.27669 ,0.03603 ,0.52153 ,0.03499 
0.11954 ,0.03463 ,0.21792 ,0.03603 ,0.59576 ,0.03499 
0.12091 ,0.03463 ,0.23079 ,0.03603 ,0.53228 ,0.03499 
0.10313 ,0.03463 ,0.27530 ,0.03603 ,0.54517 ,0.03499 
0.19714 ,0.03463 ,0.28857 ,0.03603 ,0.50213 ,0.03500 
0.27577 ,0.03463 ,0.23745 ,0.03604 ,0.53436 ,0.03500 
0.12609 ,0.03463 ,0.20422 ,0.03604 ,0.50399 ,0.03500 
0.02796 ,0.03464 ,0.21185 ,0.03604 ,0.55004 ,0.03500 
0.21048 ,0.03464 ,0.20944 ,0.03604 ,0.58773 ,0.03500 
0.32251 ,0.03464 ,0.26708 ,0.03604 ,0.56289 ,0.03500 
0.03589 ,0.03464 ,0.21397 ,0.03604 ,0.68121 ,0.03500 
0.18596 ,0.03464 ,0.26585 ,0.03604 ,0.50226 ,0.03500 
0.06262 ,0.03464 ,0.29135 ,0.03604 ,0.72062 ,0.03500 
0.25392 ,0.03464 ,0.25134 ,0.03604 ,0.55222 ,0.03500 
0.08669 ,0.03464 ,0.24705 ,0.03604 ,0.54622 ,0.03500 
0.14920 ,0.03464 ,0.23378 ,0.03604 ,0.52332 ,0.03500 
0.02206 ,0.03464 ,0.42204 ,0.03604 ,0.51100 ,0.03501 
0.23367 ,0.03464 ,0.21575 ,0.03605 ,0.62826 ,0.03501 
0.27667 ,0.03464 ,0.24265 ,0.03605 ,0.52676 ,0.03501 
0.07713 ,0.03464 ,0.29349 ,0.03605 ,0.49096 ,0.03501 
0.03283 ,0.03465 ,0.33609 ,0.03605 ,0.56127 ,0.03501 
0.07880 ,0.03465 ,0.47109 ,0.03605 ,0.54655 ,0.03501 
0.04688 ,0.03465 ,0.40939 ,0.03605 ,0.51036 ,0.03501 
0.14477 ,0.03465 ,0.50969 ,0.03605 ,0.52742 ,0.03501 
0.11131 ,0.03465 ,0.44182 ,0.03605 ,0.57631 ,0.03501 
0.14180 ,0.03465 ,0.21442 ,0.03605 ,0.49953 ,0.03501 
0.09342 ,0.03465 ,0.24985 ,0.03605 ,0.68242 ,0.03502 
0.04043 ,0.03465 ,0.40233 ,0.03605 ,0.58253 ,0.03502 
0.05692 ,0.03465 ,0.30346 ,0.03605 ,0.59833 ,0.03502 
0.35912 ,0.03465 ,0.24852 ,0.03605 ,0.52397 ,0.03502 
0.18885 ,0.03465 ,0.21974 ,0.03605 ,0.59876 ,0.03502 
0.12127 ,0.03465 ,0.23046 ,0.03606 ,0.56082 ,0.03502 
0.10219 ,0.03465 ,0.42819 ,0.03606 ,0.48511 ,0.03502 
0.22948 ,0.03465 ,0.25486 ,0.03606 ,0.62975 ,0.03502 
0.12536 ,0.03465 ,0.22228 ,0.03606 ,0.54005 ,0.03502 
0.13337 ,0.03465 ,0.48086 ,0.03606 ,0.51520 ,0.03502 
0.03551 ,0.03465 ,0.24330 ,0.03606 ,0.57313 ,0.03502 
0.20740 ,0.03465 ,0.44582 ,0.03606 ,0.54879 ,0.03502 
0.03778 ,0.03465 ,0.26371 ,0.03606 ,0.70716 ,0.03503 
0.11467 ,0.03466 ,0.29612 ,0.03606 ,0.51366 ,0.03503 
0.09913 ,0.03466 ,0.27216 ,0.03606 ,0.61143 ,0.03503 
0.22779 ,0.03466 ,0.26111 ,0.03606 ,0.57143 ,0.03503 
0.13528 ,0.03466 ,0.24053 ,0.03606 ,0.50766 ,0.03503 
0.03125 ,0.03466 ,0.28904 ,0.03606 ,0.52691 ,0.03503 
0.11546 ,0.03466 ,0.21945 ,0.03607 ,0.53256 ,0.03504 
0.06372 ,0.03466 ,0.31205 ,0.03607 ,0.51492 ,0.03504 
0.16483 ,0.03466 ,0.22427 ,0.03607 ,0.57086 ,0.03504 
0.39905 ,0.03466 ,0.30796 ,0.03607 ,0.53802 ,0.03504 
0.13813 ,0.03466 ,0.32074 ,0.03607 ,0.74878 ,0.03504 
0.17624 ,0.03467 ,0.35660 ,0.03607 ,0.56088 ,0.03504 
0.24874 ,0.03467 ,0.31557 ,0.03607 ,0.61811 ,0.03504 
0.06214 ,0.03467 ,0.36629 ,0.03607 ,0.52503 ,0.03504 
0.06000 ,0.03467 ,0.25149 ,0.03607 ,0.52552 ,0.03504 
0.12099 ,0.03467 ,0.36543 ,0.03608 ,0.59444 ,0.03504 
0.14379 ,0.03467 ,0.42032 ,0.03608 ,0.55588 ,0.03504 
0.11792 ,0.03467 ,0.27689 ,0.03608 ,0.56611 ,0.03504 
0.16603 ,0.03467 ,0.29445 ,0.03608 ,0.54931 ,0.03504 
0.16441 ,0.03467 ,0.23698 ,0.03608 ,0.61298 ,0.03505 
0.13940 ,0.03467 ,0.26764 ,0.03608 ,0.51798 ,0.03505 
0.10697 ,0.03467 ,0.33563 ,0.03608 ,0.56045 ,0.03505 
0.19643 ,0.03467 ,0.22925 ,0.03608 ,0.60760 ,0.03505 
0.19937 ,0.03467 ,0.24885 ,0.03608 ,0.60707 ,0.03505 
0.29550 ,0.03467 ,0.36529 ,0.03608 ,0.64425 ,0.03505 
0.19183 ,0.03468 ,0.27811 ,0.03608 ,0.64908 ,0.03505 
0.06070 ,0.03468 ,0.29310 ,0.03609 ,0.57167 ,0.03505 
0.41863 ,0.03468 ,0.33861 ,0.03609 ,0.51831 ,0.03505 
0.08693 ,0.03468 ,0.21136 ,0.03609 ,0.50665 ,0.03505 
0.10954 ,0.03468 ,0.22184 ,0.03609 ,0.60023 ,0.03505 
0.18908 ,0.03468 ,0.41442 ,0.03609 ,0.51160 ,0.03505 
0.27700 ,0.03468 ,0.25173 ,0.03609 ,0.60458 ,0.03505 
0.19649 ,0.03468 ,0.22022 ,0.03609 ,0.51180 ,0.03506 
0.05654 ,0.03469 ,0.52534 ,0.03609 ,0.51978 ,0.03506 
0.09174 ,0.03469 ,0.27033 ,0.03609 ,0.56999 ,0.03506 
0.04293 ,0.03469 ,0.27600 ,0.03609 ,0.65562 ,0.03506 
0.06132 ,0.03469 ,0.22201 ,0.03610 ,0.53552 ,0.03506 
0.03010 ,0.03469 ,0.32299 ,0.03610 ,0.58136 ,0.03506 
0.06450 ,0.03469 ,0.25119 ,0.03610 ,0.55567 ,0.03506 
0.04468 ,0.03469 ,0.30976 ,0.03610 ,0.60601 ,0.03507 
0.07990 ,0.03469 ,0.23736 ,0.03610 ,0.51878 ,0.03507 
0.17571 ,0.03469 ,0.43212 ,0.03610 ,0.62680 ,0.03507 
0.19012 ,0.03469 ,0.21550 ,0.03610 ,0.66992 ,0.03507 
0.08111 ,0.03469 ,0.24848 ,0.03610 ,0.59587 ,0.03507 
0.06360 ,0.03469 ,0.29555 ,0.03610 ,0.50211 ,0.03507 
0.11655 ,0.03469 ,0.24428 ,0.03610 ,0.51026 ,0.03507 
0.17812 ,0.03469 ,0.25320 ,0.03610 ,0.52817 ,0.03507 
0.28585 ,0.03469 ,0.26666 ,0.03611 ,0.56632 ,0.03507 
0.05104 ,0.03469 ,0.31787 ,0.03611 ,0.51454 ,0.03507 
0.17905 ,0.03469 ,0.42241 ,0.03611 ,0.53133 ,0.03507 
0.17581 ,0.03469 ,0.23332 ,0.03611 ,0.65181 ,0.03507 
0.23952 ,0.03469 ,0.20942 ,0.03611 ,0.60863 ,0.03507 
0.18427 ,0.03470 ,0.19998 ,0.03611 ,0.69043 ,0.03507 
0.07141 ,0.03470 ,0.22784 ,0.03611 ,0.53180 ,0.03507 
0.37413 ,0.03470 ,0.48041 ,0.03611 ,0.61667 ,0.03507 
0.03693 ,0.03470 ,0.41616 ,0.03611 ,0.57500 ,0.03507 
0.16087 ,0.03470 ,0.23927 ,0.03611 ,0.52669 ,0.03507 
0.15258 ,0.03470 ,0.30306 ,0.03611 ,0.54725 ,0.03507 
0.39487 ,0.03470 ,0.39006 ,0.03611 ,0.58129 ,0.03507 
0.09005 ,0.03470 ,0.28187 ,0.03611 ,0.64748 ,0.03507 
0.07636 ,0.03470 ,0.26705 ,0.03611 ,0.57202 ,0.03507 
0.09944 ,0.03470 ,0.21908 ,0.03611 ,0.58968 ,0.03507 
0.23380 ,0.03470 ,0.23116 ,0.03611 ,0.49977 ,0.03507 
0.11671 ,0.03470 ,0.26212 ,0.03612 ,0.58302 ,0.03508 
0.08828 ,0.03470 ,0.22702 ,0.03612 ,0.52332 ,0.03508 
0.05290 ,0.03470 ,0.35024 ,0.03612 ,0.56554 ,0.03508 
0.10143 ,0.03470 ,0.22012 ,0.03612 ,0.77092 ,0.03508 
0.13687 ,0.03470 ,0.28412 ,0.03612 ,0.49948 ,0.03508 
0.05437 ,0.03471 ,0.25730 ,0.03612 ,0.51533 ,0.03508 
0.14343 ,0.03471 ,0.29751 ,0.03612 ,0.66323 ,0.03509 
0.14341 ,0.03471 ,0.34633 ,0.03612 ,0.57439 ,0.03509 
0.12982 ,0.03471 ,0.30679 ,0.03612 ,0.56194 ,0.03509 
0.16359 ,0.03471 ,0.23529 ,0.03613 ,0.58780 ,0.03509 
0.07057 ,0.03471 ,0.29128 ,0.03613 ,0.57948 ,0.03509 
0.09757 ,0.03471 ,0.31478 ,0.03613 ,0.51082 ,0.03509 
0.04965 ,0.03471 ,0.33015 ,0.03613 ,0.57308 ,0.03509 
0.09056 ,0.03471 ,0.26666 ,0.03613 ,0.57623 ,0.03509 
0.28340 ,0.03471 ,0.45911 ,0.03613 ,0.50362 ,0.03509 
0.10959 ,0.03471 ,0.27988 ,0.03613 ,0.53724 ,0.03509 
0.04303 ,0.03471 ,0.25351 ,0.03613 ,0.51307 ,0.03510 
0.22857 ,0.03471 ,0.24578 ,0.03613 ,0.51115 ,0.03510 
0.08402 ,0.03471 ,0.23124 ,0.03614 ,0.52387 ,0.03510 
0.14159 ,0.03471 ,0.36838 ,0.03614 ,0.54017 ,0.03510 
0.05131 ,0.03471 ,0.28551 ,0.03614 ,0.60558 ,0.03510 
0.20383 ,0.03471 ,0.22067 ,0.03614 ,0.56290 ,0.03510 
0.08018 ,0.03471 ,0.29803 ,0.03614 ,0.52636 ,0.03510 
0.06404 ,0.03471 ,0.27163 ,0.03614 ,0.58460 ,0.03511 
0.14065 ,0.03471 ,0.30100 ,0.03615 ,0.59309 ,0.03511 
0.04317 ,0.03471 ,0.26319 ,0.03615 ,0.57049 ,0.03511 
0.10506 ,0.03471 ,0.37839 ,0.03615 ,0.58702 ,0.03511 
0.16619 ,0.03472 ,0.30154 ,0.03615 ,0.56776 ,0.03511 
0.09578 ,0.03472 ,0.27521 ,0.03615 ,0.57201 ,0.03511 
0.09886 ,0.03472 ,0.27137 ,0.03615 ,0.65467 ,0.03511 
0.09329 ,0.03472 ,0.23452 ,0.03615 ,0.57847 ,0.03512 
0.15121 ,0.03472 ,0.21489 ,0.03615 ,0.56956 ,0.03512 
0.08450 ,0.03472 ,0.23172 ,0.03615 ,0.60121 ,0.03512 
0.27097 ,0.03472 ,0.29419 ,0.03615 ,0.63505 ,0.03512 
0.04650 ,0.03472 ,0.24481 ,0.03615 ,0.61829 ,0.03513 
0.24219 ,0.03472 ,0.46067 ,0.03616 ,0.51240 ,0.03513 
0.12693 ,0.03472 ,0.32217 ,0.03616 ,0.50259 ,0.03513 
0.26412 ,0.03472 ,0.20697 ,0.03616 ,0.58368 ,0.03513 
0.14727 ,0.03472 ,0.26585 ,0.03616 ,0.59224 ,0.03513 
0.09087 ,0.03472 ,0.23532 ,0.03616 ,0.51248 ,0.03513 
0.14721 ,0.03472 ,0.30548 ,0.03616 ,0.54729 ,0.03513 
0.03966 ,0.03472 ,0.31917 ,0.03616 ,0.55315 ,0.03514 
0.05510 ,0.03473 ,0.33670 ,0.03616 ,0.50736 ,0.03514 
0.23861 ,0.03473 ,0.22534 ,0.03616 ,0.68051 ,0.03514 
0.07954 ,0.03473 ,0.28593 ,0.03616 ,0.64231 ,0.03514 
0.25286 ,0.03473 ,0.28519 ,0.03616 ,0.57545 ,0.03514 
0.10430 ,0.03473 ,0.20952 ,0.03616 ,0.71682 ,0.03514 
0.20746 ,0.03473 ,0.37719 ,0.03616 ,0.53833 ,0.03514 
0.09355 ,0.03473 ,0.39093 ,0.03616 ,0.64345 ,0.03514 
0.06548 ,0.03473 ,0.41657 ,0.03616 ,0.53149 ,0.03514 
0.11640 ,0.03473 ,0.23086 ,0.03616 ,0.73048 ,0.03515 
0.06123 ,0.03473 ,0.20291 ,0.03616 ,0.56719 ,0.03515 
0.26127 ,0.03473 ,0.24832 ,0.03616 ,0.59233 ,0.03515 
0.17725 ,0.03473 ,0.44525 ,0.03616 ,0.53170 ,0.03515 
0.17739 ,0.03473 ,0.27383 ,0.03616 ,0.61312 ,0.03515 
0.08952 ,0.03474 ,0.24415 ,0.03616 ,0.53673 ,0.03515 
0.28472 ,0.03474 ,0.26510 ,0.03616 ,0.59218 ,0.03515 
0.22509 ,0.03474 ,0.22957 ,0.03617 ,0.53129 ,0.03515 
0.02160 ,0.03474 ,0.23286 ,0.03617 ,0.60379 ,0.03515 
0.39347 ,0.03474 ,0.40075 ,0.03617 ,0.52756 ,0.03515 
0.06717 ,0.03474 ,0.30121 ,0.03617 ,0.68230 ,0.03515 
0.04453 ,0.03474 ,0.34322 ,0.03617 ,0.58330 ,0.03515 
0.17198 ,0.03474 ,0.34963 ,0.03617 ,0.65403 ,0.03515 
0.25799 ,0.03474 ,0.30394 ,0.03617 ,0.56860 ,0.03515 
0.08280 ,0.03474 ,0.38901 ,0.03617 ,0.65984 ,0.03515 
0.09540 ,0.03474 ,0.22108 ,0.03617 ,0.58968 ,0.03515 
0.06885 ,0.03474 ,0.21195 ,0.03617 ,0.52872 ,0.03515 
0.14586 ,0.03474 ,0.34993 ,0.03617 ,0.65632 ,0.03515 
0.07036 ,0.03474 ,0.27304 ,0.03618 ,0.56254 ,0.03516 
0.22859 ,0.03474 ,0.27285 ,0.03618 ,0.60116 ,0.03516 
0.28417 ,0.03475 ,0.26247 ,0.03618 ,0.54964 ,0.03516 
0.18082 ,0.03475 ,0.23887 ,0.03618 ,0.61639 ,0.03516 
0.10204 ,0.03475 ,0.22194 ,0.03618 ,0.55569 ,0.03516 
0.22106 ,0.03475 ,0.28333 ,0.03618 ,0.55563 ,0.03516 
0.04491 ,0.03475 ,0.31218 ,0.03618 ,0.54596 ,0.03516 
0.37206 ,0.03475 ,0.26593 ,0.03618 ,0.54645 ,0.03517 
0.04572 ,0.03475 ,0.32937 ,0.03618 ,0.55496 ,0.03517 
0.05491 ,0.03475 ,0.23802 ,0.03618 ,0.53083 ,0.03517 
0.04633 ,0.03475 ,0.23237 ,0.03618 ,0.59891 ,0.03517 
0.06998 ,0.03475 ,0.44679 ,0.03618 ,0.66118 ,0.03517 
0.09921 ,0.03475 ,0.19170 ,0.03619 ,0.60371 ,0.03517 
0.14896 ,0.03476 ,0.24567 ,0.03619 ,0.51532 ,0.03517 
0.27028 ,0.03476 ,0.27316 ,0.03619 ,0.64551 ,0.03518 
0.16341 ,0.03476 ,0.29195 ,0.03619 ,0.50756 ,0.03518 
0.05488 ,0.03476 ,0.38382 ,0.03619 ,0.58008 ,0.03518 
0.12951 ,0.03476 ,0.29694 ,0.03619 ,0.57876 ,0.03518 
0.11450 ,0.03476 ,0.30991 ,0.03619 ,0.52975 ,0.03518 
0.05568 ,0.03476 ,0.32903 ,0.03619 ,0.58248 ,0.03518 
0.05573 ,0.03476 ,0.26799 ,0.03619 ,0.64833 ,0.03518 
0.25541 ,0.03476 ,0.22630 ,0.03619 ,0.50762 ,0.03518 
0.07224 ,0.03476 ,0.24475 ,0.03620 ,0.62721 ,0.03518 
0.07931 ,0.03476 ,0.40792 ,0.03620 ,0.50792 ,0.03518 
0.32372 ,0.03476 ,0.27066 ,0.03620 ,0.50643 ,0.03518 
0.02412 ,0.03476 ,0.42773 ,0.03620 ,0.69880 ,0.03519 
0.06723 ,0.03476 ,0.30757 ,0.03620 ,0.58654 ,0.03519 
0.12174 ,0.03477 ,0.30462 ,0.03620 ,0.53457 ,0.03519 
0.20050 ,0.03477 ,0.25709 ,0.03620 ,0.58460 ,0.03519 
0.03072 ,0.03477 ,0.27064 ,0.03620 ,0.66991 ,0.03519 
0.08961 ,0.03477 ,0.26053 ,0.03620 ,0.52650 ,0.03519 
0.15231 ,0.03477 ,0.34432 ,0.03620 ,0.51886 ,0.03519 
0.05490 ,0.03477 ,0.32210 ,0.03620 ,0.61229 ,0.03519 
0.05109 ,0.03477 ,0.22960 ,0.03621 ,0.52428 ,0.03520 
0.38552 ,0.03477 ,0.31464 ,0.03621 ,0.73361 ,0.03520 
0.28973 ,0.03477 ,0.23754 ,0.03621 ,0.63495 ,0.03520 
0.06306 ,0.03477 ,0.26604 ,0.03621 ,0.53353 ,0.03520 
0.04776 ,0.03477 ,0.24502 ,0.03621 ,0.50122 ,0.03520 
0.13560 ,0.03477 ,0.29262 ,0.03621 ,0.53689 ,0.03520 
0.24103 ,0.03477 ,0.20076 ,0.03621 ,0.59016 ,0.03520 
0.04867 ,0.03478 ,0.24777 ,0.03621 ,0.51812 ,0.03520 
0.12077 ,0.03478 ,0.23879 ,0.03621 ,0.50917 ,0.03520 
0.18152 ,0.03478 ,0.22397 ,0.03621 ,0.52251 ,0.03520 
0.09301 ,0.03478 ,0.27613 ,0.03621 ,0.66374 ,0.03520 
0.22708 ,0.03478 ,0.36688 ,0.03622 ,0.58747 ,0.03521 
0.06935 ,0.03478 ,0.56474 ,0.03622 ,0.55673 ,0.03521 
0.10307 ,0.03478 ,0.28634 ,0.03622 ,0.55751 ,0.03521 
0.35395 ,0.03478 ,0.25436 ,0.03622 ,0.56609 ,0.03521 
0.14765 ,0.03478 ,0.24853 ,0.03622 ,0.58923 ,0.03521 
0.05976 ,0.03478 ,0.22540 ,0.03622 ,0.56259 ,0.03521 
0.27641 ,0.03478 ,0.29529 ,0.03622 ,0.51862 ,0.03521 
0.12774 ,0.03478 ,0.36410 ,0.03622 ,0.59492 ,0.03521 
0.07025 ,0.03478 ,0.32642 ,0.03622 ,0.51817 ,0.03521 
0.04884 ,0.03478 ,0.45307 ,0.03622 ,0.52336 ,0.03521 
0.05882 ,0.03478 ,0.28021 ,0.03622 ,0.57285 ,0.03521 
0.05583 ,0.03478 ,0.23182 ,0.03622 ,0.59468 ,0.03521 
0.12242 ,0.03478 ,0.22660 ,0.03622 ,0.60264 ,0.03522 
0.06370 ,0.03478 ,0.28515 ,0.03623 ,0.53488 ,0.03522 
0.08854 ,0.03478 ,0.27792 ,0.03623 ,0.51855 ,0.03522 
0.12044 ,0.03478 ,0.37439 ,0.03623 ,0.59057 ,0.03522 
0.04013 ,0.03478 ,0.37504 ,0.03623 ,0.50421 ,0.03522 
0.01862 ,0.03478 ,0.24384 ,0.03623 ,0.69583 ,0.03522 
0.07519 ,0.03478 ,0.29532 ,0.03623 ,0.57244 ,0.03522 
0.46704 ,0.03478 ,0.25795 ,0.03623 ,0.54488 ,0.03522 
0.04669 ,0.03479 ,0.24921 ,0.03623 ,0.59923 ,0.03522 
0.15514 ,0.03479 ,0.27278 ,0.03623 ,0.49552 ,0.03522 
0.16933 ,0.03479 ,0.27702 ,0.03623 ,0.52213 ,0.03522 
0.14206 ,0.03479 ,0.29297 ,0.03623 ,0.55109 ,0.03522 
0.17402 ,0.03479 ,0.25221 ,0.03623 ,0.60261 ,0.03522 
0.13559 ,0.03479 ,0.44039 ,0.03623 ,0.54646 ,0.03522 
0.28461 ,0.03479 ,0.22066 ,0.03624 ,0.68816 ,0.03522 
0.26363 ,0.03479 ,0.31363 ,0.03624 ,0.62030 ,0.03522 
0.03598 ,0.03479 ,0.33174 ,0.03624 ,0.53470 ,0.03523 
0.28288 ,0.03479 ,0.25420 ,0.03624 ,0.60501 ,0.03523 
0.20911 ,0.03480 ,0.48393 ,0.03624 ,0.51869 ,0.03523 
0.09502 ,0.03480 ,0.32926 ,0.03624 ,0.58329 ,0.03523 
0.10081 ,0.03480 ,0.45974 ,0.03624 ,0.56267 ,0.03523 
0.01458 ,0.03480 ,0.24275 ,0.03624 ,0.56409 ,0.03523 
0.33406 ,0.03480 ,0.25954 ,0.03624 ,0.59749 ,0.03523 
0.03825 ,0.03480 ,0.21432 ,0.03624 ,0.49920 ,0.03523 
0.14823 ,0.03480 ,0.23622 ,0.03624 ,0.66217 ,0.03523 
0.07291 ,0.03480 ,0.32963 ,0.03624 ,0.66288 ,0.03523 
0.28562 ,0.03480 ,0.30717 ,0.03624 ,0.57015 ,0.03523 
0.02522 ,0.03481 ,0.27446 ,0.03625 ,0.51004 ,0.03523 
0.10032 ,0.03481 ,0.25375 ,0.03625 ,0.55141 ,0.03524 
0.06011 ,0.03481 ,0.34424 ,0.03625 ,0.58809 ,0.03524 
0.13428 ,0.03481 ,0.26818 ,0.03625 ,0.55108 ,0.03524 
0.33363 ,0.03481 ,0.33585 ,0.03625 ,0.53986 ,0.03524 
0.13696 ,0.03481 ,0.30167 ,0.03625 ,0.52335 ,0.03524 
0.06727 ,0.03481 ,0.24515 ,0.03625 ,0.52351 ,0.03524 
0.10317 ,0.03481 ,0.34791 ,0.03625 ,0.58015 ,0.03524 
0.06621 ,0.03481 ,0.29155 ,0.03625 ,0.72557 ,0.03524 
0.06212 ,0.03481 ,0.40961 ,0.03625 ,0.60238 ,0.03524 
0.16817 ,0.03481 ,0.28247 ,0.03625 ,0.62619 ,0.03524 
0.04973 ,0.03481 ,0.20688 ,0.03625 ,0.60941 ,0.03524 
0.13340 ,0.03481 ,0.40075 ,0.03625 ,0.51707 ,0.03524 
0.13532 ,0.03481 ,0.24686 ,0.03625 ,0.50691 ,0.03524 
0.21725 ,0.03481 ,0.49484 ,0.03625 ,0.56017 ,0.03524 
0.17171 ,0.03481 ,0.27149 ,0.03625 ,0.70666 ,0.03525 
0.05618 ,0.03481 ,0.27896 ,0.03625 ,0.55912 ,0.03525 
0.33999 ,0.03482 ,0.32480 ,0.03625 ,0.54569 ,0.03525 
0.08424 ,0.03482 ,0.25076 ,0.03626 ,0.58369 ,0.03525 
0.16852 ,0.03482 ,0.23422 ,0.03626 ,0.55310 ,0.03525 
0.18443 ,0.03482 ,0.24739 ,0.03626 ,0.56435 ,0.03525 
0.07219 ,0.03482 ,0.30861 ,0.03626 ,0.50112 ,0.03525 
0.19179 ,0.03483 ,0.23456 ,0.03626 ,0.51458 ,0.03525 
0.08862 ,0.03483 ,0.24795 ,0.03626 ,0.59849 ,0.03525 
0.05867 ,0.03483 ,0.21740 ,0.03626 ,0.59411 ,0.03525 
0.10633 ,0.03483 ,0.29763 ,0.03626 ,0.53106 ,0.03526 
0.12550 ,0.03483 ,0.28665 ,0.03627 ,0.50845 ,0.03526 
0.02611 ,0.03483 ,0.27526 ,0.03627 ,0.50268 ,0.03526 
0.03635 ,0.03483 ,0.22554 ,0.03627 ,0.57572 ,0.03526 
0.21802 ,0.03483 ,0.29244 ,0.03627 ,0.51915 ,0.03526 
0.10435 ,0.03483 ,0.23950 ,0.03627 ,0.62712 ,0.03526 
0.07199 ,0.03483 ,0.24746 ,0.03627 ,0.68503 ,0.03526 
0.06431 ,0.03483 ,0.28477 ,0.03627 ,0.58085 ,0.03526 
0.05676 ,0.03483 ,0.35549 ,0.03627 ,0.60717 ,0.03526 
0.06703 ,0.03484 ,0.33291 ,0.03627 ,0.71155 ,0.03526 
0.13608 ,0.03484 ,0.27101 ,0.03627 ,0.55947 ,0.03527 
0.26344 ,0.03484 ,0.22486 ,0.03627 ,0.49021 ,0.03527 
0.11904 ,0.03484 ,0.20854 ,0.03627 ,0.57389 ,0.03527 
0.11581 ,0.03484 ,0.45090 ,0.03628 ,0.56331 ,0.03527 
0.13292 ,0.03484 ,0.27401 ,0.03628 ,0.58547 ,0.03527 
0.34788 ,0.03484 ,0.29352 ,0.03628 ,0.55651 ,0.03527 
0.02386 ,0.03484 ,0.34901 ,0.03628 ,0.54143 ,0.03527 
0.15120 ,0.03484 ,0.28529 ,0.03628 ,0.49700 ,0.03527 
0.34562 ,0.03484 ,0.26226 ,0.03628 ,0.54424 ,0.03527 
0.15492 ,0.03484 ,0.37628 ,0.03628 ,0.55598 ,0.03527 
0.10394 ,0.03484 ,0.38234 ,0.03628 ,0.59392 ,0.03527 
0.10919 ,0.03484 ,0.27036 ,0.03628 ,0.52420 ,0.03528 
0.23914 ,0.03484 ,0.35269 ,0.03628 ,0.72051 ,0.03528 
0.06961 ,0.03484 ,0.22050 ,0.03628 ,0.56479 ,0.03528 
0.17428 ,0.03485 ,0.26546 ,0.03628 ,0.54717 ,0.03528 
0.16817 ,0.03485 ,0.22319 ,0.03629 ,0.60337 ,0.03528 
0.13312 ,0.03485 ,0.23526 ,0.03629 ,0.56140 ,0.03528 
0.19013 ,0.03485 ,0.26343 ,0.03629 ,0.60027 ,0.03528 
0.04165 ,0.03485 ,0.50319 ,0.03629 ,0.59992 ,0.03529 
0.06294 ,0.03485 ,0.25318 ,0.03629 ,0.53034 ,0.03529 
0.33679 ,0.03485 ,0.43934 ,0.03629 ,0.53827 ,0.03529 
0.16176 ,0.03485 ,0.26626 ,0.03629 ,0.51831 ,0.03529 
0.10330 ,0.03485 ,0.22495 ,0.03629 ,0.57084 ,0.03529 
0.04268 ,0.03485 ,0.24186 ,0.03629 ,0.54185 ,0.03529 
0.09224 ,0.03485 ,0.21847 ,0.03629 ,0.50514 ,0.03529 
0.02950 ,0.03486 ,0.18635 ,0.03629 ,0.53049 ,0.03529 
0.12620 ,0.03486 ,0.24898 ,0.03629 ,0.54489 ,0.03529 
0.29560 ,0.03486 ,0.24849 ,0.03629 ,0.50817 ,0.03529 
0.01911 ,0.03486 ,0.31441 ,0.03629 ,0.52871 ,0.03529 
0.14452 ,0.03486 ,0.24244 ,0.03629 ,0.68445 ,0.03529 
0.03374 ,0.03486 ,0.30637 ,0.03629 ,0.68404 ,0.03529 
0.08015 ,0.03486 ,0.22872 ,0.03630 ,0.56272 ,0.03529 
0.15417 ,0.03486 ,0.39769 ,0.03630 ,0.55377 ,0.03530 
0.38976 ,0.03486 ,0.27636 ,0.03630 ,0.57001 ,0.03530 
0.08817 ,0.03487 ,0.27785 ,0.03630 ,0.51790 ,0.03530 
0.11282 ,0.03487 ,0.21771 ,0.03630 ,0.60201 ,0.03530 
0.05261 ,0.03487 ,0.26724 ,0.03630 ,0.57383 ,0.03530 
0.24146 ,0.03487 ,0.37946 ,0.03630 ,0.54767 ,0.03530 
0.10788 ,0.03487 ,0.26118 ,0.03630 ,0.57978 ,0.03530 
0.12069 ,0.03487 ,0.49514 ,0.03630 ,0.50256 ,0.03530 
0.32539 ,0.03487 ,0.20012 ,0.03630 ,0.53744 ,0.03530 
0.14155 ,0.03487 ,0.22353 ,0.03630 ,0.50738 ,0.03530 
0.04208 ,0.03487 ,0.34483 ,0.03631 ,0.52819 ,0.03530 
0.30332 ,0.03488 ,0.21038 ,0.03631 ,0.59782 ,0.03530 
0.11413 ,0.03488 ,0.25428 ,0.03631 ,0.56521 ,0.03530 
0.15051 ,0.03488 ,0.26026 ,0.03631 ,0.50354 ,0.03531 
0.17133 ,0.03488 ,0.24104 ,0.03631 ,0.48690 ,0.03531 
0.02633 ,0.03488 ,0.23167 ,0.03631 ,0.55715 ,0.03531 
0.05486 ,0.03488 ,0.37030 ,0.03631 ,0.58004 ,0.03531 
0.21856 ,0.03488 ,0.24616 ,0.03631 ,0.52738 ,0.03531 
0.20601 ,0.03488 ,0.25670 ,0.03631 ,0.60747 ,0.03531 
0.04268 ,0.03488 ,0.25816 ,0.03631 ,0.66789 ,0.03531 
0.16853 ,0.03488 ,0.40988 ,0.03631 ,0.69784 ,0.03531 
0.08050 ,0.03488 ,0.21549 ,0.03631 ,0.53869 ,0.03531 
0.05491 ,0.03488 ,0.26553 ,0.03631 ,0.55613 ,0.03531 
0.04959 ,0.03488 ,0.41798 ,0.03631 ,0.62574 ,0.03531 
0.04330 ,0.03488 ,0.27199 ,0.03632 ,0.61689 ,0.03531 
0.14153 ,0.03489 ,0.29410 ,0.03632 ,0.59710 ,0.03531 
0.06321 ,0.03489 ,0.22016 ,0.03632 ,0.58676 ,0.03532 
0.31365 ,0.03489 ,0.22758 ,0.03632 ,0.51938 ,0.03532 
0.10944 ,0.03489 ,0.22861 ,0.03632 ,0.55606 ,0.03532 
0.33225 ,0.03489 ,0.35138 ,0.03632 ,0.54548 ,0.03532 
0.10468 ,0.03489 ,0.24797 ,0.03632 ,0.54749 ,0.03532 
0.07259 ,0.03489 ,0.28469 ,0.03632 ,0.54026 ,0.03532 
0.03621 ,0.03489 ,0.33790 ,0.03632 ,0.55936 ,0.03532 
0.10792 ,0.03489 ,0.26273 ,0.03632 ,0.63241 ,0.03532 
0.09815 ,0.03489 ,0.32945 ,0.03632 ,0.57321 ,0.03532 
0.12619 ,0.03489 ,0.40911 ,0.03632 ,0.51396 ,0.03532 
0.20923 ,0.03489 ,0.33045 ,0.03633 ,0.52119 ,0.03532 
0.32568 ,0.03490 ,0.28608 ,0.03633 ,0.53026 ,0.03532 
0.05800 ,0.03490 ,0.22603 ,0.03633 ,0.51587 ,0.03533 
0.15097 ,0.03490 ,0.22640 ,0.03633 ,0.53593 ,0.03533 
0.09593 ,0.03490 ,0.26880 ,0.03633 ,0.54778 ,0.03533 
0.08591 ,0.03490 ,0.20318 ,0.03633 ,0.68434 ,0.03533 
0.10225 ,0.03490 ,0.37382 ,0.03633 ,0.51966 ,0.03533 
0.09850 ,0.03490 ,0.33591 ,0.03633 ,0.55181 ,0.03533 
0.35049 ,0.03490 ,0.26640 ,0.03633 ,0.55165 ,0.03533 
0.07683 ,0.03490 ,0.43018 ,0.03633 ,0.60679 ,0.03533 
0.07640 ,0.03490 ,0.30209 ,0.03633 ,0.56158 ,0.03533 
0.10282 ,0.03490 ,0.23439 ,0.03633 ,0.61187 ,0.03533 
0.09189 ,0.03490 ,0.33950 ,0.03633 ,0.52581 ,0.03534 
0.08989 ,0.03490 ,0.24578 ,0.03633 ,0.59121 ,0.03534 
0.05873 ,0.03491 ,0.24185 ,0.03633 ,0.57576 ,0.03534 
0.14036 ,0.03491 ,0.51588 ,0.03634 ,0.60149 ,0.03534 
0.20890 ,0.03491 ,0.23108 ,0.03634 ,0.53254 ,0.03534 
0.18639 ,0.03491 ,0.30138 ,0.03634 ,0.77752 ,0.03534 
0.03527 ,0.03491 ,0.24154 ,0.03634 ,0.56359 ,0.03534 
0.22011 ,0.03491 ,0.36314 ,0.03634 ,0.52602 ,0.03534 
0.22939 ,0.03491 ,0.22818 ,0.03634 ,0.51032 ,0.03535 
0.04389 ,0.03491 ,0.39002 ,0.03634 ,0.64934 ,0.03535 
0.12997 ,0.03491 ,0.28461 ,0.03634 ,0.53157 ,0.03535 
0.14143 ,0.03491 ,0.25095 ,0.03634 ,0.51337 ,0.03535 
0.07171 ,0.03491 ,0.21809 ,0.03634 ,0.54810 ,0.03535 
0.08583 ,0.03491 ,0.42371 ,0.03634 ,0.51512 ,0.03535 
0.31697 ,0.03491 ,0.44088 ,0.03634 ,0.60590 ,0.03535 
0.08594 ,0.03491 ,0.41166 ,0.03634 ,0.55749 ,0.03535 
0.10313 ,0.03491 ,0.30196 ,0.03634 ,0.61384 ,0.03535 
0.04966 ,0.03491 ,0.28784 ,0.03634 ,0.59760 ,0.03535 
0.25413 ,0.03491 ,0.24697 ,0.03634 ,0.75579 ,0.03536 
0.20030 ,0.03491 ,0.25737 ,0.03635 ,0.60352 ,0.03536 
0.08078 ,0.03492 ,0.31820 ,0.03635 ,0.54274 ,0.03536 
0.18064 ,0.03492 ,0.27987 ,0.03635 ,0.62362 ,0.03536 
0.07457 ,0.03492 ,0.33507 ,0.03635 ,0.58085 ,0.03536 
0.22637 ,0.03492 ,0.42466 ,0.03635 ,0.63498 ,0.03536 
0.09441 ,0.03492 ,0.34795 ,0.03635 ,0.55611 ,0.03536 
0.05392 ,0.03492 ,0.22842 ,0.03635 ,0.50349 ,0.03536 
0.18090 ,0.03492 ,0.21885 ,0.03635 ,0.57489 ,0.03536 
0.39691 ,0.03492 ,0.32778 ,0.03635 ,0.60868 ,0.03536 
0.10930 ,0.03492 ,0.36012 ,0.03635 ,0.69287 ,0.03537 
0.24594 ,0.03492 ,0.22677 ,0.03636 ,0.61465 ,0.03537 
0.10931 ,0.03492 ,0.29497 ,0.03636 ,0.51523 ,0.03537 
0.14370 ,0.03492 ,0.47093 ,0.03636 ,0.60455 ,0.03537 
0.10942 ,0.03492 ,0.26415 ,0.03636 ,0.53614 ,0.03537 
0.20427 ,0.03492 ,0.23159 ,0.03636 ,0.58534 ,0.03538 
0.30640 ,0.03492 ,0.27167 ,0.03636 ,0.58445 ,0.03538 
0.03135 ,0.03492 ,0.26693 ,0.03636 ,0.55685 ,0.03538 
0.09311 ,0.03492 ,0.23660 ,0.03636 ,0.66166 ,0.03538 
0.11976 ,0.03492 ,0.24541 ,0.03636 ,0.69882 ,0.03538 
0.19798 ,0.03492 ,0.23282 ,0.03636 ,0.51309 ,0.03538 
0.04525 ,0.03492 ,0.25454 ,0.03636 ,0.53051 ,0.03539 
0.04422 ,0.03493 ,0.23797 ,0.03637 ,0.57504 ,0.03539 
0.15451 ,0.03493 ,0.20119 ,0.03637 ,0.50863 ,0.03539 
0.28100 ,0.03493 ,0.23030 ,0.03637 ,0.50947 ,0.03539 
0.09574 ,0.03493 ,0.43308 ,0.03637 ,0.57521 ,0.03539 
0.22996 ,0.03493 ,0.26840 ,0.03637 ,0.49463 ,0.03539 
0.12919 ,0.03493 ,0.37374 ,0.03637 ,0.56560 ,0.03539 
0.07493 ,0.03493 ,0.27894 ,0.03637 ,0.50703 ,0.03539 
0.11078 ,0.03493 ,0.29182 ,0.03637 ,0.59462 ,0.03539 
0.10515 ,0.03493 ,0.28181 ,0.03637 ,0.61408 ,0.03539 
0.14729 ,0.03493 ,0.22803 ,0.03637 ,0.49980 ,0.03539 
0.14400 ,0.03493 ,0.38743 ,0.03637 ,0.61689 ,0.03539 
0.14090 ,0.03493 ,0.23924 ,0.03638 ,0.56109 ,0.03539 
0.32884 ,0.03493 ,0.28745 ,0.03638 ,0.53210 ,0.03539 
0.42502 ,0.03493 ,0.31333 ,0.03638 ,0.50006 ,0.03539 
0.04159 ,0.03493 ,0.22619 ,0.03638 ,0.67985 ,0.03539 
0.06919 ,0.03494 ,0.24922 ,0.03638 ,0.50921 ,0.03539 
0.05299 ,0.03494 ,0.37856 ,0.03638 ,0.55351 ,0.03540 
0.23931 ,0.03494 ,0.24732 ,0.03638 ,0.54611 ,0.03540 
0.05326 ,0.03494 ,0.43804 ,0.03638 ,0.54852 ,0.03540 
0.05324 ,0.03494 ,0.26687 ,0.03638 ,0.54947 ,0.03540 
0.07112 ,0.03494 ,0.41550 ,0.03638 ,0.61982 ,0.03540 
0.07185 ,0.03494 ,0.25448 ,0.03638 ,0.57317 ,0.03540 
0.12431 ,0.03494 ,0.35584 ,0.03638 ,0.51905 ,0.03540 
0.06449 ,0.03494 ,0.28318 ,0.03638 ,0.50465 ,0.03540 
0.05703 ,0.03494 ,0.19226 ,0.03638 ,0.62468 ,0.03540 
0.06245 ,0.03494 ,0.31498 ,0.03638 ,0.65917 ,0.03541 
0.12717 ,0.03494 ,0.40726 ,0.03639 ,0.61022 ,0.03541 
0.05927 ,0.03494 ,0.32091 ,0.03639 ,0.61462 ,0.03541 
0.07457 ,0.03494 ,0.25421 ,0.03639 ,0.53771 ,0.03541 
0.04486 ,0.03494 ,0.29911 ,0.03639 ,0.62726 ,0.03541 
0.09054 ,0.03494 ,0.27627 ,0.03639 ,0.55986 ,0.03541 
0.17445 ,0.03495 ,0.25539 ,0.03639 ,0.50873 ,0.03541 
0.03212 ,0.03495 ,0.25937 ,0.03639 ,0.60556 ,0.03541 
0.17578 ,0.03495 ,0.21009 ,0.03639 ,0.56295 ,0.03541 
0.02413 ,0.03495 ,0.45337 ,0.03639 ,0.51670 ,0.03541 
0.10873 ,0.03495 ,0.34459 ,0.03639 ,0.51324 ,0.03541 
0.05098 ,0.03495 ,0.35620 ,0.03639 ,0.61673 ,0.03541 
0.21357 ,0.03495 ,0.30284 ,0.03639 ,0.59767 ,0.03541 
0.10528 ,0.03495 ,0.43852 ,0.03639 ,0.55917 ,0.03541 
0.33421 ,0.03495 ,0.25572 ,0.03639 ,0.64084 ,0.03541 
0.05871 ,0.03495 ,0.42025 ,0.03639 ,0.57140 ,0.03541 
0.05783 ,0.03495 ,0.23425 ,0.03639 ,0.56885 ,0.03542 
0.09385 ,0.03495 ,0.29456 ,0.03640 ,0.55134 ,0.03542 
0.15016 ,0.03495 ,0.24395 ,0.03640 ,0.57790 ,0.03542 
0.08426 ,0.03495 ,0.24503 ,0.03640 ,0.51907 ,0.03542 
0.07010 ,0.03495 ,0.21473 ,0.03640 ,0.55434 ,0.03542 
0.02869 ,0.03496 ,0.33121 ,0.03640 ,0.50836 ,0.03542 
0.08768 ,0.03496 ,0.28179 ,0.03640 ,0.62799 ,0.03543 
0.08660 ,0.03496 ,0.26996 ,0.03640 ,0.50659 ,0.03543 
0.29782 ,0.03496 ,0.23460 ,0.03640 ,0.51194 ,0.03543 
0.04177 ,0.03496 ,0.35984 ,0.03640 ,0.59800 ,0.03543 
0.13013 ,0.03496 ,0.33427 ,0.03641 ,0.55052 ,0.03543 
0.08085 ,0.03496 ,0.36013 ,0.03641 ,0.72420 ,0.03543 
0.04891 ,0.03496 ,0.22661 ,0.03641 ,0.54292 ,0.03543 
0.07779 ,0.03496 ,0.28656 ,0.03641 ,0.51529 ,0.03543 
0.11605 ,0.03496 ,0.19811 ,0.03641 ,0.59113 ,0.03543 
0.14184 ,0.03496 ,0.29197 ,0.03641 ,0.60957 ,0.03543 
0.17108 ,0.03496 ,0.24652 ,0.03641 ,0.55516 ,0.03543 
0.12461 ,0.03496 ,0.25958 ,0.03641 ,0.55681 ,0.03543 
0.14042 ,0.03496 ,0.28945 ,0.03641 ,0.55751 ,0.03543 
0.14136 ,0.03496 ,0.23311 ,0.03641 ,0.54864 ,0.03544 
0.06473 ,0.03496 ,0.24779 ,0.03641 ,0.53096 ,0.03544 
0.10249 ,0.03496 ,0.46400 ,0.03641 ,0.53928 ,0.03544 
0.22492 ,0.03497 ,0.25349 ,0.03642 ,0.59184 ,0.03544 
0.07387 ,0.03497 ,0.37782 ,0.03642 ,0.50901 ,0.03544 
0.10155 ,0.03497 ,0.21593 ,0.03642 ,0.60158 ,0.03544 
0.11204 ,0.03497 ,0.32018 ,0.03642 ,0.50562 ,0.03544 
0.11809 ,0.03497 ,0.28546 ,0.03642 ,0.51724 ,0.03544 
0.06679 ,0.03497 ,0.40127 ,0.03642 ,0.50123 ,0.03544 
0.04808 ,0.03497 ,0.24531 ,0.03642 ,0.51186 ,0.03544 
0.10801 ,0.03497 ,0.22559 ,0.03642 ,0.54474 ,0.03545 
0.24381 ,0.03497 ,0.36977 ,0.03642 ,0.60471 ,0.03545 
0.17756 ,0.03497 ,0.30264 ,0.03642 ,0.53130 ,0.03545 
0.05167 ,0.03498 ,0.21688 ,0.03643 ,0.54383 ,0.03545 
0.05220 ,0.03498 ,0.24997 ,0.03643 ,0.47420 ,0.03545 
0.04007 ,0.03498 ,0.30433 ,0.03643 ,0.56526 ,0.03545 
0.19285 ,0.03498 ,0.24975 ,0.03643 ,0.52563 ,0.03545 
0.04566 ,0.03498 ,0.24918 ,0.03643 ,0.56194 ,0.03545 
0.13450 ,0.03498 ,0.26656 ,0.03643 ,0.49678 ,0.03545 
0.05483 ,0.03498 ,0.27206 ,0.03643 ,0.53320 ,0.03545 
0.13961 ,0.03498 ,0.23815 ,0.03643 ,0.69599 ,0.03545 
0.08325 ,0.03498 ,0.28863 ,0.03643 ,0.54424 ,0.03545 
0.29185 ,0.03498 ,0.34825 ,0.03643 ,0.58001 ,0.03546 
0.19393 ,0.03498 ,0.30420 ,0.03643 ,0.72749 ,0.03546 
0.08463 ,0.03498 ,0.25966 ,0.03643 ,0.64470 ,0.03546 
0.30132 ,0.03499 ,0.30308 ,0.03643 ,0.52448 ,0.03546 
0.04658 ,0.03499 ,0.24846 ,0.03643 ,0.58605 ,0.03546 
0.21997 ,0.03499 ,0.35881 ,0.03643 ,0.61372 ,0.03546 
0.08238 ,0.03499 ,0.26575 ,0.03643 ,0.59437 ,0.03546 
0.08306 ,0.03499 ,0.31126 ,0.03643 ,0.50382 ,0.03546 
0.21025 ,0.03499 ,0.44788 ,0.03644 ,0.59043 ,0.03546 
0.13107 ,0.03499 ,0.21443 ,0.03644 ,0.63391 ,0.03546 
0.11972 ,0.03499 ,0.35844 ,0.03644 ,0.63200 ,0.03546 
0.14154 ,0.03499 ,0.34788 ,0.03644 ,0.50492 ,0.03547 
0.06632 ,0.03499 ,0.22824 ,0.03644 ,0.57140 ,0.03547 
0.04192 ,0.03499 ,0.27389 ,0.03644 ,0.52904 ,0.03547 
0.07143 ,0.03499 ,0.42770 ,0.03644 ,0.52492 ,0.03547 
0.02562 ,0.03499 ,0.30479 ,0.03644 ,0.58132 ,0.03547 
0.05086 ,0.03499 ,0.33652 ,0.03644 ,0.64328 ,0.03547 
0.05164 ,0.03499 ,0.38718 ,0.03644 ,0.51424 ,0.03547 
0.06306 ,0.03499 ,0.28929 ,0.03645 ,0.57601 ,0.03547 
0.06471 ,0.03499 ,0.34925 ,0.03645 ,0.55959 ,0.03547 
0.08435 ,0.03499 ,0.25778 ,0.03645 ,0.58196 ,0.03547 
0.19804 ,0.03500 ,0.22269 ,0.03645 ,0.58907 ,0.03548 
0.10103 ,0.03500 ,0.25197 ,0.03645 ,0.58346 ,0.03548 
0.17733 ,0.03500 ,0.40292 ,0.03645 ,0.50273 ,0.03548 
0.05894 ,0.03500 ,0.30260 ,0.03645 ,0.62689 ,0.03548 
0.25063 ,0.03500 ,0.24644 ,0.03645 ,0.56974 ,0.03548 
0.15924 ,0.03500 ,0.29233 ,0.03645 ,0.64651 ,0.03548 
0.07116 ,0.03500 ,0.31284 ,0.03646 ,0.52980 ,0.03548 
0.12690 ,0.03500 ,0.20102 ,0.03646 ,0.54702 ,0.03548 
0.13292 ,0.03500 ,0.20380 ,0.03646 ,0.72796 ,0.03548 
0.30545 ,0.03500 ,0.24787 ,0.03646 ,0.58568 ,0.03548 
0.23277 ,0.03500 ,0.23491 ,0.03646 ,0.50332 ,0.03548 
0.29172 ,0.03500 ,0.25819 ,0.03646 ,0.54363 ,0.03548 
0.04706 ,0.03500 ,0.27142 ,0.03646 ,0.56495 ,0.03549 
0.30349 ,0.03500 ,0.36997 ,0.03646 ,0.64176 ,0.03549 
0.03155 ,0.03500 ,0.25996 ,0.03646 ,0.57904 ,0.03549 
0.04498 ,0.03500 ,0.35450 ,0.03646 ,0.59401 ,0.03549 
0.40643 ,0.03500 ,0.22148 ,0.03646 ,0.60860 ,0.03549 
0.33114 ,0.03500 ,0.37264 ,0.03646 ,0.63371 ,0.03549 
0.11510 ,0.03500 ,0.24381 ,0.03646 ,0.54008 ,0.03549 
0.24448 ,0.03501 ,0.23559 ,0.03646 ,0.58467 ,0.03549 
0.25969 ,0.03501 ,0.41591 ,0.03647 ,0.61260 ,0.03549 
0.05255 ,0.03501 ,0.36465 ,0.03647 ,0.55995 ,0.03549 
0.18106 ,0.03501 ,0.28325 ,0.03647 ,0.69436 ,0.03550 
0.31662 ,0.03501 ,0.38915 ,0.03647 ,0.54616 ,0.03550 
0.05068 ,0.03501 ,0.35977 ,0.03647 ,0.54987 ,0.03550 
0.05183 ,0.03501 ,0.21983 ,0.03647 ,0.51565 ,0.03550 
0.13068 ,0.03501 ,0.28698 ,0.03647 ,0.62974 ,0.03550 
0.27723 ,0.03501 ,0.24761 ,0.03647 ,0.58624 ,0.03550 
0.23657 ,0.03501 ,0.33551 ,0.03647 ,0.51041 ,0.03550 
0.15622 ,0.03501 ,0.23342 ,0.03647 ,0.53808 ,0.03550 
0.26843 ,0.03501 ,0.36225 ,0.03647 ,0.64912 ,0.03550 
0.08069 ,0.03501 ,0.23866 ,0.03647 ,0.53585 ,0.03550 
0.10260 ,0.03501 ,0.26391 ,0.03648 ,0.53583 ,0.03550 
0.05971 ,0.03501 ,0.43166 ,0.03648 ,0.56229 ,0.03550 
0.09074 ,0.03502 ,0.32178 ,0.03648 ,0.51319 ,0.03550 
0.11497 ,0.03502 ,0.23153 ,0.03648 ,0.58015 ,0.03550 
0.14745 ,0.03502 ,0.29202 ,0.03648 ,0.60051 ,0.03550 
0.13586 ,0.03502 ,0.33592 ,0.03648 ,0.50870 ,0.03551 
0.23312 ,0.03502 ,0.27147 ,0.03648 ,0.52886 ,0.03551 
0.18202 ,0.03502 ,0.26453 ,0.03648 ,0.70176 ,0.03551 
0.07542 ,0.03502 ,0.26012 ,0.03648 ,0.52793 ,0.03551 
0.02489 ,0.03502 ,0.23266 ,0.03648 ,0.54832 ,0.03551 
0.18004 ,0.03502 ,0.30601 ,0.03648 ,0.63970 ,0.03551 
0.18214 ,0.03502 ,0.28009 ,0.03649 ,0.52639 ,0.03551 
0.28316 ,0.03502 ,0.28044 ,0.03649 ,0.49167 ,0.03552 
0.14120 ,0.03502 ,0.23023 ,0.03649 ,0.51464 ,0.03552 
0.05887 ,0.03502 ,0.25310 ,0.03649 ,0.61717 ,0.03552 
0.11489 ,0.03502 ,0.24368 ,0.03649 ,0.56167 ,0.03552 
0.25153 ,0.03502 ,0.28945 ,0.03649 ,0.65142 ,0.03552 
0.17367 ,0.03502 ,0.20837 ,0.03649 ,0.57797 ,0.03552 
0.12669 ,0.03502 ,0.24388 ,0.03649 ,0.55369 ,0.03552 
0.09839 ,0.03502 ,0.25742 ,0.03649 ,0.56097 ,0.03553 
0.06109 ,0.03502 ,0.28580 ,0.03649 ,0.69903 ,0.03553 
0.06315 ,0.03503 ,0.31424 ,0.03649 ,0.53828 ,0.03553 
0.06498 ,0.03503 ,0.30535 ,0.03649 ,0.74265 ,0.03553 
0.26562 ,0.03503 ,0.59762 ,0.03649 ,0.75301 ,0.03553 
0.10740 ,0.03503 ,0.24802 ,0.03649 ,0.67478 ,0.03553 
0.02861 ,0.03503 ,0.49183 ,0.03650 ,0.67641 ,0.03553 
0.05990 ,0.03503 ,0.27725 ,0.03650 ,0.55746 ,0.03554 
0.02005 ,0.03503 ,0.30399 ,0.03650 ,0.55961 ,0.03554 
0.16528 ,0.03503 ,0.36782 ,0.03650 ,0.68784 ,0.03554 
0.11353 ,0.03503 ,0.37920 ,0.03650 ,0.50652 ,0.03554 
0.21156 ,0.03503 ,0.22507 ,0.03650 ,0.52696 ,0.03554 
0.05319 ,0.03503 ,0.27750 ,0.03650 ,0.57685 ,0.03554 
0.28660 ,0.03503 ,0.30573 ,0.03650 ,0.58058 ,0.03554 
0.24442 ,0.03504 ,0.23013 ,0.03650 ,0.51879 ,0.03554 
0.04728 ,0.03504 ,0.31576 ,0.03650 ,0.53854 ,0.03554 
0.36172 ,0.03504 ,0.39122 ,0.03650 ,0.57017 ,0.03554 
0.20796 ,0.03504 ,0.49059 ,0.03650 ,0.55047 ,0.03555 
0.05840 ,0.03504 ,0.27078 ,0.03650 ,0.51341 ,0.03555 
0.06228 ,0.03504 ,0.24458 ,0.03651 ,0.61271 ,0.03555 
0.07888 ,0.03504 ,0.22271 ,0.03651 ,0.60323 ,0.03555 
0.12708 ,0.03504 ,0.23620 ,0.03651 ,0.65224 ,0.03555 
0.14077 ,0.03504 ,0.34203 ,0.03651 ,0.60038 ,0.03555 
0.36024 ,0.03504 ,0.23781 ,0.03651 ,0.60482 ,0.03555 
0.10947 ,0.03504 ,0.36311 ,0.03651 ,0.60962 ,0.03555 
0.27083 ,0.03504 ,0.24330 ,0.03651 ,0.51323 ,0.03555 
0.09709 ,0.03504 ,0.27331 ,0.03651 ,0.61234 ,0.03555 
0.29053 ,0.03504 ,0.24311 ,0.03651 ,0.58370 ,0.03555 
0.33723 ,0.03504 ,0.32103 ,0.03651 ,0.51122 ,0.03556 
0.20056 ,0.03504 ,0.33438 ,0.03651 ,0.55696 ,0.03556 
0.10434 ,0.03505 ,0.41934 ,0.03651 ,0.54087 ,0.03556 
0.27957 ,0.03505 ,0.23889 ,0.03652 ,0.53559 ,0.03556 
0.21010 ,0.03505 ,0.34108 ,0.03652 ,0.56170 ,0.03556 
0.12994 ,0.03505 ,0.26895 ,0.03652 ,0.55937 ,0.03556 
0.32442 ,0.03505 ,0.29555 ,0.03652 ,0.56097 ,0.03556 
0.14701 ,0.03505 ,0.29265 ,0.03652 ,0.62343 ,0.03557 
0.11737 ,0.03505 ,0.22276 ,0.03652 ,0.58364 ,0.03557 
0.04338 ,0.03505 ,0.29766 ,0.03652 ,0.51271 ,0.03557 
0.03353 ,0.03505 ,0.24596 ,0.03652 ,0.59053 ,0.03557 
0.07145 ,0.03505 ,0.35831 ,0.03652 ,0.57879 ,0.03558 
0.23048 ,0.03505 ,0.31533 ,0.03652 ,0.59256 ,0.03558 
0.03372 ,0.03505 ,0.19589 ,0.03652 ,0.72305 ,0.03558 
0.11180 ,0.03505 ,0.36700 ,0.03652 ,0.58056 ,0.03558 
0.04486 ,0.03505 ,0.25285 ,0.03652 ,0.70272 ,0.03558 
0.11773 ,0.03505 ,0.23483 ,0.03653 ,0.50849 ,0.03558 
0.13685 ,0.03506 ,0.25211 ,0.03653 ,0.55654 ,0.03558 
0.08191 ,0.03506 ,0.22608 ,0.03653 ,0.69086 ,0.03558 
0.15923 ,0.03506 ,0.33670 ,0.03653 ,0.60156 ,0.03558 
0.04661 ,0.03506 ,0.23980 ,0.03653 ,0.49986 ,0.03559 
0.14754 ,0.03506 ,0.38024 ,0.03653 ,0.53161 ,0.03559 
0.11978 ,0.03506 ,0.28008 ,0.03653 ,0.52608 ,0.03559 
0.10814 ,0.03506 ,0.28245 ,0.03653 ,0.59445 ,0.03559 
0.07440 ,0.03506 ,0.36346 ,0.03653 ,0.61288 ,0.03559 
0.06876 ,0.03506 ,0.29536 ,0.03653 ,0.54895 ,0.03559 
0.14707 ,0.03506 ,0.43400 ,0.03653 ,0.54250 ,0.03559 
0.05138 ,0.03506 ,0.22414 ,0.03653 ,0.58398 ,0.03559 
0.15060 ,0.03506 ,0.25061 ,0.03653 ,0.50227 ,0.03559 
0.12919 ,0.03506 ,0.21703 ,0.03654 ,0.66623 ,0.03559 
0.07152 ,0.03506 ,0.30930 ,0.03654 ,0.59023 ,0.03559 
0.07352 ,0.03506 ,0.21808 ,0.03654 ,0.48073 ,0.03559 
0.09187 ,0.03506 ,0.42742 ,0.03654 ,0.56483 ,0.03560 
0.15602 ,0.03506 ,0.24097 ,0.03654 ,0.59261 ,0.03560 
0.06573 ,0.03507 ,0.34424 ,0.03654 ,0.66638 ,0.03560 
0.17794 ,0.03507 ,0.21522 ,0.03654 ,0.51708 ,0.03560 
0.11215 ,0.03507 ,0.27435 ,0.03654 ,0.75195 ,0.03560 
0.04374 ,0.03507 ,0.23743 ,0.03654 ,0.63492 ,0.03560 
0.16712 ,0.03507 ,0.30397 ,0.03654 ,0.51412 ,0.03560 
0.03539 ,0.03507 ,0.29998 ,0.03655 ,0.50832 ,0.03560 
0.06834 ,0.03507 ,0.26664 ,0.03655 ,0.64445 ,0.03560 
0.04049 ,0.03507 ,0.28773 ,0.03655 ,0.66721 ,0.03560 
0.14201 ,0.03507 ,0.26389 ,0.03655 ,0.53100 ,0.03560 
0.04734 ,0.03507 ,0.28220 ,0.03655 ,0.51280 ,0.03560 
0.03862 ,0.03507 ,0.26408 ,0.03655 ,0.52781 ,0.03560 
0.13378 ,0.03507 ,0.26990 ,0.03655 ,0.57671 ,0.03561 
0.26752 ,0.03507 ,0.24297 ,0.03655 ,0.53918 ,0.03561 
0.05743 ,0.03507 ,0.24547 ,0.03655 ,0.62444 ,0.03561 
0.07651 ,0.03507 ,0.25168 ,0.03655 ,0.51508 ,0.03561 
0.28189 ,0.03507 ,0.39178 ,0.03655 ,0.56732 ,0.03561 
0.21859 ,0.03507 ,0.26570 ,0.03655 ,0.58373 ,0.03561 
0.22187 ,0.03507 ,0.20085 ,0.03655 ,0.54050 ,0.03561 
0.08641 ,0.03507 ,0.40933 ,0.03655 ,0.68881 ,0.03561 
0.06237 ,0.03508 ,0.25311 ,0.03655 ,0.64300 ,0.03561 
0.07535 ,0.03508 ,0.32880 ,0.03655 ,0.55646 ,0.03562 
0.38263 ,0.03508 ,0.22438 ,0.03656 ,0.55846 ,0.03562 
0.04565 ,0.03508 ,0.28415 ,0.03656 ,0.66388 ,0.03562 
0.08699 ,0.03508 ,0.33809 ,0.03656 ,0.58416 ,0.03562 
0.04827 ,0.03508 ,0.22523 ,0.03656 ,0.59464 ,0.03562 
0.12335 ,0.03508 ,0.21230 ,0.03656 ,0.54692 ,0.03562 
0.28542 ,0.03508 ,0.30336 ,0.03656 ,0.57383 ,0.03562 
0.06838 ,0.03508 ,0.35595 ,0.03656 ,0.58088 ,0.03562 
0.25565 ,0.03508 ,0.27122 ,0.03656 ,0.53689 ,0.03562 
0.12606 ,0.03508 ,0.20191 ,0.03656 ,0.55216 ,0.03562 
0.19002 ,0.03508 ,0.48108 ,0.03656 ,0.60028 ,0.03563 
0.18296 ,0.03508 ,0.24205 ,0.03656 ,0.73724 ,0.03563 
0.37024 ,0.03509 ,0.35857 ,0.03656 ,0.61802 ,0.03563 
0.09907 ,0.03509 ,0.19660 ,0.03657 ,0.54575 ,0.03563 
0.23392 ,0.03509 ,0.26866 ,0.03657 ,0.59135 ,0.03563 
0.27006 ,0.03509 ,0.46082 ,0.03657 ,0.53108 ,0.03563 
0.07744 ,0.03509 ,0.32847 ,0.03657 ,0.52011 ,0.03563 
0.04853 ,0.03509 ,0.36772 ,0.03657 ,0.51274 ,0.03563 
0.15123 ,0.03509 ,0.21996 ,0.03657 ,0.59029 ,0.03563 
0.18439 ,0.03509 ,0.27847 ,0.03657 ,0.62136 ,0.03563 
0.20692 ,0.03509 ,0.47514 ,0.03657 ,0.63234 ,0.03563 
0.24483 ,0.03509 ,0.29662 ,0.03657 ,0.65605 ,0.03563 
0.05133 ,0.03509 ,0.21677 ,0.03657 ,0.51651 ,0.03564 
0.14623 ,0.03509 ,0.47618 ,0.03657 ,0.52874 ,0.03564 
0.02091 ,0.03509 ,0.25174 ,0.03657 ,0.53203 ,0.03564 
0.20424 ,0.03510 ,0.26747 ,0.03657 ,0.66726 ,0.03564 
0.04927 ,0.03510 ,0.22336 ,0.03658 ,0.52134 ,0.03564 
0.07688 ,0.03510 ,0.27305 ,0.03658 ,0.58491 ,0.03564 
0.05340 ,0.03510 ,0.28083 ,0.03658 ,0.56524 ,0.03564 
0.22268 ,0.03510 ,0.29295 ,0.03658 ,0.59132 ,0.03564 
0.25738 ,0.03510 ,0.23282 ,0.03658 ,0.53342 ,0.03564 
0.15150 ,0.03510 ,0.51539 ,0.03658 ,0.48911 ,0.03564 
0.30448 ,0.03510 ,0.28240 ,0.03658 ,0.64560 ,0.03564 
0.04905 ,0.03510 ,0.25546 ,0.03658 ,0.59593 ,0.03565 
0.25839 ,0.03510 ,0.38435 ,0.03658 ,0.58043 ,0.03565 
0.07307 ,0.03510 ,0.26562 ,0.03658 ,0.67343 ,0.03565 
0.08530 ,0.03510 ,0.32627 ,0.03658 ,0.50934 ,0.03565 
0.06460 ,0.03510 ,0.45760 ,0.03659 ,0.50803 ,0.03565 
0.32307 ,0.03510 ,0.23951 ,0.03659 ,0.56411 ,0.03565 
0.16668 ,0.03510 ,0.23456 ,0.03659 ,0.49665 ,0.03565 
0.08112 ,0.03510 ,0.25073 ,0.03659 ,0.52630 ,0.03565 
0.05663 ,0.03510 ,0.34276 ,0.03659 ,0.66427 ,0.03565 
0.20430 ,0.03510 ,0.24600 ,0.03659 ,0.59677 ,0.03565 
0.17518 ,0.03511 ,0.26344 ,0.03659 ,0.54470 ,0.03565 
0.11684 ,0.03511 ,0.46593 ,0.03659 ,0.60092 ,0.03565 
0.11041 ,0.03511 ,0.20642 ,0.03659 ,0.55327 ,0.03565 
0.21815 ,0.03511 ,0.38119 ,0.03659 ,0.65575 ,0.03565 
0.24578 ,0.03511 ,0.34465 ,0.03659 ,0.52242 ,0.03565 
0.03892 ,0.03511 ,0.29321 ,0.03660 ,0.56966 ,0.03565 
0.07882 ,0.03511 ,0.21473 ,0.03660 ,0.54173 ,0.03565 
0.33922 ,0.03511 ,0.25366 ,0.03660 ,0.53396 ,0.03566 
0.07007 ,0.03511 ,0.27899 ,0.03660 ,0.66848 ,0.03566 
0.09027 ,0.03511 ,0.20877 ,0.03660 ,0.53050 ,0.03566 
0.37830 ,0.03512 ,0.21809 ,0.03660 ,0.58393 ,0.03566 
0.09041 ,0.03512 ,0.25964 ,0.03660 ,0.52548 ,0.03566 
0.04933 ,0.03512 ,0.21076 ,0.03660 ,0.58917 ,0.03566 
0.21290 ,0.03512 ,0.30534 ,0.03660 ,0.55630 ,0.03566 
0.03795 ,0.03512 ,0.42873 ,0.03660 ,0.56185 ,0.03566 
0.15416 ,0.03512 ,0.24933 ,0.03660 ,0.58810 ,0.03566 
0.20356 ,0.03512 ,0.25816 ,0.03660 ,0.58597 ,0.03567 
0.06419 ,0.03512 ,0.25322 ,0.03660 ,0.52849 ,0.03567 
0.20710 ,0.03512 ,0.33655 ,0.03660 ,0.59383 ,0.03567 
0.29482 ,0.03512 ,0.23667 ,0.03660 ,0.53169 ,0.03567 
0.29645 ,0.03512 ,0.30697 ,0.03660 ,0.54051 ,0.03567 
0.04341 ,0.03513 ,0.27031 ,0.03660 ,0.61130 ,0.03567 
0.06480 ,0.03513 ,0.32633 ,0.03661 ,0.50753 ,0.03567 
0.04485 ,0.03513 ,0.39390 ,0.03661 ,0.53493 ,0.03567 
0.08643 ,0.03513 ,0.34692 ,0.03661 ,0.67966 ,0.03567 
0.05382 ,0.03513 ,0.25414 ,0.03661 ,0.50850 ,0.03567 
0.05994 ,0.03513 ,0.22399 ,0.03661 ,0.55779 ,0.03567 
0.05965 ,0.03513 ,0.24786 ,0.03661 ,0.60217 ,0.03567 
0.20256 ,0.03513 ,0.25004 ,0.03661 ,0.50275 ,0.03567 
0.05575 ,0.03513 ,0.26006 ,0.03661 ,0.52588 ,0.03567 
0.36142 ,0.03513 ,0.33050 ,0.03661 ,0.50712 ,0.03567 
0.12233 ,0.03513 ,0.27430 ,0.03661 ,0.61149 ,0.03567 
0.11276 ,0.03513 ,0.37596 ,0.03661 ,0.53549 ,0.03568 
0.14412 ,0.03513 ,0.30749 ,0.03661 ,0.60092 ,0.03568 
0.11466 ,0.03513 ,0.27404 ,0.03662 ,0.56246 ,0.03568 
0.04551 ,0.03513 ,0.24518 ,0.03662 ,0.51587 ,0.03568 
0.19947 ,0.03513 ,0.25664 ,0.03662 ,0.58252 ,0.03568 
0.12693 ,0.03514 ,0.38930 ,0.03662 ,0.57193 ,0.03568 
0.05604 ,0.03514 ,0.21994 ,0.03662 ,0.49067 ,0.03568 
0.15640 ,0.03514 ,0.21338 ,0.03662 ,0.57991 ,0.03569 
0.27708 ,0.03514 ,0.49242 ,0.03662 ,0.63561 ,0.03569 
0.11189 ,0.03514 ,0.24715 ,0.03662 ,0.60920 ,0.03569 
0.23434 ,0.03514 ,0.26128 ,0.03662 ,0.56316 ,0.03569 
0.18126 ,0.03514 ,0.27355 ,0.03662 ,0.54156 ,0.03569 
0.04508 ,0.03514 ,0.21191 ,0.03663 ,0.56895 ,0.03569 
0.06319 ,0.03514 ,0.31613 ,0.03663 ,0.52672 ,0.03569 
0.04366 ,0.03514 ,0.33090 ,0.03663 ,0.51812 ,0.03569 
0.18373 ,0.03514 ,0.28631 ,0.03663 ,0.55191 ,0.03569 
0.13295 ,0.03514 ,0.30972 ,0.03663 ,0.57113 ,0.03569 
0.10384 ,0.03515 ,0.27330 ,0.03663 ,0.53805 ,0.03569 
0.58010 ,0.03515 ,0.26640 ,0.03663 ,0.57758 ,0.03569 
0.20473 ,0.03515 ,0.22537 ,0.03663 ,0.58122 ,0.03569 
0.18531 ,0.03515 ,0.38218 ,0.03663 ,0.53774 ,0.03569 
0.39093 ,0.03515 ,0.33958 ,0.03663 ,0.57078 ,0.03570 
0.11130 ,0.03515 ,0.33108 ,0.03663 ,0.51297 ,0.03570 
0.13090 ,0.03515 ,0.27255 ,0.03663 ,0.62508 ,0.03570 
0.06657 ,0.03515 ,0.23869 ,0.03663 ,0.53251 ,0.03570 
0.26060 ,0.03515 ,0.27723 ,0.03663 ,0.54811 ,0.03570 
0.23154 ,0.03515 ,0.38297 ,0.03663 ,0.53791 ,0.03570 
0.20370 ,0.03515 ,0.25109 ,0.03664 ,0.58547 ,0.03570 
0.21545 ,0.03515 ,0.26394 ,0.03664 ,0.56175 ,0.03570 
0.10127 ,0.03515 ,0.34284 ,0.03664 ,0.58457 ,0.03570 
0.02971 ,0.03515 ,0.28787 ,0.03664 ,0.58644 ,0.03570 
0.12894 ,0.03516 ,0.45092 ,0.03664 ,0.53249 ,0.03570 
0.16586 ,0.03516 ,0.25943 ,0.03664 ,0.58100 ,0.03570 
0.28346 ,0.03516 ,0.25459 ,0.03664 ,0.56290 ,0.03571 
0.18244 ,0.03516 ,0.30778 ,0.03664 ,0.51141 ,0.03571 
0.24444 ,0.03516 ,0.30429 ,0.03664 ,0.55170 ,0.03571 
0.09518 ,0.03516 ,0.39305 ,0.03664 ,0.54797 ,0.03571 
0.09673 ,0.03516 ,0.35368 ,0.03664 ,0.61499 ,0.03571 
0.15200 ,0.03516 ,0.49803 ,0.03664 ,0.55569 ,0.03571 
0.30269 ,0.03516 ,0.21174 ,0.03664 ,0.58519 ,0.03571 
0.15816 ,0.03516 ,0.27186 ,0.03665 ,0.69359 ,0.03571 
0.36547 ,0.03516 ,0.40388 ,0.03665 ,0.54950 ,0.03571 
0.03594 ,0.03516 ,0.25244 ,0.03665 ,0.58036 ,0.03572 
0.07640 ,0.03516 ,0.25377 ,0.03665 ,0.61875 ,0.03572 
0.13235 ,0.03516 ,0.23654 ,0.03665 ,0.62063 ,0.03572 
0.04938 ,0.03516 ,0.27113 ,0.03665 ,0.55658 ,0.03572 
0.05925 ,0.03516 ,0.32676 ,0.03665 ,0.57227 ,0.03572 
0.06703 ,0.03516 ,0.31816 ,0.03665 ,0.51301 ,0.03572 
0.12200 ,0.03516 ,0.35976 ,0.03665 ,0.52258 ,0.03572 
0.04124 ,0.03516 ,0.23925 ,0.03665 ,0.54543 ,0.03572 
0.04178 ,0.03517 ,0.20536 ,0.03665 ,0.68914 ,0.03572 
0.07992 ,0.03517 ,0.33068 ,0.03665 ,0.61283 ,0.03572 
0.09213 ,0.03517 ,0.37668 ,0.03665 ,0.54215 ,0.03572 
0.08776 ,0.03517 ,0.50807 ,0.03666 ,0.63117 ,0.03572 
0.14803 ,0.03517 ,0.29426 ,0.03666 ,0.67115 ,0.03573 
0.05595 ,0.03517 ,0.26398 ,0.03666 ,0.63486 ,0.03573 
0.03582 ,0.03517 ,0.46069 ,0.03666 ,0.59668 ,0.03573 
0.19483 ,0.03517 ,0.24910 ,0.03666 ,0.57803 ,0.03573 
0.05896 ,0.03517 ,0.24718 ,0.03666 ,0.66849 ,0.03573 
0.21133 ,0.03517 ,0.26304 ,0.03666 ,0.53797 ,0.03573 
0.22408 ,0.03517 ,0.50807 ,0.03666 ,0.62405 ,0.03573 
0.21883 ,0.03517 ,0.25943 ,0.03666 ,0.52365 ,0.03573 
0.29087 ,0.03518 ,0.23784 ,0.03666 ,0.53251 ,0.03573 
0.10683 ,0.03518 ,0.26248 ,0.03666 ,0.58286 ,0.03573 
0.11960 ,0.03518 ,0.27960 ,0.03667 ,0.50939 ,0.03573 
0.03937 ,0.03518 ,0.42100 ,0.03667 ,0.58540 ,0.03573 
0.20147 ,0.03518 ,0.38732 ,0.03667 ,0.53486 ,0.03574 
0.07107 ,0.03518 ,0.21539 ,0.03667 ,0.68398 ,0.03574 
0.34336 ,0.03518 ,0.23405 ,0.03667 ,0.54285 ,0.03574 
0.26251 ,0.03518 ,0.27086 ,0.03667 ,0.57670 ,0.03574 
0.06610 ,0.03518 ,0.43231 ,0.03667 ,0.53382 ,0.03574 
0.23080 ,0.03518 ,0.22770 ,0.03667 ,0.55414 ,0.03574 
0.08498 ,0.03518 ,0.20947 ,0.03667 ,0.54225 ,0.03574 
0.16798 ,0.03518 ,0.22085 ,0.03667 ,0.56929 ,0.03574 
0.13684 ,0.03518 ,0.40182 ,0.03667 ,0.59281 ,0.03574 
0.11213 ,0.03518 ,0.19241 ,0.03667 ,0.56231 ,0.03574 
0.10711 ,0.03518 ,0.26058 ,0.03667 ,0.52746 ,0.03574 
0.08591 ,0.03518 ,0.38144 ,0.03667 ,0.59086 ,0.03575 
0.19301 ,0.03519 ,0.22095 ,0.03668 ,0.48522 ,0.03575 
0.16947 ,0.03519 ,0.39181 ,0.03668 ,0.76252 ,0.03575 
0.15997 ,0.03519 ,0.32629 ,0.03668 ,0.56308 ,0.03575 
0.26913 ,0.03519 ,0.24998 ,0.03668 ,0.52271 ,0.03575 
0.07923 ,0.03519 ,0.22446 ,0.03668 ,0.56040 ,0.03575 
0.12893 ,0.03519 ,0.23041 ,0.03668 ,0.57906 ,0.03575 
0.05576 ,0.03519 ,0.41663 ,0.03668 ,0.55657 ,0.03575 
0.19795 ,0.03519 ,0.33402 ,0.03668 ,0.64715 ,0.03575 
0.24084 ,0.03519 ,0.37517 ,0.03668 ,0.55004 ,0.03576 
0.06305 ,0.03519 ,0.51191 ,0.03668 ,0.53535 ,0.03576 
0.22980 ,0.03519 ,0.26083 ,0.03668 ,0.52105 ,0.03576 
0.07080 ,0.03519 ,0.30764 ,0.03668 ,0.60116 ,0.03576 
0.10782 ,0.03519 ,0.28423 ,0.03668 ,0.53466 ,0.03576 
0.08347 ,0.03519 ,0.30675 ,0.03668 ,0.57821 ,0.03576 
0.21082 ,0.03519 ,0.30512 ,0.03668 ,0.55323 ,0.03576 
0.16994 ,0.03519 ,0.31961 ,0.03668 ,0.55284 ,0.03576 
0.18227 ,0.03519 ,0.35172 ,0.03668 ,0.50188 ,0.03576 
0.37503 ,0.03520 ,0.31838 ,0.03668 ,0.70363 ,0.03576 
0.22409 ,0.03520 ,0.28904 ,0.03668 ,0.53367 ,0.03576 
0.06061 ,0.03520 ,0.31615 ,0.03668 ,0.62567 ,0.03576 
0.24796 ,0.03520 ,0.34158 ,0.03669 ,0.56180 ,0.03576 
0.25139 ,0.03520 ,0.20649 ,0.03669 ,0.63762 ,0.03576 
0.04537 ,0.03520 ,0.28172 ,0.03669 ,0.60838 ,0.03576 
0.07646 ,0.03520 ,0.40620 ,0.03669 ,0.60741 ,0.03576 
0.18085 ,0.03520 ,0.24711 ,0.03669 ,0.54303 ,0.03576 
0.04363 ,0.03520 ,0.22903 ,0.03669 ,0.50793 ,0.03576 
0.11839 ,0.03521 ,0.31711 ,0.03669 ,0.61895 ,0.03576 
0.17346 ,0.03521 ,0.24706 ,0.03669 ,0.80732 ,0.03577 
0.05497 ,0.03521 ,0.25846 ,0.03669 ,0.57181 ,0.03577 
0.19583 ,0.03521 ,0.34438 ,0.03669 ,0.52869 ,0.03577 
0.25051 ,0.03521 ,0.21133 ,0.03670 ,0.55434 ,0.03577 
0.06279 ,0.03521 ,0.26255 ,0.03670 ,0.64912 ,0.03577 
0.05818 ,0.03521 ,0.25161 ,0.03670 ,0.65202 ,0.03577 
0.21406 ,0.03521 ,0.27221 ,0.03670 ,0.52139 ,0.03577 
0.15100 ,0.03521 ,0.22271 ,0.03670 ,0.57094 ,0.03577 
0.11750 ,0.03521 ,0.26643 ,0.03670 ,0.52108 ,0.03577 
0.19084 ,0.03521 ,0.35947 ,0.03670 ,0.58680 ,0.03577 
0.04172 ,0.03521 ,0.25315 ,0.03670 ,0.54648 ,0.03577 
0.05758 ,0.03521 ,0.35819 ,0.03670 ,0.61553 ,0.03578 
0.08000 ,0.03521 ,0.37945 ,0.03670 ,0.66064 ,0.03578 
0.15358 ,0.03522 ,0.34902 ,0.03670 ,0.53947 ,0.03578 
0.02562 ,0.03522 ,0.26018 ,0.03670 ,0.51118 ,0.03578 
0.22773 ,0.03522 ,0.29680 ,0.03671 ,0.57838 ,0.03578 
0.12188 ,0.03522 ,0.32550 ,0.03671 ,0.61559 ,0.03578 
0.15749 ,0.03522 ,0.40534 ,0.03671 ,0.59419 ,0.03578 
0.21074 ,0.03522 ,0.30229 ,0.03671 ,0.61528 ,0.03578 
0.24188 ,0.03522 ,0.32015 ,0.03671 ,0.53467 ,0.03578 
0.11324 ,0.03522 ,0.24408 ,0.03671 ,0.50293 ,0.03578 
0.08706 ,0.03522 ,0.29528 ,0.03671 ,0.53884 ,0.03578 
0.04613 ,0.03522 ,0.33594 ,0.03671 ,0.61296 ,0.03578 
0.33181 ,0.03522 ,0.26823 ,0.03671 ,0.58895 ,0.03578 
0.16357 ,0.03522 ,0.23983 ,0.03671 ,0.51878 ,0.03579 
0.17368 ,0.03522 ,0.36765 ,0.03671 ,0.56118 ,0.03579 
0.18884 ,0.03523 ,0.26122 ,0.03671 ,0.53028 ,0.03579 
0.03369 ,0.03523 ,0.36960 ,0.03671 ,0.71462 ,0.03579 
0.12987 ,0.03523 ,0.30338 ,0.03671 ,0.52003 ,0.03579 
0.23703 ,0.03523 ,0.32544 ,0.03671 ,0.58854 ,0.03579 
0.11571 ,0.03523 ,0.35575 ,0.03671 ,0.59506 ,0.03579 
0.04568 ,0.03523 ,0.28854 ,0.03671 ,0.63700 ,0.03579 
0.26203 ,0.03523 ,0.25085 ,0.03671 ,0.54600 ,0.03579 
0.09706 ,0.03523 ,0.32656 ,0.03671 ,0.56889 ,0.03579 
0.07349 ,0.03523 ,0.26787 ,0.03671 ,0.65159 ,0.03580 
0.03397 ,0.03523 ,0.52340 ,0.03672 ,0.62237 ,0.03580 
0.26604 ,0.03523 ,0.21725 ,0.03672 ,0.52251 ,0.03580 
0.18140 ,0.03523 ,0.28896 ,0.03672 ,0.50633 ,0.03580 
0.05966 ,0.03523 ,0.29192 ,0.03672 ,0.54844 ,0.03580 
0.30118 ,0.03523 ,0.40000 ,0.03672 ,0.70241 ,0.03580 
0.08344 ,0.03523 ,0.28186 ,0.03672 ,0.60676 ,0.03580 
0.18380 ,0.03524 ,0.23958 ,0.03672 ,0.56269 ,0.03580 
0.14648 ,0.03524 ,0.39392 ,0.03672 ,0.61941 ,0.03580 
0.17436 ,0.03524 ,0.24480 ,0.03672 ,0.58954 ,0.03580 
0.08271 ,0.03524 ,0.27296 ,0.03672 ,0.62518 ,0.03580 
0.18386 ,0.03524 ,0.26149 ,0.03672 ,0.56660 ,0.03580 
0.03403 ,0.03524 ,0.24112 ,0.03672 ,0.57625 ,0.03580 
0.25822 ,0.03524 ,0.30589 ,0.03672 ,0.51853 ,0.03580 
0.16444 ,0.03524 ,0.23362 ,0.03672 ,0.55540 ,0.03581 
0.04961 ,0.03524 ,0.34891 ,0.03673 ,0.60734 ,0.03581 
0.04677 ,0.03524 ,0.24429 ,0.03673 ,0.57801 ,0.03581 
0.05450 ,0.03524 ,0.26072 ,0.03673 ,0.57229 ,0.03581 
0.24560 ,0.03525 ,0.26136 ,0.03673 ,0.60210 ,0.03581 
0.26014 ,0.03525 ,0.36259 ,0.03673 ,0.59120 ,0.03581 
0.19390 ,0.03525 ,0.27000 ,0.03673 ,0.50315 ,0.03581 
0.08760 ,0.03525 ,0.24609 ,0.03673 ,0.53210 ,0.03581 
0.16599 ,0.03525 ,0.28676 ,0.03673 ,0.53253 ,0.03581 
0.05854 ,0.03525 ,0.29590 ,0.03673 ,0.59197 ,0.03581 
0.06267 ,0.03525 ,0.26906 ,0.03673 ,0.64824 ,0.03581 
0.13110 ,0.03525 ,0.34615 ,0.03673 ,0.52651 ,0.03581 
0.17170 ,0.03525 ,0.35369 ,0.03673 ,0.53595 ,0.03581 
0.32923 ,0.03525 ,0.26490 ,0.03673 ,0.60568 ,0.03582 
0.16716 ,0.03525 ,0.25069 ,0.03673 ,0.56466 ,0.03582 
0.13629 ,0.03525 ,0.26147 ,0.03674 ,0.52700 ,0.03582 
0.04064 ,0.03525 ,0.29679 ,0.03674 ,0.54873 ,0.03582 
0.24335 ,0.03526 ,0.40044 ,0.03674 ,0.59683 ,0.03582 
0.23236 ,0.03526 ,0.20745 ,0.03674 ,0.53744 ,0.03582 
0.05534 ,0.03526 ,0.24902 ,0.03674 ,0.64824 ,0.03582 
0.08092 ,0.03526 ,0.29578 ,0.03674 ,0.62597 ,0.03582 
0.03112 ,0.03526 ,0.32301 ,0.03674 ,0.51845 ,0.03583 
0.23506 ,0.03526 ,0.24345 ,0.03674 ,0.65785 ,0.03583 
0.18763 ,0.03526 ,0.23179 ,0.03674 ,0.54285 ,0.03583 
0.11932 ,0.03526 ,0.23877 ,0.03674 ,0.55336 ,0.03583 
0.20531 ,0.03526 ,0.46044 ,0.03674 ,0.63560 ,0.03583 
0.11956 ,0.03526 ,0.30759 ,0.03674 ,0.55239 ,0.03583 
0.16095 ,0.03526 ,0.56650 ,0.03674 ,0.72499 ,0.03583 
0.12800 ,0.03526 ,0.44167 ,0.03674 ,0.59154 ,0.03583 
0.10414 ,0.03526 ,0.43869 ,0.03675 ,0.59750 ,0.03583 
0.05481 ,0.03527 ,0.29485 ,0.03675 ,0.50329 ,0.03583 
0.03909 ,0.03527 ,0.23975 ,0.03675 ,0.53012 ,0.03583 
0.10880 ,0.03527 ,0.26723 ,0.03675 ,0.51221 ,0.03583 
0.12684 ,0.03527 ,0.27146 ,0.03675 ,0.53786 ,0.03584 
0.11976 ,0.03527 ,0.27920 ,0.03675 ,0.62097 ,0.03584 
0.07180 ,0.03527 ,0.33060 ,0.03675 ,0.57810 ,0.03584 
0.10597 ,0.03527 ,0.27396 ,0.03675 ,0.58476 ,0.03584 
0.07577 ,0.03527 ,0.27603 ,0.03675 ,0.52319 ,0.03584 
0.07385 ,0.03527 ,0.25264 ,0.03675 ,0.60974 ,0.03584 
0.32859 ,0.03527 ,0.23431 ,0.03675 ,0.60716 ,0.03584 
0.03522 ,0.03527 ,0.25619 ,0.03675 ,0.63290 ,0.03584 
0.16337 ,0.03527 ,0.24670 ,0.03676 ,0.67990 ,0.03584 
0.09019 ,0.03527 ,0.26957 ,0.03676 ,0.53171 ,0.03584 
0.05205 ,0.03527 ,0.27078 ,0.03676 ,0.68077 ,0.03584 
0.05531 ,0.03528 ,0.34784 ,0.03676 ,0.62385 ,0.03584 
0.17179 ,0.03528 ,0.23745 ,0.03676 ,0.55393 ,0.03584 
0.07260 ,0.03528 ,0.26065 ,0.03676 ,0.53914 ,0.03585 
0.03841 ,0.03528 ,0.22722 ,0.03676 ,0.56968 ,0.03585 
0.06817 ,0.03528 ,0.46417 ,0.03676 ,0.54390 ,0.03585 
0.10197 ,0.03528 ,0.28124 ,0.03676 ,0.60864 ,0.03585 
0.02380 ,0.03528 ,0.31335 ,0.03676 ,0.65860 ,0.03585 
0.14401 ,0.03528 ,0.29876 ,0.03676 ,0.51980 ,0.03586 
0.13947 ,0.03528 ,0.26538 ,0.03676 ,0.63920 ,0.03586 
0.08254 ,0.03528 ,0.27332 ,0.03676 ,0.56251 ,0.03586 
0.28521 ,0.03528 ,0.27530 ,0.03676 ,0.51822 ,0.03586 
0.26021 ,0.03528 ,0.36861 ,0.03677 ,0.55892 ,0.03586 
0.20860 ,0.03528 ,0.27231 ,0.03677 ,0.55175 ,0.03586 
0.16379 ,0.03529 ,0.40180 ,0.03677 ,0.54175 ,0.03586 
0.19544 ,0.03529 ,0.22922 ,0.03677 ,0.54261 ,0.03587 
0.32281 ,0.03529 ,0.26649 ,0.03677 ,0.71648 ,0.03587 
0.12870 ,0.03529 ,0.39885 ,0.03677 ,0.50473 ,0.03587 
0.07575 ,0.03529 ,0.29481 ,0.03677 ,0.54441 ,0.03587 
0.26229 ,0.03529 ,0.31086 ,0.03677 ,0.49967 ,0.03587 
0.04974 ,0.03529 ,0.55772 ,0.03677 ,0.54781 ,0.03587 
0.02485 ,0.03529 ,0.37823 ,0.03678 ,0.63383 ,0.03587 
0.32287 ,0.03529 ,0.20282 ,0.03678 ,0.66930 ,0.03587 
0.10287 ,0.03529 ,0.31089 ,0.03678 ,0.50852 ,0.03587 
0.30041 ,0.03529 ,0.28216 ,0.03678 ,0.49586 ,0.03587 
0.15207 ,0.03529 ,0.21815 ,0.03678 ,0.57025 ,0.03588 
0.10380 ,0.03529 ,0.22993 ,0.03678 ,0.58581 ,0.03588 
0.20952 ,0.03530 ,0.37100 ,0.03678 ,0.56786 ,0.03588 
0.26908 ,0.03530 ,0.29452 ,0.03678 ,0.69371 ,0.03588 
0.35369 ,0.03530 ,0.30378 ,0.03678 ,0.60084 ,0.03588 
0.15536 ,0.03530 ,0.38676 ,0.03678 ,0.55645 ,0.03588 
0.30491 ,0.03530 ,0.38010 ,0.03678 ,0.63288 ,0.03588 
0.08404 ,0.03530 ,0.36460 ,0.03678 ,0.54538 ,0.03588 
0.16788 ,0.03530 ,0.25662 ,0.03678 ,0.60616 ,0.03589 
0.17644 ,0.03530 ,0.20843 ,0.03678 ,0.54662 ,0.03589 
0.22870 ,0.03530 ,0.27123 ,0.03678 ,0.52640 ,0.03589 
0.35311 ,0.03530 ,0.28431 ,0.03678 ,0.51381 ,0.03589 
0.08640 ,0.03530 ,0.37730 ,0.03678 ,0.58000 ,0.03589 
0.10306 ,0.03530 ,0.27722 ,0.03678 ,0.59672 ,0.03589 
0.18307 ,0.03530 ,0.47869 ,0.03678 ,0.51756 ,0.03589 
0.12190 ,0.03530 ,0.38654 ,0.03678 ,0.52598 ,0.03589 
0.26999 ,0.03530 ,0.29712 ,0.03678 ,0.60051 ,0.03589 
0.16637 ,0.03530 ,0.23352 ,0.03679 ,0.54210 ,0.03589 
0.04335 ,0.03531 ,0.26980 ,0.03679 ,0.59994 ,0.03589 
0.22570 ,0.03531 ,0.22998 ,0.03679 ,0.58022 ,0.03589 
0.14511 ,0.03531 ,0.27039 ,0.03679 ,0.56929 ,0.03589 
0.08667 ,0.03531 ,0.24793 ,0.03679 ,0.67112 ,0.03590 
0.03195 ,0.03531 ,0.27072 ,0.03679 ,0.60562 ,0.03590 
0.17110 ,0.03531 ,0.26240 ,0.03679 ,0.53679 ,0.03590 
0.26543 ,0.03531 ,0.30119 ,0.03679 ,0.54724 ,0.03590 
0.39500 ,0.03531 ,0.24268 ,0.03679 ,0.51467 ,0.03590 
0.27009 ,0.03531 ,0.21930 ,0.03679 ,0.58715 ,0.03590 
0.05654 ,0.03531 ,0.29786 ,0.03679 ,0.49154 ,0.03590 
0.15798 ,0.03531 ,0.28171 ,0.03679 ,0.73121 ,0.03590 
0.26138 ,0.03531 ,0.27657 ,0.03680 ,0.49083 ,0.03590 
0.07710 ,0.03532 ,0.42689 ,0.03680 ,0.51399 ,0.03590 
0.13949 ,0.03532 ,0.38780 ,0.03680 ,0.54905 ,0.03590 
0.22045 ,0.03532 ,0.25534 ,0.03680 ,0.56372 ,0.03590 
0.10834 ,0.03532 ,0.28700 ,0.03680 ,0.79025 ,0.03590 
0.17120 ,0.03532 ,0.23125 ,0.03680 ,0.56400 ,0.03590 
0.07945 ,0.03532 ,0.38365 ,0.03680 ,0.68963 ,0.03591 
0.12059 ,0.03532 ,0.26405 ,0.03680 ,0.50602 ,0.03591 
0.28874 ,0.03532 ,0.23073 ,0.03680 ,0.59971 ,0.03591 
0.27291 ,0.03532 ,0.33998 ,0.03680 ,0.57436 ,0.03591 
0.09049 ,0.03532 ,0.20037 ,0.03680 ,0.81247 ,0.03591 
0.12291 ,0.03532 ,0.30741 ,0.03680 ,0.55932 ,0.03591 
0.09428 ,0.03532 ,0.38631 ,0.03680 ,0.52383 ,0.03591 
0.07485 ,0.03532 ,0.21791 ,0.03680 ,0.58607 ,0.03591 
0.05825 ,0.03532 ,0.26187 ,0.03680 ,0.49667 ,0.03592 
0.22871 ,0.03532 ,0.42585 ,0.03680 ,0.52763 ,0.03592 
0.23857 ,0.03532 ,0.32230 ,0.03681 ,0.66364 ,0.03592 
0.15240 ,0.03533 ,0.27484 ,0.03681 ,0.56624 ,0.03592 
0.25058 ,0.03533 ,0.22269 ,0.03681 ,0.50459 ,0.03592 
0.11812 ,0.03533 ,0.38573 ,0.03681 ,0.54059 ,0.03592 
0.21833 ,0.03533 ,0.25805 ,0.03681 ,0.59824 ,0.03592 
0.18712 ,0.03533 ,0.30959 ,0.03681 ,0.50966 ,0.03592 
0.08739 ,0.03533 ,0.37188 ,0.03681 ,0.58263 ,0.03592 
0.14249 ,0.03533 ,0.22604 ,0.03681 ,0.48473 ,0.03592 
0.03391 ,0.03533 ,0.27332 ,0.03681 ,0.62537 ,0.03592 
0.35235 ,0.03533 ,0.43109 ,0.03681 ,0.57031 ,0.03592 
0.36462 ,0.03533 ,0.26633 ,0.03681 ,0.66082 ,0.03592 
