"S(-7,5)","S_NAG(-7,5)"
-0.09337 ,0.00499 
-0.17951 ,0.00580 
-0.09816 ,0.00595 
-0.17134 ,0.00641 
-0.16556 ,0.00799 
-0.09545 ,0.00802 
-0.16820 ,0.00807 
-0.17825 ,0.00810 
-0.16623 ,0.00821 
-0.09373 ,0.00828 
-0.16548 ,0.00832 
-0.09277 ,0.00837 
-0.17211 ,0.00837 
-0.18513 ,0.00862 
-0.17031 ,0.00865 
-0.09831 ,0.00890 
-0.17106 ,0.00919 
-0.18683 ,0.00923 
-0.17656 ,0.00925 
-0.10286 ,0.00929 
-0.09555 ,0.00929 
-0.17539 ,0.00932 
-0.16344 ,0.00939 
-0.19397 ,0.00954 
-0.17190 ,0.00959 
-0.17317 ,0.00970 
-0.16555 ,0.00989 
-0.09084 ,0.01012 
-0.10613 ,0.01016 
-0.16556 ,0.01018 
-0.17149 ,0.01019 
-0.17667 ,0.01026 
-0.16814 ,0.01033 
0.02270 ,0.01036 
-0.16255 ,0.01040 
-0.16466 ,0.01040 
-0.16387 ,0.01049 
-0.09794 ,0.01052 
0.01735 ,0.01053 
-0.18563 ,0.01053 
-0.15744 ,0.01056 
-0.15955 ,0.01057 
-0.16854 ,0.01061 
-0.17199 ,0.01073 
-0.08993 ,0.01073 
-0.10463 ,0.01074 
-0.09460 ,0.01084 
-0.16436 ,0.01088 
-0.08629 ,0.01092 
-0.09843 ,0.01093 
-0.09891 ,0.01108 
-0.16938 ,0.01114 
-0.17342 ,0.01114 
-0.18961 ,0.01116 
-0.16045 ,0.01116 
-0.16116 ,0.01121 
-0.18764 ,0.01127 
-0.08984 ,0.01132 
-0.15879 ,0.01134 
-0.09766 ,0.01136 
-0.08687 ,0.01140 
-0.08537 ,0.01142 
-0.16682 ,0.01153 
-0.16873 ,0.01156 
-0.18411 ,0.01161 
-0.08722 ,0.01165 
-0.17550 ,0.01176 
-0.18366 ,0.01178 
-0.18798 ,0.01183 
-0.18005 ,0.01185 
-0.16667 ,0.01197 
-0.09601 ,0.01197 
-0.15925 ,0.01203 
-0.10254 ,0.01206 
-0.10388 ,0.01221 
-0.09227 ,0.01223 
-0.16089 ,0.01223 
-0.18967 ,0.01228 
-0.17298 ,0.01232 
-0.17692 ,0.01240 
-0.17062 ,0.01240 
-0.16587 ,0.01245 
-0.09135 ,0.01247 
0.02537 ,0.01248 
-0.17279 ,0.01255 
-0.10104 ,0.01256 
-0.17953 ,0.01259 
-0.09781 ,0.01259 
-0.08837 ,0.01260 
-0.16182 ,0.01260 
-0.17136 ,0.01262 
0.02002 ,0.01262 
-0.08329 ,0.01266 
0.01407 ,0.01268 
0.02904 ,0.01268 
-0.10238 ,0.01270 
-0.17903 ,0.01278 
-0.17699 ,0.01278 
0.02369 ,0.01282 
-0.08569 ,0.01282 
-0.09463 ,0.01288 
0.01177 ,0.01291 
-0.09089 ,0.01291 
-0.16807 ,0.01294 
-0.19099 ,0.01296 
-0.09400 ,0.01297 
-0.17363 ,0.01297 
-0.08064 ,0.01305 
-0.16644 ,0.01306 
-0.16342 ,0.01309 
-0.15766 ,0.01312 
-0.15977 ,0.01313 
-0.16493 ,0.01317 
0.00944 ,0.01323 
-0.09343 ,0.01332 
0.03735 ,0.01332 
-0.10153 ,0.01333 
-0.16215 ,0.01335 
-0.14863 ,0.01336 
-0.19268 ,0.01337 
-0.16496 ,0.01338 
-0.09062 ,0.01338 
-0.10236 ,0.01341 
-0.09506 ,0.01342 
-0.15584 ,0.01342 
-0.18294 ,0.01345 
0.03200 ,0.01345 
-0.08284 ,0.01347 
-0.17079 ,0.01350 
-0.16278 ,0.01351 
-0.15681 ,0.01353 
-0.16704 ,0.01354 
-0.16874 ,0.01354 
-0.17145 ,0.01356 
-0.17808 ,0.01359 
-0.19983 ,0.01359 
-0.15671 ,0.01361 
-0.16604 ,0.01364 
-0.15950 ,0.01365 
-0.09193 ,0.01366 
-0.08994 ,0.01367 
-0.16999 ,0.01368 
-0.09616 ,0.01372 
-0.16229 ,0.01379 
-0.16356 ,0.01386 
-0.15211 ,0.01392 
-0.15422 ,0.01392 
-0.10064 ,0.01392 
-0.09112 ,0.01392 
-0.10071 ,0.01393 
-0.09341 ,0.01394 
-0.15646 ,0.01394 
-0.08733 ,0.01395 
-0.09038 ,0.01395 
-0.17211 ,0.01398 
-0.10131 ,0.01399 
-0.09136 ,0.01403 
-0.15287 ,0.01403 
0.03047 ,0.01405 
-0.18168 ,0.01408 
-0.17360 ,0.01409 
-0.07856 ,0.01414 
-0.17242 ,0.01415 
-0.17042 ,0.01416 
-0.19248 ,0.01416 
0.02512 ,0.01418 
-0.08894 ,0.01420 
-0.18364 ,0.01421 
0.03099 ,0.01422 
-0.17459 ,0.01424 
0.02041 ,0.01426 
0.03177 ,0.01426 
-0.16669 ,0.01427 
-0.17921 ,0.01429 
-0.19682 ,0.01433 
-0.17127 ,0.01433 
-0.09913 ,0.01436 
-0.15512 ,0.01438 
-0.09046 ,0.01440 
-0.15529 ,0.01440 
-0.09980 ,0.01442 
-0.16298 ,0.01444 
0.01674 ,0.01446 
0.01811 ,0.01447 
-0.08634 ,0.01448 
-0.08899 ,0.01451 
-0.17144 ,0.01452 
-0.17412 ,0.01453 
-0.16473 ,0.01453 
-0.18268 ,0.01455 
-0.17836 ,0.01455 
0.01660 ,0.01456 
-0.18533 ,0.01458 
-0.09681 ,0.01460 
-0.17340 ,0.01462 
-0.17574 ,0.01464 
0.01444 ,0.01467 
-0.15939 ,0.01470 
-0.09063 ,0.01470 
-0.17968 ,0.01473 
-0.16467 ,0.01481 
-0.16230 ,0.01485 
-0.16110 ,0.01489 
-0.09493 ,0.01491 
0.04564 ,0.01492 
0.01211 ,0.01495 
0.04642 ,0.01496 
-0.07979 ,0.01498 
-0.15074 ,0.01498 
-0.10099 ,0.01504 
-0.16841 ,0.01506 
-0.15392 ,0.01506 
-0.16100 ,0.01506 
-0.18539 ,0.01509 
-0.16390 ,0.01509 
-0.09241 ,0.01509 
-0.17290 ,0.01511 
0.01578 ,0.01512 
-0.15808 ,0.01512 
-0.15775 ,0.01517 
-0.18444 ,0.01517 
-0.19291 ,0.01518 
-0.15810 ,0.01520 
-0.16031 ,0.01521 
-0.17406 ,0.01523 
0.03126 ,0.01524 
-0.09009 ,0.01525 
-0.08209 ,0.01526 
-0.08946 ,0.01526 
0.03087 ,0.01526 
-0.15928 ,0.01531 
-0.16139 ,0.01531 
-0.16657 ,0.01532 
-0.15242 ,0.01533 
0.02093 ,0.01533 
-0.17859 ,0.01534 
-0.07444 ,0.01536 
-0.18603 ,0.01536 
-0.16412 ,0.01537 
-0.09211 ,0.01538 
0.02552 ,0.01538 
-0.17072 ,0.01541 
-0.09464 ,0.01542 
-0.08789 ,0.01543 
-0.08801 ,0.01543 
-0.09144 ,0.01547 
-0.15741 ,0.01548 
-0.07109 ,0.01550 
-0.16021 ,0.01551 
-0.09293 ,0.01554 
0.03876 ,0.01558 
-0.16311 ,0.01558 
-0.08367 ,0.01560 
-0.15318 ,0.01560 
0.03954 ,0.01562 
-0.08519 ,0.01562 
-0.16109 ,0.01564 
0.02409 ,0.01565 
-0.16187 ,0.01568 
-0.16810 ,0.01570 
-0.17746 ,0.01572 
-0.14706 ,0.01573 
-0.15848 ,0.01573 
-0.15947 ,0.01574 
-0.16428 ,0.01576 
0.05314 ,0.01580 
-0.16135 ,0.01581 
-0.18007 ,0.01582 
0.03366 ,0.01583 
0.03443 ,0.01587 
0.04779 ,0.01588 
0.02437 ,0.01589 
-0.16901 ,0.01589 
0.03960 ,0.01589 
-0.09364 ,0.01589 
-0.15298 ,0.01594 
0.03425 ,0.01597 
-0.17450 ,0.01600 
-0.09741 ,0.01602 
-0.08519 ,0.01603 
-0.17752 ,0.01606 
-0.08909 ,0.01607 
-0.16301 ,0.01609 
-0.08959 ,0.01611 
-0.08921 ,0.01611 
-0.09039 ,0.01614 
0.01927 ,0.01614 
-0.15977 ,0.01615 
-0.08462 ,0.01615 
-0.15976 ,0.01616 
-0.15408 ,0.01618 
-0.18118 ,0.01619 
-0.07778 ,0.01620 
-0.16845 ,0.01621 
-0.16260 ,0.01623 
-0.16292 ,0.01624 
-0.16441 ,0.01627 
-0.18123 ,0.01628 
0.01721 ,0.01628 
-0.07679 ,0.01629 
-0.18126 ,0.01629 
-0.09517 ,0.01633 
-0.08860 ,0.01633 
-0.15138 ,0.01635 
0.02873 ,0.01639 
-0.09008 ,0.01640 
-0.15865 ,0.01640 
-0.07434 ,0.01641 
-0.09271 ,0.01641 
0.03733 ,0.01643 
-0.09671 ,0.01643 
-0.15862 ,0.01645 
-0.09293 ,0.01646 
0.03811 ,0.01647 
-0.16446 ,0.01648 
-0.16408 ,0.01649 
-0.16476 ,0.01649 
-0.16434 ,0.01649 
-0.09362 ,0.01652 
-0.16465 ,0.01653 
-0.08354 ,0.01654 
-0.09604 ,0.01655 
-0.08713 ,0.01655 
-0.09185 ,0.01656 
-0.08646 ,0.01656 
-0.16019 ,0.01657 
-0.17276 ,0.01657 
-0.07435 ,0.01657 
-0.17713 ,0.01657 
-0.08849 ,0.01657 
0.02642 ,0.01657 
-0.08874 ,0.01657 
-0.08267 ,0.01659 
0.03988 ,0.01660 
0.02224 ,0.01660 
-0.17664 ,0.01661 
-0.16140 ,0.01666 
-0.08249 ,0.01666 
-0.17267 ,0.01666 
-0.16199 ,0.01666 
0.02727 ,0.01666 
-0.17910 ,0.01667 
0.02634 ,0.01668 
-0.17862 ,0.01669 
0.02294 ,0.01672 
-0.08584 ,0.01674 
-0.08551 ,0.01677 
0.01994 ,0.01678 
-0.16278 ,0.01678 
-0.16575 ,0.01679 
-0.08055 ,0.01680 
-0.18730 ,0.01683 
0.02359 ,0.01684 
-0.16102 ,0.01684 
-0.16074 ,0.01685 
-0.08484 ,0.01685 
-0.16415 ,0.01686 
-0.15855 ,0.01689 
-0.15072 ,0.01689 
-0.09128 ,0.01689 
-0.15862 ,0.01689 
-0.09161 ,0.01690 
-0.08809 ,0.01690 
-0.16939 ,0.01691 
-0.08968 ,0.01692 
-0.08246 ,0.01692 
-0.09454 ,0.01692 
-0.09350 ,0.01693 
-0.07369 ,0.01695 
-0.15243 ,0.01697 
-0.15693 ,0.01698 
-0.16310 ,0.01698 
-0.15703 ,0.01698 
0.02184 ,0.01699 
-0.16367 ,0.01701 
-0.18031 ,0.01701 
0.01526 ,0.01703 
-0.08168 ,0.01703 
-0.15427 ,0.01705 
-0.18284 ,0.01706 
-0.15501 ,0.01706 
-0.16067 ,0.01707 
-0.08098 ,0.01708 
-0.09631 ,0.01710 
-0.14554 ,0.01711 
0.02442 ,0.01711 
-0.15720 ,0.01712 
-0.14917 ,0.01713 
-0.16495 ,0.01713 
-0.16364 ,0.01714 
-0.18920 ,0.01714 
-0.16639 ,0.01716 
-0.17294 ,0.01717 
-0.16305 ,0.01717 
0.01954 ,0.01717 
-0.18037 ,0.01718 
-0.19575 ,0.01721 
-0.16496 ,0.01721 
-0.16529 ,0.01722 
0.04100 ,0.01723 
-0.16874 ,0.01723 
-0.16841 ,0.01726 
-0.08799 ,0.01728 
-0.07961 ,0.01730 
-0.14897 ,0.01730 
-0.08847 ,0.01732 
0.03565 ,0.01734 
0.01761 ,0.01734 
-0.15050 ,0.01736 
-0.08539 ,0.01736 
-0.07739 ,0.01736 
-0.08269 ,0.01737 
-0.06838 ,0.01739 
-0.18257 ,0.01741 
-0.16009 ,0.01742 
-0.16701 ,0.01743 
-0.07206 ,0.01747 
-0.08871 ,0.01747 
-0.08809 ,0.01747 
-0.18059 ,0.01748 
-0.18206 ,0.01749 
-0.15938 ,0.01753 
-0.15833 ,0.01753 
-0.18880 ,0.01756 
0.01994 ,0.01757 
-0.16243 ,0.01758 
-0.16549 ,0.01758 
-0.17181 ,0.01759 
-0.08443 ,0.01760 
-0.15857 ,0.01761 
-0.14803 ,0.01761 
-0.15016 ,0.01761 
-0.08732 ,0.01762 
-0.08355 ,0.01762 
-0.14385 ,0.01762 
-0.09928 ,0.01764 
-0.07107 ,0.01764 
0.01459 ,0.01764 
-0.16294 ,0.01765 
-0.17507 ,0.01765 
-0.08405 ,0.01766 
-0.08468 ,0.01768 
-0.16132 ,0.01768 
-0.08926 ,0.01769 
0.01793 ,0.01769 
-0.17815 ,0.01770 
-0.18440 ,0.01772 
-0.06962 ,0.01773 
-0.09011 ,0.01775 
-0.16489 ,0.01776 
0.02708 ,0.01777 
-0.17949 ,0.01778 
0.04356 ,0.01778 
-0.08476 ,0.01782 
-0.17265 ,0.01783 
-0.15170 ,0.01784 
0.05422 ,0.01784 
-0.15489 ,0.01785 
-0.08306 ,0.01786 
-0.08366 ,0.01786 
0.05500 ,0.01787 
-0.15035 ,0.01788 
-0.17509 ,0.01790 
-0.07954 ,0.01792 
-0.15465 ,0.01793 
-0.17875 ,0.01794 
-0.07582 ,0.01794 
-0.09466 ,0.01795 
-0.17167 ,0.01795 
0.03492 ,0.01795 
-0.17092 ,0.01796 
-0.16181 ,0.01799 
0.04593 ,0.01799 
-0.19876 ,0.01800 
-0.15680 ,0.01801 
-0.12674 ,0.01802 
-0.18609 ,0.01803 
-0.08260 ,0.01803 
0.04407 ,0.01803 
-0.16438 ,0.01803 
-0.11795 ,0.01806 
-0.12006 ,0.01806 
-0.08439 ,0.01808 
-0.16958 ,0.01809 
0.04059 ,0.01809 
0.03984 ,0.01811 
-0.08341 ,0.01811 
-0.07759 ,0.01811 
-0.08520 ,0.01813 
0.05873 ,0.01817 
-0.08502 ,0.01818 
-0.08099 ,0.01818 
-0.15432 ,0.01818 
-0.17189 ,0.01819 
-0.16030 ,0.01820 
-0.15564 ,0.01821 
0.02261 ,0.01821 
-0.08446 ,0.01823 
-0.17237 ,0.01824 
0.01756 ,0.01827 
-0.13338 ,0.01827 
0.01726 ,0.01828 
-0.18708 ,0.01828 
0.00668 ,0.01829 
-0.16514 ,0.01831 
-0.15635 ,0.01832 
-0.17563 ,0.01833 
-0.15779 ,0.01833 
-0.16426 ,0.01833 
-0.11561 ,0.01834 
0.05795 ,0.01835 
-0.06175 ,0.01836 
-0.09803 ,0.01836 
-0.14458 ,0.01836 
-0.06092 ,0.01837 
-0.08369 ,0.01839 
-0.18692 ,0.01839 
-0.18117 ,0.01840 
-0.14765 ,0.01841 
0.05134 ,0.01841 
-0.16929 ,0.01842 
0.02197 ,0.01844 
-0.15821 ,0.01844 
-0.15102 ,0.01845 
-0.07406 ,0.01845 
-0.16673 ,0.01847 
-0.07796 ,0.01848 
-0.16826 ,0.01848 
-0.07996 ,0.01848 
0.04599 ,0.01848 
0.03271 ,0.01848 
-0.07453 ,0.01849 
0.03916 ,0.01849 
-0.14942 ,0.01851 
-0.07589 ,0.01851 
-0.17005 ,0.01851 
-0.09671 ,0.01851 
-0.16324 ,0.01851 
0.03112 ,0.01851 
0.03558 ,0.01852 
-0.15850 ,0.01853 
0.03994 ,0.01853 
-0.08421 ,0.01854 
0.02736 ,0.01855 
-0.09079 ,0.01856 
-0.08000 ,0.01859 
-0.16558 ,0.01861 
-0.15339 ,0.01862 
-0.17679 ,0.01863 
-0.16672 ,0.01865 
-0.14619 ,0.01865 
-0.08996 ,0.01865 
-0.15081 ,0.01868 
-0.16400 ,0.01870 
0.02910 ,0.01870 
-0.16360 ,0.01871 
-0.08811 ,0.01872 
0.03237 ,0.01872 
-0.16161 ,0.01874 
-0.17291 ,0.01874 
-0.08725 ,0.01875 
-0.17463 ,0.01875 
0.02477 ,0.01876 
-0.07182 ,0.01876 
-0.07961 ,0.01876 
-0.05800 ,0.01876 
-0.14954 ,0.01877 
-0.17523 ,0.01877 
-0.17451 ,0.01877 
-0.19316 ,0.01877 
-0.16712 ,0.01879 
-0.08872 ,0.01879 
-0.09457 ,0.01880 
-0.06850 ,0.01880 
-0.09408 ,0.01881 
-0.06682 ,0.01882 
-0.07521 ,0.01883 
-0.09521 ,0.01884 
-0.06899 ,0.01886 
-0.09603 ,0.01886 
-0.09268 ,0.01886 
-0.16760 ,0.01887 
-0.16769 ,0.01887 
-0.18020 ,0.01888 
0.03007 ,0.01888 
0.02023 ,0.01889 
-0.16907 ,0.01890 
0.00935 ,0.01891 
-0.14942 ,0.01891 
-0.19141 ,0.01892 
-0.12585 ,0.01893 
0.03002 ,0.01893 
-0.08129 ,0.01894 
-0.04495 ,0.01894 
-0.09035 ,0.01895 
-0.16931 ,0.01895 
-0.17589 ,0.01895 
-0.17434 ,0.01896 
-0.09949 ,0.01897 
-0.12371 ,0.01898 
-0.14510 ,0.01898 
-0.17012 ,0.01899 
-0.16791 ,0.01899 
-0.08510 ,0.01900 
-0.14769 ,0.01900 
-0.12843 ,0.01901 
-0.08570 ,0.01901 
-0.14962 ,0.01902 
-0.11918 ,0.01902 
-0.09091 ,0.01902 
-0.16169 ,0.01902 
-0.14726 ,0.01905 
0.02870 ,0.01905 
-0.08767 ,0.01906 
-0.07515 ,0.01909 
-0.15577 ,0.01909 
0.02774 ,0.01910 
-0.17075 ,0.01910 
-0.15002 ,0.01910 
0.03808 ,0.01910 
-0.15113 ,0.01911 
-0.15591 ,0.01911 
-0.14824 ,0.01912 
-0.07986 ,0.01912 
0.03722 ,0.01913 
-0.10241 ,0.01914 
-0.14692 ,0.01914 
-0.16327 ,0.01916 
0.01945 ,0.01917 
-0.08707 ,0.01917 
-0.15127 ,0.01917 
-0.15188 ,0.01918 
-0.07286 ,0.01918 
-0.15662 ,0.01920 
0.03656 ,0.01923 
-0.16563 ,0.01923 
-0.17100 ,0.01923 
-0.15651 ,0.01923 
-0.10067 ,0.01924 
-0.14740 ,0.01926 
-0.07197 ,0.01926 
-0.15988 ,0.01927 
-0.07752 ,0.01930 
-0.14655 ,0.01930 
0.04518 ,0.01931 
-0.17287 ,0.01931 
-0.17760 ,0.01933 
0.03280 ,0.01933 
-0.15061 ,0.01935 
-0.15213 ,0.01935 
-0.08785 ,0.01936 
-0.16291 ,0.01936 
-0.15802 ,0.01936 
-0.15521 ,0.01937 
-0.06255 ,0.01937 
-0.07214 ,0.01939 
-0.15735 ,0.01939 
-0.14801 ,0.01941 
-0.07603 ,0.01944 
-0.09617 ,0.01944 
-0.17863 ,0.01945 
-0.08784 ,0.01945 
-0.17024 ,0.01946 
-0.16041 ,0.01946 
-0.16574 ,0.01946 
-0.14712 ,0.01947 
-0.09147 ,0.01947 
-0.16337 ,0.01947 
0.04326 ,0.01947 
0.04440 ,0.01947 
-0.14199 ,0.01948 
-0.08760 ,0.01948 
-0.14852 ,0.01948 
-0.07532 ,0.01948 
-0.19323 ,0.01948 
-0.18746 ,0.01948 
-0.06733 ,0.01948 
0.03049 ,0.01949 
-0.14988 ,0.01949 
-0.12146 ,0.01950 
-0.08219 ,0.01952 
-0.06784 ,0.01953 
-0.15460 ,0.01954 
0.03311 ,0.01954 
-0.08770 ,0.01954 
-0.16157 ,0.01955 
-0.12468 ,0.01955 
-0.12717 ,0.01957 
-0.16843 ,0.01957 
-0.15291 ,0.01957 
-0.16050 ,0.01957 
-0.14804 ,0.01958 
-0.16214 ,0.01958 
0.02427 ,0.01958 
-0.14695 ,0.01959 
-0.06919 ,0.01959 
-0.09182 ,0.01959 
0.06304 ,0.01960 
0.02776 ,0.01963 
-0.17140 ,0.01963 
-0.15332 ,0.01963 
-0.07716 ,0.01965 
0.05769 ,0.01966 
-0.14462 ,0.01967 
-0.15650 ,0.01967 
-0.14453 ,0.01967 
-0.14664 ,0.01968 
-0.15402 ,0.01968 
-0.14148 ,0.01969 
-0.15587 ,0.01969 
-0.17216 ,0.01971 
-0.16284 ,0.01973 
-0.16439 ,0.01973 
-0.15882 ,0.01974 
-0.08611 ,0.01975 
-0.12441 ,0.01976 
-0.15497 ,0.01976 
-0.08266 ,0.01977 
-0.07399 ,0.01977 
-0.17105 ,0.01977 
-0.09312 ,0.01978 
0.03268 ,0.01978 
-0.07668 ,0.01979 
-0.14216 ,0.01979 
-0.09621 ,0.01979 
0.04929 ,0.01979 
-0.14459 ,0.01980 
-0.07198 ,0.01981 
0.03922 ,0.01981 
-0.08289 ,0.01982 
-0.11181 ,0.01982 
-0.08337 ,0.01982 
-0.16088 ,0.01982 
0.05007 ,0.01983 
-0.16732 ,0.01983 
-0.08809 ,0.01983 
-0.08797 ,0.01984 
-0.14790 ,0.01984 
-0.06581 ,0.01984 
-0.08595 ,0.01984 
0.03092 ,0.01986 
-0.07691 ,0.01988 
-0.15309 ,0.01990 
-0.06143 ,0.01990 
-0.14462 ,0.01990 
-0.16961 ,0.01991 
0.04007 ,0.01993 
-0.09159 ,0.01993 
-0.14852 ,0.01993 
-0.15894 ,0.01994 
0.05242 ,0.01994 
-0.08327 ,0.01994 
-0.07829 ,0.01995 
0.05320 ,0.01997 
-0.09349 ,0.01997 
-0.10505 ,0.01998 
-0.12958 ,0.01999 
-0.06958 ,0.01999 
-0.07369 ,0.02001 
-0.08944 ,0.02002 
-0.08710 ,0.02002 
0.03490 ,0.02004 
-0.16001 ,0.02004 
-0.15433 ,0.02004 
-0.11976 ,0.02005 
-0.05102 ,0.02005 
-0.07997 ,0.02005 
-0.17205 ,0.02005 
-0.15421 ,0.02005 
0.02664 ,0.02006 
0.04413 ,0.02008 
-0.05725 ,0.02009 
-0.08149 ,0.02009 
-0.14932 ,0.02009 
-0.14977 ,0.02010 
-0.09471 ,0.02010 
-0.07734 ,0.02011 
-0.16634 ,0.02011 
0.02129 ,0.02012 
-0.05323 ,0.02012 
-0.07433 ,0.02013 
-0.18093 ,0.02013 
-0.17071 ,0.02013 
0.04176 ,0.02013 
-0.14963 ,0.02014 
-0.07697 ,0.02015 
-0.14300 ,0.02015 
-0.17282 ,0.02015 
0.03878 ,0.02016 
0.03803 ,0.02018 
-0.16022 ,0.02018 
-0.15360 ,0.02018 
-0.08404 ,0.02018 
-0.11825 ,0.02019 
-0.08632 ,0.02019 
-0.16874 ,0.02019 
0.04846 ,0.02020 
-0.08025 ,0.02020 
-0.14444 ,0.02022 
-0.07478 ,0.02022 
-0.15004 ,0.02024 
-0.14759 ,0.02025 
0.04978 ,0.02025 
-0.08221 ,0.02025 
-0.16701 ,0.02026 
-0.08054 ,0.02026 
-0.17093 ,0.02027 
0.05762 ,0.02027 
0.02803 ,0.02028 
-0.15035 ,0.02029 
-0.16183 ,0.02029 
0.04910 ,0.02029 
-0.08980 ,0.02030 
-0.16462 ,0.02031 
-0.13645 ,0.02031 
-0.07905 ,0.02032 
-0.15728 ,0.02033 
-0.07598 ,0.02033 
-0.07465 ,0.02034 
-0.14802 ,0.02034 
-0.13620 ,0.02034 
0.06672 ,0.02034 
0.05221 ,0.02034 
0.03719 ,0.02035 
-0.13281 ,0.02035 
-0.17898 ,0.02035 
-0.16578 ,0.02036 
-0.13365 ,0.02037 
-0.09608 ,0.02037 
-0.07333 ,0.02038 
-0.07694 ,0.02038 
-0.16514 ,0.02039 
-0.06731 ,0.02039 
-0.04978 ,0.02039 
-0.13667 ,0.02040 
0.06138 ,0.02040 
-0.17062 ,0.02041 
-0.07206 ,0.02042 
-0.14601 ,0.02042 
0.04142 ,0.02043 
-0.08577 ,0.02044 
-0.14431 ,0.02045 
-0.09642 ,0.02046 
-0.16986 ,0.02047 
-0.16589 ,0.02047 
-0.13840 ,0.02047 
-0.09886 ,0.02047 
-0.05038 ,0.02048 
0.05692 ,0.02048 
-0.07448 ,0.02050 
-0.14646 ,0.02051 
-0.08525 ,0.02051 
-0.15283 ,0.02051 
-0.07746 ,0.02051 
-0.06048 ,0.02052 
0.03607 ,0.02052 
-0.06887 ,0.02052 
-0.17358 ,0.02052 
0.05581 ,0.02052 
-0.18109 ,0.02053 
-0.09023 ,0.02053 
-0.14067 ,0.02054 
-0.16137 ,0.02055 
-0.11621 ,0.02055 
-0.14932 ,0.02055 
-0.15824 ,0.02056 
-0.14933 ,0.02057 
-0.07543 ,0.02057 
-0.12411 ,0.02057 
-0.07926 ,0.02057 
-0.16964 ,0.02057 
-0.16393 ,0.02058 
-0.13852 ,0.02058 
-0.07663 ,0.02059 
-0.15235 ,0.02059 
-0.06205 ,0.02060 
0.03923 ,0.02061 
-0.06914 ,0.02061 
-0.08502 ,0.02062 
-0.06357 ,0.02063 
-0.08830 ,0.02063 
-0.13067 ,0.02063 
-0.17792 ,0.02063 
-0.15767 ,0.02064 
0.05614 ,0.02064 
-0.06942 ,0.02064 
-0.07782 ,0.02065 
-0.18675 ,0.02065 
-0.16683 ,0.02065 
-0.14929 ,0.02066 
-0.16130 ,0.02066 
0.04140 ,0.02066 
-0.15482 ,0.02066 
-0.16559 ,0.02067 
-0.05910 ,0.02067 
-0.14998 ,0.02067 
-0.17591 ,0.02067 
-0.15913 ,0.02068 
-0.14005 ,0.02068 
-0.16124 ,0.02068 
-0.07897 ,0.02068 
0.05346 ,0.02069 
-0.14229 ,0.02069 
0.01338 ,0.02069 
-0.11290 ,0.02069 
0.04218 ,0.02069 
-0.08522 ,0.02070 
-0.11801 ,0.02071 
-0.14120 ,0.02071 
-0.14805 ,0.02071 
-0.14331 ,0.02071 
-0.08761 ,0.02073 
-0.14283 ,0.02074 
0.03053 ,0.02074 
-0.15494 ,0.02074 
-0.11004 ,0.02075 
-0.14243 ,0.02075 
-0.14417 ,0.02076 
-0.09492 ,0.02076 
-0.13157 ,0.02076 
-0.06188 ,0.02076 
-0.13900 ,0.02077 
0.03744 ,0.02077 
-0.14899 ,0.02077 
-0.12635 ,0.02077 
-0.15456 ,0.02077 
-0.08478 ,0.02077 
-0.16608 ,0.02078 
-0.14268 ,0.02078 
-0.03166 ,0.02078 
-0.19278 ,0.02078 
-0.11832 ,0.02078 
0.03356 ,0.02078 
-0.02748 ,0.02080 
-0.16602 ,0.02080 
-0.16211 ,0.02080 
-0.09133 ,0.02081 
-0.15023 ,0.02081 
-0.15951 ,0.02081 
-0.15628 ,0.02082 
-0.16086 ,0.02082 
-0.14575 ,0.02082 
-0.16918 ,0.02083 
-0.07213 ,0.02083 
-0.05893 ,0.02083 
-0.16024 ,0.02084 
-0.17259 ,0.02085 
0.05177 ,0.02085 
-0.06215 ,0.02085 
0.04272 ,0.02085 
-0.18639 ,0.02085 
0.03209 ,0.02085 
-0.14228 ,0.02086 
-0.07055 ,0.02086 
-0.18529 ,0.02086 
-0.16581 ,0.02087 
-0.08450 ,0.02088 
-0.00849 ,0.02089 
-0.15831 ,0.02089 
0.02701 ,0.02090 
-0.13527 ,0.02090 
-0.07770 ,0.02091 
-0.07987 ,0.02091 
-0.06822 ,0.02091 
-0.18844 ,0.02091 
0.02380 ,0.02092 
-0.16314 ,0.02092 
-0.16094 ,0.02092 
-0.14972 ,0.02093 
0.03322 ,0.02093 
-0.15774 ,0.02094 
-0.12968 ,0.02095 
-0.14910 ,0.02095 
-0.14008 ,0.02096 
-0.16673 ,0.02096 
-0.07604 ,0.02096 
-0.17879 ,0.02096 
0.05347 ,0.02096 
-0.05846 ,0.02097 
-0.08739 ,0.02097 
-0.08457 ,0.02098 
-0.12328 ,0.02099 
0.03295 ,0.02099 
-0.15291 ,0.02099 
-0.15522 ,0.02100 
-0.16910 ,0.02101 
0.05344 ,0.02101 
-0.07857 ,0.02101 
-0.15218 ,0.02102 
-0.07294 ,0.02102 
-0.15256 ,0.02102 
0.06290 ,0.02102 
0.04824 ,0.02102 
-0.15168 ,0.02102 
-0.09032 ,0.02102 
-0.11714 ,0.02102 
0.06863 ,0.02103 
-0.15861 ,0.02103 
-0.17405 ,0.02103 
-0.11722 ,0.02103 
-0.09325 ,0.02103 
-0.15799 ,0.02104 
-0.15851 ,0.02104 
-0.15205 ,0.02104 
-0.13817 ,0.02105 
-0.19559 ,0.02105 
0.04809 ,0.02106 
-0.06784 ,0.02107 
-0.14684 ,0.02107 
-0.16259 ,0.02107 
-0.04844 ,0.02107 
-0.15079 ,0.02107 
-0.15269 ,0.02108 
-0.07961 ,0.02109 
-0.06932 ,0.02109 
-0.15765 ,0.02109 
-0.14453 ,0.02109 
-0.07451 ,0.02110 
-0.13194 ,0.02110 
-0.15157 ,0.02110 
-0.14663 ,0.02111 
-0.12096 ,0.02111 
-0.06829 ,0.02112 
-0.08017 ,0.02112 
-0.09144 ,0.02113 
-0.09950 ,0.02113 
-0.07530 ,0.02114 
-0.06342 ,0.02115 
-0.07344 ,0.02115 
-0.17860 ,0.02115 
0.02313 ,0.02115 
-0.07985 ,0.02116 
-0.18543 ,0.02116 
0.03965 ,0.02116 
-0.14569 ,0.02117 
-0.12337 ,0.02118 
-0.06011 ,0.02118 
0.06785 ,0.02118 
-0.17714 ,0.02118 
-0.13414 ,0.02118 
-0.17557 ,0.02120 
-0.09279 ,0.02120 
0.01985 ,0.02120 
-0.17216 ,0.02121 
-0.15405 ,0.02122 
-0.07581 ,0.02122 
-0.07292 ,0.02123 
-0.06114 ,0.02123 
0.03824 ,0.02123 
-0.14792 ,0.02123 
-0.07197 ,0.02123 
-0.08841 ,0.02123 
-0.09820 ,0.02124 
-0.07839 ,0.02124 
-0.15099 ,0.02124 
-0.18814 ,0.02124 
-0.14148 ,0.02125 
0.05077 ,0.02125 
-0.17071 ,0.02125 
-0.13901 ,0.02126 
-0.07888 ,0.02126 
-0.14956 ,0.02127 
-0.15070 ,0.02127 
-0.18977 ,0.02127 
-0.04827 ,0.02128 
-0.15502 ,0.02128 
0.03289 ,0.02129 
-0.12153 ,0.02130 
0.03731 ,0.02130 
-0.03657 ,0.02130 
-0.15474 ,0.02130 
-0.08601 ,0.02131 
-0.06479 ,0.02131 
-0.09457 ,0.02131 
0.01036 ,0.02131 
-0.16428 ,0.02133 
-0.14549 ,0.02133 
0.03034 ,0.02133 
-0.13148 ,0.02134 
-0.07565 ,0.02134 
-0.10184 ,0.02135 
0.06476 ,0.02135 
0.03379 ,0.02136 
-0.11548 ,0.02136 
-0.15765 ,0.02137 
-0.05762 ,0.02138 
-0.08734 ,0.02138 
0.05715 ,0.02139 
-0.08771 ,0.02139 
-0.14569 ,0.02139 
-0.08059 ,0.02140 
-0.06104 ,0.02140 
-0.05184 ,0.02141 
-0.14401 ,0.02141 
0.05712 ,0.02141 
0.04247 ,0.02141 
-0.06392 ,0.02141 
-0.16478 ,0.02143 
0.03191 ,0.02143 
-0.08596 ,0.02143 
-0.07531 ,0.02144 
0.03501 ,0.02144 
-0.07666 ,0.02144 
-0.14399 ,0.02145 
-0.15020 ,0.02145 
-0.12851 ,0.02145 
-0.16114 ,0.02146 
-0.14624 ,0.02146 
-0.14992 ,0.02146 
-0.14470 ,0.02147 
-0.11126 ,0.02147 
-0.14295 ,0.02148 
-0.15465 ,0.02148 
-0.06418 ,0.02148 
-0.15212 ,0.02148 
-0.08720 ,0.02148 
-0.16404 ,0.02149 
-0.06881 ,0.02149 
-0.14112 ,0.02149 
0.03830 ,0.02149 
0.05601 ,0.02149 
0.04106 ,0.02149 
-0.11559 ,0.02150 
-0.15466 ,0.02150 
0.03149 ,0.02150 
-0.15986 ,0.02150 
-0.16639 ,0.02151 
-0.14634 ,0.02151 
-0.13648 ,0.02151 
0.03721 ,0.02152 
-0.06399 ,0.02153 
-0.06476 ,0.02153 
-0.08665 ,0.02154 
-0.13531 ,0.02154 
-0.13510 ,0.02154 
-0.11445 ,0.02154 
-0.07873 ,0.02154 
-0.15621 ,0.02154 
-0.14984 ,0.02155 
-0.08191 ,0.02155 
-0.17404 ,0.02155 
-0.03043 ,0.02155 
-0.18456 ,0.02156 
-0.16281 ,0.02157 
-0.07852 ,0.02157 
-0.14025 ,0.02157 
-0.15414 ,0.02157 
-0.13464 ,0.02158 
-0.07444 ,0.02159 
-0.09306 ,0.02160 
-0.08229 ,0.02160 
-0.16242 ,0.02160 
-0.15660 ,0.02160 
-0.17987 ,0.02160 
0.04018 ,0.02161 
0.03851 ,0.02162 
-0.08799 ,0.02162 
-0.16407 ,0.02162 
-0.07570 ,0.02163 
0.03752 ,0.02164 
-0.08735 ,0.02164 
0.02553 ,0.02164 
-0.16689 ,0.02165 
-0.06389 ,0.02165 
-0.15855 ,0.02165 
-0.06380 ,0.02165 
-0.14159 ,0.02166 
-0.13699 ,0.02166 
-0.05837 ,0.02166 
-0.15523 ,0.02167 
-0.15513 ,0.02167 
-0.15050 ,0.02167 
-0.14102 ,0.02168 
-0.03492 ,0.02168 
0.05019 ,0.02168 
-0.14964 ,0.02168 
-0.05891 ,0.02168 
-0.19217 ,0.02169 
-0.15851 ,0.02169 
-0.10483 ,0.02170 
0.03087 ,0.02170 
0.03316 ,0.02170 
-0.14352 ,0.02170 
-0.08059 ,0.02171 
-0.14636 ,0.02171 
0.07231 ,0.02172 
-0.18449 ,0.02172 
-0.09371 ,0.02172 
-0.05255 ,0.02173 
-0.05153 ,0.02173 
-0.07431 ,0.02174 
0.02448 ,0.02175 
-0.06257 ,0.02175 
0.06558 ,0.02175 
-0.17351 ,0.02175 
-0.16886 ,0.02176 
0.02881 ,0.02177 
-0.05320 ,0.02177 
-0.16345 ,0.02177 
-0.07901 ,0.02177 
-0.11866 ,0.02177 
0.06635 ,0.02178 
-0.07754 ,0.02178 
-0.12446 ,0.02178 
0.02475 ,0.02179 
-0.16181 ,0.02179 
-0.13571 ,0.02179 
-0.16690 ,0.02180 
-0.14701 ,0.02181 
0.03586 ,0.02181 
-0.16634 ,0.02181 
-0.07300 ,0.02182 
-0.14119 ,0.02182 
0.02498 ,0.02183 
-0.05666 ,0.02184 
0.04509 ,0.02184 
-0.07415 ,0.02184 
-0.08888 ,0.02184 
-0.07412 ,0.02184 
0.01303 ,0.02184 
-0.16008 ,0.02184 
-0.14223 ,0.02184 
-0.15547 ,0.02185 
-0.08252 ,0.02185 
-0.15758 ,0.02185 
-0.06996 ,0.02185 
-0.16128 ,0.02185 
-0.07629 ,0.02186 
0.07153 ,0.02186 
-0.13443 ,0.02187 
0.03559 ,0.02187 
-0.16060 ,0.02187 
-0.15840 ,0.02187 
0.05024 ,0.02188 
0.05320 ,0.02188 
-0.03575 ,0.02188 
-0.16813 ,0.02188 
-0.14768 ,0.02188 
-0.09033 ,0.02189 
0.02218 ,0.02189 
0.05689 ,0.02190 
-0.15710 ,0.02190 
-0.13934 ,0.02190 
0.02651 ,0.02191 
-0.18037 ,0.02191 
-0.13802 ,0.02191 
0.01403 ,0.02192 
0.03024 ,0.02192 
-0.17196 ,0.02193 
-0.17397 ,0.02193 
-0.06179 ,0.02194 
-0.08066 ,0.02194 
-0.13164 ,0.02194 
-0.15152 ,0.02194 
-0.15020 ,0.02194 
0.02610 ,0.02194 
-0.14583 ,0.02195 
0.03016 ,0.02195 
-0.08760 ,0.02196 
-0.08570 ,0.02197 
-0.15849 ,0.02197 
0.05119 ,0.02197 
0.05621 ,0.02199 
-0.15908 ,0.02199 
-0.14593 ,0.02199 
-0.16310 ,0.02200 
-0.15759 ,0.02200 
-0.14615 ,0.02200 
-0.08570 ,0.02201 
-0.08263 ,0.02201 
-0.09648 ,0.02201 
-0.07585 ,0.02201 
-0.07078 ,0.02201 
-0.13968 ,0.02202 
-0.13219 ,0.02202 
-0.06290 ,0.02202 
0.02816 ,0.02203 
-0.08407 ,0.02203 
-0.07679 ,0.02203 
-0.17268 ,0.02203 
-0.15389 ,0.02204 
-0.14671 ,0.02204 
-0.04404 ,0.02204 
-0.16236 ,0.02204 
-0.16859 ,0.02204 
-0.07148 ,0.02205 
0.06926 ,0.02205 
-0.14038 ,0.02205 
-0.06040 ,0.02206 
-0.18175 ,0.02206 
-0.07717 ,0.02207 
0.07004 ,0.02208 
-0.13921 ,0.02209 
-0.17498 ,0.02209 
-0.13683 ,0.02209 
-0.15487 ,0.02210 
-0.13428 ,0.02210 
-0.07521 ,0.02211 
-0.12637 ,0.02211 
-0.07164 ,0.02211 
-0.14677 ,0.02211 
-0.15405 ,0.02212 
-0.15580 ,0.02213 
-0.16909 ,0.02214 
-0.08074 ,0.02214 
-0.15290 ,0.02214 
-0.12419 ,0.02214 
0.05091 ,0.02214 
-0.08555 ,0.02216 
-0.16183 ,0.02216 
-0.05298 ,0.02216 
0.02819 ,0.02217 
-0.15710 ,0.02217 
-0.15254 ,0.02217 
-0.15114 ,0.02218 
-0.17573 ,0.02218 
-0.15366 ,0.02219 
0.05285 ,0.02220 
-0.14766 ,0.02220 
-0.16341 ,0.02221 
-0.13037 ,0.02221 
-0.18726 ,0.02221 
-0.14109 ,0.02221 
-0.09283 ,0.02224 
-0.00760 ,0.02224 
-0.16130 ,0.02224 
-0.06118 ,0.02225 
-0.08473 ,0.02225 
-0.17479 ,0.02225 
-0.05862 ,0.02225 
-0.04902 ,0.02226 
-0.13412 ,0.02226 
-0.14482 ,0.02226 
0.05487 ,0.02227 
-0.07861 ,0.02227 
-0.16057 ,0.02228 
-0.15259 ,0.02228 
-0.08597 ,0.02228 
-0.12778 ,0.02228 
-0.08735 ,0.02229 
-0.10915 ,0.02229 
-0.14059 ,0.02230 
0.04666 ,0.02230 
0.02741 ,0.02231 
-0.16524 ,0.02232 
-0.11348 ,0.02232 
-0.07828 ,0.02233 
-0.16227 ,0.02233 
-0.06749 ,0.02234 
0.02418 ,0.02234 
-0.06701 ,0.02234 
-0.08095 ,0.02234 
-0.17325 ,0.02234 
-0.13920 ,0.02235 
-0.11554 ,0.02235 
-0.03217 ,0.02235 
-0.04485 ,0.02236 
-0.04571 ,0.02236 
-0.06755 ,0.02236 
0.04242 ,0.02236 
-0.13743 ,0.02236 
-0.07508 ,0.02236 
-0.07306 ,0.02237 
0.02847 ,0.02237 
0.05581 ,0.02237 
-0.13207 ,0.02237 
-0.06983 ,0.02237 
-0.06764 ,0.02237 
-0.13898 ,0.02237 
-0.14082 ,0.02237 
-0.15008 ,0.02237 
-0.06376 ,0.02238 
-0.15274 ,0.02238 
-0.08336 ,0.02239 
-0.15670 ,0.02239 
-0.13300 ,0.02239 
-0.15058 ,0.02239 
-0.16600 ,0.02239 
-0.10556 ,0.02240 
-0.16872 ,0.02240 
-0.16133 ,0.02240 
-0.16677 ,0.02240 
-0.16344 ,0.02240 
0.02312 ,0.02242 
-0.14773 ,0.02242 
0.03421 ,0.02242 
-0.08037 ,0.02243 
-0.06453 ,0.02243 
-0.14380 ,0.02243 
-0.08833 ,0.02244 
0.03707 ,0.02244 
-0.07020 ,0.02244 
-0.11578 ,0.02245 
0.02233 ,0.02245 
-0.03818 ,0.02245 
-0.12665 ,0.02246 
-0.14301 ,0.02246 
-0.16918 ,0.02246 
-0.09564 ,0.02247 
-0.16033 ,0.02247 
-0.05562 ,0.02247 
-0.01325 ,0.02248 
-0.08487 ,0.02248 
-0.07430 ,0.02249 
-0.12850 ,0.02249 
-0.05833 ,0.02249 
-0.14489 ,0.02250 
-0.14787 ,0.02250 
-0.16201 ,0.02250 
-0.14792 ,0.02250 
-0.05425 ,0.02250 
-0.06953 ,0.02250 
-0.14754 ,0.02250 
-0.14680 ,0.02250 
-0.10875 ,0.02251 
-0.08061 ,0.02251 
-0.07257 ,0.02252 
0.04513 ,0.02252 
-0.07531 ,0.02252 
-0.13245 ,0.02252 
-0.13649 ,0.02252 
-0.15069 ,0.02252 
-0.15343 ,0.02252 
0.02122 ,0.02252 
-0.14240 ,0.02253 
0.04386 ,0.02253 
-0.14859 ,0.02254 
-0.11547 ,0.02254 
0.03972 ,0.02254 
0.06906 ,0.02255 
-0.16807 ,0.02256 
-0.04646 ,0.02257 
-0.16026 ,0.02257 
-0.06625 ,0.02258 
-0.07303 ,0.02258 
-0.13954 ,0.02258 
-0.07884 ,0.02259 
-0.13039 ,0.02259 
-0.15438 ,0.02260 
-0.07893 ,0.02260 
-0.08855 ,0.02260 
0.05486 ,0.02262 
-0.05524 ,0.02262 
-0.09467 ,0.02262 
-0.08474 ,0.02263 
-0.17421 ,0.02264 
0.05729 ,0.02264 
-0.15516 ,0.02265 
-0.15377 ,0.02265 
-0.08830 ,0.02265 
-0.12975 ,0.02265 
-0.14558 ,0.02265 
-0.07887 ,0.02265 
-0.05960 ,0.02265 
-0.15908 ,0.02266 
-0.07163 ,0.02266 
-0.15408 ,0.02267 
-0.09366 ,0.02267 
-0.08541 ,0.02267 
-0.12987 ,0.02267 
0.06584 ,0.02268 
-0.09970 ,0.02268 
-0.14552 ,0.02268 
-0.06976 ,0.02268 
0.03742 ,0.02268 
-0.17031 ,0.02268 
-0.13201 ,0.02268 
-0.15916 ,0.02269 
-0.17708 ,0.02270 
0.05458 ,0.02270 
-0.15652 ,0.02270 
-0.15109 ,0.02270 
-0.06665 ,0.02270 
-0.06276 ,0.02271 
-0.12005 ,0.02271 
-0.04319 ,0.02272 
-0.16081 ,0.02272 
0.05194 ,0.02272 
-0.14878 ,0.02272 
-0.03937 ,0.02273 
-0.16713 ,0.02273 
0.07148 ,0.02273 
-0.13324 ,0.02273 
-0.12549 ,0.02273 
-0.15538 ,0.02273 
-0.16338 ,0.02274 
-0.03139 ,0.02274 
-0.15937 ,0.02274 
-0.04641 ,0.02274 
-0.08527 ,0.02275 
-0.15322 ,0.02275 
-0.13053 ,0.02275 
-0.07951 ,0.02275 
-0.04987 ,0.02276 
-0.13216 ,0.02277 
-0.15123 ,0.02277 
0.05764 ,0.02279 
-0.08689 ,0.02279 
-0.14420 ,0.02279 
-0.10339 ,0.02279 
-0.15045 ,0.02279 
-0.14634 ,0.02280 
-0.08786 ,0.02280 
-0.08728 ,0.02281 
-0.14511 ,0.02281 
-0.07656 ,0.02281 
-0.07016 ,0.02281 
-0.13378 ,0.02282 
0.06575 ,0.02282 
0.02989 ,0.02282 
-0.16356 ,0.02282 
-0.13257 ,0.02282 
-0.08848 ,0.02282 
-0.05744 ,0.02282 
-0.07540 ,0.02283 
-0.04357 ,0.02283 
-0.14715 ,0.02284 
-0.07361 ,0.02284 
0.05903 ,0.02284 
-0.06475 ,0.02284 
-0.16638 ,0.02285 
-0.13831 ,0.02285 
-0.05596 ,0.02285 
-0.14488 ,0.02286 
-0.12758 ,0.02286 
-0.12887 ,0.02286 
-0.12637 ,0.02287 
-0.06089 ,0.02287 
-0.10968 ,0.02287 
-0.06125 ,0.02288 
-0.16296 ,0.02288 
-0.04794 ,0.02288 
-0.15335 ,0.02288 
-0.15903 ,0.02288 
-0.08024 ,0.02289 
-0.14419 ,0.02290 
0.03932 ,0.02291 
-0.04315 ,0.02291 
-0.17292 ,0.02291 
0.03721 ,0.02291 
-0.14583 ,0.02291 
-0.14211 ,0.02291 
-0.11892 ,0.02292 
-0.16415 ,0.02292 
-0.07108 ,0.02293 
-0.11438 ,0.02293 
0.06876 ,0.02293 
-0.08819 ,0.02293 
0.06097 ,0.02293 
-0.08509 ,0.02293 
0.01521 ,0.02293 
0.06235 ,0.02294 
-0.08955 ,0.02294 
-0.07244 ,0.02295 
-0.13629 ,0.02295 
0.02758 ,0.02295 
-0.13350 ,0.02296 
-0.12960 ,0.02296 
-0.15264 ,0.02296 
-0.05660 ,0.02296 
-0.16765 ,0.02297 
-0.10670 ,0.02297 
-0.06271 ,0.02297 
-0.06878 ,0.02297 
-0.10881 ,0.02297 
0.04416 ,0.02298 
-0.15390 ,0.02298 
-0.11572 ,0.02298 
-0.07373 ,0.02298 
0.05825 ,0.02299 
-0.07130 ,0.02299 
-0.07949 ,0.02299 
-0.15883 ,0.02299 
-0.17230 ,0.02299 
-0.14040 ,0.02299 
-0.09039 ,0.02300 
-0.07795 ,0.02300 
0.05562 ,0.02301 
-0.07312 ,0.02301 
-0.13068 ,0.02301 
0.07801 ,0.02302 
-0.13677 ,0.02302 
-0.08464 ,0.02302 
-0.14612 ,0.02302 
-0.15291 ,0.02302 
-0.07354 ,0.02302 
0.03282 ,0.02303 
0.04064 ,0.02303 
-0.08180 ,0.02303 
-0.04410 ,0.02304 
-0.14475 ,0.02304 
-0.09552 ,0.02305 
-0.10481 ,0.02306 
0.04881 ,0.02307 
0.20889 ,0.02307 
-0.14273 ,0.02308 
-0.07975 ,0.02308 
0.05453 ,0.02308 
-0.11234 ,0.02308 
-0.15837 ,0.02308 
-0.09230 ,0.02309 
0.03550 ,0.02309 
0.06570 ,0.02309 
-0.17881 ,0.02309 
-0.17868 ,0.02310 
-0.15925 ,0.02311 
-0.07104 ,0.02311 
0.05530 ,0.02311 
-0.17241 ,0.02312 
-0.10807 ,0.02312 
-0.17035 ,0.02312 
-0.13673 ,0.02312 
0.02525 ,0.02313 
0.03650 ,0.02313 
-0.15372 ,0.02314 
-0.07143 ,0.02314 
0.02617 ,0.02314 
-0.13793 ,0.02315 
-0.13764 ,0.02315 
-0.15068 ,0.02315 
-0.11115 ,0.02315 
-0.08409 ,0.02316 
-0.15394 ,0.02316 
-0.13801 ,0.02317 
-0.15440 ,0.02317 
-0.07323 ,0.02317 
-0.07434 ,0.02317 
-0.07479 ,0.02318 
-0.07790 ,0.02318 
-0.05497 ,0.02318 
-0.06054 ,0.02318 
-0.16864 ,0.02318 
-0.01349 ,0.02318 
-0.12945 ,0.02318 
-0.14660 ,0.02318 
-0.09771 ,0.02319 
-0.13309 ,0.02319 
-0.12325 ,0.02319 
-0.14645 ,0.02319 
0.04624 ,0.02320 
-0.14913 ,0.02321 
-0.02727 ,0.02321 
0.03320 ,0.02322 
0.01849 ,0.02322 
-0.13814 ,0.02322 
-0.15989 ,0.02322 
-0.14333 ,0.02323 
-0.16378 ,0.02323 
-0.03920 ,0.02324 
-0.06391 ,0.02324 
-0.15020 ,0.02324 
0.04573 ,0.02325 
-0.12339 ,0.02325 
-0.08573 ,0.02326 
-0.07206 ,0.02326 
0.04896 ,0.02326 
-0.15369 ,0.02326 
-0.18216 ,0.02326 
-0.11749 ,0.02326 
-0.14234 ,0.02326 
-0.14861 ,0.02327 
-0.15304 ,0.02327 
0.04651 ,0.02327 
-0.04713 ,0.02328 
-0.08853 ,0.02328 
0.04089 ,0.02328 
-0.09384 ,0.02328 
-0.17387 ,0.02328 
-0.11970 ,0.02328 
-0.05768 ,0.02328 
-0.14484 ,0.02328 
-0.08303 ,0.02328 
-0.06895 ,0.02329 
-0.13883 ,0.02329 
0.04014 ,0.02329 
-0.13539 ,0.02330 
-0.06999 ,0.02330 
0.03659 ,0.02330 
-0.06715 ,0.02331 
-0.07850 ,0.02331 
-0.15180 ,0.02331 
-0.07823 ,0.02331 
-0.17780 ,0.02331 
-0.13436 ,0.02332 
-0.16854 ,0.02332 
-0.10778 ,0.02332 
-0.11947 ,0.02332 
-0.17455 ,0.02334 
-0.13735 ,0.02334 
-0.16579 ,0.02334 
-0.14047 ,0.02334 
-0.15118 ,0.02335 
-0.07479 ,0.02335 
0.03124 ,0.02335 
-0.06256 ,0.02336 
-0.07619 ,0.02336 
-0.11020 ,0.02336 
-0.14497 ,0.02336 
-0.15876 ,0.02336 
-0.13948 ,0.02336 
-0.05274 ,0.02337 
-0.13576 ,0.02337 
-0.06979 ,0.02337 
-0.13946 ,0.02337 
0.01263 ,0.02338 
-0.15520 ,0.02338 
-0.14785 ,0.02338 
0.03134 ,0.02339 
-0.10234 ,0.02339 
-0.13042 ,0.02339 
-0.05682 ,0.02340 
-0.14852 ,0.02340 
-0.10189 ,0.02340 
0.03566 ,0.02341 
-0.14421 ,0.02341 
-0.14214 ,0.02341 
-0.06026 ,0.02341 
-0.09110 ,0.02341 
-0.07273 ,0.02342 
-0.10648 ,0.02342 
-0.13832 ,0.02342 
-0.16621 ,0.02342 
-0.10023 ,0.02343 
-0.16245 ,0.02343 
-0.08524 ,0.02343 
0.06502 ,0.02343 
-0.11316 ,0.02343 
-0.15560 ,0.02343 
-0.17005 ,0.02344 
-0.16046 ,0.02344 
-0.14404 ,0.02344 
-0.14544 ,0.02344 
0.00926 ,0.02344 
-0.12888 ,0.02345 
-0.07465 ,0.02345 
-0.16017 ,0.02345 
0.03134 ,0.02346 
-0.04249 ,0.02346 
-0.14253 ,0.02346 
-0.06325 ,0.02347 
-0.07978 ,0.02347 
-0.08721 ,0.02348 
-0.15155 ,0.02348 
-0.14159 ,0.02348 
-0.09268 ,0.02348 
-0.14987 ,0.02348 
-0.04088 ,0.02349 
0.04481 ,0.02349 
-0.15358 ,0.02349 
0.04835 ,0.02350 
-0.15569 ,0.02351 
-0.06970 ,0.02351 
-0.06957 ,0.02351 
-0.10004 ,0.02351 
-0.04629 ,0.02352 
-0.14785 ,0.02353 
-0.10255 ,0.02353 
-0.15280 ,0.02353 
0.06740 ,0.02353 
-0.03815 ,0.02353 
-0.15210 ,0.02354 
-0.14602 ,0.02354 
-0.12719 ,0.02355 
-0.08433 ,0.02355 
-0.14973 ,0.02355 
-0.04162 ,0.02355 
-0.05385 ,0.02355 
-0.06369 ,0.02356 
-0.10417 ,0.02356 
-0.12567 ,0.02356 
-0.13446 ,0.02357 
0.04300 ,0.02357 
-0.16572 ,0.02358 
-0.14157 ,0.02358 
-0.06353 ,0.02358 
-0.14111 ,0.02358 
-0.08250 ,0.02358 
-0.08618 ,0.02359 
0.02483 ,0.02359 
-0.08672 ,0.02359 
-0.08675 ,0.02360 
-0.16477 ,0.02360 
-0.02595 ,0.02360 
-0.02953 ,0.02360 
-0.10927 ,0.02361 
-0.06647 ,0.02361 
-0.17496 ,0.02361 
0.00517 ,0.02362 
-0.13227 ,0.02362 
-0.07120 ,0.02362 
-0.15999 ,0.02364 
-0.15232 ,0.02365 
-0.18115 ,0.02365 
-0.14533 ,0.02366 
-0.15754 ,0.02366 
-0.14098 ,0.02366 
-0.13020 ,0.02366 
-0.13529 ,0.02367 
0.07091 ,0.02367 
-0.14422 ,0.02367 
-0.06157 ,0.02367 
-0.17110 ,0.02368 
-0.09275 ,0.02368 
-0.11548 ,0.02368 
-0.04904 ,0.02368 
-0.03272 ,0.02369 
-0.11390 ,0.02369 
-0.12399 ,0.02371 
-0.15463 ,0.02371 
-0.07197 ,0.02371 
-0.12583 ,0.02371 
-0.07898 ,0.02371 
0.04680 ,0.02371 
-0.05185 ,0.02371 
-0.09457 ,0.02371 
-0.00321 ,0.02371 
-0.14570 ,0.02371 
-0.07334 ,0.02372 
-0.17281 ,0.02372 
-0.09094 ,0.02372 
-0.14244 ,0.02372 
-0.14455 ,0.02372 
-0.10211 ,0.02373 
0.04758 ,0.02374 
-0.17175 ,0.02374 
-0.05161 ,0.02374 
-0.05551 ,0.02374 
-0.05541 ,0.02375 
-0.14317 ,0.02375 
0.18449 ,0.02376 
-0.06812 ,0.02376 
-0.07800 ,0.02376 
-0.14321 ,0.02376 
-0.06376 ,0.02377 
-0.07486 ,0.02377 
-0.06341 ,0.02377 
-0.08997 ,0.02377 
-0.14133 ,0.02378 
-0.08556 ,0.02378 
-0.16152 ,0.02378 
-0.14820 ,0.02378 
-0.13644 ,0.02379 
-0.12212 ,0.02379 
-0.14409 ,0.02379 
-0.12990 ,0.02379 
-0.09264 ,0.02379 
-0.10856 ,0.02380 
-0.06138 ,0.02381 
-0.05889 ,0.02381 
-0.06104 ,0.02381 
-0.06185 ,0.02381 
-0.07038 ,0.02381 
-0.06606 ,0.02381 
0.01706 ,0.02382 
-0.10690 ,0.02382 
-0.16098 ,0.02382 
0.02916 ,0.02382 
-0.05973 ,0.02383 
-0.06813 ,0.02383 
-0.06469 ,0.02384 
-0.08018 ,0.02384 
-0.11959 ,0.02384 
-0.14753 ,0.02384 
-0.07308 ,0.02384 
-0.10439 ,0.02385 
-0.15075 ,0.02385 
0.00586 ,0.02385 
0.02333 ,0.02385 
-0.15787 ,0.02385 
-0.09934 ,0.02385 
-0.03186 ,0.02385 
-0.15320 ,0.02385 
-0.14241 ,0.02386 
-0.10198 ,0.02386 
-0.06204 ,0.02386 
-0.15496 ,0.02386 
-0.07799 ,0.02386 
-0.15197 ,0.02386 
-0.15125 ,0.02387 
-0.05981 ,0.02387 
-0.13490 ,0.02387 
0.03535 ,0.02388 
-0.07814 ,0.02388 
-0.07269 ,0.02388 
-0.05250 ,0.02389 
-0.05696 ,0.02389 
-0.17574 ,0.02389 
-0.06312 ,0.02390 
-0.07881 ,0.02390 
-0.10935 ,0.02391 
-0.07807 ,0.02391 
0.03793 ,0.02391 
-0.17291 ,0.02391 
-0.08250 ,0.02392 
-0.15281 ,0.02392 
-0.16559 ,0.02392 
0.03242 ,0.02392 
-0.12861 ,0.02392 
-0.04826 ,0.02392 
-0.07831 ,0.02392 
-0.06242 ,0.02392 
-0.07962 ,0.02393 
0.03000 ,0.02393 
-0.15966 ,0.02393 
0.04933 ,0.02393 
-0.06156 ,0.02393 
-0.06586 ,0.02393 
-0.11078 ,0.02394 
-0.07053 ,0.02394 
-0.15084 ,0.02394 
-0.05501 ,0.02394 
-0.07658 ,0.02394 
-0.05401 ,0.02394 
-0.14276 ,0.02395 
-0.04656 ,0.02395 
-0.09194 ,0.02395 
-0.03972 ,0.02395 
-0.09830 ,0.02396 
-0.13733 ,0.02396 
-0.13944 ,0.02396 
-0.07904 ,0.02397 
-0.17142 ,0.02397 
-0.15195 ,0.02397 
-0.07319 ,0.02397 
-0.02875 ,0.02397 
-0.06164 ,0.02397 
-0.13447 ,0.02397 
-0.13803 ,0.02397 
-0.12034 ,0.02399 
-0.14829 ,0.02399 
-0.07141 ,0.02399 
-0.06226 ,0.02399 
-0.14546 ,0.02400 
-0.09692 ,0.02400 
-0.01622 ,0.02400 
-0.16199 ,0.02400 
0.02068 ,0.02401 
-0.10461 ,0.02401 
-0.13706 ,0.02401 
-0.08601 ,0.02401 
-0.15203 ,0.02402 
-0.05238 ,0.02402 
-0.14143 ,0.02402 
-0.16493 ,0.02402 
0.05872 ,0.02403 
-0.08063 ,0.02403 
-0.09327 ,0.02403 
0.01454 ,0.02404 
-0.16743 ,0.02404 
-0.07794 ,0.02404 
-0.07737 ,0.02404 
0.06420 ,0.02404 
-0.07028 ,0.02405 
-0.13672 ,0.02405 
-0.17284 ,0.02405 
-0.14743 ,0.02406 
-0.07933 ,0.02406 
-0.10251 ,0.02406 
0.06683 ,0.02406 
-0.08848 ,0.02406 
-0.01906 ,0.02406 
-0.06519 ,0.02406 
-0.13178 ,0.02407 
-0.08101 ,0.02407 
-0.07731 ,0.02407 
0.01932 ,0.02407 
-0.15634 ,0.02409 
-0.15588 ,0.02409 
-0.15515 ,0.02409 
0.04403 ,0.02409 
-0.17452 ,0.02409 
-0.10453 ,0.02410 
-0.14986 ,0.02410 
-0.12170 ,0.02410 
-0.03873 ,0.02411 
-0.07131 ,0.02411 
-0.05191 ,0.02411 
0.03223 ,0.02411 
-0.16653 ,0.02411 
-0.08936 ,0.02411 
-0.14728 ,0.02412 
-0.15659 ,0.02412 
0.07986 ,0.02412 
-0.09129 ,0.02412 
-0.10613 ,0.02412 
-0.07131 ,0.02413 
-0.06939 ,0.02413 
-0.03041 ,0.02413 
-0.06466 ,0.02413 
0.04657 ,0.02414 
-0.19452 ,0.02414 
-0.08065 ,0.02414 
-0.09631 ,0.02414 
-0.07266 ,0.02414 
-0.11549 ,0.02414 
-0.13662 ,0.02415 
-0.06710 ,0.02415 
-0.15255 ,0.02415 
-0.08707 ,0.02415 
-0.07344 ,0.02415 
-0.09128 ,0.02415 
-0.15058 ,0.02415 
-0.14361 ,0.02415 
-0.15137 ,0.02416 
-0.18059 ,0.02416 
-0.08668 ,0.02416 
-0.06405 ,0.02416 
-0.04366 ,0.02416 
0.06984 ,0.02417 
-0.14596 ,0.02417 
-0.08100 ,0.02417 
-0.14269 ,0.02418 
-0.15186 ,0.02418 
-0.04887 ,0.02419 
-0.02384 ,0.02419 
-0.16871 ,0.02419 
-0.05086 ,0.02419 
-0.15736 ,0.02419 
-0.14453 ,0.02419 
-0.14032 ,0.02419 
-0.06661 ,0.02420 
-0.07188 ,0.02420 
-0.15622 ,0.02420 
-0.03360 ,0.02421 
-0.16410 ,0.02421 
-0.11015 ,0.02421 
-0.04247 ,0.02422 
-0.14195 ,0.02422 
-0.07048 ,0.02423 
-0.11460 ,0.02423 
0.05084 ,0.02423 
0.02717 ,0.02423 
-0.14034 ,0.02423 
-0.08412 ,0.02423 
-0.15543 ,0.02424 
-0.08697 ,0.02424 
-0.07863 ,0.02424 
-0.14042 ,0.02424 
0.02115 ,0.02424 
0.05641 ,0.02424 
-0.05232 ,0.02424 
0.03145 ,0.02425 
-0.09788 ,0.02425 
-0.14759 ,0.02426 
-0.12505 ,0.02426 
-0.11257 ,0.02426 
0.05423 ,0.02426 
-0.13286 ,0.02426 
-0.07849 ,0.02427 
-0.18182 ,0.02427 
-0.14922 ,0.02427 
-0.16018 ,0.02427 
-0.16990 ,0.02427 
-0.08882 ,0.02428 
-0.12611 ,0.02428 
-0.07811 ,0.02429 
-0.12096 ,0.02429 
-0.07976 ,0.02429 
-0.05852 ,0.02430 
-0.04328 ,0.02430 
-0.13801 ,0.02430 
-0.05927 ,0.02431 
-0.08697 ,0.02432 
-0.16197 ,0.02432 
-0.11509 ,0.02432 
-0.06919 ,0.02432 
-0.11153 ,0.02432 
-0.14402 ,0.02433 
-0.07939 ,0.02433 
-0.06104 ,0.02433 
-0.14591 ,0.02433 
-0.05062 ,0.02434 
-0.08015 ,0.02434 
-0.06863 ,0.02434 
-0.15758 ,0.02435 
-0.13322 ,0.02435 
0.04771 ,0.02436 
0.05837 ,0.02436 
-0.04679 ,0.02436 
-0.06514 ,0.02437 
0.07324 ,0.02437 
0.05859 ,0.02437 
-0.13016 ,0.02437 
-0.13397 ,0.02437 
-0.08978 ,0.02438 
-0.03545 ,0.02438 
-0.12169 ,0.02438 
-0.04384 ,0.02438 
-0.03975 ,0.02438 
0.07900 ,0.02438 
0.03036 ,0.02439 
-0.12736 ,0.02439 
-0.05133 ,0.02439 
-0.12089 ,0.02439 
0.03674 ,0.02439 
-0.15465 ,0.02440 
-0.14025 ,0.02440 
-0.07001 ,0.02440 
-0.14425 ,0.02441 
0.02209 ,0.02441 
0.06967 ,0.02441 
-0.15195 ,0.02441 
-0.13507 ,0.02441 
0.02866 ,0.02442 
-0.14330 ,0.02442 
-0.07577 ,0.02442 
0.06752 ,0.02442 
-0.09068 ,0.02442 
-0.14119 ,0.02443 
-0.14747 ,0.02443 
-0.14011 ,0.02443 
-0.10971 ,0.02444 
-0.18148 ,0.02444 
-0.15596 ,0.02444 
0.03952 ,0.02444 
-0.16192 ,0.02445 
-0.07004 ,0.02445 
-0.06948 ,0.02446 
-0.03349 ,0.02447 
-0.09164 ,0.02447 
-0.06536 ,0.02447 
-0.15134 ,0.02448 
0.02443 ,0.02448 
-0.14943 ,0.02448 
-0.07840 ,0.02448 
-0.16084 ,0.02448 
-0.13768 ,0.02449 
-0.03351 ,0.02449 
0.04877 ,0.02449 
-0.16125 ,0.02449 
-0.13137 ,0.02449 
-0.17434 ,0.02449 
-0.04864 ,0.02450 
-0.16856 ,0.02450 
-0.17036 ,0.02450 
0.04600 ,0.02450 
-0.14294 ,0.02451 
-0.08494 ,0.02451 
-0.17171 ,0.02451 
-0.14616 ,0.02451 
-0.07341 ,0.02452 
0.06687 ,0.02452 
-0.16299 ,0.02452 
0.03212 ,0.02452 
-0.07353 ,0.02452 
-0.15854 ,0.02452 
0.01311 ,0.02453 
-0.09065 ,0.02453 
-0.14564 ,0.02453 
-0.07420 ,0.02454 
-0.04699 ,0.02454 
0.05792 ,0.02455 
-0.07750 ,0.02455 
-0.06902 ,0.02455 
-0.13214 ,0.02455 
-0.15107 ,0.02455 
-0.06076 ,0.02455 
-0.06795 ,0.02455 
-0.14674 ,0.02455 
-0.07614 ,0.02456 
-0.15598 ,0.02456 
-0.16225 ,0.02457 
-0.07695 ,0.02457 
-0.13977 ,0.02458 
-0.07646 ,0.02458 
0.05064 ,0.02458 
-0.15692 ,0.02458 
-0.18368 ,0.02459 
0.02141 ,0.02459 
-0.14864 ,0.02459 
-0.08425 ,0.02459 
-0.14319 ,0.02459 
-0.15676 ,0.02460 
-0.09972 ,0.02460 
-0.15051 ,0.02460 
-0.13086 ,0.02460 
-0.16872 ,0.02460 
-0.11367 ,0.02460 
-0.14216 ,0.02461 
-0.17494 ,0.02461 
-0.11071 ,0.02462 
-0.06489 ,0.02462 
-0.12495 ,0.02462 
-0.13617 ,0.02462 
0.03298 ,0.02462 
-0.06642 ,0.02462 
-0.16020 ,0.02462 
0.07089 ,0.02462 
-0.17289 ,0.02463 
-0.06330 ,0.02463 
-0.11018 ,0.02463 
-0.14103 ,0.02463 
-0.14903 ,0.02464 
0.04236 ,0.02464 
-0.13914 ,0.02464 
-0.08500 ,0.02464 
0.03833 ,0.02464 
-0.05257 ,0.02465 
0.03820 ,0.02465 
-0.16626 ,0.02465 
-0.08712 ,0.02465 
-0.06787 ,0.02466 
-0.16398 ,0.02466 
-0.07966 ,0.02467 
-0.14474 ,0.02467 
-0.08101 ,0.02467 
-0.05921 ,0.02467 
0.04527 ,0.02467 
-0.08545 ,0.02467 
-0.08098 ,0.02467 
-0.11388 ,0.02467 
-0.10035 ,0.02468 
-0.07244 ,0.02469 
-0.15052 ,0.02469 
-0.10485 ,0.02469 
-0.07397 ,0.02469 
-0.14279 ,0.02469 
-0.10020 ,0.02470 
-0.13639 ,0.02470 
-0.09619 ,0.02470 
0.04383 ,0.02471 
-0.14126 ,0.02471 
-0.06776 ,0.02471 
-0.11573 ,0.02472 
-0.11963 ,0.02472 
-0.05725 ,0.02472 
-0.07723 ,0.02472 
-0.07504 ,0.02473 
-0.16255 ,0.02473 
0.01912 ,0.02473 
0.06849 ,0.02474 
0.01377 ,0.02474 
-0.14416 ,0.02474 
-0.16793 ,0.02474 
0.06390 ,0.02475 
-0.14093 ,0.02475 
-0.14962 ,0.02475 
-0.06580 ,0.02475 
-0.09419 ,0.02476 
-0.03465 ,0.02477 
-0.07054 ,0.02477 
-0.15300 ,0.02477 
0.06636 ,0.02478 
-0.16974 ,0.02478 
-0.15004 ,0.02478 
-0.07149 ,0.02478 
-0.08411 ,0.02478 
-0.06308 ,0.02479 
0.06188 ,0.02479 
-0.12507 ,0.02480 
-0.15232 ,0.02480 
-0.08463 ,0.02480 
-0.08826 ,0.02480 
-0.12761 ,0.02480 
-0.04995 ,0.02480 
-0.06805 ,0.02480 
-0.15707 ,0.02481 
-0.13711 ,0.02481 
-0.06304 ,0.02481 
-0.06634 ,0.02481 
-0.07206 ,0.02482 
-0.07752 ,0.02482 
-0.04904 ,0.02482 
-0.06374 ,0.02483 
-0.05216 ,0.02483 
-0.08640 ,0.02484 
0.04305 ,0.02484 
-0.07298 ,0.02484 
0.00866 ,0.02485 
-0.04204 ,0.02485 
-0.07219 ,0.02485 
-0.05044 ,0.02485 
-0.12441 ,0.02486 
-0.11355 ,0.02486 
-0.09431 ,0.02487 
0.03846 ,0.02487 
-0.06651 ,0.02487 
-0.00387 ,0.02487 
-0.08372 ,0.02487 
-0.09321 ,0.02487 
-0.05897 ,0.02488 
-0.06140 ,0.02488 
-0.16168 ,0.02488 
-0.14870 ,0.02488 
-0.09900 ,0.02488 
-0.06737 ,0.02488 
-0.16567 ,0.02488 
-0.09811 ,0.02489 
0.06412 ,0.02489 
0.02544 ,0.02489 
-0.16907 ,0.02489 
-0.14490 ,0.02489 
-0.09267 ,0.02489 
-0.07347 ,0.02489 
0.03509 ,0.02489 
-0.05200 ,0.02489 
-0.14410 ,0.02489 
0.02947 ,0.02490 
-0.11509 ,0.02490 
-0.13921 ,0.02491 
-0.14937 ,0.02491 
-0.16499 ,0.02492 
-0.15094 ,0.02492 
-0.15300 ,0.02492 
-0.17092 ,0.02492 
-0.12378 ,0.02492 
-0.15100 ,0.02493 
0.17880 ,0.02493 
-0.16056 ,0.02493 
-0.00698 ,0.02493 
-0.08278 ,0.02494 
-0.13857 ,0.02494 
-0.14644 ,0.02494 
-0.05044 ,0.02494 
-0.09003 ,0.02494 
-0.05142 ,0.02494 
-0.14048 ,0.02494 
-0.09996 ,0.02495 
-0.16133 ,0.02495 
-0.14972 ,0.02495 
-0.15123 ,0.02495 
-0.13896 ,0.02496 
-0.14028 ,0.02496 
-0.15404 ,0.02496 
-0.07412 ,0.02496 
0.06205 ,0.02496 
-0.15637 ,0.02496 
-0.11979 ,0.02496 
-0.14766 ,0.02496 
-0.00866 ,0.02497 
-0.12356 ,0.02497 
-0.16845 ,0.02497 
-0.15612 ,0.02497 
-0.13740 ,0.02498 
-0.14844 ,0.02498 
-0.09070 ,0.02498 
-0.08920 ,0.02498 
-0.08287 ,0.02498 
-0.18102 ,0.02498 
-0.15983 ,0.02498 
-0.14147 ,0.02498 
-0.13476 ,0.02499 
-0.06637 ,0.02499 
-0.12130 ,0.02500 
-0.13722 ,0.02500 
-0.08187 ,0.02500 
-0.03485 ,0.02501 
-0.05885 ,0.02501 
-0.07079 ,0.02501 
-0.11735 ,0.02501 
-0.07260 ,0.02501 
-0.10031 ,0.02501 
-0.16319 ,0.02502 
0.07120 ,0.02502 
-0.11588 ,0.02502 
0.04976 ,0.02502 
-0.15509 ,0.02502 
-0.14952 ,0.02502 
-0.09591 ,0.02503 
-0.14548 ,0.02503 
-0.14870 ,0.02503 
-0.16586 ,0.02503 
-0.09257 ,0.02503 
-0.18619 ,0.02503 
-0.15965 ,0.02503 
-0.08061 ,0.02504 
-0.18041 ,0.02504 
-0.05632 ,0.02504 
-0.12985 ,0.02504 
-0.12994 ,0.02504 
-0.06819 ,0.02504 
-0.15112 ,0.02504 
-0.14505 ,0.02505 
-0.14080 ,0.02505 
-0.15691 ,0.02505 
-0.10750 ,0.02505 
-0.16852 ,0.02505 
-0.14614 ,0.02506 
-0.15646 ,0.02506 
-0.08369 ,0.02507 
-0.07144 ,0.02507 
0.02666 ,0.02507 
-0.01570 ,0.02507 
-0.08790 ,0.02507 
-0.06932 ,0.02508 
-0.09083 ,0.02508 
-0.13567 ,0.02508 
-0.10782 ,0.02508 
-0.09578 ,0.02508 
-0.11773 ,0.02508 
-0.08228 ,0.02508 
-0.15466 ,0.02508 
-0.08805 ,0.02508 
-0.09898 ,0.02509 
-0.08328 ,0.02509 
-0.08214 ,0.02509 
-0.11332 ,0.02510 
0.03351 ,0.02510 
-0.08758 ,0.02510 
-0.11053 ,0.02510 
-0.15267 ,0.02510 
-0.14636 ,0.02511 
-0.11765 ,0.02512 
-0.15570 ,0.02512 
-0.04392 ,0.02512 
-0.15486 ,0.02512 
-0.03017 ,0.02512 
-0.13905 ,0.02512 
-0.12403 ,0.02512 
-0.17467 ,0.02513 
-0.14200 ,0.02513 
0.06654 ,0.02513 
-0.13779 ,0.02513 
-0.08258 ,0.02513 
-0.10132 ,0.02514 
-0.08204 ,0.02514 
-0.11875 ,0.02514 
-0.13120 ,0.02514 
-0.05911 ,0.02515 
-0.15419 ,0.02515 
0.03508 ,0.02515 
-0.04329 ,0.02516 
-0.01611 ,0.02516 
-0.13977 ,0.02516 
-0.16008 ,0.02516 
-0.04825 ,0.02516 
-0.14966 ,0.02516 
-0.15055 ,0.02517 
-0.09721 ,0.02517 
-0.10809 ,0.02517 
0.05166 ,0.02518 
-0.04353 ,0.02518 
-0.10817 ,0.02518 
-0.12987 ,0.02518 
-0.05183 ,0.02519 
-0.09373 ,0.02519 
-0.09584 ,0.02520 
-0.06005 ,0.02520 
-0.12639 ,0.02520 
-0.07886 ,0.02520 
-0.13555 ,0.02521 
0.01044 ,0.02521 
-0.13083 ,0.02521 
0.02984 ,0.02521 
0.19376 ,0.02521 
-0.12956 ,0.02522 
-0.14362 ,0.02522 
-0.13015 ,0.02522 
-0.12366 ,0.02522 
-0.14172 ,0.02522 
-0.17613 ,0.02523 
-0.06255 ,0.02523 
-0.07784 ,0.02523 
-0.07288 ,0.02524 
0.06067 ,0.02524 
-0.06426 ,0.02525 
-0.12374 ,0.02525 
-0.12665 ,0.02526 
-0.13969 ,0.02526 
-0.10851 ,0.02526 
-0.14599 ,0.02526 
-0.05565 ,0.02526 
-0.13832 ,0.02526 
0.03267 ,0.02526 
-0.12682 ,0.02527 
-0.08232 ,0.02527 
-0.04839 ,0.02527 
-0.15834 ,0.02529 
-0.05079 ,0.02529 
-0.15179 ,0.02529 
-0.13710 ,0.02529 
0.03068 ,0.02530 
0.04971 ,0.02530 
-0.14877 ,0.02530 
-0.05895 ,0.02530 
-0.09051 ,0.02530 
0.03103 ,0.02530 
-0.06620 ,0.02530 
-0.05326 ,0.02531 
0.00395 ,0.02531 
-0.13569 ,0.02531 
-0.08633 ,0.02531 
0.19580 ,0.02531 
-0.14801 ,0.02531 
-0.14327 ,0.02532 
-0.05378 ,0.02532 
0.05049 ,0.02532 
-0.02550 ,0.02532 
-0.13741 ,0.02532 
-0.15179 ,0.02532 
-0.14275 ,0.02533 
0.00500 ,0.02533 
-0.11216 ,0.02533 
-0.14373 ,0.02533 
-0.17554 ,0.02533 
-0.06673 ,0.02533 
-0.13897 ,0.02533 
0.06941 ,0.02534 
0.03769 ,0.02534 
-0.12348 ,0.02534 
-0.07035 ,0.02534 
0.03234 ,0.02535 
-0.11517 ,0.02535 
-0.04923 ,0.02535 
0.06125 ,0.02535 
0.03983 ,0.02535 
-0.15609 ,0.02535 
-0.06889 ,0.02536 
-0.04496 ,0.02536 
-0.09881 ,0.02536 
0.05107 ,0.02536 
-0.17751 ,0.02536 
-0.12093 ,0.02537 
-0.08301 ,0.02537 
-0.03191 ,0.02537 
-0.08111 ,0.02537 
-0.06741 ,0.02538 
-0.10783 ,0.02538 
-0.16220 ,0.02538 
-0.08154 ,0.02539 
-0.16923 ,0.02539 
-0.14590 ,0.02539 
-0.09990 ,0.02539 
-0.06001 ,0.02540 
-0.04760 ,0.02540 
-0.13198 ,0.02540 
-0.08247 ,0.02540 
-0.06145 ,0.02540 
-0.13077 ,0.02540 
-0.04239 ,0.02541 
-0.09672 ,0.02541 
-0.04814 ,0.02541 
-0.05244 ,0.02541 
-0.13899 ,0.02541 
-0.09690 ,0.02541 
-0.04065 ,0.02541 
-0.16377 ,0.02542 
-0.08701 ,0.02542 
-0.06556 ,0.02542 
0.05865 ,0.02542 
-0.14841 ,0.02542 
0.08085 ,0.02543 
-0.13976 ,0.02543 
-0.08162 ,0.02543 
-0.04288 ,0.02543 
-0.15230 ,0.02543 
-0.13532 ,0.02543 
-0.07737 ,0.02544 
-0.14628 ,0.02544 
-0.04818 ,0.02544 
-0.07693 ,0.02545 
-0.01490 ,0.02545 
-0.13660 ,0.02545 
-0.03626 ,0.02545 
0.06077 ,0.02546 
0.06373 ,0.02546 
-0.13717 ,0.02546 
0.02990 ,0.02546 
-0.12179 ,0.02546 
-0.07371 ,0.02547 
-0.14124 ,0.02548 
-0.08341 ,0.02548 
-0.15472 ,0.02548 
-0.06972 ,0.02548 
0.06950 ,0.02548 
-0.06924 ,0.02549 
-0.15396 ,0.02549 
-0.10475 ,0.02549 
-0.06944 ,0.02549 
-0.14495 ,0.02549 
0.03533 ,0.02549 
0.03478 ,0.02549 
-0.04474 ,0.02549 
-0.04123 ,0.02549 
-0.14310 ,0.02549 
-0.15349 ,0.02550 
-0.06074 ,0.02550 
-0.07204 ,0.02550 
-0.15120 ,0.02550 
-0.13502 ,0.02550 
-0.13056 ,0.02550 
0.01535 ,0.02550 
-0.15268 ,0.02551 
-0.05975 ,0.02551 
-0.10276 ,0.02551 
-0.06362 ,0.02551 
-0.06991 ,0.02551 
-0.05539 ,0.02551 
0.06976 ,0.02552 
-0.18081 ,0.02552 
-0.04415 ,0.02552 
-0.06428 ,0.02552 
-0.06795 ,0.02552 
-0.06329 ,0.02552 
-0.09455 ,0.02553 
-0.15274 ,0.02553 
-0.13747 ,0.02553 
-0.05736 ,0.02553 
-0.17055 ,0.02554 
-0.07357 ,0.02554 
-0.08575 ,0.02554 
-0.14757 ,0.02554 
-0.06713 ,0.02554 
0.02928 ,0.02555 
-0.05807 ,0.02555 
0.02601 ,0.02555 
-0.03263 ,0.02555 
-0.14714 ,0.02555 
-0.07923 ,0.02555 
-0.17007 ,0.02556 
-0.03094 ,0.02556 
0.04070 ,0.02556 
-0.06623 ,0.02556 
0.02769 ,0.02556 
-0.13818 ,0.02557 
-0.13915 ,0.02557 
-0.15875 ,0.02558 
-0.07044 ,0.02559 
-0.14204 ,0.02559 
-0.12751 ,0.02559 
-0.13301 ,0.02561 
-0.10019 ,0.02562 
-0.08668 ,0.02562 
-0.14183 ,0.02562 
-0.05467 ,0.02562 
-0.13791 ,0.02562 
-0.07288 ,0.02562 
0.03068 ,0.02563 
-0.04489 ,0.02563 
-0.15449 ,0.02563 
-0.06825 ,0.02563 
-0.04302 ,0.02563 
-0.11979 ,0.02563 
-0.05830 ,0.02563 
0.03504 ,0.02563 
-0.06995 ,0.02563 
-0.14128 ,0.02564 
-0.08641 ,0.02564 
-0.16592 ,0.02564 
0.03737 ,0.02564 
-0.04987 ,0.02564 
0.08283 ,0.02564 
-0.05826 ,0.02565 
-0.04663 ,0.02565 
-0.14637 ,0.02565 
0.04895 ,0.02565 
-0.18905 ,0.02565 
0.07274 ,0.02566 
-0.11866 ,0.02566 
-0.06742 ,0.02566 
-0.16714 ,0.02566 
-0.07524 ,0.02566 
-0.07049 ,0.02567 
-0.18168 ,0.02567 
-0.08652 ,0.02567 
-0.15682 ,0.02567 
-0.13755 ,0.02567 
-0.01901 ,0.02567 
-0.04663 ,0.02567 
0.03611 ,0.02568 
-0.12403 ,0.02568 
-0.03685 ,0.02568 
-0.18021 ,0.02568 
0.02969 ,0.02568 
-0.08822 ,0.02568 
0.04413 ,0.02568 
-0.15474 ,0.02569 
-0.08501 ,0.02569 
-0.06337 ,0.02569 
-0.04355 ,0.02569 
-0.08026 ,0.02569 
-0.12092 ,0.02569 
-0.13823 ,0.02569 
-0.13205 ,0.02569 
-0.05649 ,0.02570 
-0.04324 ,0.02570 
-0.13688 ,0.02570 
-0.16647 ,0.02570 
-0.14948 ,0.02570 
-0.07227 ,0.02570 
-0.03260 ,0.02570 
-0.05164 ,0.02570 
-0.06636 ,0.02570 
-0.03965 ,0.02571 
-0.08081 ,0.02571 
-0.15984 ,0.02572 
-0.09593 ,0.02572 
-0.08960 ,0.02573 
0.04148 ,0.02573 
-0.16350 ,0.02573 
-0.05742 ,0.02573 
-0.13445 ,0.02573 
-0.06980 ,0.02573 
-0.13791 ,0.02574 
-0.07189 ,0.02574 
-0.06495 ,0.02574 
-0.11773 ,0.02574 
-0.12885 ,0.02574 
-0.14810 ,0.02574 
-0.15507 ,0.02574 
0.05288 ,0.02574 
0.03423 ,0.02575 
-0.13390 ,0.02575 
-0.14499 ,0.02575 
-0.09426 ,0.02576 
-0.06888 ,0.02576 
-0.14495 ,0.02576 
-0.16642 ,0.02576 
-0.17669 ,0.02576 
-0.02776 ,0.02576 
-0.13715 ,0.02577 
-0.11590 ,0.02577 
-0.02739 ,0.02577 
-0.03927 ,0.02577 
-0.14312 ,0.02578 
-0.13626 ,0.02578 
-0.10687 ,0.02578 
-0.14056 ,0.02578 
-0.13344 ,0.02578 
-0.14664 ,0.02578 
-0.09026 ,0.02578 
-0.11559 ,0.02578 
-0.12963 ,0.02579 
0.01889 ,0.02579 
-0.09708 ,0.02580 
-0.08175 ,0.02580 
-0.11856 ,0.02580 
0.06555 ,0.02580 
-0.06059 ,0.02580 
-0.14264 ,0.02580 
-0.04254 ,0.02580 
-0.07622 ,0.02581 
-0.06192 ,0.02581 
-0.18284 ,0.02581 
-0.17336 ,0.02582 
-0.05276 ,0.02582 
0.06435 ,0.02582 
-0.01878 ,0.02582 
-0.07421 ,0.02582 
0.04118 ,0.02583 
-0.16330 ,0.02583 
-0.09708 ,0.02583 
-0.03485 ,0.02583 
-0.06633 ,0.02583 
-0.15983 ,0.02584 
-0.03297 ,0.02584 
0.06493 ,0.02584 
0.01740 ,0.02584 
0.16936 ,0.02584 
0.08065 ,0.02585 
-0.10252 ,0.02585 
-0.14668 ,0.02585 
-0.14971 ,0.02585 
-0.07760 ,0.02585 
0.06020 ,0.02585 
-0.16150 ,0.02585 
-0.07417 ,0.02585 
0.03761 ,0.02585 
-0.14537 ,0.02585 
-0.15957 ,0.02585 
-0.05625 ,0.02586 
-0.08615 ,0.02586 
0.04866 ,0.02586 
-0.15081 ,0.02586 
-0.12950 ,0.02586 
-0.08709 ,0.02586 
-0.08313 ,0.02586 
-0.15332 ,0.02586 
0.08182 ,0.02586 
-0.09794 ,0.02586 
-0.16751 ,0.02586 
-0.14858 ,0.02586 
-0.02763 ,0.02587 
-0.16250 ,0.02587 
-0.15014 ,0.02587 
-0.10220 ,0.02587 
-0.12881 ,0.02587 
-0.05639 ,0.02588 
-0.08241 ,0.02588 
-0.12441 ,0.02588 
0.05183 ,0.02588 
-0.11839 ,0.02588 
-0.16722 ,0.02588 
-0.05794 ,0.02589 
-0.18191 ,0.02589 
-0.06394 ,0.02589 
0.03898 ,0.02589 
-0.08546 ,0.02589 
-0.13917 ,0.02589 
0.08651 ,0.02590 
-0.13875 ,0.02590 
-0.06870 ,0.02590 
-0.05002 ,0.02590 
-0.06907 ,0.02590 
-0.05812 ,0.02590 
-0.09591 ,0.02591 
-0.10515 ,0.02591 
-0.13495 ,0.02591 
0.04846 ,0.02591 
-0.13219 ,0.02591 
-0.15992 ,0.02591 
0.02592 ,0.02591 
-0.14040 ,0.02591 
-0.05075 ,0.02591 
-0.13651 ,0.02592 
-0.16470 ,0.02592 
0.02874 ,0.02592 
-0.14424 ,0.02592 
-0.05346 ,0.02592 
-0.13545 ,0.02592 
-0.14877 ,0.02592 
-0.05535 ,0.02592 
-0.14657 ,0.02593 
-0.11223 ,0.02593 
-0.08199 ,0.02593 
-0.06177 ,0.02594 
-0.15493 ,0.02594 
0.17140 ,0.02594 
0.06296 ,0.02594 
-0.11794 ,0.02594 
-0.10973 ,0.02594 
-0.10649 ,0.02595 
-0.14100 ,0.02595 
-0.14049 ,0.02595 
-0.03679 ,0.02595 
0.04040 ,0.02595 
-0.09763 ,0.02595 
-0.05652 ,0.02595 
-0.06635 ,0.02596 
0.06229 ,0.02596 
-0.07543 ,0.02596 
0.07705 ,0.02597 
-0.08643 ,0.02597 
-0.04490 ,0.02597 
0.03531 ,0.02597 
0.00129 ,0.02597 
-0.17458 ,0.02597 
-0.02852 ,0.02597 
0.04636 ,0.02597 
-0.07580 ,0.02598 
-0.03452 ,0.02598 
-0.10967 ,0.02598 
-0.14915 ,0.02599 
0.04676 ,0.02599 
-0.07236 ,0.02599 
-0.11251 ,0.02599 
-0.09031 ,0.02599 
-0.06862 ,0.02599 
-0.00285 ,0.02600 
-0.07105 ,0.02600 
0.02577 ,0.02600 
0.06420 ,0.02600 
-0.14561 ,0.02600 
-0.10700 ,0.02600 
-0.14621 ,0.02600 
-0.13802 ,0.02600 
-0.04092 ,0.02600 
-0.15295 ,0.02600 
-0.00820 ,0.02601 
-0.15572 ,0.02601 
-0.05719 ,0.02601 
-0.15191 ,0.02601 
-0.05936 ,0.02601 
-0.07769 ,0.02601 
-0.06775 ,0.02602 
-0.02723 ,0.02602 
-0.12641 ,0.02602 
-0.02529 ,0.02602 
0.03959 ,0.02602 
-0.14600 ,0.02602 
-0.14160 ,0.02603 
-0.08418 ,0.02603 
-0.13296 ,0.02603 
-0.06398 ,0.02603 
-0.12615 ,0.02603 
-0.05692 ,0.02603 
-0.03669 ,0.02603 
-0.15411 ,0.02604 
-0.07303 ,0.02604 
-0.07263 ,0.02604 
-0.11152 ,0.02604 
-0.13327 ,0.02604 
-0.07686 ,0.02604 
-0.09475 ,0.02604 
-0.14441 ,0.02604 
-0.16072 ,0.02605 
-0.10597 ,0.02605 
-0.03497 ,0.02605 
-0.04837 ,0.02605 
-0.07306 ,0.02605 
-0.04810 ,0.02605 
-0.08034 ,0.02605 
-0.12562 ,0.02605 
0.04141 ,0.02605 
-0.14136 ,0.02606 
-0.14890 ,0.02606 
0.00850 ,0.02606 
-0.11354 ,0.02606 
-0.15082 ,0.02606 
-0.14243 ,0.02606 
-0.08014 ,0.02606 
-0.05169 ,0.02606 
-0.12006 ,0.02606 
0.03406 ,0.02606 
-0.09353 ,0.02607 
-0.14909 ,0.02607 
-0.05514 ,0.02607 
-0.08452 ,0.02607 
-0.07922 ,0.02607 
-0.02645 ,0.02607 
-0.09210 ,0.02607 
-0.07322 ,0.02608 
-0.14580 ,0.02608 
-0.06890 ,0.02608 
-0.14443 ,0.02608 
-0.16036 ,0.02608 
-0.15972 ,0.02608 
-0.14900 ,0.02608 
-0.06641 ,0.02608 
-0.04883 ,0.02609 
-0.13383 ,0.02609 
-0.08556 ,0.02609 
-0.14405 ,0.02609 
0.02334 ,0.02609 
-0.11642 ,0.02609 
-0.04390 ,0.02609 
-0.12770 ,0.02610 
-0.09511 ,0.02610 
-0.14822 ,0.02610 
0.01057 ,0.02610 
-0.12981 ,0.02610 
-0.13197 ,0.02610 
-0.14446 ,0.02610 
-0.16271 ,0.02610 
-0.08361 ,0.02611 
-0.08669 ,0.02611 
0.05234 ,0.02611 
0.02704 ,0.02611 
-0.10103 ,0.02611 
-0.08303 ,0.02611 
-0.13486 ,0.02611 
-0.08003 ,0.02611 
0.03386 ,0.02612 
-0.12901 ,0.02612 
-0.05035 ,0.02612 
-0.11823 ,0.02612 
-0.02554 ,0.02612 
-0.14229 ,0.02612 
-0.02560 ,0.02612 
-0.03718 ,0.02613 
-0.14913 ,0.02613 
0.03108 ,0.02613 
0.02178 ,0.02613 
-0.12005 ,0.02613 
-0.13571 ,0.02614 
-0.02735 ,0.02614 
-0.11012 ,0.02614 
-0.07907 ,0.02614 
-0.07679 ,0.02614 
-0.05810 ,0.02614 
-0.15564 ,0.02614 
0.02027 ,0.02614 
0.03298 ,0.02614 
-0.04737 ,0.02615 
-0.05170 ,0.02615 
-0.07283 ,0.02615 
-0.04253 ,0.02615 
-0.06065 ,0.02615 
-0.13560 ,0.02615 
-0.13828 ,0.02615 
-0.11202 ,0.02616 
-0.06477 ,0.02616 
-0.18892 ,0.02616 
-0.12840 ,0.02616 
-0.02395 ,0.02617 
0.21562 ,0.02617 
-0.13268 ,0.02617 
-0.15587 ,0.02618 
-0.06152 ,0.02618 
-0.08851 ,0.02618 
-0.15407 ,0.02618 
-0.06977 ,0.02618 
0.04023 ,0.02618 
-0.06933 ,0.02618 
0.01799 ,0.02619 
-0.04912 ,0.02619 
-0.13118 ,0.02619 
-0.14576 ,0.02619 
0.03328 ,0.02619 
-0.06880 ,0.02619 
-0.13106 ,0.02619 
-0.04711 ,0.02619 
-0.07996 ,0.02619 
-0.06371 ,0.02620 
-0.14759 ,0.02620 
-0.14846 ,0.02620 
-0.15431 ,0.02620 
-0.01860 ,0.02620 
0.01551 ,0.02620 
-0.09569 ,0.02620 
-0.04914 ,0.02621 
-0.15058 ,0.02621 
-0.15600 ,0.02621 
-0.00454 ,0.02621 
-0.06642 ,0.02621 
-0.15739 ,0.02621 
-0.01718 ,0.02621 
-0.07856 ,0.02621 
-0.14615 ,0.02621 
0.08073 ,0.02621 
-0.06428 ,0.02622 
-0.03944 ,0.02622 
-0.05524 ,0.02622 
-0.06854 ,0.02622 
-0.00863 ,0.02622 
0.05004 ,0.02622 
-0.04394 ,0.02622 
-0.08034 ,0.02623 
-0.14462 ,0.02623 
-0.14742 ,0.02623 
-0.07380 ,0.02623 
-0.15414 ,0.02623 
-0.15700 ,0.02624 
-0.14378 ,0.02624 
-0.05145 ,0.02624 
0.03370 ,0.02624 
-0.05605 ,0.02624 
-0.09379 ,0.02624 
-0.15586 ,0.02624 
-0.06795 ,0.02625 
-0.08847 ,0.02625 
-0.06928 ,0.02625 
-0.15562 ,0.02626 
-0.04129 ,0.02626 
-0.15527 ,0.02626 
-0.06598 ,0.02626 
-0.12093 ,0.02627 
-0.12038 ,0.02627 
0.04094 ,0.02627 
-0.17444 ,0.02627 
-0.14124 ,0.02627 
-0.05549 ,0.02627 
-0.14379 ,0.02627 
-0.18854 ,0.02628 
-0.05272 ,0.02628 
0.04029 ,0.02628 
-0.06598 ,0.02628 
-0.10075 ,0.02628 
-0.10662 ,0.02628 
-0.13087 ,0.02628 
-0.14159 ,0.02629 
-0.11843 ,0.02629 
-0.08637 ,0.02629 
-0.07867 ,0.02629 
-0.15807 ,0.02629 
-0.13756 ,0.02630 
0.05229 ,0.02630 
-0.07540 ,0.02630 
0.02631 ,0.02630 
-0.09203 ,0.02630 
-0.07841 ,0.02630 
-0.00831 ,0.02631 
-0.01366 ,0.02631 
-0.09717 ,0.02631 
-0.14935 ,0.02631 
-0.10539 ,0.02631 
-0.11653 ,0.02631 
-0.14333 ,0.02631 
-0.06143 ,0.02631 
-0.12027 ,0.02632 
-0.08025 ,0.02632 
0.00279 ,0.02632 
-0.14204 ,0.02632 
-0.06166 ,0.02632 
-0.15820 ,0.02632 
-0.04672 ,0.02632 
-0.03999 ,0.02632 
-0.15665 ,0.02633 
0.04165 ,0.02633 
0.08230 ,0.02633 
-0.16835 ,0.02633 
-0.12418 ,0.02633 
-0.16109 ,0.02633 
-0.10260 ,0.02634 
-0.00296 ,0.02634 
-0.12868 ,0.02634 
-0.07625 ,0.02634 
-0.17046 ,0.02635 
-0.06647 ,0.02635 
-0.15122 ,0.02635 
-0.14871 ,0.02635 
0.03342 ,0.02635 
0.05436 ,0.02635 
-0.02451 ,0.02635 
-0.15903 ,0.02635 
-0.13201 ,0.02635 
-0.13412 ,0.02636 
-0.11695 ,0.02636 
-0.07634 ,0.02636 
-0.13724 ,0.02636 
0.08201 ,0.02637 
0.04183 ,0.02637 
-0.02541 ,0.02637 
-0.13888 ,0.02637 
-0.13935 ,0.02637 
-0.05540 ,0.02637 
-0.09781 ,0.02637 
-0.04686 ,0.02637 
-0.06576 ,0.02637 
-0.07248 ,0.02637 
-0.07257 ,0.02637 
-0.06867 ,0.02637 
-0.06890 ,0.02637 
-0.10941 ,0.02639 
-0.13477 ,0.02639 
-0.07678 ,0.02639 
0.04016 ,0.02640 
-0.11891 ,0.02640 
-0.14385 ,0.02640 
-0.09702 ,0.02640 
-0.09732 ,0.02641 
-0.07102 ,0.02641 
-0.15243 ,0.02642 
-0.14188 ,0.02642 
0.05339 ,0.02642 
-0.11863 ,0.02643 
-0.14504 ,0.02643 
-0.07338 ,0.02643 
-0.13239 ,0.02643 
-0.02415 ,0.02643 
-0.03672 ,0.02643 
-0.06672 ,0.02644 
-0.14337 ,0.02644 
-0.14572 ,0.02644 
-0.16934 ,0.02644 
-0.08846 ,0.02644 
-0.09858 ,0.02644 
-0.09702 ,0.02644 
-0.14450 ,0.02644 
-0.07179 ,0.02644 
-0.08355 ,0.02644 
-0.09893 ,0.02644 
-0.11681 ,0.02645 
-0.07307 ,0.02645 
-0.06751 ,0.02645 
-0.02476 ,0.02645 
-0.10163 ,0.02646 
-0.14854 ,0.02646 
-0.06273 ,0.02646 
-0.16219 ,0.02646 
-0.15830 ,0.02646 
0.04900 ,0.02647 
-0.08444 ,0.02647 
-0.06705 ,0.02647 
-0.14370 ,0.02647 
-0.09121 ,0.02647 
-0.02657 ,0.02647 
-0.06861 ,0.02647 
-0.12426 ,0.02647 
-0.03631 ,0.02647 
-0.08009 ,0.02648 
-0.02000 ,0.02649 
0.03575 ,0.02649 
-0.15508 ,0.02649 
0.02367 ,0.02649 
-0.08526 ,0.02649 
0.03412 ,0.02649 
-0.06786 ,0.02649 
-0.09923 ,0.02650 
0.03534 ,0.02650 
-0.13692 ,0.02650 
0.03784 ,0.02650 
-0.08543 ,0.02650 
-0.03285 ,0.02650 
-0.11892 ,0.02650 
-0.13416 ,0.02650 
-0.13322 ,0.02651 
0.05864 ,0.02651 
-0.04294 ,0.02651 
0.04365 ,0.02651 
-0.05317 ,0.02651 
-0.15719 ,0.02651 
-0.07482 ,0.02651 
-0.00048 ,0.02651 
-0.14160 ,0.02651 
0.04226 ,0.02651 
-0.03055 ,0.02652 
-0.06390 ,0.02652 
-0.14917 ,0.02652 
-0.14175 ,0.02652 
-0.12604 ,0.02652 
-0.05254 ,0.02653 
0.03040 ,0.02653 
-0.04022 ,0.02653 
-0.14038 ,0.02653 
-0.03301 ,0.02654 
-0.13611 ,0.02654 
-0.05190 ,0.02654 
-0.13395 ,0.02654 
-0.08318 ,0.02654 
-0.06753 ,0.02654 
-0.07621 ,0.02654 
-0.14244 ,0.02655 
-0.01303 ,0.02655 
-0.13382 ,0.02655 
-0.16863 ,0.02655 
0.04699 ,0.02655 
-0.13754 ,0.02655 
-0.13090 ,0.02656 
-0.04018 ,0.02656 
0.04623 ,0.02656 
-0.04287 ,0.02656 
-0.11989 ,0.02656 
-0.14805 ,0.02656 
-0.05052 ,0.02657 
-0.06919 ,0.02657 
-0.14325 ,0.02657 
-0.15166 ,0.02657 
-0.05409 ,0.02657 
-0.06541 ,0.02657 
-0.06844 ,0.02657 
-0.11749 ,0.02657 
-0.12117 ,0.02658 
-0.06623 ,0.02659 
-0.13765 ,0.02659 
-0.02677 ,0.02659 
-0.08683 ,0.02659 
-0.10545 ,0.02659 
-0.16525 ,0.02659 
-0.14033 ,0.02659 
-0.07799 ,0.02660 
-0.13747 ,0.02660 
-0.13674 ,0.02661 
-0.02109 ,0.02661 
-0.15699 ,0.02661 
-0.13384 ,0.02661 
-0.13076 ,0.02661 
-0.15453 ,0.02661 
-0.07058 ,0.02661 
-0.02627 ,0.02661 
-0.07535 ,0.02662 
-0.08346 ,0.02662 
-0.08201 ,0.02662 
-0.15065 ,0.02662 
0.05075 ,0.02662 
-0.12653 ,0.02662 
-0.05448 ,0.02662 
-0.13279 ,0.02662 
0.17828 ,0.02663 
-0.02110 ,0.02663 
-0.05784 ,0.02663 
-0.09406 ,0.02663 
-0.04763 ,0.02663 
-0.07838 ,0.02663 
0.05597 ,0.02663 
-0.03249 ,0.02664 
-0.00552 ,0.02664 
0.05755 ,0.02664 
-0.16807 ,0.02664 
-0.04657 ,0.02665 
-0.01087 ,0.02665 
-0.08032 ,0.02665 
-0.05166 ,0.02665 
-0.06988 ,0.02666 
0.01959 ,0.02666 
-0.15898 ,0.02666 
0.02473 ,0.02666 
0.03692 ,0.02666 
-0.16569 ,0.02666 
-0.05154 ,0.02666 
-0.09112 ,0.02666 
-0.13689 ,0.02667 
-0.18645 ,0.02667 
0.06808 ,0.02667 
-0.14089 ,0.02667 
-0.13096 ,0.02667 
-0.07523 ,0.02667 
-0.06155 ,0.02667 
-0.15381 ,0.02667 
-0.07637 ,0.02667 
-0.11586 ,0.02667 
-0.06999 ,0.02668 
-0.16050 ,0.02668 
0.05220 ,0.02668 
-0.13804 ,0.02669 
-0.01988 ,0.02669 
-0.15142 ,0.02669 
-0.16545 ,0.02669 
-0.15683 ,0.02669 
0.06886 ,0.02669 
-0.16193 ,0.02669 
-0.06907 ,0.02670 
-0.11461 ,0.02670 
-0.12603 ,0.02670 
-0.07586 ,0.02670 
-0.14064 ,0.02670 
-0.08301 ,0.02671 
-0.13986 ,0.02671 
-0.08063 ,0.02671 
-0.07847 ,0.02671 
-0.09821 ,0.02671 
-0.14217 ,0.02671 
-0.07900 ,0.02671 
-0.01620 ,0.02671 
-0.15066 ,0.02672 
-0.12219 ,0.02672 
-0.12433 ,0.02672 
-0.06986 ,0.02672 
-0.08292 ,0.02672 
-0.13649 ,0.02673 
-0.15747 ,0.02673 
-0.17346 ,0.02673 
-0.13770 ,0.02674 
-0.12073 ,0.02674 
-0.06607 ,0.02674 
0.03494 ,0.02674 
-0.16642 ,0.02674 
-0.05884 ,0.02675 
-0.04079 ,0.02675 
0.02438 ,0.02675 
-0.12044 ,0.02675 
-0.14161 ,0.02675 
-0.11140 ,0.02675 
-0.06498 ,0.02675 
0.00626 ,0.02676 
-0.11241 ,0.02676 
-0.12507 ,0.02676 
-0.07072 ,0.02676 
-0.08149 ,0.02676 
-0.14347 ,0.02676 
-0.13313 ,0.02677 
-0.00054 ,0.02677 
-0.05112 ,0.02677 
-0.14094 ,0.02677 
-0.15964 ,0.02677 
-0.05504 ,0.02677 
-0.14365 ,0.02677 
-0.10095 ,0.02678 
0.19122 ,0.02678 
-0.04049 ,0.02678 
-0.05298 ,0.02678 
0.02701 ,0.02679 
-0.07827 ,0.02679 
-0.05325 ,0.02679 
-0.09816 ,0.02679 
-0.13492 ,0.02679 
-0.02013 ,0.02679 
-0.17422 ,0.02679 
-0.10743 ,0.02679 
-0.03895 ,0.02679 
-0.02853 ,0.02680 
-0.14268 ,0.02680 
-0.06871 ,0.02680 
-0.12439 ,0.02680 
-0.05446 ,0.02680 
-0.14022 ,0.02680 
-0.06094 ,0.02680 
-0.02563 ,0.02680 
-0.11958 ,0.02681 
-0.13973 ,0.02681 
0.07363 ,0.02681 
-0.13205 ,0.02681 
-0.03897 ,0.02682 
-0.16497 ,0.02682 
-0.13338 ,0.02682 
-0.07102 ,0.02682 
-0.06920 ,0.02682 
0.06456 ,0.02682 
-0.14763 ,0.02683 
-0.13051 ,0.02683 
0.06060 ,0.02683 
-0.14317 ,0.02683 
-0.13693 ,0.02683 
0.07941 ,0.02683 
-0.13048 ,0.02683 
0.08250 ,0.02683 
-0.13294 ,0.02683 
0.04568 ,0.02684 
-0.13833 ,0.02684 
-0.14173 ,0.02684 
0.05505 ,0.02684 
-0.12818 ,0.02685 
-0.15789 ,0.02685 
-0.14646 ,0.02685 
-0.07700 ,0.02685 
-0.12770 ,0.02685 
0.05370 ,0.02685 
-0.03010 ,0.02686 
0.05913 ,0.02686 
-0.15525 ,0.02686 
-0.14032 ,0.02686 
-0.12431 ,0.02686 
0.05583 ,0.02686 
0.05776 ,0.02686 
0.00372 ,0.02687 
-0.07080 ,0.02687 
-0.13430 ,0.02687 
-0.14982 ,0.02687 
-0.08485 ,0.02687 
-0.12366 ,0.02688 
0.05070 ,0.02688 
0.05102 ,0.02688 
-0.03343 ,0.02688 
-0.14145 ,0.02688 
0.04705 ,0.02688 
-0.12229 ,0.02688 
-0.07891 ,0.02689 
-0.16080 ,0.02689 
-0.13600 ,0.02689 
-0.02029 ,0.02689 
-0.16459 ,0.02689 
-0.11408 ,0.02689 
-0.14981 ,0.02689 
0.02263 ,0.02689 
-0.13909 ,0.02690 
-0.14676 ,0.02690 
-0.14748 ,0.02690 
0.07114 ,0.02690 
0.05148 ,0.02690 
-0.02723 ,0.02690 
-0.10277 ,0.02691 
-0.05983 ,0.02691 
-0.04807 ,0.02691 
-0.15009 ,0.02691 
-0.10085 ,0.02691 
-0.10621 ,0.02691 
-0.12373 ,0.02691 
-0.12979 ,0.02691 
-0.15143 ,0.02692 
-0.03023 ,0.02692 
-0.02461 ,0.02692 
-0.08085 ,0.02692 
-0.10631 ,0.02692 
-0.05001 ,0.02692 
-0.10151 ,0.02692 
-0.04006 ,0.02692 
-0.04057 ,0.02692 
-0.04688 ,0.02692 
0.02737 ,0.02692 
0.00406 ,0.02693 
-0.08418 ,0.02693 
0.16367 ,0.02693 
-0.13553 ,0.02693 
-0.07765 ,0.02693 
-0.02680 ,0.02693 
-0.05364 ,0.02694 
-0.06655 ,0.02694 
-0.16695 ,0.02694 
-0.09988 ,0.02694 
-0.13831 ,0.02694 
-0.04624 ,0.02695 
-0.02621 ,0.02695 
-0.11593 ,0.02695 
-0.14479 ,0.02695 
0.03574 ,0.02695 
-0.14406 ,0.02695 
0.03887 ,0.02695 
0.03338 ,0.02695 
-0.02599 ,0.02696 
-0.07045 ,0.02696 
-0.12788 ,0.02696 
-0.12737 ,0.02696 
-0.16895 ,0.02696 
-0.13433 ,0.02696 
-0.00103 ,0.02696 
-0.15107 ,0.02696 
-0.11058 ,0.02696 
-0.03182 ,0.02696 
-0.14402 ,0.02696 
-0.09959 ,0.02696 
0.02249 ,0.02697 
-0.03491 ,0.02697 
0.03256 ,0.02697 
-0.06789 ,0.02697 
-0.04512 ,0.02697 
-0.14595 ,0.02698 
-0.07271 ,0.02698 
-0.04352 ,0.02698 
-0.07052 ,0.02698 
-0.15223 ,0.02698 
-0.18753 ,0.02698 
-0.15228 ,0.02698 
-0.13604 ,0.02699 
-0.07020 ,0.02699 
-0.16693 ,0.02699 
-0.15091 ,0.02699 
-0.14997 ,0.02699 
-0.15395 ,0.02699 
-0.08747 ,0.02699 
-0.09705 ,0.02699 
-0.07556 ,0.02699 
-0.06871 ,0.02699 
0.03679 ,0.02699 
-0.11218 ,0.02700 
-0.04332 ,0.02700 
-0.08156 ,0.02700 
0.00341 ,0.02700 
-0.09952 ,0.02700 
-0.04834 ,0.02700 
-0.16212 ,0.02700 
-0.14549 ,0.02701 
-0.07894 ,0.02701 
-0.13088 ,0.02701 
0.03920 ,0.02701 
-0.08783 ,0.02701 
-0.07166 ,0.02702 
-0.07146 ,0.02702 
-0.06585 ,0.02702 
-0.15667 ,0.02702 
-0.05986 ,0.02702 
0.07036 ,0.02702 
0.16571 ,0.02702 
0.04066 ,0.02702 
-0.18025 ,0.02702 
-0.13917 ,0.02703 
-0.06372 ,0.02703 
-0.12721 ,0.02703 
-0.05454 ,0.02703 
-0.01033 ,0.02703 
-0.12909 ,0.02703 
-0.07347 ,0.02703 
-0.00718 ,0.02704 
-0.07817 ,0.02704 
-0.11483 ,0.02704 
0.07178 ,0.02704 
-0.11534 ,0.02704 
-0.14561 ,0.02704 
-0.08318 ,0.02705 
0.04217 ,0.02705 
0.19773 ,0.02706 
0.03632 ,0.02706 
-0.06804 ,0.02706 
-0.07247 ,0.02706 
-0.06511 ,0.02706 
-0.07754 ,0.02706 
-0.08569 ,0.02707 
-0.03285 ,0.02707 
-0.09602 ,0.02707 
-0.13713 ,0.02707 
-0.08141 ,0.02708 
-0.14285 ,0.02708 
-0.14629 ,0.02708 
-0.16298 ,0.02709 
-0.10971 ,0.02709 
-0.12631 ,0.02709 
-0.06345 ,0.02710 
-0.15860 ,0.02710 
-0.07986 ,0.02710 
0.06529 ,0.02710 
-0.10807 ,0.02710 
-0.06116 ,0.02710 
-0.05545 ,0.02710 
-0.06210 ,0.02710 
-0.14761 ,0.02710 
-0.07347 ,0.02710 
0.03965 ,0.02711 
-0.04723 ,0.02711 
-0.14215 ,0.02711 
-0.13028 ,0.02711 
-0.16259 ,0.02711 
-0.06767 ,0.02712 
0.04152 ,0.02712 
0.04429 ,0.02712 
0.03314 ,0.02712 
-0.06433 ,0.02712 
-0.10583 ,0.02712 
-0.13655 ,0.02712 
-0.05516 ,0.02712 
0.00755 ,0.02712 
-0.10444 ,0.02712 
0.03334 ,0.02713 
-0.05438 ,0.02713 
-0.09870 ,0.02713 
-0.10103 ,0.02713 
-0.04208 ,0.02713 
0.02848 ,0.02714 
-0.05472 ,0.02714 
-0.13711 ,0.02714 
-0.06547 ,0.02714 
-0.11868 ,0.02714 
-0.11406 ,0.02714 
-0.03917 ,0.02714 
-0.10670 ,0.02714 
-0.07064 ,0.02714 
-0.13594 ,0.02714 
-0.13145 ,0.02714 
-0.08052 ,0.02715 
-0.15728 ,0.02715 
0.00986 ,0.02715 
-0.16779 ,0.02715 
-0.13997 ,0.02715 
-0.13654 ,0.02715 
-0.16098 ,0.02715 
-0.15281 ,0.02716 
-0.06723 ,0.02716 
-0.06706 ,0.02716 
-0.11005 ,0.02716 
0.06192 ,0.02716 
-0.09277 ,0.02716 
-0.14318 ,0.02716 
-0.13808 ,0.02716 
-0.16010 ,0.02716 
-0.16387 ,0.02717 
0.00846 ,0.02717 
0.04139 ,0.02717 
-0.04282 ,0.02717 
-0.06956 ,0.02717 
-0.13719 ,0.02718 
-0.12513 ,0.02718 
0.02201 ,0.02718 
0.06770 ,0.02718 
-0.08097 ,0.02718 
-0.08044 ,0.02719 
-0.06400 ,0.02719 
-0.16869 ,0.02719 
-0.11664 ,0.02719 
-0.10482 ,0.02719 
-0.13353 ,0.02720 
0.06676 ,0.02720 
-0.15074 ,0.02720 
-0.05965 ,0.02720 
-0.16312 ,0.02720 
-0.13926 ,0.02720 
-0.11254 ,0.02721 
-0.07817 ,0.02721 
-0.06218 ,0.02721 
0.06795 ,0.02721 
-0.08348 ,0.02722 
-0.15241 ,0.02722 
-0.05985 ,0.02722 
-0.07237 ,0.02722 
-0.07920 ,0.02722 
-0.13321 ,0.02722 
-0.06863 ,0.02722 
-0.16550 ,0.02723 
-0.14597 ,0.02723 
0.02709 ,0.02723 
-0.13443 ,0.02723 
-0.07729 ,0.02723 
-0.04292 ,0.02723 
-0.14715 ,0.02723 
-0.03450 ,0.02723 
-0.05665 ,0.02723 
-0.06386 ,0.02724 
-0.14850 ,0.02724 
-0.15864 ,0.02724 
-0.10650 ,0.02724 
-0.14220 ,0.02724 
-0.12700 ,0.02724 
-0.14279 ,0.02724 
-0.00784 ,0.02724 
-0.04512 ,0.02724 
-0.05027 ,0.02724 
-0.03971 ,0.02725 
-0.06974 ,0.02725 
0.04446 ,0.02725 
-0.11971 ,0.02725 
-0.08311 ,0.02725 
-0.07581 ,0.02725 
-0.00919 ,0.02725 
-0.10036 ,0.02725 
0.05551 ,0.02726 
-0.16680 ,0.02726 
0.01186 ,0.02726 
0.03350 ,0.02726 
-0.10068 ,0.02726 
0.05701 ,0.02726 
-0.09348 ,0.02727 
-0.14103 ,0.02727 
-0.04599 ,0.02727 
-0.15486 ,0.02727 
-0.10991 ,0.02727 
-0.11396 ,0.02727 
-0.13000 ,0.02727 
0.03106 ,0.02727 
-0.15188 ,0.02728 
-0.13779 ,0.02728 
-0.16523 ,0.02728 
-0.13738 ,0.02728 
-0.10632 ,0.02728 
-0.05491 ,0.02728 
-0.10913 ,0.02729 
-0.08165 ,0.02729 
-0.12842 ,0.02729 
-0.02786 ,0.02729 
0.04076 ,0.02729 
0.01092 ,0.02729 
-0.10253 ,0.02729 
-0.13841 ,0.02729 
-0.14392 ,0.02730 
0.03983 ,0.02730 
-0.14354 ,0.02730 
-0.09554 ,0.02730 
-0.08033 ,0.02730 
-0.13766 ,0.02730 
-0.13128 ,0.02730 
-0.11472 ,0.02730 
-0.12818 ,0.02730 
-0.15804 ,0.02730 
-0.11995 ,0.02731 
-0.08135 ,0.02731 
0.05406 ,0.02731 
-0.16566 ,0.02731 
0.01278 ,0.02731 
-0.06799 ,0.02731 
0.04014 ,0.02731 
-0.13781 ,0.02731 
0.00743 ,0.02732 
-0.05028 ,0.02732 
-0.02237 ,0.02732 
-0.07101 ,0.02732 
-0.07491 ,0.02732 
-0.11144 ,0.02732 
-0.16326 ,0.02732 
0.02307 ,0.02732 
-0.09513 ,0.02733 
-0.04146 ,0.02733 
-0.07277 ,0.02733 
0.02822 ,0.02733 
-0.17593 ,0.02733 
-0.07887 ,0.02733 
-0.13687 ,0.02733 
0.05522 ,0.02733 
-0.13478 ,0.02733 
0.08386 ,0.02733 
-0.10964 ,0.02734 
-0.12037 ,0.02734 
-0.13202 ,0.02734 
-0.12924 ,0.02734 
0.18724 ,0.02734 
-0.10362 ,0.02735 
-0.13206 ,0.02735 
-0.00132 ,0.02735 
0.21224 ,0.02735 
0.06600 ,0.02735 
-0.03019 ,0.02735 
-0.12199 ,0.02735 
-0.05124 ,0.02735 
-0.12176 ,0.02735 
0.04807 ,0.02735 
-0.07867 ,0.02735 
-0.02143 ,0.02735 
0.08002 ,0.02735 
0.07731 ,0.02735 
-0.11485 ,0.02736 
-0.09523 ,0.02736 
0.03883 ,0.02736 
-0.06749 ,0.02736 
-0.06752 ,0.02736 
-0.12755 ,0.02736 
-0.08552 ,0.02736 
-0.06851 ,0.02736 
-0.07653 ,0.02736 
-0.16167 ,0.02737 
-0.08191 ,0.02737 
0.08309 ,0.02738 
-0.09739 ,0.02738 
-0.11768 ,0.02738 
0.00359 ,0.02738 
-0.06743 ,0.02738 
-0.07896 ,0.02738 
0.20648 ,0.02738 
-0.12585 ,0.02738 
-0.11056 ,0.02738 
-0.11805 ,0.02738 
-0.11578 ,0.02739 
-0.14153 ,0.02739 
-0.13469 ,0.02739 
-0.12218 ,0.02739 
0.03679 ,0.02739 
-0.07149 ,0.02739 
-0.04090 ,0.02739 
0.06230 ,0.02739 
-0.05562 ,0.02739 
0.00510 ,0.02740 
-0.12135 ,0.02740 
-0.06502 ,0.02740 
-0.10797 ,0.02740 
-0.13163 ,0.02740 
0.05863 ,0.02740 
-0.16562 ,0.02740 
0.08480 ,0.02740 
-0.13374 ,0.02740 
0.05388 ,0.02740 
-0.02067 ,0.02740 
0.05980 ,0.02740 
-0.03967 ,0.02740 
-0.09409 ,0.02741 
-0.08405 ,0.02741 
-0.09234 ,0.02741 
-0.10769 ,0.02741 
-0.14759 ,0.02741 
0.08339 ,0.02741 
0.04268 ,0.02742 
-0.08905 ,0.02742 
-0.15838 ,0.02742 
-0.13868 ,0.02742 
-0.15499 ,0.02742 
-0.13552 ,0.02742 
-0.01222 ,0.02742 
0.05941 ,0.02742 
-0.08218 ,0.02743 
-0.12953 ,0.02743 
-0.13854 ,0.02743 
-0.03413 ,0.02743 
-0.09939 ,0.02743 
0.01551 ,0.02743 
-0.16468 ,0.02743 
-0.09171 ,0.02743 
-0.05767 ,0.02744 
0.07945 ,0.02744 
-0.04986 ,0.02745 
-0.02688 ,0.02745 
-0.17685 ,0.02745 
-0.13725 ,0.02745 
-0.12713 ,0.02745 
-0.13326 ,0.02745 
0.02151 ,0.02745 
0.03799 ,0.02745 
-0.04782 ,0.02745 
-0.07571 ,0.02745 
0.04490 ,0.02746 
-0.06819 ,0.02746 
-0.05111 ,0.02746 
0.03264 ,0.02746 
0.04853 ,0.02747 
-0.12853 ,0.02747 
0.05445 ,0.02747 
-0.03921 ,0.02747 
-0.12724 ,0.02747 
-0.14479 ,0.02747 
0.06156 ,0.02747 
-0.13977 ,0.02748 
-0.06549 ,0.02748 
-0.13124 ,0.02748 
0.04046 ,0.02748 
-0.06657 ,0.02748 
-0.14712 ,0.02748 
-0.07768 ,0.02748 
0.02626 ,0.02749 
-0.06727 ,0.02749 
0.01198 ,0.02749 
-0.15794 ,0.02749 
0.05919 ,0.02749 
-0.08944 ,0.02749 
-0.07871 ,0.02749 
-0.13621 ,0.02749 
-0.04894 ,0.02750 
-0.04916 ,0.02750 
-0.16325 ,0.02750 
0.04057 ,0.02750 
-0.04166 ,0.02750 
-0.06925 ,0.02750 
-0.03993 ,0.02750 
-0.04513 ,0.02750 
0.05034 ,0.02750 
-0.14662 ,0.02750 
-0.12522 ,0.02750 
-0.05831 ,0.02750 
-0.08642 ,0.02751 
-0.13916 ,0.02751 
-0.15289 ,0.02751 
-0.04201 ,0.02752 
-0.06487 ,0.02752 
-0.04173 ,0.02752 
-0.06083 ,0.02752 
-0.05630 ,0.02752 
-0.00475 ,0.02752 
-0.14611 ,0.02752 
-0.07213 ,0.02752 
-0.11644 ,0.02752 
-0.00965 ,0.02753 
-0.06082 ,0.02753 
-0.14525 ,0.02753 
0.20163 ,0.02754 
-0.14340 ,0.02754 
-0.15630 ,0.02754 
-0.10856 ,0.02754 
0.22604 ,0.02754 
-0.11721 ,0.02754 
-0.11459 ,0.02754 
-0.11380 ,0.02754 
0.01616 ,0.02754 
-0.05710 ,0.02754 
-0.12807 ,0.02754 
-0.08281 ,0.02754 
-0.12401 ,0.02754 
-0.06683 ,0.02754 
-0.11195 ,0.02755 
0.03834 ,0.02755 
-0.14351 ,0.02755 
-0.13559 ,0.02755 
-0.13927 ,0.02755 
-0.11406 ,0.02755 
-0.12411 ,0.02755 
-0.12933 ,0.02756 
-0.06775 ,0.02756 
0.04901 ,0.02756 
-0.11850 ,0.02756 
-0.11909 ,0.02756 
-0.14537 ,0.02756 
-0.11650 ,0.02756 
-0.01324 ,0.02756 
-0.07572 ,0.02756 
0.01254 ,0.02756 
-0.06141 ,0.02756 
-0.06246 ,0.02757 
0.19595 ,0.02757 
0.04499 ,0.02757 
-0.07322 ,0.02757 
-0.13755 ,0.02757 
-0.13101 ,0.02757 
-0.12627 ,0.02757 
-0.07924 ,0.02758 
-0.13298 ,0.02758 
-0.07554 ,0.02758 
-0.15114 ,0.02758 
-0.12477 ,0.02758 
0.04424 ,0.02758 
0.05668 ,0.02758 
-0.11918 ,0.02758 
-0.13561 ,0.02759 
-0.11976 ,0.02759 
-0.07824 ,0.02759 
0.05365 ,0.02759 
-0.13182 ,0.02759 
-0.06809 ,0.02759 
-0.12119 ,0.02760 
-0.07479 ,0.02760 
-0.13785 ,0.02760 
-0.11098 ,0.02760 
-0.03403 ,0.02760 
-0.16406 ,0.02760 
-0.06810 ,0.02760 
-0.10926 ,0.02761 
-0.08061 ,0.02761 
0.05237 ,0.02761 
-0.15007 ,0.02761 
-0.16008 ,0.02761 
0.05018 ,0.02761 
-0.10264 ,0.02762 
-0.03156 ,0.02762 
-0.13889 ,0.02762 
-0.13545 ,0.02762 
-0.04569 ,0.02762 
0.07745 ,0.02762 
-0.06877 ,0.02762 
-0.06655 ,0.02763 
-0.08486 ,0.02763 
-0.09935 ,0.02763 
-0.12454 ,0.02763 
-0.06474 ,0.02763 
0.02579 ,0.02763 
-0.00118 ,0.02763 
-0.06380 ,0.02763 
0.05596 ,0.02764 
0.07168 ,0.02764 
-0.10820 ,0.02764 
-0.11288 ,0.02764 
-0.12047 ,0.02764 
-0.08361 ,0.02764 
0.17333 ,0.02764 
-0.07121 ,0.02765 
-0.17175 ,0.02765 
0.02448 ,0.02765 
0.00719 ,0.02765 
-0.07007 ,0.02765 
-0.14086 ,0.02765 
-0.14633 ,0.02766 
-0.12556 ,0.02766 
-0.15006 ,0.02766 
-0.13786 ,0.02766 
-0.06094 ,0.02767 
-0.14525 ,0.02767 
0.01818 ,0.02767 
-0.13540 ,0.02767 
-0.05276 ,0.02767 
0.03805 ,0.02767 
-0.15104 ,0.02768 
-0.14216 ,0.02768 
-0.07829 ,0.02768 
0.03588 ,0.02768 
-0.15273 ,0.02768 
-0.06529 ,0.02768 
-0.14719 ,0.02768 
-0.14930 ,0.02768 
-0.12059 ,0.02769 
0.03813 ,0.02769 
0.03054 ,0.02769 
-0.15472 ,0.02769 
-0.05430 ,0.02769 
-0.03906 ,0.02769 
-0.04588 ,0.02769 
0.07525 ,0.02769 
0.06191 ,0.02769 
-0.14485 ,0.02770 
-0.05092 ,0.02770 
0.00108 ,0.02770 
-0.11087 ,0.02770 
-0.04506 ,0.02770 
-0.16853 ,0.02770 
-0.15048 ,0.02770 
-0.14060 ,0.02770 
-0.11818 ,0.02770 
-0.15053 ,0.02770 
-0.13369 ,0.02770 
-0.15989 ,0.02770 
0.00852 ,0.02771 
-0.13543 ,0.02771 
-0.08107 ,0.02771 
-0.15037 ,0.02771 
-0.14160 ,0.02771 
-0.05337 ,0.02771 
-0.15301 ,0.02771 
-0.08768 ,0.02772 
-0.14143 ,0.02772 
0.06272 ,0.02772 
-0.15201 ,0.02772 
-0.13945 ,0.02772 
-0.05780 ,0.02772 
-0.01265 ,0.02772 
-0.07515 ,0.02772 
-0.03782 ,0.02773 
-0.14733 ,0.02773 
-0.13826 ,0.02773 
-0.10581 ,0.02773 
-0.14057 ,0.02773 
-0.00351 ,0.02773 
0.03516 ,0.02774 
-0.08152 ,0.02774 
-0.11220 ,0.02774 
-0.13912 ,0.02774 
-0.15367 ,0.02774 
-0.07542 ,0.02774 
-0.12130 ,0.02774 
0.01223 ,0.02775 
0.04011 ,0.02775 
-0.15473 ,0.02775 
-0.14043 ,0.02775 
0.04432 ,0.02775 
-0.14074 ,0.02775 
-0.15673 ,0.02775 
-0.02656 ,0.02775 
0.00688 ,0.02775 
-0.03056 ,0.02776 
-0.06040 ,0.02776 
-0.13468 ,0.02776 
-0.08619 ,0.02776 
-0.03384 ,0.02776 
-0.09221 ,0.02776 
-0.11461 ,0.02776 
-0.13478 ,0.02776 
-0.06509 ,0.02776 
-0.10590 ,0.02777 
-0.08610 ,0.02777 
-0.08692 ,0.02777 
-0.07036 ,0.02777 
-0.15567 ,0.02777 
-0.07706 ,0.02777 
-0.13535 ,0.02777 
-0.03991 ,0.02777 
-0.03260 ,0.02777 
-0.05130 ,0.02777 
-0.13298 ,0.02777 
0.02623 ,0.02777 
-0.16728 ,0.02777 
-0.08435 ,0.02777 
-0.17790 ,0.02778 
-0.13580 ,0.02778 
-0.06533 ,0.02778 
-0.07753 ,0.02778 
-0.08257 ,0.02778 
0.04877 ,0.02778 
-0.14727 ,0.02778 
-0.06355 ,0.02778 
-0.11496 ,0.02778 
-0.15834 ,0.02778 
-0.08308 ,0.02779 
-0.15648 ,0.02779 
-0.15256 ,0.02779 
-0.15199 ,0.02779 
-0.05172 ,0.02779 
-0.06594 ,0.02779 
-0.07867 ,0.02779 
-0.04534 ,0.02779 
0.03583 ,0.02780 
-0.13966 ,0.02780 
-0.11071 ,0.02780 
-0.04853 ,0.02780 
-0.15271 ,0.02780 
-0.12999 ,0.02780 
-0.14008 ,0.02780 
-0.13192 ,0.02780 
0.05348 ,0.02780 
-0.09437 ,0.02780 
-0.12431 ,0.02781 
-0.06869 ,0.02781 
-0.15668 ,0.02781 
-0.04762 ,0.02781 
-0.14351 ,0.02781 
-0.06327 ,0.02781 
-0.12717 ,0.02781 
-0.04952 ,0.02782 
-0.06270 ,0.02782 
-0.05762 ,0.02782 
-0.07407 ,0.02782 
-0.02150 ,0.02782 
-0.05559 ,0.02782 
-0.14562 ,0.02782 
0.18554 ,0.02782 
-0.04444 ,0.02782 
-0.04943 ,0.02783 
0.05663 ,0.02783 
0.00339 ,0.02783 
-0.07495 ,0.02783 
-0.08098 ,0.02783 
0.05463 ,0.02783 
-0.15566 ,0.02784 
-0.04207 ,0.02784 
0.03102 ,0.02784 
-0.13406 ,0.02784 
-0.14976 ,0.02784 
-0.12494 ,0.02784 
-0.15897 ,0.02784 
-0.10615 ,0.02784 
-0.12858 ,0.02784 
-0.11894 ,0.02785 
0.01822 ,0.02785 
-0.16569 ,0.02785 
0.05741 ,0.02785 
-0.06232 ,0.02785 
-0.13639 ,0.02785 
-0.14364 ,0.02785 
-0.04044 ,0.02785 
-0.06781 ,0.02785 
0.04797 ,0.02786 
-0.07287 ,0.02786 
-0.04044 ,0.02786 
-0.02864 ,0.02786 
0.07154 ,0.02787 
-0.01159 ,0.02787 
-0.04005 ,0.02787 
-0.10792 ,0.02787 
0.04265 ,0.02787 
0.04547 ,0.02787 
-0.15115 ,0.02787 
-0.06674 ,0.02787 
-0.14107 ,0.02788 
-0.10525 ,0.02788 
-0.13121 ,0.02788 
-0.16211 ,0.02788 
-0.14215 ,0.02788 
0.05159 ,0.02788 
-0.07073 ,0.02788 
-0.11803 ,0.02789 
-0.11652 ,0.02789 
-0.02342 ,0.02789 
-0.11707 ,0.02789 
-0.09692 ,0.02790 
0.05478 ,0.02790 
-0.15192 ,0.02790 
-0.03182 ,0.02790 
-0.12009 ,0.02790 
0.04943 ,0.02790 
-0.08027 ,0.02790 
0.03136 ,0.02790 
-0.10293 ,0.02791 
-0.13379 ,0.02791 
0.02740 ,0.02791 
-0.15647 ,0.02791 
-0.05221 ,0.02791 
-0.04331 ,0.02791 
-0.16039 ,0.02791 
-0.16840 ,0.02791 
-0.09656 ,0.02791 
-0.12413 ,0.02792 
-0.05282 ,0.02792 
-0.06455 ,0.02792 
-0.08035 ,0.02792 
-0.09137 ,0.02792 
-0.10881 ,0.02792 
-0.12834 ,0.02792 
0.16284 ,0.02792 
-0.15664 ,0.02793 
-0.11140 ,0.02793 
-0.10153 ,0.02793 
-0.11605 ,0.02793 
-0.08563 ,0.02793 
-0.04286 ,0.02793 
-0.05297 ,0.02794 
-0.08374 ,0.02794 
-0.11330 ,0.02794 
-0.13193 ,0.02794 
-0.07130 ,0.02794 
-0.06560 ,0.02795 
-0.13697 ,0.02795 
-0.14536 ,0.02795 
-0.05478 ,0.02795 
-0.04088 ,0.02795 
-0.04605 ,0.02795 
-0.05344 ,0.02796 
-0.04043 ,0.02796 
-0.01410 ,0.02796 
-0.05031 ,0.02796 
0.00270 ,0.02796 
-0.01825 ,0.02796 
0.03042 ,0.02796 
-0.07192 ,0.02796 
-0.02583 ,0.02797 
-0.14787 ,0.02797 
0.08050 ,0.02798 
-0.07184 ,0.02798 
-0.12801 ,0.02798 
-0.00369 ,0.02798 
-0.04036 ,0.02798 
-0.16043 ,0.02798 
-0.06133 ,0.02798 
-0.15391 ,0.02798 
-0.04184 ,0.02799 
-0.07556 ,0.02799 
-0.12739 ,0.02799 
-0.15085 ,0.02799 
-0.01300 ,0.02799 
-0.14855 ,0.02799 
-0.12811 ,0.02799 
-0.16700 ,0.02799 
-0.12625 ,0.02799 
-0.03655 ,0.02799 
0.07689 ,0.02799 
-0.06448 ,0.02800 
-0.01466 ,0.02800 
-0.09344 ,0.02800 
-0.07324 ,0.02800 
-0.13455 ,0.02800 
-0.05131 ,0.02800 
-0.07003 ,0.02800 
0.07513 ,0.02800 
0.04225 ,0.02800 
0.19576 ,0.02801 
-0.12113 ,0.02801 
-0.15156 ,0.02802 
-0.07545 ,0.02802 
-0.04872 ,0.02802 
-0.14462 ,0.02802 
-0.12331 ,0.02802 
-0.12237 ,0.02802 
0.15388 ,0.02802 
-0.11473 ,0.02802 
-0.02947 ,0.02802 
-0.14613 ,0.02803 
-0.03380 ,0.02803 
-0.15279 ,0.02803 
-0.07608 ,0.02803 
-0.09422 ,0.02803 
-0.13495 ,0.02803 
-0.15735 ,0.02803 
-0.09300 ,0.02803 
-0.06577 ,0.02803 
-0.05607 ,0.02803 
-0.13937 ,0.02803 
-0.05777 ,0.02803 
-0.08555 ,0.02803 
-0.11137 ,0.02803 
0.06298 ,0.02803 
-0.08896 ,0.02803 
0.02189 ,0.02803 
-0.15271 ,0.02803 
0.04252 ,0.02804 
-0.02149 ,0.02804 
-0.13306 ,0.02804 
-0.14021 ,0.02804 
-0.13790 ,0.02804 
-0.04150 ,0.02804 
-0.10293 ,0.02805 
-0.14403 ,0.02805 
-0.15659 ,0.02805 
-0.08263 ,0.02805 
-0.07595 ,0.02805 
-0.11711 ,0.02806 
-0.07048 ,0.02806 
-0.14056 ,0.02806 
-0.05205 ,0.02806 
-0.05229 ,0.02806 
-0.06733 ,0.02807 
-0.00455 ,0.02807 
-0.02992 ,0.02807 
-0.01290 ,0.02807 
-0.07762 ,0.02808 
0.07218 ,0.02808 
-0.12614 ,0.02808 
0.03717 ,0.02808 
-0.07033 ,0.02808 
0.04834 ,0.02808 
-0.10504 ,0.02808 
-0.12837 ,0.02808 
0.05584 ,0.02808 
-0.14046 ,0.02808 
-0.03107 ,0.02808 
-0.03218 ,0.02808 
-0.04705 ,0.02808 
-0.11462 ,0.02808 
-0.04773 ,0.02809 
-0.04326 ,0.02809 
-0.13265 ,0.02809 
-0.02325 ,0.02809 
0.05413 ,0.02809 
-0.11577 ,0.02809 
-0.12033 ,0.02809 
-0.14330 ,0.02809 
-0.12639 ,0.02809 
0.02358 ,0.02810 
-0.05868 ,0.02810 
0.03549 ,0.02811 
-0.03311 ,0.02811 
-0.02026 ,0.02811 
-0.16979 ,0.02811 
-0.11286 ,0.02811 
-0.04465 ,0.02811 
-0.12526 ,0.02811 
0.06313 ,0.02811 
-0.13073 ,0.02811 
-0.08478 ,0.02811 
-0.10886 ,0.02811 
-0.15239 ,0.02811 
0.02819 ,0.02812 
0.05042 ,0.02812 
-0.16595 ,0.02812 
-0.02661 ,0.02813 
-0.04687 ,0.02813 
-0.08391 ,0.02813 
-0.14920 ,0.02813 
-0.05992 ,0.02813 
0.01140 ,0.02813 
0.06415 ,0.02813 
-0.12951 ,0.02813 
-0.12156 ,0.02813 
-0.16449 ,0.02813 
0.05175 ,0.02814 
0.05592 ,0.02814 
0.00979 ,0.02814 
-0.16217 ,0.02814 
0.04888 ,0.02814 
0.04189 ,0.02814 
-0.15045 ,0.02814 
-0.11376 ,0.02814 
-0.10788 ,0.02814 
-0.00296 ,0.02815 
-0.12826 ,0.02815 
-0.11199 ,0.02815 
-0.05049 ,0.02815 
-0.08572 ,0.02815 
-0.10510 ,0.02815 
-0.14061 ,0.02815 
-0.07775 ,0.02815 
-0.14526 ,0.02815 
-0.08382 ,0.02815 
-0.05850 ,0.02815 
-0.02126 ,0.02815 
-0.06709 ,0.02816 
-0.15307 ,0.02816 
-0.00685 ,0.02816 
-0.03834 ,0.02816 
-0.08715 ,0.02816 
-0.16100 ,0.02816 
-0.14627 ,0.02816 
-0.13163 ,0.02816 
-0.04032 ,0.02817 
-0.07856 ,0.02817 
-0.10942 ,0.02817 
0.04525 ,0.02817 
-0.14857 ,0.02817 
-0.14537 ,0.02817 
-0.04203 ,0.02817 
-0.10929 ,0.02817 
-0.09219 ,0.02817 
-0.12616 ,0.02817 
-0.03758 ,0.02817 
-0.12018 ,0.02817 
-0.06312 ,0.02818 
-0.01361 ,0.02818 
-0.01576 ,0.02818 
-0.12809 ,0.02818 
-0.15559 ,0.02818 
0.07522 ,0.02818 
-0.16059 ,0.02819 
-0.15839 ,0.02819 
0.04660 ,0.02819 
-0.14910 ,0.02819 
-0.15076 ,0.02819 
-0.06402 ,0.02819 
-0.15252 ,0.02819 
-0.10620 ,0.02820 
-0.15794 ,0.02821 
-0.03075 ,0.02821 
-0.05538 ,0.02821 
-0.10374 ,0.02821 
-0.09892 ,0.02821 
0.02340 ,0.02821 
-0.14109 ,0.02821 
-0.06924 ,0.02821 
0.03475 ,0.02821 
-0.13316 ,0.02822 
-0.07420 ,0.02822 
-0.03843 ,0.02822 
-0.14046 ,0.02822 
-0.13566 ,0.02822 
-0.12508 ,0.02822 
-0.06272 ,0.02822 
0.05073 ,0.02822 
-0.12688 ,0.02822 
0.06235 ,0.02823 
-0.11638 ,0.02823 
-0.16587 ,0.02823 
-0.13382 ,0.02823 
-0.09742 ,0.02823 
-0.09202 ,0.02823 
-0.01601 ,0.02823 
-0.07307 ,0.02823 
-0.11313 ,0.02823 
-0.14568 ,0.02823 
-0.08237 ,0.02823 
-0.16278 ,0.02823 
-0.14193 ,0.02823 
-0.04698 ,0.02823 
-0.07718 ,0.02824 
0.02026 ,0.02824 
0.04677 ,0.02824 
-0.08398 ,0.02824 
-0.06732 ,0.02824 
-0.13839 ,0.02825 
-0.08441 ,0.02825 
-0.12246 ,0.02825 
-0.12089 ,0.02825 
-0.12974 ,0.02825 
-0.04867 ,0.02825 
-0.07309 ,0.02825 
-0.14765 ,0.02825 
-0.12212 ,0.02825 
-0.07014 ,0.02825 
-0.13048 ,0.02825 
-0.04067 ,0.02825 
-0.11322 ,0.02825 
-0.05876 ,0.02825 
0.01596 ,0.02825 
0.06900 ,0.02826 
-0.13870 ,0.02826 
-0.07810 ,0.02826 
-0.09659 ,0.02826 
-0.12033 ,0.02826 
-0.02303 ,0.02827 
-0.07590 ,0.02827 
-0.15230 ,0.02827 
-0.04415 ,0.02827 
0.04295 ,0.02827 
-0.16388 ,0.02828 
-0.09663 ,0.02828 
-0.05897 ,0.02828 
0.04449 ,0.02828 
-0.13140 ,0.02829 
-0.10305 ,0.02829 
0.04590 ,0.02829 
-0.06796 ,0.02829 
-0.14690 ,0.02829 
-0.14225 ,0.02829 
-0.11590 ,0.02829 
-0.15856 ,0.02829 
-0.03360 ,0.02829 
-0.06550 ,0.02829 
-0.15008 ,0.02830 
-0.17215 ,0.02830 
-0.03487 ,0.02830 
-0.16499 ,0.02830 
-0.14113 ,0.02830 
0.05197 ,0.02830 
-0.13766 ,0.02831 
-0.09682 ,0.02831 
-0.11091 ,0.02831 
-0.12720 ,0.02831 
0.03403 ,0.02831 
0.01008 ,0.02831 
0.03006 ,0.02832 
-0.06290 ,0.02832 
-0.13418 ,0.02832 
0.06406 ,0.02832 
-0.15131 ,0.02832 
-0.15090 ,0.02832 
-0.13582 ,0.02832 
-0.02755 ,0.02832 
-0.14661 ,0.02832 
0.01308 ,0.02832 
-0.13245 ,0.02833 
-0.11655 ,0.02833 
-0.11181 ,0.02833 
0.05720 ,0.02833 
-0.08465 ,0.02833 
0.03992 ,0.02833 
-0.13699 ,0.02833 
0.00337 ,0.02833 
-0.11556 ,0.02833 
-0.07652 ,0.02833 
-0.12185 ,0.02834 
-0.03884 ,0.02834 
-0.07328 ,0.02834 
-0.03914 ,0.02834 
-0.14436 ,0.02834 
-0.02159 ,0.02834 
-0.09218 ,0.02834 
-0.07397 ,0.02834 
-0.15534 ,0.02835 
-0.06358 ,0.02835 
-0.08168 ,0.02835 
-0.11499 ,0.02835 
-0.02317 ,0.02835 
-0.12878 ,0.02835 
-0.11952 ,0.02835 
0.18855 ,0.02835 
-0.07585 ,0.02835 
-0.05612 ,0.02835 
0.21295 ,0.02835 
-0.12097 ,0.02836 
-0.04945 ,0.02836 
-0.08227 ,0.02836 
-0.05976 ,0.02836 
-0.12403 ,0.02836 
-0.10542 ,0.02836 
-0.13716 ,0.02836 
-0.05599 ,0.02836 
0.00872 ,0.02836 
-0.07577 ,0.02836 
-0.08868 ,0.02836 
-0.13168 ,0.02836 
-0.12166 ,0.02836 
0.06492 ,0.02836 
-0.12690 ,0.02836 
0.03553 ,0.02836 
-0.07767 ,0.02836 
-0.11985 ,0.02836 
-0.14527 ,0.02837 
-0.13966 ,0.02837 
-0.14522 ,0.02837 
-0.08746 ,0.02837 
-0.11760 ,0.02837 
-0.14777 ,0.02837 
-0.12608 ,0.02837 
-0.15260 ,0.02838 
-0.13460 ,0.02838 
-0.06425 ,0.02838 
-0.09242 ,0.02838 
-0.08374 ,0.02838 
-0.11964 ,0.02838 
-0.09534 ,0.02838 
0.18286 ,0.02838 
0.06317 ,0.02838 
-0.13444 ,0.02838 
0.04490 ,0.02838 
-0.02152 ,0.02839 
-0.06456 ,0.02839 
-0.07127 ,0.02839 
-0.09887 ,0.02839 
-0.14123 ,0.02839 
-0.12761 ,0.02839 
-0.06269 ,0.02839 
-0.12320 ,0.02839 
-0.08427 ,0.02839 
0.03942 ,0.02840 
-0.06279 ,0.02840 
-0.10534 ,0.02840 
-0.08182 ,0.02840 
0.00358 ,0.02840 
-0.06550 ,0.02840 
-0.11642 ,0.02840 
-0.11561 ,0.02840 
-0.07948 ,0.02840 
-0.08381 ,0.02840 
0.02012 ,0.02840 
-0.16971 ,0.02841 
-0.09991 ,0.02841 
-0.00553 ,0.02841 
0.04115 ,0.02841 
0.00882 ,0.02841 
-0.07346 ,0.02842 
-0.14750 ,0.02842 
-0.07457 ,0.02842 
-0.04163 ,0.02842 
-0.03746 ,0.02842 
-0.17019 ,0.02842 
-0.06908 ,0.02842 
-0.10072 ,0.02842 
-0.06610 ,0.02843 
-0.14652 ,0.02843 
-0.01631 ,0.02843 
-0.06423 ,0.02843 
-0.13687 ,0.02844 
0.09039 ,0.02844 
-0.03905 ,0.02844 
-0.07992 ,0.02844 
-0.07101 ,0.02844 
0.06276 ,0.02844 
-0.08400 ,0.02844 
0.05879 ,0.02844 
-0.05293 ,0.02844 
-0.08388 ,0.02845 
0.05514 ,0.02845 
-0.13223 ,0.02845 
-0.07436 ,0.02845 
-0.08780 ,0.02845 
0.04520 ,0.02845 
-0.13328 ,0.02845 
-0.02356 ,0.02845 
0.04900 ,0.02845 
-0.15340 ,0.02845 
-0.08949 ,0.02845 
-0.14071 ,0.02845 
-0.07096 ,0.02845 
-0.05094 ,0.02845 
-0.11856 ,0.02845 
-0.05933 ,0.02845 
-0.11947 ,0.02845 
-0.16577 ,0.02846 
0.09317 ,0.02846 
-0.14731 ,0.02846 
-0.03988 ,0.02846 
-0.13883 ,0.02846 
-0.04228 ,0.02846 
-0.09774 ,0.02846 
-0.06071 ,0.02846 
-0.06138 ,0.02846 
-0.07267 ,0.02847 
-0.14134 ,0.02847 
-0.05931 ,0.02847 
-0.13281 ,0.02847 
-0.07549 ,0.02847 
-0.12362 ,0.02847 
-0.01790 ,0.02847 
-0.10308 ,0.02848 
0.00687 ,0.02848 
-0.15323 ,0.02848 
-0.07975 ,0.02848 
-0.07978 ,0.02848 
-0.01260 ,0.02848 
-0.02667 ,0.02848 
-0.14981 ,0.02848 
-0.12394 ,0.02849 
-0.12835 ,0.02849 
0.04413 ,0.02849 
-0.04586 ,0.02849 
0.04017 ,0.02849 
-0.16010 ,0.02849 
0.02926 ,0.02849 
-0.12748 ,0.02849 
-0.13003 ,0.02849 
-0.12357 ,0.02849 
-0.03585 ,0.02849 
-0.14180 ,0.02849 
0.07985 ,0.02850 
0.05728 ,0.02850 
-0.02141 ,0.02850 
0.04067 ,0.02850 
-0.07865 ,0.02850 
-0.13624 ,0.02850 
-0.11774 ,0.02850 
-0.14786 ,0.02850 
-0.13118 ,0.02850 
-0.01677 ,0.02851 
-0.07034 ,0.02851 
-0.15320 ,0.02851 
0.04365 ,0.02851 
-0.12574 ,0.02851 
-0.09340 ,0.02851 
-0.10417 ,0.02851 
-0.12226 ,0.02852 
0.02397 ,0.02852 
0.01900 ,0.02852 
-0.01773 ,0.02852 
-0.11824 ,0.02852 
-0.14150 ,0.02853 
-0.11486 ,0.02853 
-0.11719 ,0.02853 
-0.14822 ,0.02853 
0.04663 ,0.02853 
-0.14363 ,0.02853 
-0.07764 ,0.02853 
-0.10189 ,0.02853 
-0.13086 ,0.02853 
-0.16323 ,0.02854 
-0.09241 ,0.02854 
-0.16148 ,0.02854 
-0.15060 ,0.02854 
-0.11749 ,0.02854 
0.01948 ,0.02855 
-0.04659 ,0.02855 
-0.04137 ,0.02855 
0.08961 ,0.02855 
-0.08101 ,0.02855 
-0.08585 ,0.02855 
0.07930 ,0.02855 
-0.03233 ,0.02855 
-0.12259 ,0.02856 
-0.09843 ,0.02856 
-0.13836 ,0.02856 
-0.06552 ,0.02856 
-0.18799 ,0.02856 
-0.16416 ,0.02856 
-0.04500 ,0.02856 
0.05441 ,0.02856 
-0.06826 ,0.02856 
-0.14580 ,0.02857 
-0.08516 ,0.02857 
-0.09645 ,0.02857 
-0.13509 ,0.02857 
-0.07406 ,0.02857 
-0.15608 ,0.02857 
-0.06626 ,0.02857 
-0.04925 ,0.02857 
-0.05950 ,0.02857 
-0.09016 ,0.02857 
0.17136 ,0.02857 
-0.08510 ,0.02857 
-0.16091 ,0.02858 
-0.15126 ,0.02858 
-0.14646 ,0.02858 
-0.05600 ,0.02858 
-0.07082 ,0.02858 
0.01126 ,0.02858 
-0.12792 ,0.02859 
-0.11204 ,0.02859 
-0.06800 ,0.02859 
0.00440 ,0.02859 
-0.04865 ,0.02859 
-0.15576 ,0.02859 
-0.03389 ,0.02859 
0.03989 ,0.02860 
0.04163 ,0.02860 
-0.10456 ,0.02860 
-0.04417 ,0.02860 
-0.11283 ,0.02860 
-0.03934 ,0.02860 
-0.05711 ,0.02860 
0.04751 ,0.02860 
-0.09382 ,0.02860 
-0.07651 ,0.02860 
-0.06008 ,0.02861 
-0.11765 ,0.02861 
-0.13188 ,0.02861 
0.05828 ,0.02861 
0.04062 ,0.02861 
0.04654 ,0.02861 
-0.14963 ,0.02861 
-0.07485 ,0.02861 
0.04444 ,0.02861 
-0.13592 ,0.02862 
-0.13647 ,0.02862 
-0.17823 ,0.02862 
-0.13612 ,0.02862 
-0.07632 ,0.02862 
-0.15496 ,0.02862 
-0.14379 ,0.02862 
-0.12804 ,0.02862 
-0.12234 ,0.02863 
-0.04720 ,0.02863 
-0.06254 ,0.02863 
-0.05649 ,0.02863 
-0.07125 ,0.02863 
-0.03765 ,0.02863 
-0.08561 ,0.02864 
-0.07213 ,0.02864 
-0.14604 ,0.02864 
-0.11613 ,0.02864 
-0.15799 ,0.02864 
-0.07709 ,0.02864 
-0.06460 ,0.02864 
-0.04780 ,0.02864 
0.05459 ,0.02865 
-0.07792 ,0.02865 
-0.11489 ,0.02865 
-0.07706 ,0.02865 
-0.15907 ,0.02866 
-0.11666 ,0.02866 
0.16764 ,0.02866 
-0.06383 ,0.02866 
-0.01457 ,0.02866 
-0.09578 ,0.02866 
-0.12326 ,0.02866 
-0.06008 ,0.02866 
-0.16438 ,0.02866 
-0.05488 ,0.02867 
0.07276 ,0.02867 
-0.14549 ,0.02867 
0.02546 ,0.02867 
-0.13960 ,0.02867 
0.04083 ,0.02867 
-0.05912 ,0.02867 
-0.11309 ,0.02867 
-0.08697 ,0.02867 
-0.04834 ,0.02867 
-0.05190 ,0.02868 
-0.13746 ,0.02868 
-0.10611 ,0.02868 
-0.06518 ,0.02868 
-0.12347 ,0.02868 
-0.10822 ,0.02868 
-0.08358 ,0.02868 
0.09685 ,0.02868 
-0.07148 ,0.02869 
-0.06959 ,0.02869 
-0.13408 ,0.02869 
0.08562 ,0.02869 
-0.04640 ,0.02869 
-0.07115 ,0.02869 
-0.11636 ,0.02869 
-0.05467 ,0.02870 
-0.16037 ,0.02870 
-0.11349 ,0.02870 
-0.00992 ,0.02870 
-0.07787 ,0.02870 
0.00910 ,0.02870 
-0.13205 ,0.02870 
-0.06187 ,0.02870 
-0.07155 ,0.02870 
-0.09662 ,0.02870 
-0.12594 ,0.02871 
0.03708 ,0.02871 
0.18784 ,0.02871 
-0.09189 ,0.02871 
-0.06692 ,0.02871 
0.07115 ,0.02871 
-0.10290 ,0.02872 
0.00721 ,0.02872 
-0.08627 ,0.02872 
-0.08957 ,0.02872 
-0.06573 ,0.02872 
-0.05741 ,0.02872 
-0.09847 ,0.02873 
-0.01430 ,0.02873 
-0.02458 ,0.02873 
0.03921 ,0.02873 
-0.00526 ,0.02873 
0.02186 ,0.02874 
-0.13573 ,0.02874 
0.01389 ,0.02874 
-0.15340 ,0.02874 
-0.12324 ,0.02874 
-0.13304 ,0.02874 
0.18208 ,0.02874 
-0.11949 ,0.02874 
0.04241 ,0.02874 
-0.05877 ,0.02874 
-0.11550 ,0.02874 
-0.12816 ,0.02875 
-0.07148 ,0.02875 
-0.11535 ,0.02875 
-0.16588 ,0.02875 
0.03514 ,0.02875 
0.03322 ,0.02875 
-0.01923 ,0.02876 
-0.13469 ,0.02876 
0.05381 ,0.02876 
-0.02202 ,0.02876 
-0.15562 ,0.02876 
-0.06595 ,0.02876 
-0.02676 ,0.02876 
0.04229 ,0.02876 
-0.04511 ,0.02877 
-0.00733 ,0.02877 
-0.11861 ,0.02877 
-0.12842 ,0.02877 
-0.04793 ,0.02877 
-0.13231 ,0.02878 
-0.13311 ,0.02878 
-0.13442 ,0.02878 
-0.14737 ,0.02879 
-0.05864 ,0.02879 
-0.13758 ,0.02879 
-0.06197 ,0.02879 
0.17692 ,0.02879 
-0.13012 ,0.02879 
-0.07365 ,0.02879 
-0.04539 ,0.02879 
-0.13873 ,0.02879 
0.03911 ,0.02879 
-0.04867 ,0.02880 
-0.13893 ,0.02880 
-0.12453 ,0.02880 
-0.14865 ,0.02880 
-0.03260 ,0.02880 
-0.07205 ,0.02880 
-0.11205 ,0.02880 
0.01787 ,0.02880 
0.01904 ,0.02880 
-0.04229 ,0.02880 
-0.07137 ,0.02881 
0.04933 ,0.02881 
-0.14626 ,0.02881 
-0.08490 ,0.02881 
0.06376 ,0.02881 
-0.02233 ,0.02881 
-0.14706 ,0.02882 
-0.03713 ,0.02882 
-0.16350 ,0.02882 
-0.10709 ,0.02882 
-0.15470 ,0.02882 
-0.05805 ,0.02882 
-0.09996 ,0.02882 
-0.13998 ,0.02883 
-0.12827 ,0.02883 
-0.06069 ,0.02883 
-0.07868 ,0.02883 
-0.06085 ,0.02883 
-0.13451 ,0.02883 
0.19037 ,0.02883 
-0.08988 ,0.02883 
-0.17556 ,0.02884 
-0.07797 ,0.02884 
-0.04751 ,0.02884 
-0.04930 ,0.02884 
-0.13206 ,0.02884 
-0.12697 ,0.02884 
-0.00348 ,0.02884 
-0.13181 ,0.02885 
-0.09237 ,0.02885 
-0.12656 ,0.02885 
-0.04453 ,0.02885 
-0.06700 ,0.02885 
-0.11122 ,0.02885 
-0.13830 ,0.02885 
0.04183 ,0.02885 
0.02834 ,0.02885 
0.06329 ,0.02886 
-0.17138 ,0.02886 
-0.14768 ,0.02886 
-0.02598 ,0.02886 
-0.06736 ,0.02886 
0.03814 ,0.02886 
-0.06048 ,0.02886 
-0.13370 ,0.02886 
-0.15391 ,0.02886 
-0.14208 ,0.02887 
-0.08225 ,0.02887 
-0.07368 ,0.02887 
-0.13754 ,0.02887 
-0.14052 ,0.02888 
0.19434 ,0.02888 
-0.08270 ,0.02888 
-0.05845 ,0.02888 
-0.11310 ,0.02888 
-0.10610 ,0.02888 
-0.14718 ,0.02888 
-0.13682 ,0.02888 
-0.12362 ,0.02888 
-0.06154 ,0.02888 
0.02036 ,0.02888 
-0.07542 ,0.02888 
0.05994 ,0.02888 
-0.14224 ,0.02889 
-0.13452 ,0.02889 
-0.14055 ,0.02889 
0.05740 ,0.02889 
-0.12382 ,0.02889 
-0.04171 ,0.02889 
-0.09425 ,0.02889 
-0.14772 ,0.02889 
-0.11002 ,0.02890 
-0.15389 ,0.02890 
-0.03781 ,0.02890 
-0.13533 ,0.02890 
-0.06578 ,0.02890 
-0.06346 ,0.02890 
-0.06951 ,0.02890 
-0.02870 ,0.02890 
-0.09170 ,0.02890 
-0.04169 ,0.02891 
-0.09672 ,0.02891 
-0.08562 ,0.02891 
-0.07398 ,0.02891 
-0.12220 ,0.02891 
0.03770 ,0.02891 
-0.14287 ,0.02891 
-0.16069 ,0.02891 
-0.04504 ,0.02891 
-0.06210 ,0.02891 
-0.07839 ,0.02891 
-0.15346 ,0.02891 
-0.03918 ,0.02891 
-0.13536 ,0.02892 
0.04063 ,0.02892 
-0.07726 ,0.02892 
0.07697 ,0.02892 
-0.13239 ,0.02892 
-0.03732 ,0.02892 
-0.15576 ,0.02892 
-0.08532 ,0.02892 
-0.12457 ,0.02892 
-0.01245 ,0.02892 
-0.13674 ,0.02892 
0.04569 ,0.02892 
-0.00497 ,0.02892 
-0.04764 ,0.02892 
-0.05483 ,0.02893 
-0.05547 ,0.02893 
-0.07170 ,0.02893 
0.15715 ,0.02893 
-0.07854 ,0.02893 
-0.12874 ,0.02893 
-0.08703 ,0.02893 
-0.00984 ,0.02893 
-0.14429 ,0.02893 
-0.06813 ,0.02893 
-0.00942 ,0.02893 
0.08493 ,0.02894 
-0.13131 ,0.02894 
-0.11194 ,0.02894 
-0.11916 ,0.02895 
-0.14548 ,0.02895 
-0.12596 ,0.02895 
-0.04632 ,0.02895 
-0.11171 ,0.02896 
0.03816 ,0.02896 
-0.00036 ,0.02896 
0.01520 ,0.02896 
-0.12939 ,0.02896 
-0.13847 ,0.02896 
-0.06932 ,0.02897 
-0.07324 ,0.02897 
-0.12043 ,0.02897 
0.06050 ,0.02897 
-0.11397 ,0.02897 
-0.06935 ,0.02897 
-0.09166 ,0.02897 
0.05563 ,0.02897 
-0.06611 ,0.02897 
-0.05500 ,0.02898 
-0.04197 ,0.02898 
-0.07269 ,0.02898 
-0.05100 ,0.02898 
0.06403 ,0.02898 
0.05721 ,0.02898 
-0.05465 ,0.02898 
-0.15080 ,0.02899 
-0.08139 ,0.02899 
-0.08600 ,0.02899 
-0.05948 ,0.02899 
-0.10550 ,0.02899 
-0.14779 ,0.02899 
-0.11917 ,0.02899 
-0.08422 ,0.02900 
-0.02004 ,0.02900 
0.07892 ,0.02900 
0.04499 ,0.02900 
0.08158 ,0.02900 
-0.01390 ,0.02900 
-0.09701 ,0.02900 
0.06981 ,0.02900 
-0.08985 ,0.02900 
-0.09674 ,0.02900 
-0.03794 ,0.02900 
-0.04470 ,0.02900 
-0.10578 ,0.02901 
-0.14742 ,0.02901 
-0.08893 ,0.02901 
0.06351 ,0.02901 
-0.08877 ,0.02901 
-0.14274 ,0.02901 
0.04597 ,0.02901 
-0.12807 ,0.02901 
-0.13508 ,0.02902 
-0.14917 ,0.02902 
-0.14288 ,0.02902 
-0.10428 ,0.02902 
-0.08115 ,0.02902 
-0.13423 ,0.02902 
-0.10757 ,0.02902 
-0.04594 ,0.02902 
-0.11359 ,0.02902 
-0.08340 ,0.02902 
-0.06552 ,0.02903 
-0.06769 ,0.02903 
-0.06336 ,0.02903 
-0.08006 ,0.02903 
-0.14020 ,0.02903 
0.03985 ,0.02903 
0.07006 ,0.02903 
-0.06548 ,0.02903 
-0.16798 ,0.02903 
-0.11424 ,0.02903 
-0.04339 ,0.02904 
-0.00698 ,0.02904 
-0.14439 ,0.02904 
-0.14382 ,0.02904 
0.06452 ,0.02904 
-0.15628 ,0.02904 
-0.11669 ,0.02904 
0.00985 ,0.02905 
-0.13191 ,0.02905 
-0.16616 ,0.02905 
-0.05595 ,0.02905 
-0.14201 ,0.02905 
-0.12871 ,0.02905 
-0.12369 ,0.02905 
0.09457 ,0.02906 
-0.13113 ,0.02906 
-0.11638 ,0.02906 
-0.13178 ,0.02906 
-0.06422 ,0.02907 
-0.02110 ,0.02907 
-0.10182 ,0.02907 
-0.15179 ,0.02907 
-0.09647 ,0.02907 
-0.07866 ,0.02907 
-0.11359 ,0.02907 
-0.15939 ,0.02907 
-0.10821 ,0.02907 
-0.05836 ,0.02907 
-0.14494 ,0.02907 
-0.13951 ,0.02907 
-0.12551 ,0.02908 
-0.03889 ,0.02908 
-0.07037 ,0.02908 
-0.10521 ,0.02908 
-0.09012 ,0.02908 
-0.12252 ,0.02908 
-0.13274 ,0.02908 
-0.11163 ,0.02909 
-0.06477 ,0.02909 
0.03801 ,0.02909 
-0.07610 ,0.02909 
-0.12364 ,0.02909 
-0.10360 ,0.02909 
-0.07777 ,0.02909 
0.01425 ,0.02909 
-0.09324 ,0.02909 
-0.16481 ,0.02910 
-0.05630 ,0.02910 
-0.02535 ,0.02910 
-0.08989 ,0.02910 
0.03292 ,0.02910 
-0.07694 ,0.02910 
-0.14173 ,0.02910 
-0.05428 ,0.02910 
-0.05707 ,0.02910 
-0.05902 ,0.02910 
-0.08581 ,0.02910 
-0.13586 ,0.02910 
0.02617 ,0.02910 
-0.07697 ,0.02910 
-0.06844 ,0.02910 
-0.14786 ,0.02910 
-0.07859 ,0.02911 
-0.12923 ,0.02911 
-0.12476 ,0.02911 
-0.06059 ,0.02911 
-0.15595 ,0.02911 
-0.01210 ,0.02911 
-0.08504 ,0.02911 
-0.14040 ,0.02911 
-0.16382 ,0.02911 
-0.09511 ,0.02912 
-0.14759 ,0.02912 
-0.15490 ,0.02912 
-0.06143 ,0.02912 
-0.04575 ,0.02912 
-0.12781 ,0.02912 
-0.01233 ,0.02912 
-0.11765 ,0.02913 
-0.05323 ,0.02913 
-0.05686 ,0.02913 
-0.02781 ,0.02913 
0.00469 ,0.02913 
-0.08851 ,0.02913 
0.02014 ,0.02914 
-0.07727 ,0.02914 
-0.17212 ,0.02914 
-0.07029 ,0.02914 
-0.08961 ,0.02914 
-0.10617 ,0.02914 
-0.01509 ,0.02914 
-0.14836 ,0.02914 
-0.12906 ,0.02914 
-0.13877 ,0.02915 
-0.12866 ,0.02915 
-0.16005 ,0.02915 
-0.02212 ,0.02915 
-0.06044 ,0.02915 
-0.07369 ,0.02915 
-0.13335 ,0.02915 
-0.13500 ,0.02915 
-0.13480 ,0.02915 
-0.07461 ,0.02916 
-0.12875 ,0.02916 
-0.12716 ,0.02916 
-0.07234 ,0.02916 
-0.15766 ,0.02916 
-0.09193 ,0.02916 
-0.06642 ,0.02916 
-0.14030 ,0.02916 
-0.12441 ,0.02916 
-0.04519 ,0.02916 
-0.05131 ,0.02917 
-0.08733 ,0.02917 
-0.03052 ,0.02917 
-0.15039 ,0.02917 
0.20299 ,0.02917 
-0.14402 ,0.02918 
-0.13873 ,0.02918 
-0.09447 ,0.02918 
-0.02073 ,0.02918 
0.04330 ,0.02918 
-0.14967 ,0.02918 
-0.13511 ,0.02918 
-0.12430 ,0.02919 
-0.11137 ,0.02919 
-0.07996 ,0.02919 
0.05846 ,0.02919 
-0.12962 ,0.02919 
-0.15013 ,0.02919 
0.05311 ,0.02920 
-0.08883 ,0.02920 
0.04908 ,0.02920 
-0.16858 ,0.02920 
-0.12542 ,0.02920 
-0.10076 ,0.02921 
-0.04319 ,0.02921 
-0.03334 ,0.02921 
-0.09632 ,0.02921 
-0.01299 ,0.02921 
-0.02507 ,0.02921 
-0.12904 ,0.02921 
-0.14065 ,0.02922 
-0.14551 ,0.02922 
-0.07156 ,0.02922 
-0.12538 ,0.02922 
-0.07728 ,0.02922 
-0.08000 ,0.02922 
-0.14202 ,0.02922 
0.07446 ,0.02923 
-0.11978 ,0.02923 
-0.15771 ,0.02923 
0.07050 ,0.02923 
0.05729 ,0.02923 
-0.06999 ,0.02923 
-0.07616 ,0.02924 
0.00428 ,0.02924 
0.07188 ,0.02924 
-0.01008 ,0.02924 
-0.16165 ,0.02925 
-0.09918 ,0.02925 
-0.10485 ,0.02925 
-0.05501 ,0.02925 
0.02369 ,0.02925 
-0.10189 ,0.02925 
-0.13559 ,0.02925 
-0.13211 ,0.02925 
-0.13693 ,0.02925 
-0.06543 ,0.02925 
-0.15912 ,0.02925 
0.05807 ,0.02925 
-0.02981 ,0.02925 
-0.04123 ,0.02925 
0.02725 ,0.02926 
-0.12199 ,0.02926 
-0.08810 ,0.02926 
-0.04762 ,0.02926 
-0.12609 ,0.02926 
-0.15469 ,0.02926 
-0.05645 ,0.02926 
-0.06125 ,0.02927 
0.03880 ,0.02927 
-0.10573 ,0.02927 
-0.09686 ,0.02927 
-0.10666 ,0.02927 
-0.07270 ,0.02928 
0.00500 ,0.02928 
-0.01857 ,0.02928 
-0.16742 ,0.02928 
0.03017 ,0.02928 
-0.12597 ,0.02928 
0.05050 ,0.02929 
-0.04028 ,0.02929 
-0.12296 ,0.02929 
-0.14296 ,0.02929 
-0.09385 ,0.02929 
-0.10437 ,0.02929 
-0.13210 ,0.02929 
-0.05535 ,0.02929 
-0.14614 ,0.02930 
-0.07121 ,0.02930 
-0.12745 ,0.02930 
-0.12992 ,0.02930 
-0.08574 ,0.02930 
-0.04216 ,0.02930 
-0.07502 ,0.02930 
-0.14211 ,0.02931 
-0.07673 ,0.02931 
-0.06092 ,0.02931 
-0.08649 ,0.02931 
-0.07546 ,0.02931 
-0.06852 ,0.02932 
-0.12177 ,0.02932 
-0.13251 ,0.02932 
-0.05226 ,0.02932 
-0.13236 ,0.02932 
-0.15266 ,0.02932 
0.06216 ,0.02932 
0.03914 ,0.02933 
-0.09920 ,0.02933 
-0.08306 ,0.02933 
0.05632 ,0.02933 
-0.14222 ,0.02933 
-0.14419 ,0.02933 
-0.12214 ,0.02933 
-0.06641 ,0.02934 
-0.05349 ,0.02934 
-0.14288 ,0.02934 
-0.02793 ,0.02934 
-0.17439 ,0.02934 
-0.05605 ,0.02934 
-0.05741 ,0.02934 
-0.11156 ,0.02934 
-0.11932 ,0.02934 
-0.03764 ,0.02934 
-0.04017 ,0.02934 
-0.12520 ,0.02934 
-0.04110 ,0.02934 
-0.08611 ,0.02934 
-0.12408 ,0.02934 
-0.14046 ,0.02934 
0.04134 ,0.02934 
-0.12800 ,0.02935 
-0.14236 ,0.02935 
0.06294 ,0.02935 
-0.13795 ,0.02935 
0.06616 ,0.02935 
-0.14109 ,0.02935 
-0.06551 ,0.02935 
-0.08014 ,0.02935 
0.00773 ,0.02935 
-0.03099 ,0.02935 
-0.10113 ,0.02935 
-0.04197 ,0.02936 
-0.12706 ,0.02936 
-0.12672 ,0.02936 
0.05163 ,0.02936 
-0.12244 ,0.02936 
0.01991 ,0.02936 
-0.09713 ,0.02936 
-0.14112 ,0.02936 
-0.05892 ,0.02937 
-0.08692 ,0.02937 
-0.09724 ,0.02937 
0.06600 ,0.02937 
-0.04273 ,0.02937 
-0.06446 ,0.02937 
-0.02259 ,0.02937 
-0.15679 ,0.02938 
-0.04477 ,0.02938 
-0.13770 ,0.02938 
-0.15882 ,0.02938 
-0.14162 ,0.02938 
-0.09939 ,0.02938 
-0.14289 ,0.02938 
-0.13163 ,0.02938 
-0.14238 ,0.02938 
-0.04790 ,0.02938 
-0.06710 ,0.02938 
-0.06935 ,0.02938 
-0.12034 ,0.02939 
0.08158 ,0.02939 
-0.15771 ,0.02939 
-0.11516 ,0.02939 
-0.14712 ,0.02939 
-0.06974 ,0.02939 
0.07130 ,0.02939 
0.00957 ,0.02940 
-0.16153 ,0.02940 
-0.06595 ,0.02940 
0.04290 ,0.02940 
-0.13205 ,0.02940 
-0.11747 ,0.02940 
-0.15174 ,0.02941 
-0.05562 ,0.02941 
-0.17089 ,0.02941 
-0.09359 ,0.02941 
-0.10318 ,0.02941 
-0.05841 ,0.02941 
-0.12416 ,0.02941 
-0.14353 ,0.02942 
-0.11885 ,0.02942 
-0.04207 ,0.02942 
-0.06433 ,0.02942 
0.05960 ,0.02942 
0.01420 ,0.02942 
-0.07382 ,0.02942 
-0.09030 ,0.02942 
-0.11822 ,0.02942 
-0.09546 ,0.02942 
-0.14485 ,0.02943 
-0.04511 ,0.02943 
0.02767 ,0.02943 
-0.13810 ,0.02943 
-0.16863 ,0.02943 
-0.08418 ,0.02943 
-0.14534 ,0.02943 
-0.11456 ,0.02943 
-0.13590 ,0.02943 
0.04316 ,0.02944 
0.01639 ,0.02944 
-0.11259 ,0.02944 
-0.03963 ,0.02944 
-0.14378 ,0.02944 
-0.08264 ,0.02944 
0.06565 ,0.02944 
-0.15036 ,0.02944 
-0.10160 ,0.02945 
-0.15436 ,0.02945 
-0.09124 ,0.02945 
0.01178 ,0.02945 
-0.06255 ,0.02945 
-0.11185 ,0.02945 
-0.04092 ,0.02945 
-0.12131 ,0.02945 
-0.09305 ,0.02945 
-0.13408 ,0.02945 
0.04056 ,0.02945 
-0.04963 ,0.02946 
0.05210 ,0.02946 
-0.10648 ,0.02946 
-0.18221 ,0.02946 
-0.06594 ,0.02946 
-0.07936 ,0.02946 
-0.13164 ,0.02946 
0.05287 ,0.02946 
-0.13771 ,0.02946 
-0.02648 ,0.02946 
-0.10564 ,0.02946 
-0.07471 ,0.02946 
-0.07446 ,0.02946 
-0.04002 ,0.02946 
-0.14299 ,0.02947 
-0.14428 ,0.02947 
-0.12711 ,0.02947 
0.03115 ,0.02947 
-0.12032 ,0.02947 
-0.04630 ,0.02947 
-0.12497 ,0.02947 
-0.13214 ,0.02947 
-0.13542 ,0.02947 
0.06502 ,0.02948 
-0.10847 ,0.02948 
-0.05541 ,0.02948 
0.08733 ,0.02948 
-0.07965 ,0.02948 
0.01199 ,0.02948 
-0.15188 ,0.02949 
-0.12932 ,0.02949 
-0.11064 ,0.02949 
-0.08456 ,0.02949 
-0.12203 ,0.02949 
0.04778 ,0.02949 
-0.13534 ,0.02949 
-0.06631 ,0.02949 
-0.08968 ,0.02949 
-0.14465 ,0.02950 
0.02728 ,0.02950 
-0.08446 ,0.02950 
0.08811 ,0.02950 
-0.01071 ,0.02950 
-0.14678 ,0.02951 
-0.16442 ,0.02951 
-0.12044 ,0.02951 
0.06202 ,0.02951 
-0.06489 ,0.02951 
-0.03557 ,0.02951 
-0.02443 ,0.02951 
-0.13266 ,0.02951 
-0.15122 ,0.02952 
-0.07338 ,0.02952 
0.00832 ,0.02952 
-0.14392 ,0.02952 
-0.14472 ,0.02952 
-0.10241 ,0.02952 
-0.15175 ,0.02952 
-0.10162 ,0.02952 
-0.00781 ,0.02952 
0.18898 ,0.02952 
-0.01384 ,0.02952 
-0.04827 ,0.02953 
-0.13045 ,0.02953 
-0.14405 ,0.02953 
-0.14964 ,0.02953 
0.03806 ,0.02953 
-0.13025 ,0.02953 
-0.09765 ,0.02953 
0.03410 ,0.02953 
-0.15122 ,0.02954 
-0.12018 ,0.02954 
-0.02701 ,0.02954 
-0.14417 ,0.02954 
0.03703 ,0.02954 
-0.08080 ,0.02954 
-0.04582 ,0.02954 
-0.13112 ,0.02954 
-0.15566 ,0.02954 
0.05395 ,0.02954 
-0.06367 ,0.02954 
-0.12575 ,0.02955 
-0.02521 ,0.02955 
-0.15864 ,0.02955 
-0.07488 ,0.02955 
-0.13620 ,0.02955 
-0.06613 ,0.02955 
-0.12836 ,0.02955 
-0.04833 ,0.02955 
-0.10673 ,0.02955 
-0.15861 ,0.02955 
-0.13908 ,0.02955 
-0.06044 ,0.02956 
0.16568 ,0.02956 
-0.13866 ,0.02956 
-0.01874 ,0.02956 
0.05640 ,0.02956 
0.04927 ,0.02956 
-0.05061 ,0.02956 
-0.13267 ,0.02956 
-0.05415 ,0.02956 
-0.16116 ,0.02956 
0.06514 ,0.02956 
-0.13095 ,0.02956 
-0.02807 ,0.02956 
-0.01988 ,0.02956 
-0.07143 ,0.02956 
-0.06317 ,0.02957 
-0.04454 ,0.02957 
-0.14343 ,0.02957 
-0.05967 ,0.02957 
0.04987 ,0.02957 
-0.09790 ,0.02957 
-0.13319 ,0.02957 
-0.12078 ,0.02957 
0.00825 ,0.02957 
-0.14496 ,0.02957 
-0.17177 ,0.02957 
-0.05664 ,0.02957 
-0.09295 ,0.02958 
-0.16289 ,0.02958 
-0.07957 ,0.02958 
-0.06509 ,0.02958 
0.06087 ,0.02958 
-0.03183 ,0.02958 
-0.05213 ,0.02958 
-0.00803 ,0.02958 
-0.16322 ,0.02958 
-0.10682 ,0.02958 
-0.06477 ,0.02958 
-0.11841 ,0.02958 
-0.06661 ,0.02958 
-0.07333 ,0.02958 
-0.13104 ,0.02958 
0.06216 ,0.02959 
0.04679 ,0.02959 
-0.05204 ,0.02959 
-0.04354 ,0.02959 
-0.10861 ,0.02959 
0.07880 ,0.02959 
-0.03688 ,0.02959 
-0.10315 ,0.02959 
-0.14003 ,0.02959 
-0.04354 ,0.02959 
-0.04670 ,0.02959 
-0.04394 ,0.02960 
-0.09674 ,0.02960 
-0.13006 ,0.02960 
-0.09533 ,0.02960 
-0.11643 ,0.02960 
-0.14192 ,0.02961 
-0.09307 ,0.02961 
-0.14210 ,0.02961 
-0.16959 ,0.02961 
-0.02104 ,0.02961 
0.01369 ,0.02961 
-0.13156 ,0.02961 
-0.08956 ,0.02961 
0.03574 ,0.02961 
-0.03187 ,0.02962 
-0.10550 ,0.02962 
-0.05404 ,0.02962 
-0.04726 ,0.02962 
-0.06063 ,0.02962 
-0.12940 ,0.02962 
-0.06623 ,0.02962 
-0.12468 ,0.02962 
-0.13403 ,0.02962 
-0.14696 ,0.02962 
0.03836 ,0.02962 
-0.12172 ,0.02962 
-0.10866 ,0.02962 
-0.02405 ,0.02962 
0.07038 ,0.02963 
-0.06593 ,0.02963 
-0.14775 ,0.02963 
-0.06207 ,0.02963 
0.07003 ,0.02963 
0.03054 ,0.02963 
-0.10744 ,0.02963 
-0.04624 ,0.02963 
-0.15239 ,0.02963 
-0.12910 ,0.02963 
-0.15060 ,0.02963 
-0.15395 ,0.02964 
-0.06336 ,0.02964 
-0.11916 ,0.02964 
0.05424 ,0.02964 
-0.11815 ,0.02964 
-0.12980 ,0.02964 
-0.14788 ,0.02964 
-0.08996 ,0.02964 
-0.17015 ,0.02964 
0.05369 ,0.02964 
0.07295 ,0.02965 
-0.12321 ,0.02965 
-0.14656 ,0.02965 
-0.03819 ,0.02965 
-0.08395 ,0.02965 
-0.05160 ,0.02965 
-0.11225 ,0.02965 
-0.05026 ,0.02965 
-0.09379 ,0.02965 
-0.03193 ,0.02965 
-0.05915 ,0.02966 
-0.12435 ,0.02966 
-0.13239 ,0.02966 
-0.04281 ,0.02966 
-0.12646 ,0.02966 
-0.14085 ,0.02966 
-0.07759 ,0.02966 
-0.13895 ,0.02966 
-0.06537 ,0.02966 
-0.14929 ,0.02967 
0.05041 ,0.02967 
-0.01454 ,0.02967 
-0.16459 ,0.02967 
-0.12133 ,0.02967 
-0.09510 ,0.02967 
-0.12967 ,0.02967 
0.05317 ,0.02967 
-0.07150 ,0.02967 
-0.10013 ,0.02967 
-0.00072 ,0.02968 
-0.05561 ,0.02968 
-0.05546 ,0.02968 
-0.12420 ,0.02968 
-0.14983 ,0.02968 
-0.02777 ,0.02968 
0.01195 ,0.02968 
-0.06037 ,0.02968 
-0.12655 ,0.02968 
-0.10070 ,0.02968 
-0.05699 ,0.02969 
-0.12959 ,0.02969 
-0.06727 ,0.02969 
-0.12211 ,0.02970 
0.05631 ,0.02970 
-0.05890 ,0.02970 
-0.09069 ,0.02970 
-0.03130 ,0.02970 
-0.15340 ,0.02971 
-0.07281 ,0.02971 
-0.13289 ,0.02971 
0.04350 ,0.02971 
-0.01779 ,0.02971 
-0.08396 ,0.02971 
0.01863 ,0.02971 
0.08975 ,0.02971 
0.04689 ,0.02971 
-0.14131 ,0.02971 
-0.00502 ,0.02971 
-0.08169 ,0.02971 
-0.12636 ,0.02971 
-0.00697 ,0.02971 
-0.02154 ,0.02972 
0.01076 ,0.02972 
0.01967 ,0.02972 
0.05882 ,0.02972 
0.17859 ,0.02972 
-0.07261 ,0.02972 
-0.12177 ,0.02972 
-0.14131 ,0.02972 
0.08212 ,0.02972 
-0.14540 ,0.02972 
0.07966 ,0.02972 
-0.05899 ,0.02972 
0.04357 ,0.02973 
-0.13900 ,0.02973 
0.07815 ,0.02973 
-0.10112 ,0.02973 
0.07418 ,0.02973 
-0.10978 ,0.02973 
-0.04285 ,0.02973 
-0.04928 ,0.02973 
-0.15764 ,0.02973 
-0.11591 ,0.02974 
-0.10531 ,0.02974 
-0.05456 ,0.02974 
-0.02043 ,0.02974 
-0.01624 ,0.02974 
-0.14084 ,0.02974 
-0.06410 ,0.02974 
-0.01699 ,0.02975 
-0.07659 ,0.02975 
0.06922 ,0.02975 
0.08261 ,0.02975 
-0.02211 ,0.02975 
-0.03942 ,0.02975 
-0.05022 ,0.02975 
-0.13624 ,0.02975 
-0.08545 ,0.02976 
-0.15065 ,0.02976 
0.05184 ,0.02976 
-0.13264 ,0.02976 
-0.12382 ,0.02976 
0.08113 ,0.02976 
-0.07054 ,0.02976 
-0.16216 ,0.02976 
0.04907 ,0.02977 
-0.08483 ,0.02977 
-0.11564 ,0.02977 
-0.08233 ,0.02977 
0.04171 ,0.02977 
-0.07165 ,0.02977 
-0.08850 ,0.02977 
0.01611 ,0.02977 
-0.05824 ,0.02978 
-0.10953 ,0.02978 
-0.11257 ,0.02978 
-0.01071 ,0.02978 
-0.11028 ,0.02978 
0.02291 ,0.02978 
-0.11011 ,0.02978 
-0.03742 ,0.02978 
0.08191 ,0.02978 
-0.05293 ,0.02978 
-0.12542 ,0.02979 
0.06474 ,0.02979 
-0.07979 ,0.02979 
-0.03421 ,0.02979 
-0.14273 ,0.02979 
-0.14362 ,0.02979 
-0.08780 ,0.02979 
-0.07800 ,0.02979 
-0.07008 ,0.02979 
-0.04292 ,0.02979 
-0.13071 ,0.02979 
-0.08011 ,0.02979 
-0.08112 ,0.02979 
0.04991 ,0.02979 
-0.13666 ,0.02979 
-0.08776 ,0.02980 
-0.12643 ,0.02980 
0.05624 ,0.02980 
-0.08906 ,0.02980 
-0.03682 ,0.02980 
-0.06643 ,0.02980 
-0.08223 ,0.02980 
-0.10984 ,0.02980 
-0.11122 ,0.02981 
-0.09207 ,0.02981 
-0.12527 ,0.02981 
-0.06314 ,0.02981 
-0.07160 ,0.02981 
-0.07390 ,0.02981 
-0.07959 ,0.02981 
-0.11901 ,0.02981 
-0.13415 ,0.02981 
0.04685 ,0.02982 
-0.14492 ,0.02982 
-0.04975 ,0.02982 
-0.07536 ,0.02982 
-0.16975 ,0.02982 
-0.04355 ,0.02982 
-0.09001 ,0.02982 
-0.06634 ,0.02982 
-0.05938 ,0.02982 
-0.12610 ,0.02982 
-0.04553 ,0.02982 
-0.11019 ,0.02982 
-0.02692 ,0.02982 
0.08678 ,0.02983 
-0.11559 ,0.02983 
-0.13309 ,0.02983 
-0.14549 ,0.02983 
-0.17322 ,0.02983 
-0.15783 ,0.02983 
-0.02699 ,0.02983 
-0.14021 ,0.02983 
-0.05607 ,0.02983 
-0.04072 ,0.02983 
-0.04080 ,0.02983 
-0.04923 ,0.02983 
-0.01520 ,0.02983 
-0.05447 ,0.02983 
0.06264 ,0.02983 
-0.01276 ,0.02983 
0.00098 ,0.02983 
-0.12637 ,0.02983 
-0.13840 ,0.02983 
0.03625 ,0.02984 
-0.13574 ,0.02984 
-0.13634 ,0.02984 
-0.14370 ,0.02984 
-0.02121 ,0.02984 
-0.06661 ,0.02984 
-0.01041 ,0.02984 
-0.05684 ,0.02984 
0.04194 ,0.02984 
-0.16092 ,0.02984 
-0.14832 ,0.02984 
-0.07795 ,0.02985 
-0.01804 ,0.02985 
-0.05531 ,0.02985 
-0.08408 ,0.02985 
-0.06405 ,0.02985 
-0.12421 ,0.02985 
0.02903 ,0.02985 
-0.11795 ,0.02985 
-0.00460 ,0.02986 
-0.01687 ,0.02986 
0.05242 ,0.02986 
-0.12933 ,0.02986 
-0.15261 ,0.02986 
0.00945 ,0.02986 
-0.13100 ,0.02986 
-0.14782 ,0.02987 
-0.14954 ,0.02987 
0.03941 ,0.02987 
-0.12803 ,0.02987 
-0.11389 ,0.02987 
0.04921 ,0.02987 
-0.12738 ,0.02988 
-0.10942 ,0.02988 
-0.09748 ,0.02988 
0.04017 ,0.02988 
-0.12645 ,0.02988 
-0.11612 ,0.02988 
0.03394 ,0.02988 
-0.15582 ,0.02988 
-0.15201 ,0.02989 
-0.06857 ,0.02989 
-0.06509 ,0.02989 
-0.09231 ,0.02989 
-0.06887 ,0.02989 
0.17025 ,0.02989 
-0.14721 ,0.02989 
-0.02021 ,0.02989 
-0.00033 ,0.02989 
-0.05573 ,0.02989 
-0.12590 ,0.02989 
0.06587 ,0.02989 
-0.15394 ,0.02990 
0.20934 ,0.02990 
-0.14399 ,0.02990 
-0.08855 ,0.02990 
0.23374 ,0.02990 
-0.05370 ,0.02990 
-0.05665 ,0.02990 
0.03942 ,0.02990 
-0.13382 ,0.02990 
-0.13765 ,0.02990 
0.04846 ,0.02990 
-0.10061 ,0.02990 
-0.04334 ,0.02991 
-0.01736 ,0.02991 
0.01717 ,0.02991 
-0.12753 ,0.02991 
-0.06550 ,0.02991 
-0.04749 ,0.02991 
-0.16704 ,0.02991 
-0.00678 ,0.02991 
-0.13268 ,0.02992 
-0.12259 ,0.02992 
-0.01981 ,0.02992 
0.04820 ,0.02992 
-0.10406 ,0.02992 
0.05572 ,0.02992 
-0.08033 ,0.02992 
0.02399 ,0.02992 
0.20365 ,0.02992 
0.05544 ,0.02992 
-0.06309 ,0.02992 
0.06674 ,0.02993 
-0.14068 ,0.02993 
0.08534 ,0.02993 
-0.06676 ,0.02993 
-0.04368 ,0.02993 
-0.08353 ,0.02993 
-0.15190 ,0.02993 
-0.14620 ,0.02993 
0.00537 ,0.02994 
-0.11102 ,0.02994 
-0.08261 ,0.02994 
-0.12376 ,0.02994 
0.18851 ,0.02994 
-0.08651 ,0.02994 
0.00727 ,0.02994 
-0.14559 ,0.02994 
-0.16383 ,0.02994 
-0.12616 ,0.02994 
-0.13120 ,0.02995 
0.21291 ,0.02995 
-0.06105 ,0.02995 
0.04964 ,0.02995 
-0.16179 ,0.02995 
-0.15458 ,0.02995 
-0.11084 ,0.02995 
-0.07377 ,0.02995 
-0.14270 ,0.02995 
-0.10983 ,0.02995 
-0.07258 ,0.02996 
0.02762 ,0.02996 
-0.13302 ,0.02996 
-0.13093 ,0.02996 
-0.12248 ,0.02996 
-0.05911 ,0.02996 
-0.07891 ,0.02996 
0.05014 ,0.02996 
-0.05948 ,0.02997 
-0.06751 ,0.02997 
-0.10792 ,0.02997 
0.01253 ,0.02997 
0.18283 ,0.02997 
0.05837 ,0.02997 
-0.11120 ,0.02997 
-0.08167 ,0.02997 
-0.02675 ,0.02997 
-0.08040 ,0.02997 
-0.04842 ,0.02998 
-0.08004 ,0.02998 
-0.04334 ,0.02998 
0.05037 ,0.02998 
-0.12182 ,0.02998 
-0.07441 ,0.02998 
0.03430 ,0.02998 
-0.16400 ,0.02999 
-0.12353 ,0.02999 
-0.09765 ,0.02999 
-0.16188 ,0.02999 
-0.13963 ,0.02999 
0.04680 ,0.02999 
-0.08042 ,0.02999 
0.00737 ,0.02999 
0.03758 ,0.02999 
-0.09228 ,0.02999 
0.21544 ,0.02999 
-0.01824 ,0.02999 
-0.06202 ,0.02999 
-0.12607 ,0.02999 
-0.07325 ,0.03000 
-0.07889 ,0.03000 
0.02501 ,0.03000 
-0.14582 ,0.03000 
-0.02207 ,0.03000 
-0.00372 ,0.03000 
-0.04401 ,0.03000 
-0.08210 ,0.03000 
-0.12618 ,0.03000 
-0.14459 ,0.03000 
-0.14228 ,0.03000 
0.06842 ,0.03000 
-0.08464 ,0.03000 
-0.07539 ,0.03000 
-0.12433 ,0.03000 
-0.10248 ,0.03000 
-0.16858 ,0.03000 
0.04191 ,0.03001 
0.05009 ,0.03001 
-0.08969 ,0.03001 
-0.09492 ,0.03001 
-0.08524 ,0.03001 
0.04037 ,0.03001 
0.00982 ,0.03001 
-0.13117 ,0.03001 
-0.13417 ,0.03001 
-0.12161 ,0.03001 
-0.07212 ,0.03001 
0.06374 ,0.03001 
-0.05179 ,0.03002 
-0.12532 ,0.03002 
-0.05545 ,0.03002 
0.04349 ,0.03002 
0.04830 ,0.03002 
-0.05552 ,0.03002 
-0.16261 ,0.03002 
0.07804 ,0.03002 
-0.14637 ,0.03002 
-0.02068 ,0.03002 
-0.02114 ,0.03002 
-0.02128 ,0.03002 
0.06560 ,0.03002 
-0.02719 ,0.03003 
-0.06368 ,0.03003 
-0.13123 ,0.03003 
-0.06950 ,0.03003 
-0.09894 ,0.03003 
-0.05159 ,0.03003 
-0.05600 ,0.03003 
-0.14300 ,0.03003 
-0.06240 ,0.03003 
-0.13585 ,0.03003 
-0.10471 ,0.03003 
-0.15203 ,0.03003 
-0.05181 ,0.03003 
-0.02976 ,0.03004 
0.00286 ,0.03004 
-0.12047 ,0.03004 
0.05596 ,0.03004 
-0.15127 ,0.03004 
-0.08572 ,0.03004 
-0.13804 ,0.03004 
-0.06694 ,0.03004 
0.06235 ,0.03004 
-0.02536 ,0.03004 
-0.15232 ,0.03004 
-0.12605 ,0.03005 
-0.11304 ,0.03005 
-0.13038 ,0.03005 
-0.11442 ,0.03005 
-0.03656 ,0.03005 
-0.07076 ,0.03005 
-0.14612 ,0.03006 
0.04898 ,0.03006 
-0.07605 ,0.03006 
-0.15890 ,0.03006 
-0.03914 ,0.03006 
-0.10531 ,0.03007 
-0.04707 ,0.03007 
-0.06086 ,0.03007 
-0.14481 ,0.03007 
-0.11920 ,0.03007 
0.00157 ,0.03007 
-0.04812 ,0.03007 
-0.08030 ,0.03008 
0.00295 ,0.03008 
0.04366 ,0.03008 
-0.12462 ,0.03008 
-0.11716 ,0.03008 
0.02134 ,0.03008 
-0.03062 ,0.03008 
-0.10337 ,0.03008 
0.15252 ,0.03008 
-0.07592 ,0.03008 
-0.11665 ,0.03009 
-0.04804 ,0.03009 
-0.16596 ,0.03009 
0.03623 ,0.03009 
-0.07321 ,0.03009 
-0.09214 ,0.03009 
-0.09428 ,0.03009 
-0.18200 ,0.03009 
-0.03480 ,0.03009 
-0.08985 ,0.03009 
-0.03105 ,0.03009 
0.03575 ,0.03010 
-0.08796 ,0.03010 
-0.06823 ,0.03010 
-0.06344 ,0.03010 
-0.01364 ,0.03010 
-0.08009 ,0.03010 
0.09145 ,0.03010 
-0.17371 ,0.03010 
0.19640 ,0.03011 
-0.13554 ,0.03011 
-0.03237 ,0.03011 
-0.06959 ,0.03011 
-0.09166 ,0.03011 
0.22080 ,0.03011 
0.03807 ,0.03011 
-0.05158 ,0.03011 
-0.11691 ,0.03011 
-0.12396 ,0.03011 
-0.14420 ,0.03011 
-0.06323 ,0.03011 
0.05117 ,0.03011 
-0.01245 ,0.03011 
-0.03766 ,0.03011 
-0.12792 ,0.03012 
-0.13787 ,0.03012 
-0.13198 ,0.03012 
-0.08139 ,0.03012 
-0.13071 ,0.03012 
-0.13254 ,0.03012 
0.05557 ,0.03012 
-0.04093 ,0.03012 
-0.14075 ,0.03012 
-0.07882 ,0.03012 
-0.12433 ,0.03013 
-0.13061 ,0.03013 
0.16597 ,0.03013 
-0.16616 ,0.03013 
-0.08194 ,0.03013 
0.19071 ,0.03013 
0.04911 ,0.03013 
-0.05656 ,0.03013 
-0.11093 ,0.03014 
-0.05237 ,0.03014 
-0.06610 ,0.03014 
-0.09681 ,0.03014 
-0.03619 ,0.03014 
-0.13637 ,0.03014 
-0.11061 ,0.03014 
-0.12527 ,0.03014 
-0.03021 ,0.03014 
0.02917 ,0.03014 
-0.12655 ,0.03014 
-0.00179 ,0.03014 
0.07905 ,0.03015 
-0.07425 ,0.03015 
-0.05946 ,0.03015 
-0.06539 ,0.03015 
-0.08811 ,0.03015 
0.07820 ,0.03015 
-0.13128 ,0.03015 
-0.07423 ,0.03015 
0.09556 ,0.03015 
-0.01080 ,0.03015 
-0.11249 ,0.03015 
-0.03204 ,0.03015 
0.02115 ,0.03016 
-0.12151 ,0.03016 
-0.06295 ,0.03016 
0.04452 ,0.03016 
-0.05495 ,0.03016 
-0.17657 ,0.03016 
-0.14569 ,0.03016 
-0.05412 ,0.03016 
0.16994 ,0.03017 
-0.11795 ,0.03017 
-0.10357 ,0.03017 
-0.13754 ,0.03017 
-0.08862 ,0.03017 
-0.15390 ,0.03017 
-0.03547 ,0.03017 
-0.09789 ,0.03017 
-0.12908 ,0.03017 
0.03505 ,0.03017 
-0.12848 ,0.03018 
-0.07890 ,0.03018 
-0.08332 ,0.03018 
-0.01943 ,0.03018 
-0.14147 ,0.03018 
-0.05856 ,0.03018 
-0.07724 ,0.03018 
-0.03234 ,0.03019 
0.06486 ,0.03019 
-0.01791 ,0.03019 
0.06090 ,0.03019 
-0.03459 ,0.03019 
-0.07675 ,0.03019 
-0.06955 ,0.03019 
0.05517 ,0.03019 
0.04479 ,0.03020 
-0.12600 ,0.03020 
-0.16363 ,0.03020 
-0.15207 ,0.03020 
-0.06037 ,0.03020 
-0.16619 ,0.03020 
0.02182 ,0.03020 
-0.12811 ,0.03020 
-0.06711 ,0.03020 
0.09343 ,0.03020 
-0.12647 ,0.03020 
-0.00808 ,0.03020 
-0.09728 ,0.03020 
-0.09554 ,0.03020 
-0.02533 ,0.03020 
-0.04251 ,0.03020 
0.07370 ,0.03020 
-0.06412 ,0.03020 
-0.03864 ,0.03020 
-0.13805 ,0.03020 
0.07956 ,0.03021 
-0.03572 ,0.03021 
-0.14973 ,0.03021 
-0.02748 ,0.03021 
0.05369 ,0.03021 
0.04887 ,0.03021 
-0.12823 ,0.03021 
-0.14861 ,0.03021 
0.01312 ,0.03022 
0.04127 ,0.03022 
0.08334 ,0.03022 
-0.04872 ,0.03022 
0.05467 ,0.03022 
-0.10712 ,0.03022 
-0.12230 ,0.03022 
-0.01150 ,0.03022 
-0.16207 ,0.03022 
-0.10478 ,0.03022 
-0.06958 ,0.03022 
-0.06895 ,0.03022 
-0.06142 ,0.03022 
-0.03258 ,0.03022 
-0.02974 ,0.03022 
-0.05753 ,0.03023 
-0.02673 ,0.03023 
-0.10512 ,0.03023 
-0.12618 ,0.03023 
-0.12632 ,0.03023 
-0.08920 ,0.03023 
-0.07949 ,0.03024 
-0.08953 ,0.03024 
-0.13634 ,0.03024 
-0.15580 ,0.03024 
-0.03053 ,0.03024 
-0.12812 ,0.03024 
-0.08240 ,0.03024 
-0.11993 ,0.03024 
-0.10012 ,0.03024 
0.04322 ,0.03025 
0.04120 ,0.03025 
-0.05732 ,0.03025 
-0.07307 ,0.03025 
-0.03933 ,0.03025 
-0.09720 ,0.03025 
-0.12912 ,0.03025 
-0.03425 ,0.03025 
-0.13771 ,0.03025 
-0.10251 ,0.03025 
-0.11500 ,0.03025 
0.04817 ,0.03025 
0.00582 ,0.03025 
-0.05478 ,0.03025 
0.00365 ,0.03025 
-0.06160 ,0.03026 
-0.07451 ,0.03026 
-0.02043 ,0.03026 
-0.08149 ,0.03026 
-0.13248 ,0.03026 
0.00453 ,0.03026 
-0.12712 ,0.03026 
-0.12346 ,0.03026 
-0.06947 ,0.03026 
-0.01206 ,0.03026 
-0.11649 ,0.03026 
-0.13540 ,0.03027 
-0.02046 ,0.03027 
-0.12365 ,0.03027 
-0.04475 ,0.03027 
-0.15372 ,0.03027 
-0.03794 ,0.03028 
-0.04930 ,0.03028 
-0.05917 ,0.03028 
-0.09522 ,0.03028 
-0.09775 ,0.03028 
-0.11401 ,0.03028 
-0.07281 ,0.03028 
-0.07078 ,0.03028 
-0.03484 ,0.03028 
-0.00852 ,0.03028 
-0.09611 ,0.03028 
-0.03718 ,0.03028 
-0.16017 ,0.03029 
-0.06464 ,0.03029 
-0.13032 ,0.03029 
-0.04757 ,0.03029 
-0.09323 ,0.03029 
-0.11401 ,0.03029 
0.04213 ,0.03029 
0.09555 ,0.03029 
0.07563 ,0.03030 
-0.01895 ,0.03030 
-0.14443 ,0.03030 
0.04326 ,0.03030 
0.05736 ,0.03030 
0.07373 ,0.03030 
-0.08015 ,0.03030 
-0.08503 ,0.03030 
-0.01671 ,0.03031 
-0.13190 ,0.03031 
-0.10824 ,0.03031 
0.00451 ,0.03031 
0.02995 ,0.03031 
0.06318 ,0.03031 
0.07287 ,0.03031 
0.14819 ,0.03031 
-0.06972 ,0.03031 
0.07817 ,0.03031 
-0.01586 ,0.03031 
-0.02036 ,0.03031 
-0.05642 ,0.03032 
-0.11676 ,0.03032 
-0.12981 ,0.03032 
0.17752 ,0.03032 
-0.05655 ,0.03032 
-0.16310 ,0.03032 
-0.08584 ,0.03032 
-0.07989 ,0.03032 
-0.04107 ,0.03032 
-0.05001 ,0.03032 
-0.05930 ,0.03032 
-0.10515 ,0.03033 
-0.10584 ,0.03033 
-0.08547 ,0.03033 
-0.10869 ,0.03033 
-0.09131 ,0.03033 
-0.08355 ,0.03033 
-0.07145 ,0.03034 
-0.13368 ,0.03034 
-0.01970 ,0.03034 
-0.03694 ,0.03034 
-0.05917 ,0.03034 
0.04966 ,0.03034 
-0.13187 ,0.03034 
-0.08915 ,0.03034 
-0.11659 ,0.03034 
-0.12865 ,0.03034 
0.04570 ,0.03034 
-0.09879 ,0.03034 
0.08745 ,0.03035 
-0.07672 ,0.03035 
-0.14583 ,0.03035 
-0.08363 ,0.03035 
0.04070 ,0.03035 
-0.01451 ,0.03035 
-0.01142 ,0.03035 
-0.00808 ,0.03035 
-0.08316 ,0.03035 
-0.13272 ,0.03035 
-0.08260 ,0.03036 
-0.04538 ,0.03036 
-0.06032 ,0.03036 
0.05206 ,0.03036 
0.02546 ,0.03036 
-0.13602 ,0.03036 
-0.11203 ,0.03036 
-0.06464 ,0.03036 
-0.10013 ,0.03036 
-0.02862 ,0.03036 
-0.13107 ,0.03037 
-0.01962 ,0.03037 
-0.01936 ,0.03037 
-0.11354 ,0.03037 
-0.05856 ,0.03037 
-0.03958 ,0.03037 
-0.15110 ,0.03037 
-0.03693 ,0.03038 
-0.15948 ,0.03038 
0.01997 ,0.03038 
-0.06438 ,0.03038 
-0.01605 ,0.03038 
0.00672 ,0.03038 
-0.06477 ,0.03039 
-0.01286 ,0.03039 
-0.13804 ,0.03039 
-0.11759 ,0.03039 
0.03901 ,0.03039 
-0.02428 ,0.03039 
-0.14295 ,0.03039 
-0.06857 ,0.03039 
-0.12883 ,0.03039 
-0.13246 ,0.03040 
-0.16376 ,0.03040 
-0.07313 ,0.03040 
0.04269 ,0.03040 
-0.02523 ,0.03040 
-0.11453 ,0.03040 
-0.12017 ,0.03040 
-0.11390 ,0.03041 
-0.03114 ,0.03041 
-0.05584 ,0.03041 
0.04542 ,0.03041 
-0.07558 ,0.03041 
-0.03983 ,0.03041 
-0.12867 ,0.03041 
-0.05135 ,0.03041 
-0.14952 ,0.03041 
-0.12202 ,0.03041 
-0.13229 ,0.03041 
-0.14661 ,0.03041 
-0.01954 ,0.03042 
-0.12278 ,0.03042 
-0.11011 ,0.03042 
-0.06760 ,0.03042 
-0.12475 ,0.03042 
-0.11154 ,0.03042 
0.00581 ,0.03042 
0.02339 ,0.03042 
-0.13038 ,0.03042 
0.09221 ,0.03043 
-0.05882 ,0.03043 
-0.02157 ,0.03043 
-0.14093 ,0.03043 
-0.05775 ,0.03043 
-0.11090 ,0.03043 
0.06292 ,0.03043 
0.07107 ,0.03043 
0.06715 ,0.03043 
-0.07498 ,0.03043 
-0.04032 ,0.03043 
-0.06402 ,0.03043 
-0.02580 ,0.03043 
-0.07891 ,0.03043 
-0.07924 ,0.03043 
-0.10578 ,0.03043 
-0.05653 ,0.03044 
0.05146 ,0.03044 
-0.12801 ,0.03044 
0.06630 ,0.03044 
-0.16167 ,0.03044 
0.05580 ,0.03044 
-0.14721 ,0.03044 
-0.09352 ,0.03044 
-0.10820 ,0.03044 
0.02321 ,0.03044 
0.01825 ,0.03044 
-0.13352 ,0.03044 
-0.08413 ,0.03045 
-0.09023 ,0.03045 
-0.05319 ,0.03045 
-0.17539 ,0.03045 
-0.10504 ,0.03045 
-0.12154 ,0.03045 
-0.09678 ,0.03046 
-0.14870 ,0.03046 
-0.02426 ,0.03046 
-0.01207 ,0.03046 
-0.12737 ,0.03046 
-0.09476 ,0.03046 
-0.08143 ,0.03046 
-0.06469 ,0.03046 
-0.14315 ,0.03046 
-0.16442 ,0.03046 
0.04577 ,0.03046 
-0.03952 ,0.03046 
-0.04206 ,0.03046 
-0.15441 ,0.03046 
-0.10410 ,0.03047 
-0.03159 ,0.03047 
0.04481 ,0.03047 
-0.06679 ,0.03047 
-0.07052 ,0.03047 
0.05176 ,0.03048 
-0.14342 ,0.03048 
0.02564 ,0.03048 
-0.12825 ,0.03048 
-0.02585 ,0.03048 
-0.13704 ,0.03048 
-0.03388 ,0.03049 
-0.05712 ,0.03049 
-0.11650 ,0.03049 
-0.03252 ,0.03049 
-0.01096 ,0.03049 
-0.09169 ,0.03049 
-0.12796 ,0.03049 
-0.12251 ,0.03050 
-0.14728 ,0.03050 
0.03053 ,0.03050 
-0.13318 ,0.03050 
-0.03603 ,0.03050 
-0.12559 ,0.03050 
-0.11238 ,0.03050 
-0.14370 ,0.03050 
-0.15177 ,0.03050 
-0.01669 ,0.03051 
-0.02400 ,0.03051 
-0.14138 ,0.03051 
-0.12549 ,0.03051 
-0.10391 ,0.03051 
-0.16343 ,0.03051 
-0.05371 ,0.03051 
-0.13217 ,0.03051 
-0.13973 ,0.03051 
-0.10191 ,0.03052 
0.03630 ,0.03052 
-0.16873 ,0.03052 
0.05396 ,0.03052 
-0.15520 ,0.03052 
-0.12622 ,0.03052 
-0.05202 ,0.03052 
0.06562 ,0.03052 
0.01969 ,0.03052 
-0.02892 ,0.03052 
-0.14179 ,0.03052 
0.19104 ,0.03052 
-0.03792 ,0.03052 
-0.13318 ,0.03053 
-0.00440 ,0.03053 
0.06697 ,0.03053 
-0.08777 ,0.03053 
-0.13780 ,0.03053 
-0.14270 ,0.03053 
0.08013 ,0.03053 
-0.08367 ,0.03053 
-0.13613 ,0.03053 
-0.07868 ,0.03053 
0.04624 ,0.03053 
-0.01169 ,0.03053 
-0.05270 ,0.03053 
-0.11599 ,0.03053 
-0.03829 ,0.03053 
-0.01687 ,0.03054 
-0.05309 ,0.03054 
-0.05579 ,0.03054 
-0.15165 ,0.03054 
-0.11239 ,0.03054 
-0.05086 ,0.03054 
-0.07104 ,0.03055 
-0.15335 ,0.03055 
-0.11081 ,0.03055 
-0.08336 ,0.03055 
0.03381 ,0.03055 
0.03079 ,0.03055 
-0.14625 ,0.03055 
-0.08109 ,0.03056 
-0.04524 ,0.03056 
-0.02687 ,0.03056 
-0.09373 ,0.03056 
-0.05432 ,0.03056 
-0.13618 ,0.03056 
0.01703 ,0.03057 
-0.14141 ,0.03057 
0.04980 ,0.03057 
-0.07983 ,0.03057 
-0.06079 ,0.03057 
0.05282 ,0.03057 
-0.15431 ,0.03057 
-0.12914 ,0.03058 
-0.02907 ,0.03058 
-0.03213 ,0.03058 
-0.13124 ,0.03058 
-0.15431 ,0.03058 
-0.11108 ,0.03058 
-0.04904 ,0.03058 
-0.05968 ,0.03058 
-0.10149 ,0.03058 
-0.13962 ,0.03059 
-0.14411 ,0.03059 
-0.06135 ,0.03059 
-0.14284 ,0.03059 
-0.02169 ,0.03059 
-0.05459 ,0.03059 
-0.13509 ,0.03059 
-0.06211 ,0.03059 
0.04330 ,0.03059 
-0.15206 ,0.03059 
-0.05955 ,0.03060 
-0.04367 ,0.03060 
-0.11974 ,0.03060 
-0.11974 ,0.03060 
-0.00057 ,0.03060 
-0.16948 ,0.03060 
-0.15409 ,0.03060 
-0.06754 ,0.03060 
0.06758 ,0.03060 
-0.12934 ,0.03060 
-0.04975 ,0.03060 
-0.14432 ,0.03061 
-0.11936 ,0.03061 
-0.05025 ,0.03061 
-0.06566 ,0.03061 
-0.00410 ,0.03061 
-0.07218 ,0.03062 
-0.13696 ,0.03062 
-0.14939 ,0.03062 
-0.00945 ,0.03062 
0.04710 ,0.03062 
-0.08561 ,0.03062 
0.06637 ,0.03062 
-0.06704 ,0.03062 
0.03362 ,0.03062 
-0.04975 ,0.03062 
0.05904 ,0.03062 
-0.06477 ,0.03063 
-0.06586 ,0.03063 
0.07333 ,0.03063 
-0.11924 ,0.03063 
-0.00170 ,0.03063 
-0.00487 ,0.03063 
-0.05405 ,0.03063 
-0.13048 ,0.03063 
-0.12092 ,0.03063 
-0.13412 ,0.03064 
0.00282 ,0.03064 
-0.04969 ,0.03064 
-0.12949 ,0.03064 
0.06810 ,0.03064 
-0.10538 ,0.03064 
0.08065 ,0.03064 
-0.00200 ,0.03064 
-0.14021 ,0.03064 
-0.05853 ,0.03064 
-0.05269 ,0.03064 
-0.13001 ,0.03064 
-0.06649 ,0.03064 
-0.09201 ,0.03065 
-0.13069 ,0.03065 
-0.06690 ,0.03065 
-0.04270 ,0.03065 
-0.13581 ,0.03065 
-0.10961 ,0.03065 
-0.13697 ,0.03065 
-0.12768 ,0.03065 
-0.15264 ,0.03065 
0.07230 ,0.03066 
0.02890 ,0.03066 
-0.06829 ,0.03066 
-0.04309 ,0.03066 
-0.08167 ,0.03066 
-0.13284 ,0.03066 
0.00581 ,0.03066 
-0.11751 ,0.03066 
-0.14237 ,0.03066 
-0.03004 ,0.03066 
-0.10621 ,0.03066 
-0.02900 ,0.03066 
-0.13240 ,0.03067 
0.08091 ,0.03067 
-0.04183 ,0.03067 
-0.12526 ,0.03067 
0.05695 ,0.03067 
-0.12396 ,0.03067 
0.17290 ,0.03067 
-0.12920 ,0.03067 
-0.05805 ,0.03067 
-0.11732 ,0.03067 
0.02202 ,0.03067 
-0.06226 ,0.03067 
-0.12211 ,0.03067 
-0.12211 ,0.03067 
0.03066 ,0.03068 
-0.06562 ,0.03068 
-0.07734 ,0.03068 
-0.07825 ,0.03068 
-0.08764 ,0.03068 
-0.15049 ,0.03068 
-0.15362 ,0.03068 
-0.12396 ,0.03068 
-0.05389 ,0.03069 
-0.10912 ,0.03069 
-0.11129 ,0.03069 
-0.11182 ,0.03069 
0.00857 ,0.03069 
-0.15845 ,0.03069 
-0.09061 ,0.03069 
-0.12691 ,0.03069 
-0.06835 ,0.03069 
-0.07556 ,0.03070 
-0.13049 ,0.03070 
-0.11719 ,0.03070 
-0.13833 ,0.03070 
-0.13355 ,0.03070 
-0.12210 ,0.03070 
-0.11580 ,0.03070 
-0.12061 ,0.03070 
-0.14147 ,0.03070 
-0.06089 ,0.03070 
-0.06851 ,0.03070 
-0.04846 ,0.03071 
0.08369 ,0.03071 
0.04910 ,0.03071 
-0.07599 ,0.03071 
-0.02072 ,0.03071 
0.06950 ,0.03071 
-0.06970 ,0.03072 
-0.11213 ,0.03072 
-0.11848 ,0.03072 
-0.11317 ,0.03072 
-0.09807 ,0.03072 
-0.02791 ,0.03072 
0.04479 ,0.03072 
-0.06661 ,0.03072 
0.03381 ,0.03072 
-0.01034 ,0.03072 
-0.14654 ,0.03072 
-0.11888 ,0.03073 
-0.10798 ,0.03073 
-0.01859 ,0.03073 
-0.07699 ,0.03073 
-0.15636 ,0.03073 
-0.07127 ,0.03073 
0.00852 ,0.03073 
-0.09538 ,0.03073 
-0.04560 ,0.03073 
-0.15040 ,0.03073 
-0.14709 ,0.03073 
-0.09940 ,0.03073 
-0.15913 ,0.03074 
-0.09111 ,0.03074 
-0.08830 ,0.03074 
-0.06190 ,0.03074 
-0.05995 ,0.03074 
-0.09041 ,0.03074 
-0.05125 ,0.03074 
-0.04365 ,0.03075 
-0.16277 ,0.03075 
0.01076 ,0.03075 
-0.04791 ,0.03075 
-0.09465 ,0.03076 
-0.16531 ,0.03076 
-0.04637 ,0.03076 
-0.15030 ,0.03076 
-0.03939 ,0.03076 
-0.10976 ,0.03076 
0.03675 ,0.03076 
0.02502 ,0.03076 
-0.10551 ,0.03076 
-0.05861 ,0.03077 
0.01739 ,0.03077 
-0.12550 ,0.03077 
-0.06935 ,0.03077 
-0.07886 ,0.03077 
-0.05281 ,0.03077 
-0.11642 ,0.03077 
-0.17472 ,0.03077 
-0.06171 ,0.03078 
-0.12971 ,0.03078 
0.04299 ,0.03078 
-0.13451 ,0.03078 
-0.15698 ,0.03078 
-0.14419 ,0.03078 
-0.08398 ,0.03078 
-0.04972 ,0.03078 
0.00994 ,0.03078 
-0.01256 ,0.03078 
0.16458 ,0.03079 
0.06610 ,0.03079 
0.05834 ,0.03079 
-0.13258 ,0.03079 
-0.10438 ,0.03079 
-0.07393 ,0.03079 
0.04701 ,0.03079 
-0.09103 ,0.03079 
-0.10692 ,0.03079 
0.04305 ,0.03079 
0.00060 ,0.03080 
0.06119 ,0.03080 
-0.01144 ,0.03080 
-0.04134 ,0.03080 
-0.14377 ,0.03080 
-0.02344 ,0.03080 
-0.06518 ,0.03080 
0.00068 ,0.03080 
-0.06726 ,0.03081 
-0.12852 ,0.03081 
-0.12416 ,0.03081 
-0.14507 ,0.03081 
0.07588 ,0.03081 
-0.05204 ,0.03081 
-0.00362 ,0.03081 
-0.05821 ,0.03081 
-0.07371 ,0.03081 
-0.06047 ,0.03081 
-0.03273 ,0.03082 
-0.05899 ,0.03082 
-0.12354 ,0.03082 
-0.01160 ,0.03082 
0.00950 ,0.03082 
-0.01317 ,0.03082 
-0.14604 ,0.03083 
-0.12426 ,0.03083 
-0.03993 ,0.03083 
-0.05488 ,0.03083 
-0.05023 ,0.03083 
-0.00742 ,0.03083 
0.01266 ,0.03084 
-0.10303 ,0.03084 
-0.02990 ,0.03084 
-0.02900 ,0.03084 
0.00111 ,0.03084 
-0.02477 ,0.03084 
0.01204 ,0.03085 
-0.06872 ,0.03085 
-0.02243 ,0.03085 
-0.09593 ,0.03085 
-0.13220 ,0.03085 
-0.12763 ,0.03085 
-0.03722 ,0.03086 
-0.08679 ,0.03086 
-0.05966 ,0.03086 
-0.02860 ,0.03086 
-0.12150 ,0.03086 
-0.02586 ,0.03086 
-0.14171 ,0.03086 
-0.14581 ,0.03086 
-0.04570 ,0.03086 
-0.02455 ,0.03086 
0.01130 ,0.03086 
-0.02750 ,0.03086 
-0.12042 ,0.03087 
-0.06270 ,0.03087 
-0.11665 ,0.03087 
0.03319 ,0.03087 
-0.06950 ,0.03087 
-0.09794 ,0.03087 
-0.14424 ,0.03087 
-0.06308 ,0.03087 
-0.14082 ,0.03088 
-0.09638 ,0.03088 
-0.10341 ,0.03088 
-0.00941 ,0.03088 
-0.02461 ,0.03088 
-0.05215 ,0.03088 
-0.12406 ,0.03088 
0.03739 ,0.03088 
-0.01180 ,0.03088 
0.04568 ,0.03088 
-0.12216 ,0.03088 
-0.04360 ,0.03088 
-0.11779 ,0.03089 
-0.08693 ,0.03089 
-0.12606 ,0.03089 
-0.12767 ,0.03089 
0.07440 ,0.03089 
0.03897 ,0.03089 
-0.06277 ,0.03089 
-0.11821 ,0.03089 
-0.02912 ,0.03089 
-0.02163 ,0.03089 
-0.07318 ,0.03089 
-0.04024 ,0.03090 
-0.09341 ,0.03090 
-0.09169 ,0.03090 
-0.13400 ,0.03090 
-0.14765 ,0.03090 
-0.06496 ,0.03090 
-0.05243 ,0.03090 
-0.13792 ,0.03090 
0.19794 ,0.03090 
-0.12890 ,0.03091 
0.09589 ,0.03091 
-0.00183 ,0.03091 
0.01648 ,0.03091 
-0.12625 ,0.03091 
-0.13161 ,0.03091 
-0.14542 ,0.03091 
-0.05282 ,0.03091 
-0.06480 ,0.03091 
-0.01902 ,0.03091 
-0.04551 ,0.03091 
0.01338 ,0.03091 
-0.10659 ,0.03091 
-0.16181 ,0.03091 
0.01183 ,0.03091 
0.05877 ,0.03091 
-0.00248 ,0.03091 
-0.05664 ,0.03092 
-0.10820 ,0.03092 
-0.13715 ,0.03092 
-0.14150 ,0.03092 
-0.12520 ,0.03092 
-0.03499 ,0.03092 
-0.13452 ,0.03092 
-0.06873 ,0.03092 
-0.06441 ,0.03092 
-0.04055 ,0.03092 
-0.03617 ,0.03092 
0.06653 ,0.03092 
-0.03626 ,0.03093 
-0.09502 ,0.03093 
-0.06478 ,0.03093 
-0.01912 ,0.03093 
-0.11255 ,0.03094 
-0.11226 ,0.03094 
-0.03565 ,0.03094 
-0.12032 ,0.03094 
-0.13986 ,0.03094 
-0.14449 ,0.03094 
-0.04181 ,0.03094 
-0.11570 ,0.03094 
0.18215 ,0.03094 
-0.12777 ,0.03094 
-0.14502 ,0.03095 
-0.11437 ,0.03095 
-0.14500 ,0.03095 
-0.14020 ,0.03095 
-0.03086 ,0.03095 
-0.11589 ,0.03095 
-0.10644 ,0.03095 
-0.13751 ,0.03095 
-0.00010 ,0.03095 
0.01947 ,0.03095 
0.09330 ,0.03095 
-0.06836 ,0.03096 
-0.05992 ,0.03096 
-0.15672 ,0.03096 
0.00850 ,0.03096 
-0.12681 ,0.03096 
-0.14576 ,0.03096 
-0.11664 ,0.03096 
-0.11434 ,0.03096 
-0.01625 ,0.03097 
0.00216 ,0.03097 
-0.04753 ,0.03097 
-0.12912 ,0.03097 
0.05342 ,0.03097 
-0.00167 ,0.03097 
-0.04637 ,0.03097 
0.00624 ,0.03097 
-0.07333 ,0.03097 
0.17640 ,0.03098 
0.04860 ,0.03098 
-0.09073 ,0.03098 
-0.13881 ,0.03098 
-0.03803 ,0.03098 
-0.09721 ,0.03098 
0.05174 ,0.03098 
0.00194 ,0.03098 
0.08012 ,0.03098 
-0.11941 ,0.03098 
-0.02873 ,0.03099 
-0.04553 ,0.03099 
-0.05726 ,0.03099 
-0.12142 ,0.03099 
-0.16820 ,0.03099 
-0.09447 ,0.03099 
-0.06481 ,0.03099 
-0.06292 ,0.03099 
-0.14199 ,0.03099 
0.04856 ,0.03099 
0.03294 ,0.03099 
-0.14082 ,0.03099 
-0.16194 ,0.03100 
0.04436 ,0.03100 
-0.11348 ,0.03100 
-0.09494 ,0.03100 
-0.03676 ,0.03100 
-0.15647 ,0.03100 
0.00162 ,0.03100 
-0.11634 ,0.03100 
-0.07168 ,0.03100 
0.04793 ,0.03100 
-0.06324 ,0.03100 
-0.06662 ,0.03100 
-0.00124 ,0.03101 
-0.09894 ,0.03101 
-0.08779 ,0.03101 
-0.14174 ,0.03101 
-0.15575 ,0.03101 
-0.05614 ,0.03101 
-0.06866 ,0.03101 
-0.12548 ,0.03101 
-0.12585 ,0.03101 
-0.03473 ,0.03101 
-0.13378 ,0.03101 
-0.12080 ,0.03101 
0.05148 ,0.03101 
-0.03295 ,0.03101 
-0.15310 ,0.03102 
0.03817 ,0.03102 
-0.02474 ,0.03102 
-0.12715 ,0.03102 
-0.09101 ,0.03102 
-0.10490 ,0.03102 
-0.10107 ,0.03102 
-0.13358 ,0.03102 
-0.11927 ,0.03103 
-0.03253 ,0.03103 
-0.12391 ,0.03103 
-0.04267 ,0.03103 
-0.10991 ,0.03103 
0.08928 ,0.03103 
-0.10872 ,0.03103 
0.04246 ,0.03103 
-0.10626 ,0.03103 
-0.10832 ,0.03103 
-0.05527 ,0.03103 
-0.06509 ,0.03103 
-0.09202 ,0.03103 
-0.06822 ,0.03103 
-0.02351 ,0.03103 
-0.07787 ,0.03103 
-0.05815 ,0.03104 
-0.08143 ,0.03104 
-0.00845 ,0.03104 
-0.10225 ,0.03104 
-0.02761 ,0.03104 
-0.01120 ,0.03104 
-0.00165 ,0.03104 
0.05351 ,0.03104 
-0.13093 ,0.03104 
0.03333 ,0.03105 
-0.13659 ,0.03105 
-0.03224 ,0.03105 
0.06559 ,0.03105 
-0.13450 ,0.03105 
-0.15375 ,0.03105 
0.04613 ,0.03105 
-0.09768 ,0.03105 
-0.09907 ,0.03105 
-0.13059 ,0.03105 
0.06780 ,0.03105 
-0.07889 ,0.03105 
-0.15414 ,0.03106 
-0.13361 ,0.03106 
-0.10324 ,0.03106 
-0.12546 ,0.03106 
-0.09223 ,0.03106 
0.04929 ,0.03106 
-0.10810 ,0.03106 
-0.17214 ,0.03106 
-0.05626 ,0.03106 
-0.12865 ,0.03106 
-0.10848 ,0.03106 
-0.04160 ,0.03106 
-0.11711 ,0.03106 
-0.15622 ,0.03106 
-0.14303 ,0.03106 
-0.01721 ,0.03107 
-0.17037 ,0.03107 
-0.16236 ,0.03107 
-0.07425 ,0.03107 
0.03406 ,0.03107 
-0.16042 ,0.03107 
0.01351 ,0.03107 
-0.05338 ,0.03108 
-0.10682 ,0.03108 
-0.08994 ,0.03108 
0.07011 ,0.03108 
-0.12116 ,0.03108 
-0.13648 ,0.03108 
-0.14823 ,0.03108 
-0.13914 ,0.03108 
-0.04393 ,0.03108 
-0.11410 ,0.03108 
-0.04525 ,0.03108 
-0.15057 ,0.03108 
-0.02718 ,0.03108 
0.01526 ,0.03109 
-0.05425 ,0.03109 
-0.10175 ,0.03109 
-0.08012 ,0.03109 
-0.01118 ,0.03109 
-0.12420 ,0.03109 
-0.15534 ,0.03109 
-0.02240 ,0.03109 
-0.13123 ,0.03109 
-0.13653 ,0.03109 
-0.06088 ,0.03109 
0.07928 ,0.03110 
-0.12091 ,0.03110 
-0.09487 ,0.03110 
-0.08192 ,0.03110 
-0.12309 ,0.03110 
-0.03460 ,0.03110 
-0.11460 ,0.03110 
-0.12647 ,0.03110 
-0.13168 ,0.03111 
-0.15709 ,0.03111 
-0.04064 ,0.03111 
-0.15920 ,0.03111 
-0.06269 ,0.03111 
-0.07694 ,0.03111 
-0.08966 ,0.03111 
0.05244 ,0.03111 
-0.12665 ,0.03111 
0.00092 ,0.03111 
-0.06766 ,0.03111 
-0.12073 ,0.03111 
-0.08866 ,0.03112 
-0.05468 ,0.03112 
-0.11551 ,0.03112 
-0.04296 ,0.03112 
-0.12196 ,0.03112 
-0.08027 ,0.03112 
0.02427 ,0.03112 
-0.14818 ,0.03112 
-0.12733 ,0.03112 
0.06207 ,0.03112 
-0.06367 ,0.03112 
-0.06206 ,0.03112 
-0.08462 ,0.03112 
-0.11318 ,0.03112 
-0.10916 ,0.03113 
-0.05929 ,0.03113 
0.00856 ,0.03113 
-0.06402 ,0.03113 
-0.12649 ,0.03113 
-0.16995 ,0.03113 
-0.11604 ,0.03113 
-0.12533 ,0.03113 
-0.13918 ,0.03113 
0.03675 ,0.03113 
-0.00900 ,0.03113 
0.04571 ,0.03113 
-0.10293 ,0.03114 
0.09522 ,0.03114 
-0.12618 ,0.03114 
0.02721 ,0.03114 
-0.05340 ,0.03114 
0.09740 ,0.03114 
-0.05453 ,0.03114 
-0.00668 ,0.03114 
-0.08018 ,0.03114 
-0.08636 ,0.03114 
-0.09370 ,0.03115 
0.03989 ,0.03115 
-0.11167 ,0.03115 
0.05045 ,0.03115 
0.03593 ,0.03115 
-0.12684 ,0.03115 
-0.17545 ,0.03115 
-0.15155 ,0.03115 
-0.14480 ,0.03115 
-0.11063 ,0.03115 
-0.00625 ,0.03116 
-0.01437 ,0.03116 
-0.03681 ,0.03116 
-0.05888 ,0.03116 
0.08002 ,0.03116 
-0.00630 ,0.03116 
-0.07766 ,0.03116 
-0.03613 ,0.03116 
-0.14172 ,0.03116 
-0.12258 ,0.03116 
-0.01863 ,0.03116 
-0.00931 ,0.03116 
0.01999 ,0.03117 
-0.07554 ,0.03117 
-0.13833 ,0.03117 
-0.14603 ,0.03117 
-0.16202 ,0.03117 
-0.04667 ,0.03117 
-0.09344 ,0.03117 
-0.02834 ,0.03117 
-0.08282 ,0.03118 
0.00805 ,0.03118 
0.03118 ,0.03118 
-0.00437 ,0.03118 
-0.00321 ,0.03118 
-0.01130 ,0.03118 
-0.12987 ,0.03118 
-0.11561 ,0.03118 
0.04711 ,0.03118 
-0.06673 ,0.03118 
-0.03482 ,0.03118 
0.05674 ,0.03118 
-0.10679 ,0.03118 
0.04209 ,0.03118 
-0.06956 ,0.03118 
-0.05733 ,0.03119 
-0.03424 ,0.03119 
-0.12587 ,0.03119 
-0.12811 ,0.03119 
-0.11895 ,0.03119 
0.05848 ,0.03119 
-0.15479 ,0.03119 
-0.08678 ,0.03119 
-0.08526 ,0.03119 
-0.05239 ,0.03119 
-0.14141 ,0.03119 
-0.02341 ,0.03119 
0.01260 ,0.03119 
-0.09609 ,0.03120 
-0.06939 ,0.03120 
0.04605 ,0.03120 
0.04809 ,0.03120 
0.05032 ,0.03120 
0.01892 ,0.03120 
-0.14887 ,0.03120 
0.00201 ,0.03120 
-0.01128 ,0.03120 
-0.12201 ,0.03120 
-0.07168 ,0.03120 
0.07817 ,0.03120 
-0.11395 ,0.03120 
-0.06732 ,0.03120 
-0.10699 ,0.03120 
-0.12307 ,0.03121 
0.08208 ,0.03121 
-0.11606 ,0.03121 
-0.16218 ,0.03121 
-0.07543 ,0.03121 
-0.12096 ,0.03121 
-0.14067 ,0.03121 
-0.13684 ,0.03121 
-0.06560 ,0.03121 
-0.14487 ,0.03121 
-0.11518 ,0.03121 
-0.14252 ,0.03121 
0.08046 ,0.03121 
-0.03867 ,0.03121 
-0.04783 ,0.03121 
-0.14295 ,0.03121 
-0.05194 ,0.03122 
-0.10332 ,0.03122 
-0.13955 ,0.03122 
0.04810 ,0.03122 
-0.00696 ,0.03122 
0.04723 ,0.03122 
-0.14372 ,0.03122 
0.05408 ,0.03122 
-0.13232 ,0.03122 
-0.01681 ,0.03122 
-0.11401 ,0.03123 
-0.06415 ,0.03123 
-0.13058 ,0.03123 
-0.10498 ,0.03123 
-0.14961 ,0.03123 
0.05256 ,0.03123 
-0.03553 ,0.03123 
-0.08780 ,0.03123 
-0.09396 ,0.03123 
0.02281 ,0.03123 
-0.04259 ,0.03123 
-0.14758 ,0.03123 
-0.06110 ,0.03123 
-0.12548 ,0.03124 
0.00590 ,0.03124 
0.04015 ,0.03124 
-0.05720 ,0.03124 
-0.06353 ,0.03124 
-0.11287 ,0.03124 
-0.04841 ,0.03124 
0.02025 ,0.03124 
-0.05370 ,0.03124 
-0.12375 ,0.03124 
-0.13865 ,0.03124 
0.07503 ,0.03124 
-0.13041 ,0.03124 
-0.12570 ,0.03124 
0.04453 ,0.03124 
0.03227 ,0.03124 
0.06579 ,0.03125 
-0.11155 ,0.03125 
-0.08119 ,0.03125 
-0.11850 ,0.03125 
-0.10806 ,0.03125 
-0.10556 ,0.03125 
-0.14452 ,0.03125 
-0.15060 ,0.03125 
-0.05122 ,0.03126 
-0.14077 ,0.03126 
-0.13681 ,0.03126 
-0.13765 ,0.03126 
-0.12886 ,0.03126 
-0.14763 ,0.03126 
-0.04157 ,0.03126 
0.04400 ,0.03126 
-0.09867 ,0.03126 
-0.12840 ,0.03126 
-0.14406 ,0.03126 
-0.14558 ,0.03126 
-0.07691 ,0.03126 
0.04649 ,0.03127 
-0.02727 ,0.03127 
-0.15905 ,0.03127 
-0.05970 ,0.03127 
-0.05422 ,0.03127 
0.07284 ,0.03127 
-0.14621 ,0.03127 
-0.13637 ,0.03128 
-0.11022 ,0.03128 
0.03210 ,0.03128 
-0.10006 ,0.03128 
0.08513 ,0.03128 
-0.08338 ,0.03128 
-0.13223 ,0.03129 
-0.14459 ,0.03129 
0.03327 ,0.03129 
-0.04082 ,0.03129 
-0.08403 ,0.03129 
-0.02880 ,0.03129 
-0.13158 ,0.03129 
-0.07035 ,0.03129 
-0.12340 ,0.03129 
-0.00468 ,0.03129 
-0.12763 ,0.03129 
-0.11031 ,0.03130 
-0.12667 ,0.03130 
-0.10207 ,0.03130 
0.05379 ,0.03130 
-0.01122 ,0.03130 
0.04797 ,0.03130 
-0.08301 ,0.03130 
-0.09400 ,0.03130 
0.01853 ,0.03130 
-0.09761 ,0.03130 
-0.11978 ,0.03130 
-0.13983 ,0.03130 
-0.02803 ,0.03130 
0.07248 ,0.03130 
-0.14666 ,0.03130 
-0.14194 ,0.03131 
-0.08112 ,0.03131 
-0.02572 ,0.03131 
0.06775 ,0.03131 
-0.13790 ,0.03131 
0.02352 ,0.03131 
-0.06294 ,0.03132 
-0.06286 ,0.03132 
-0.02099 ,0.03132 
0.08064 ,0.03132 
-0.08186 ,0.03132 
-0.13079 ,0.03132 
-0.00170 ,0.03132 
0.00437 ,0.03132 
-0.06677 ,0.03132 
0.05802 ,0.03132 
-0.08444 ,0.03132 
-0.04034 ,0.03132 
-0.12034 ,0.03132 
-0.13493 ,0.03132 
-0.00305 ,0.03132 
-0.06724 ,0.03132 
0.04732 ,0.03132 
-0.07521 ,0.03133 
-0.12393 ,0.03133 
-0.14721 ,0.03133 
0.06749 ,0.03133 
0.01209 ,0.03133 
-0.13223 ,0.03133 
-0.05880 ,0.03133 
-0.03400 ,0.03133 
-0.14342 ,0.03133 
0.07472 ,0.03133 
-0.13968 ,0.03134 
-0.00820 ,0.03134 
0.02846 ,0.03134 
-0.01626 ,0.03134 
0.00407 ,0.03134 
0.03567 ,0.03134 
-0.14733 ,0.03134 
-0.09445 ,0.03134 
-0.03971 ,0.03134 
-0.11567 ,0.03134 
-0.09915 ,0.03134 
-0.12282 ,0.03134 
-0.04250 ,0.03135 
0.09722 ,0.03135 
-0.08038 ,0.03135 
-0.12330 ,0.03135 
-0.07813 ,0.03135 
-0.11465 ,0.03135 
-0.16850 ,0.03135 
-0.02851 ,0.03136 
-0.01783 ,0.03136 
-0.11249 ,0.03136 
-0.11769 ,0.03136 
-0.15530 ,0.03136 
-0.03454 ,0.03136 
-0.05779 ,0.03136 
-0.04031 ,0.03136 
-0.12401 ,0.03136 
-0.07255 ,0.03136 
0.00579 ,0.03136 
-0.07385 ,0.03137 
-0.08228 ,0.03137 
0.09329 ,0.03137 
-0.13414 ,0.03137 
-0.04517 ,0.03137 
-0.11841 ,0.03137 
-0.10382 ,0.03137 
-0.04843 ,0.03137 
0.00194 ,0.03137 
-0.04592 ,0.03137 
-0.12056 ,0.03138 
-0.05946 ,0.03138 
-0.13010 ,0.03138 
-0.00376 ,0.03138 
-0.08806 ,0.03138 
-0.13817 ,0.03138 
-0.06390 ,0.03138 
-0.14922 ,0.03138 
-0.15564 ,0.03138 
-0.09624 ,0.03139 
0.08289 ,0.03139 
-0.14481 ,0.03139 
-0.04666 ,0.03139 
-0.12346 ,0.03139 
-0.14104 ,0.03139 
-0.10205 ,0.03139 
-0.10339 ,0.03139 
-0.12730 ,0.03139 
-0.05929 ,0.03140 
-0.11214 ,0.03140 
-0.13687 ,0.03140 
-0.12758 ,0.03140 
-0.03322 ,0.03140 
0.05052 ,0.03140 
-0.15931 ,0.03140 
-0.10591 ,0.03140 
-0.05551 ,0.03140 
-0.06391 ,0.03140 
-0.16810 ,0.03140 
-0.13241 ,0.03141 
-0.10762 ,0.03141 
-0.12086 ,0.03141 
-0.11682 ,0.03141 
-0.13500 ,0.03141 
-0.09008 ,0.03141 
-0.14178 ,0.03141 
-0.01828 ,0.03141 
-0.08339 ,0.03141 
-0.09781 ,0.03141 
-0.12217 ,0.03141 
-0.08787 ,0.03142 
0.04710 ,0.03142 
-0.06373 ,0.03142 
0.17354 ,0.03142 
-0.01659 ,0.03142 
0.02168 ,0.03142 
-0.06574 ,0.03142 
-0.09346 ,0.03142 
0.19829 ,0.03142 
-0.11843 ,0.03143 
-0.06937 ,0.03143 
0.03822 ,0.03143 
-0.08041 ,0.03143 
-0.12462 ,0.03143 
-0.08041 ,0.03143 
-0.13650 ,0.03143 
-0.05610 ,0.03143 
-0.16377 ,0.03143 
-0.12235 ,0.03143 
-0.05456 ,0.03143 
-0.06397 ,0.03143 
0.00201 ,0.03143 
-0.11694 ,0.03144 
-0.05622 ,0.03144 
-0.14575 ,0.03144 
0.03181 ,0.03144 
-0.14187 ,0.03144 
-0.11061 ,0.03144 
-0.14132 ,0.03144 
-0.09357 ,0.03144 
-0.00819 ,0.03144 
-0.15438 ,0.03144 
-0.14036 ,0.03144 
-0.05129 ,0.03144 
-0.10182 ,0.03144 
-0.04538 ,0.03144 
-0.09274 ,0.03144 
-0.07695 ,0.03144 
-0.06529 ,0.03145 
0.18535 ,0.03145 
-0.10577 ,0.03145 
-0.13921 ,0.03145 
-0.06461 ,0.03145 
-0.05088 ,0.03145 
-0.05078 ,0.03145 
-0.13175 ,0.03145 
0.00605 ,0.03145 
-0.07433 ,0.03145 
-0.07513 ,0.03145 
-0.02879 ,0.03145 
0.01499 ,0.03145 
-0.06460 ,0.03146 
-0.00515 ,0.03146 
-0.14094 ,0.03146 
-0.07286 ,0.03146 
-0.14967 ,0.03146 
0.08834 ,0.03146 
-0.08438 ,0.03146 
-0.11407 ,0.03146 
-0.07787 ,0.03146 
-0.12076 ,0.03146 
-0.03619 ,0.03146 
-0.06796 ,0.03146 
-0.04453 ,0.03146 
-0.15080 ,0.03146 
-0.07846 ,0.03146 
0.07865 ,0.03147 
-0.12805 ,0.03147 
-0.14164 ,0.03147 
-0.03771 ,0.03147 
-0.04358 ,0.03147 
-0.13580 ,0.03147 
-0.06473 ,0.03147 
-0.15494 ,0.03147 
0.06414 ,0.03147 
-0.09498 ,0.03147 
-0.08578 ,0.03147 
-0.06431 ,0.03147 
-0.11423 ,0.03148 
-0.10768 ,0.03148 
-0.13159 ,0.03148 
0.03737 ,0.03148 
-0.07954 ,0.03148 
-0.17244 ,0.03148 
-0.11315 ,0.03148 
0.05378 ,0.03148 
0.00683 ,0.03148 
-0.12985 ,0.03148 
-0.07740 ,0.03148 
-0.11280 ,0.03148 
-0.09649 ,0.03148 
-0.06274 ,0.03148 
-0.14893 ,0.03149 
-0.10625 ,0.03149 
-0.12165 ,0.03149 
-0.15120 ,0.03149 
-0.10890 ,0.03149 
-0.10504 ,0.03149 
-0.06316 ,0.03149 
0.02300 ,0.03149 
-0.14525 ,0.03149 
-0.13071 ,0.03149 
0.04674 ,0.03149 
-0.04140 ,0.03149 
-0.13062 ,0.03149 
-0.12073 ,0.03149 
-0.16180 ,0.03150 
-0.13184 ,0.03150 
-0.09179 ,0.03150 
-0.13268 ,0.03150 
0.04097 ,0.03150 
-0.12526 ,0.03150 
-0.11807 ,0.03150 
-0.03306 ,0.03150 
-0.07141 ,0.03150 
-0.13786 ,0.03150 
-0.00280 ,0.03150 
-0.03284 ,0.03150 
-0.14018 ,0.03150 
0.04986 ,0.03150 
-0.04322 ,0.03150 
-0.06394 ,0.03151 
-0.01728 ,0.03151 
-0.15099 ,0.03151 
-0.12815 ,0.03151 
-0.10361 ,0.03151 
-0.14313 ,0.03151 
-0.10067 ,0.03151 
-0.07332 ,0.03151 
-0.05146 ,0.03151 
-0.06459 ,0.03151 
-0.04518 ,0.03151 
0.03632 ,0.03151 
-0.06300 ,0.03151 
-0.08665 ,0.03152 
-0.12277 ,0.03152 
-0.08591 ,0.03152 
-0.10060 ,0.03152 
-0.11409 ,0.03152 
-0.13182 ,0.03152 
-0.05252 ,0.03152 
-0.00460 ,0.03152 
-0.07395 ,0.03152 
-0.09538 ,0.03152 
-0.06292 ,0.03152 
-0.02511 ,0.03152 
-0.14538 ,0.03152 
-0.11866 ,0.03152 
-0.11816 ,0.03152 
-0.14367 ,0.03152 
-0.03895 ,0.03152 
-0.06614 ,0.03152 
-0.08069 ,0.03153 
-0.09172 ,0.03153 
-0.10789 ,0.03153 
0.18696 ,0.03153 
-0.09231 ,0.03153 
-0.09906 ,0.03153 
-0.03447 ,0.03153 
0.21136 ,0.03153 
0.07357 ,0.03153 
-0.11986 ,0.03153 
-0.10818 ,0.03154 
-0.05324 ,0.03154 
-0.11172 ,0.03154 
-0.10596 ,0.03154 
-0.14751 ,0.03154 
-0.14182 ,0.03154 
-0.16344 ,0.03154 
-0.03559 ,0.03154 
-0.11256 ,0.03154 
0.00820 ,0.03154 
-0.06549 ,0.03154 
0.03579 ,0.03154 
0.05135 ,0.03154 
0.03332 ,0.03154 
-0.11071 ,0.03155 
-0.02918 ,0.03155 
-0.06365 ,0.03155 
-0.12073 ,0.03155 
-0.05646 ,0.03155 
-0.06673 ,0.03155 
0.03095 ,0.03155 
-0.05456 ,0.03155 
-0.13202 ,0.03155 
-0.12138 ,0.03155 
-0.11246 ,0.03155 
0.15312 ,0.03155 
-0.02466 ,0.03155 
-0.03172 ,0.03155 
0.18127 ,0.03155 
-0.09469 ,0.03156 
-0.14288 ,0.03156 
-0.03306 ,0.03156 
-0.13556 ,0.03156 
-0.12668 ,0.03156 
-0.01047 ,0.03156 
-0.07730 ,0.03156 
-0.11044 ,0.03156 
-0.04723 ,0.03156 
-0.13651 ,0.03156 
-0.15338 ,0.03156 
-0.09536 ,0.03156 
0.03419 ,0.03156 
-0.11488 ,0.03157 
-0.13602 ,0.03157 
-0.16007 ,0.03157 
-0.01080 ,0.03157 
-0.06020 ,0.03157 
-0.09682 ,0.03157 
-0.07788 ,0.03158 
-0.01313 ,0.03158 
-0.07079 ,0.03158 
-0.04437 ,0.03158 
-0.16315 ,0.03158 
-0.13775 ,0.03158 
-0.10071 ,0.03158 
-0.04265 ,0.03158 
-0.13054 ,0.03158 
0.05555 ,0.03158 
-0.09282 ,0.03158 
-0.05875 ,0.03158 
-0.09291 ,0.03158 
-0.13913 ,0.03158 
-0.03866 ,0.03159 
-0.07763 ,0.03159 
-0.02429 ,0.03159 
-0.10920 ,0.03159 
-0.04611 ,0.03159 
-0.14632 ,0.03159 
-0.09892 ,0.03159 
0.01884 ,0.03159 
-0.09887 ,0.03159 
-0.02341 ,0.03159 
-0.10582 ,0.03160 
-0.11612 ,0.03160 
-0.11532 ,0.03160 
-0.09427 ,0.03160 
0.04600 ,0.03160 
-0.10310 ,0.03160 
-0.01200 ,0.03160 
-0.00550 ,0.03160 
-0.11914 ,0.03161 
-0.08763 ,0.03161 
0.18933 ,0.03161 
-0.14289 ,0.03161 
-0.00975 ,0.03161 
-0.08222 ,0.03161 
-0.04283 ,0.03161 
-0.01545 ,0.03161 
-0.12359 ,0.03161 
0.20273 ,0.03161 
-0.04986 ,0.03161 
0.01642 ,0.03161 
-0.04857 ,0.03161 
-0.04821 ,0.03162 
-0.05520 ,0.03162 
0.06880 ,0.03162 
-0.07357 ,0.03162 
0.04499 ,0.03162 
-0.14569 ,0.03162 
0.07031 ,0.03162 
0.00161 ,0.03162 
-0.02827 ,0.03162 
-0.05413 ,0.03162 
-0.06688 ,0.03162 
-0.17463 ,0.03162 
-0.04195 ,0.03162 
0.04685 ,0.03163 
0.07614 ,0.03163 
-0.07190 ,0.03163 
-0.03322 ,0.03163 
0.03182 ,0.03163 
-0.13532 ,0.03163 
-0.12763 ,0.03163 
-0.14039 ,0.03163 
0.05359 ,0.03164 
-0.06793 ,0.03164 
-0.10720 ,0.03164 
-0.06224 ,0.03164 
-0.07246 ,0.03164 
0.07280 ,0.03164 
-0.03026 ,0.03164 
-0.04159 ,0.03164 
-0.06669 ,0.03164 
-0.07776 ,0.03164 
-0.05916 ,0.03164 
-0.07766 ,0.03164 
0.08192 ,0.03165 
-0.04890 ,0.03165 
0.05376 ,0.03165 
-0.14314 ,0.03165 
-0.13486 ,0.03165 
-0.06857 ,0.03165 
-0.08613 ,0.03165 
-0.06560 ,0.03165 
-0.05315 ,0.03165 
-0.12200 ,0.03165 
-0.05781 ,0.03165 
-0.03175 ,0.03165 
0.07956 ,0.03165 
-0.11737 ,0.03165 
-0.10743 ,0.03165 
0.04253 ,0.03165 
-0.09108 ,0.03166 
-0.04997 ,0.03166 
-0.12750 ,0.03166 
-0.14539 ,0.03166 
-0.09964 ,0.03166 
-0.06192 ,0.03166 
-0.08119 ,0.03166 
-0.09188 ,0.03167 
0.05421 ,0.03167 
0.03969 ,0.03167 
-0.16172 ,0.03167 
-0.04715 ,0.03167 
0.08576 ,0.03167 
-0.10592 ,0.03168 
-0.12274 ,0.03168 
-0.06715 ,0.03168 
-0.12393 ,0.03168 
0.08015 ,0.03168 
0.08243 ,0.03168 
0.09360 ,0.03168 
-0.10928 ,0.03168 
0.05773 ,0.03168 
-0.02891 ,0.03168 
-0.05347 ,0.03169 
-0.08009 ,0.03169 
-0.06289 ,0.03169 
-0.04605 ,0.03169 
-0.03667 ,0.03169 
0.06401 ,0.03169 
0.05331 ,0.03169 
-0.01251 ,0.03169 
-0.13945 ,0.03169 
-0.10117 ,0.03169 
0.04666 ,0.03169 
-0.07287 ,0.03169 
-0.07851 ,0.03170 
-0.03695 ,0.03170 
-0.05066 ,0.03170 
-0.13822 ,0.03170 
-0.13572 ,0.03170 
-0.12021 ,0.03170 
-0.00549 ,0.03170 
-0.07241 ,0.03170 
-0.08051 ,0.03170 
-0.02623 ,0.03170 
-0.06909 ,0.03170 
0.00892 ,0.03171 
0.03448 ,0.03171 
0.01382 ,0.03171 
-0.13370 ,0.03171 
0.06479 ,0.03171 
-0.17169 ,0.03171 
-0.02356 ,0.03171 
-0.04631 ,0.03171 
-0.14006 ,0.03171 
-0.15035 ,0.03171 
-0.08265 ,0.03171 
-0.04677 ,0.03171 
0.18944 ,0.03171 
-0.04341 ,0.03171 
-0.01878 ,0.03171 
-0.15136 ,0.03172 
0.21384 ,0.03172 
-0.13750 ,0.03172 
-0.10433 ,0.03172 
-0.04991 ,0.03172 
-0.07050 ,0.03172 
-0.01875 ,0.03172 
-0.13057 ,0.03172 
-0.06157 ,0.03172 
-0.08146 ,0.03172 
0.04035 ,0.03172 
-0.05943 ,0.03172 
0.02896 ,0.03172 
-0.09639 ,0.03172 
-0.04141 ,0.03172 
0.10380 ,0.03172 
-0.12721 ,0.03172 
-0.05041 ,0.03172 
0.03084 ,0.03172 
-0.17034 ,0.03172 
-0.11467 ,0.03172 
0.08035 ,0.03172 
-0.01094 ,0.03173 
-0.10615 ,0.03173 
-0.12031 ,0.03173 
-0.05703 ,0.03173 
-0.13147 ,0.03173 
-0.09450 ,0.03173 
0.08057 ,0.03173 
-0.16780 ,0.03173 
0.04690 ,0.03173 
0.09375 ,0.03173 
-0.00191 ,0.03173 
-0.05778 ,0.03174 
0.02642 ,0.03174 
-0.07787 ,0.03174 
-0.06832 ,0.03174 
-0.12864 ,0.03174 
0.18375 ,0.03174 
-0.04941 ,0.03174 
0.03132 ,0.03174 
0.08817 ,0.03174 
-0.14007 ,0.03175 
-0.14514 ,0.03175 
-0.12431 ,0.03175 
-0.06117 ,0.03175 
-0.10327 ,0.03175 
-0.05045 ,0.03175 
-0.06348 ,0.03175 
-0.14689 ,0.03175 
-0.06011 ,0.03175 
-0.06530 ,0.03175 
-0.04419 ,0.03175 
0.01393 ,0.03175 
-0.09097 ,0.03175 
0.04669 ,0.03175 
-0.12801 ,0.03175 
-0.05643 ,0.03175 
-0.15630 ,0.03176 
-0.05704 ,0.03176 
-0.05707 ,0.03176 
-0.12614 ,0.03176 
-0.05603 ,0.03176 
0.02982 ,0.03176 
-0.11256 ,0.03176 
0.05014 ,0.03177 
-0.11214 ,0.03177 
-0.04235 ,0.03177 
0.02852 ,0.03177 
0.07864 ,0.03177 
-0.12932 ,0.03177 
-0.05677 ,0.03177 
-0.03525 ,0.03177 
-0.11376 ,0.03177 
-0.07390 ,0.03177 
-0.08826 ,0.03177 
-0.06914 ,0.03177 
-0.00343 ,0.03177 
-0.12024 ,0.03177 
-0.05291 ,0.03177 
0.05081 ,0.03177 
-0.08623 ,0.03177 
0.07358 ,0.03177 
-0.10534 ,0.03177 
0.02317 ,0.03178 
-0.09709 ,0.03178 
0.09857 ,0.03178 
-0.06779 ,0.03178 
-0.03709 ,0.03178 
0.03545 ,0.03178 
-0.08202 ,0.03178 
-0.04086 ,0.03178 
-0.07083 ,0.03178 
-0.12812 ,0.03178 
0.03381 ,0.03178 
-0.10807 ,0.03178 
-0.10957 ,0.03178 
-0.08068 ,0.03178 
-0.06682 ,0.03178 
-0.12710 ,0.03179 
-0.10814 ,0.03179 
-0.11601 ,0.03179 
-0.13875 ,0.03179 
-0.03980 ,0.03179 
-0.03172 ,0.03179 
0.04197 ,0.03179 
0.17450 ,0.03179 
0.14585 ,0.03179 
0.04172 ,0.03179 
-0.12649 ,0.03179 
-0.06222 ,0.03180 
0.08904 ,0.03180 
-0.08399 ,0.03180 
-0.10614 ,0.03180 
0.02188 ,0.03180 
-0.13239 ,0.03180 
-0.16431 ,0.03180 
-0.07999 ,0.03180 
-0.09438 ,0.03180 
0.02549 ,0.03180 
-0.10314 ,0.03180 
-0.07529 ,0.03180 
0.06580 ,0.03180 
-0.06285 ,0.03180 
-0.07204 ,0.03181 
-0.12827 ,0.03181 
0.02675 ,0.03181 
0.01439 ,0.03181 
-0.12883 ,0.03181 
0.05284 ,0.03181 
-0.09033 ,0.03181 
0.02420 ,0.03181 
0.05395 ,0.03181 
-0.08719 ,0.03181 
-0.03009 ,0.03181 
-0.02458 ,0.03181 
-0.14560 ,0.03181 
-0.04668 ,0.03181 
0.00101 ,0.03181 
0.00781 ,0.03181 
-0.00068 ,0.03181 
-0.15347 ,0.03182 
-0.09209 ,0.03182 
0.04640 ,0.03182 
0.04949 ,0.03182 
0.01999 ,0.03182 
0.07777 ,0.03182 
-0.11307 ,0.03182 
-0.06735 ,0.03182 
0.07074 ,0.03182 
-0.14448 ,0.03182 
0.04801 ,0.03183 
-0.02828 ,0.03183 
-0.04908 ,0.03183 
-0.16896 ,0.03183 
-0.13765 ,0.03183 
-0.14183 ,0.03183 
0.04404 ,0.03183 
-0.11655 ,0.03183 
-0.13809 ,0.03183 
-0.06362 ,0.03183 
0.00998 ,0.03183 
-0.09515 ,0.03183 
-0.12604 ,0.03183 
-0.01992 ,0.03183 
-0.13384 ,0.03183 
-0.05720 ,0.03183 
0.09697 ,0.03183 
-0.07387 ,0.03184 
-0.06299 ,0.03184 
-0.11223 ,0.03184 
-0.04632 ,0.03184 
-0.11094 ,0.03184 
-0.14161 ,0.03184 
-0.05058 ,0.03184 
0.04963 ,0.03184 
-0.08708 ,0.03185 
-0.01316 ,0.03185 
-0.11619 ,0.03185 
0.03726 ,0.03185 
-0.13925 ,0.03185 
-0.00294 ,0.03185 
0.04439 ,0.03185 
0.06796 ,0.03185 
0.01366 ,0.03185 
-0.08974 ,0.03185 
-0.03007 ,0.03185 
-0.00292 ,0.03185 
-0.06182 ,0.03185 
-0.00254 ,0.03185 
0.01110 ,0.03185 
0.04414 ,0.03185 
-0.10199 ,0.03186 
-0.06493 ,0.03186 
-0.05942 ,0.03186 
-0.01952 ,0.03186 
-0.14731 ,0.03186 
0.04784 ,0.03186 
-0.13186 ,0.03186 
0.05942 ,0.03187 
-0.05874 ,0.03187 
-0.12058 ,0.03187 
0.03658 ,0.03187 
-0.13724 ,0.03187 
-0.06644 ,0.03187 
-0.03943 ,0.03187 
-0.14913 ,0.03187 
-0.08015 ,0.03187 
0.05239 ,0.03187 
-0.01781 ,0.03187 
-0.14483 ,0.03187 
-0.10473 ,0.03187 
-0.05757 ,0.03187 
0.00012 ,0.03188 
-0.11804 ,0.03188 
-0.11476 ,0.03188 
0.02525 ,0.03188 
-0.10409 ,0.03188 
0.11185 ,0.03188 
-0.06046 ,0.03188 
0.04218 ,0.03188 
-0.08533 ,0.03188 
-0.07732 ,0.03188 
-0.14999 ,0.03188 
-0.08765 ,0.03189 
-0.04816 ,0.03189 
0.02104 ,0.03189 
-0.12655 ,0.03189 
-0.03167 ,0.03189 
-0.15423 ,0.03189 
-0.07429 ,0.03189 
-0.13657 ,0.03190 
-0.04621 ,0.03190 
-0.15013 ,0.03190 
-0.03501 ,0.03190 
-0.12376 ,0.03190 
-0.12308 ,0.03190 
-0.07732 ,0.03190 
-0.09251 ,0.03190 
-0.06508 ,0.03190 
-0.11411 ,0.03190 
-0.05967 ,0.03190 
-0.13637 ,0.03190 
-0.02239 ,0.03190 
0.05035 ,0.03190 
-0.03980 ,0.03191 
-0.09116 ,0.03191 
-0.13485 ,0.03191 
-0.14525 ,0.03191 
-0.06353 ,0.03191 
-0.10473 ,0.03191 
-0.14285 ,0.03191 
-0.02635 ,0.03191 
-0.05536 ,0.03191 
0.06148 ,0.03191 
-0.09168 ,0.03191 
-0.11202 ,0.03192 
0.10650 ,0.03192 
-0.13090 ,0.03192 
-0.00774 ,0.03192 
0.06212 ,0.03192 
-0.10827 ,0.03192 
-0.05350 ,0.03192 
0.02176 ,0.03192 
-0.15186 ,0.03192 
0.08265 ,0.03192 
-0.00008 ,0.03193 
-0.07103 ,0.03193 
-0.07914 ,0.03193 
0.03644 ,0.03193 
-0.06801 ,0.03193 
0.17389 ,0.03193 
0.05961 ,0.03193 
-0.09801 ,0.03193 
0.04941 ,0.03193 
-0.10545 ,0.03193 
-0.03123 ,0.03193 
-0.01826 ,0.03194 
0.06783 ,0.03194 
-0.13630 ,0.03194 
0.04087 ,0.03194 
0.00887 ,0.03194 
0.05439 ,0.03194 
-0.05330 ,0.03194 
0.01634 ,0.03194 
0.02162 ,0.03194 
-0.16930 ,0.03194 
-0.12463 ,0.03195 
-0.11676 ,0.03195 
-0.16244 ,0.03195 
-0.02982 ,0.03195 
-0.14847 ,0.03195 
-0.09216 ,0.03195 
-0.12023 ,0.03195 
-0.13433 ,0.03195 
0.04475 ,0.03195 
-0.06251 ,0.03195 
-0.11287 ,0.03195 
-0.06156 ,0.03195 
-0.14404 ,0.03195 
-0.13136 ,0.03196 
-0.12731 ,0.03196 
-0.15475 ,0.03196 
0.00262 ,0.03196 
-0.10374 ,0.03196 
-0.13690 ,0.03196 
-0.04294 ,0.03196 
-0.13322 ,0.03196 
-0.06610 ,0.03196 
-0.13089 ,0.03196 
-0.05108 ,0.03196 
-0.05046 ,0.03196 
0.04871 ,0.03196 
-0.07555 ,0.03197 
0.01920 ,0.03197 
-0.13828 ,0.03197 
-0.07625 ,0.03197 
-0.08797 ,0.03197 
0.06328 ,0.03197 
-0.07278 ,0.03197 
-0.14818 ,0.03197 
-0.10058 ,0.03197 
-0.06885 ,0.03197 
-0.01144 ,0.03197 
-0.10253 ,0.03197 
-0.06392 ,0.03197 
-0.14232 ,0.03198 
-0.13573 ,0.03198 
-0.06956 ,0.03198 
-0.14182 ,0.03198 
-0.07622 ,0.03198 
-0.07730 ,0.03198 
-0.08493 ,0.03198 
-0.06943 ,0.03198 
-0.11241 ,0.03198 
-0.07064 ,0.03198 
-0.07324 ,0.03199 
-0.13754 ,0.03199 
-0.13915 ,0.03199 
-0.07452 ,0.03199 
0.02956 ,0.03199 
-0.05555 ,0.03199 
-0.13192 ,0.03199 
-0.13510 ,0.03199 
-0.15908 ,0.03199 
0.04551 ,0.03199 
-0.06847 ,0.03199 
-0.11600 ,0.03199 
-0.06489 ,0.03199 
-0.08014 ,0.03199 
-0.08013 ,0.03199 
-0.05148 ,0.03199 
-0.03615 ,0.03199 
-0.11455 ,0.03199 
-0.15357 ,0.03199 
-0.11006 ,0.03200 
-0.13934 ,0.03200 
-0.05659 ,0.03200 
-0.05692 ,0.03200 
0.06526 ,0.03200 
-0.11647 ,0.03200 
-0.12527 ,0.03200 
-0.09827 ,0.03201 
-0.15106 ,0.03201 
-0.12213 ,0.03201 
-0.09854 ,0.03201 
-0.02903 ,0.03201 
-0.15147 ,0.03201 
-0.12711 ,0.03202 
-0.09715 ,0.03202 
-0.03582 ,0.03202 
-0.08603 ,0.03202 
0.05124 ,0.03202 
-0.04047 ,0.03202 
-0.04155 ,0.03202 
0.06821 ,0.03202 
-0.06750 ,0.03202 
-0.07948 ,0.03202 
-0.03750 ,0.03202 
-0.12932 ,0.03202 
0.00356 ,0.03202 
-0.03831 ,0.03203 
-0.05267 ,0.03203 
0.04886 ,0.03203 
0.01315 ,0.03203 
-0.13399 ,0.03203 
0.04236 ,0.03203 
0.05466 ,0.03203 
0.02663 ,0.03203 
-0.08109 ,0.03203 
-0.12958 ,0.03203 
-0.09415 ,0.03203 
-0.03717 ,0.03203 
0.01497 ,0.03203 
0.03179 ,0.03203 
-0.06846 ,0.03204 
-0.06228 ,0.03204 
-0.14289 ,0.03204 
-0.06163 ,0.03204 
-0.13188 ,0.03204 
0.02620 ,0.03204 
-0.00821 ,0.03204 
-0.08708 ,0.03204 
0.07016 ,0.03204 
-0.01226 ,0.03204 
0.07716 ,0.03204 
-0.04853 ,0.03205 
-0.12856 ,0.03205 
-0.02676 ,0.03205 
-0.02518 ,0.03205 
-0.12262 ,0.03205 
0.04589 ,0.03205 
0.00327 ,0.03206 
-0.03426 ,0.03206 
-0.07670 ,0.03206 
-0.09357 ,0.03206 
-0.03029 ,0.03206 
-0.04251 ,0.03206 
-0.09766 ,0.03206 
0.01428 ,0.03206 
-0.14657 ,0.03206 
0.00680 ,0.03206 
0.04125 ,0.03206 
-0.04960 ,0.03206 
-0.06425 ,0.03206 
-0.05937 ,0.03206 
-0.06093 ,0.03206 
-0.03927 ,0.03207 
-0.05703 ,0.03207 
-0.04351 ,0.03207 
-0.01553 ,0.03207 
-0.03983 ,0.03207 
-0.11905 ,0.03207 
0.04851 ,0.03207 
0.02446 ,0.03207 
-0.10188 ,0.03207 
-0.15365 ,0.03207 
-0.10159 ,0.03208 
-0.09285 ,0.03208 
-0.12541 ,0.03208 
-0.13997 ,0.03208 
-0.14695 ,0.03208 
0.00487 ,0.03208 
0.01786 ,0.03208 
-0.05617 ,0.03208 
-0.04461 ,0.03208 
-0.06585 ,0.03208 
-0.07981 ,0.03208 
-0.09385 ,0.03208 
-0.11780 ,0.03208 
-0.06344 ,0.03209 
-0.15713 ,0.03209 
-0.13734 ,0.03209 
-0.04612 ,0.03209 
-0.03885 ,0.03209 
-0.04555 ,0.03209 
-0.13304 ,0.03209 
-0.02309 ,0.03210 
0.04320 ,0.03210 
0.04448 ,0.03210 
0.00683 ,0.03210 
-0.10940 ,0.03210 
-0.08771 ,0.03210 
-0.12702 ,0.03210 
-0.02871 ,0.03210 
-0.13910 ,0.03210 
-0.03884 ,0.03210 
-0.10267 ,0.03211 
-0.05497 ,0.03211 
-0.12557 ,0.03211 
-0.01216 ,0.03211 
-0.10205 ,0.03211 
-0.10610 ,0.03211 
0.06218 ,0.03211 
-0.09188 ,0.03211 
-0.15231 ,0.03211 
-0.05175 ,0.03211 
-0.02597 ,0.03211 
-0.06810 ,0.03211 
-0.13324 ,0.03211 
-0.10594 ,0.03211 
-0.12632 ,0.03211 
-0.11087 ,0.03212 
0.08675 ,0.03212 
0.17833 ,0.03212 
0.03310 ,0.03212 
0.06252 ,0.03212 
-0.06898 ,0.03212 
-0.10652 ,0.03212 
-0.14396 ,0.03212 
-0.06455 ,0.03212 
-0.06511 ,0.03212 
-0.05163 ,0.03212 
0.00854 ,0.03212 
0.07925 ,0.03212 
-0.00847 ,0.03212 
-0.13504 ,0.03212 
0.08633 ,0.03213 
-0.13409 ,0.03213 
-0.02866 ,0.03213 
-0.12778 ,0.03213 
-0.07146 ,0.03213 
-0.06969 ,0.03213 
-0.01600 ,0.03213 
-0.09034 ,0.03213 
-0.06686 ,0.03213 
0.04731 ,0.03213 
-0.11813 ,0.03213 
-0.09649 ,0.03213 
-0.12249 ,0.03213 
-0.05994 ,0.03213 
-0.07023 ,0.03213 
-0.14904 ,0.03213 
-0.05784 ,0.03213 
-0.10240 ,0.03213 
-0.07832 ,0.03213 
-0.14970 ,0.03214 
-0.14416 ,0.03214 
-0.11710 ,0.03214 
-0.02780 ,0.03214 
-0.09342 ,0.03214 
-0.09989 ,0.03214 
-0.12663 ,0.03214 
-0.01027 ,0.03214 
-0.08862 ,0.03214 
-0.06306 ,0.03214 
-0.13295 ,0.03214 
-0.05156 ,0.03214 
-0.02849 ,0.03215 
-0.07780 ,0.03215 
0.04316 ,0.03215 
-0.15017 ,0.03215 
-0.12964 ,0.03215 
-0.11233 ,0.03215 
-0.13017 ,0.03215 
-0.02402 ,0.03215 
-0.03280 ,0.03215 
-0.06298 ,0.03215 
-0.09817 ,0.03216 
0.05404 ,0.03216 
-0.06998 ,0.03216 
-0.03242 ,0.03216 
-0.10205 ,0.03216 
-0.08760 ,0.03216 
-0.14387 ,0.03216 
-0.13532 ,0.03216 
-0.09712 ,0.03216 
-0.05291 ,0.03217 
-0.15338 ,0.03217 
-0.10158 ,0.03217 
-0.11432 ,0.03217 
-0.13736 ,0.03218 
0.18070 ,0.03218 
-0.05849 ,0.03218 
-0.11818 ,0.03218 
-0.10794 ,0.03218 
-0.02329 ,0.03218 
-0.08269 ,0.03218 
-0.15425 ,0.03218 
-0.03357 ,0.03218 
-0.04085 ,0.03218 
-0.14005 ,0.03218 
-0.09058 ,0.03218 
0.02365 ,0.03219 
-0.05719 ,0.03219 
-0.03354 ,0.03219 
-0.12561 ,0.03219 
-0.07800 ,0.03219 
-0.11117 ,0.03219 
0.00812 ,0.03219 
0.01161 ,0.03219 
-0.12216 ,0.03219 
0.08386 ,0.03219 
0.04938 ,0.03219 
0.00915 ,0.03220 
-0.13909 ,0.03220 
-0.14645 ,0.03220 
-0.00351 ,0.03220 
-0.07731 ,0.03220 
-0.07981 ,0.03220 
0.01357 ,0.03220 
-0.09773 ,0.03221 
-0.13371 ,0.03221 
0.02796 ,0.03221 
-0.02552 ,0.03221 
0.00134 ,0.03221 
-0.14701 ,0.03221 
-0.11851 ,0.03221 
-0.06600 ,0.03221 
-0.01398 ,0.03222 
0.01004 ,0.03222 
-0.04986 ,0.03222 
0.00587 ,0.03222 
-0.09095 ,0.03222 
-0.06439 ,0.03222 
-0.09405 ,0.03222 
0.03623 ,0.03222 
-0.06544 ,0.03222 
-0.14017 ,0.03222 
-0.04630 ,0.03222 
0.14684 ,0.03223 
0.00184 ,0.03223 
-0.14672 ,0.03223 
0.01787 ,0.03223 
-0.15745 ,0.03223 
-0.12016 ,0.03223 
0.07848 ,0.03223 
-0.04371 ,0.03223 
-0.03051 ,0.03223 
-0.06293 ,0.03223 
0.08173 ,0.03223 
-0.00814 ,0.03223 
-0.04842 ,0.03223 
-0.00711 ,0.03223 
-0.08854 ,0.03224 
-0.09843 ,0.03224 
-0.13854 ,0.03224 
0.05841 ,0.03224 
-0.04643 ,0.03224 
-0.09282 ,0.03224 
-0.04670 ,0.03224 
-0.03992 ,0.03224 
-0.04988 ,0.03224 
0.02371 ,0.03224 
-0.03460 ,0.03225 
-0.12169 ,0.03225 
-0.07689 ,0.03225 
-0.14160 ,0.03225 
0.04677 ,0.03225 
-0.10694 ,0.03225 
-0.07098 ,0.03225 
0.04111 ,0.03225 
-0.10964 ,0.03225 
0.04281 ,0.03225 
-0.06289 ,0.03225 
-0.06348 ,0.03225 
-0.04700 ,0.03225 
-0.14844 ,0.03226 
0.00731 ,0.03226 
-0.03906 ,0.03226 
-0.00279 ,0.03226 
-0.04093 ,0.03226 
-0.13057 ,0.03226 
-0.12835 ,0.03226 
-0.05485 ,0.03226 
-0.07396 ,0.03226 
-0.13011 ,0.03226 
-0.11085 ,0.03226 
0.04144 ,0.03226 
-0.11810 ,0.03226 
-0.11279 ,0.03226 
0.16029 ,0.03227 
-0.09375 ,0.03227 
-0.06608 ,0.03227 
-0.00895 ,0.03227 
-0.06892 ,0.03227 
-0.11339 ,0.03227 
-0.14361 ,0.03227 
0.06490 ,0.03227 
-0.05024 ,0.03227 
-0.14572 ,0.03227 
-0.11415 ,0.03227 
-0.03727 ,0.03227 
-0.13500 ,0.03227 
-0.11704 ,0.03227 
-0.05782 ,0.03227 
-0.06327 ,0.03227 
-0.13726 ,0.03227 
-0.07431 ,0.03227 
-0.04658 ,0.03228 
0.08698 ,0.03228 
-0.15724 ,0.03228 
-0.05239 ,0.03228 
-0.04137 ,0.03228 
-0.08210 ,0.03228 
-0.10581 ,0.03228 
-0.03796 ,0.03228 
-0.10467 ,0.03228 
-0.07479 ,0.03228 
-0.05741 ,0.03228 
0.09859 ,0.03228 
-0.14371 ,0.03228 
-0.06597 ,0.03228 
-0.11807 ,0.03228 
-0.07953 ,0.03228 
-0.10811 ,0.03228 
-0.07773 ,0.03228 
0.21752 ,0.03229 
-0.12783 ,0.03229 
-0.13072 ,0.03229 
-0.15792 ,0.03229 
0.02110 ,0.03229 
-0.06898 ,0.03229 
0.01956 ,0.03229 
-0.02474 ,0.03229 
-0.01082 ,0.03229 
0.01487 ,0.03229 
-0.03367 ,0.03229 
-0.06451 ,0.03229 
-0.07616 ,0.03229 
-0.15432 ,0.03229 
-0.07716 ,0.03230 
0.05807 ,0.03230 
-0.00961 ,0.03230 
-0.10831 ,0.03230 
0.00952 ,0.03230 
-0.05661 ,0.03230 
-0.10526 ,0.03230 
-0.04987 ,0.03230 
-0.09912 ,0.03230 
0.16426 ,0.03230 
-0.13992 ,0.03230 
0.08043 ,0.03231 
-0.17091 ,0.03231 
-0.11449 ,0.03231 
-0.05694 ,0.03231 
-0.07796 ,0.03231 
-0.10773 ,0.03231 
-0.09131 ,0.03231 
-0.06372 ,0.03231 
-0.08080 ,0.03231 
0.00037 ,0.03231 
-0.14343 ,0.03231 
-0.10588 ,0.03231 
-0.08972 ,0.03231 
-0.15965 ,0.03232 
0.06620 ,0.03232 
0.16785 ,0.03232 
-0.11875 ,0.03232 
-0.10204 ,0.03232 
-0.00754 ,0.03232 
-0.09487 ,0.03232 
-0.06599 ,0.03232 
-0.05022 ,0.03232 
0.00622 ,0.03232 
-0.15394 ,0.03233 
-0.10947 ,0.03233 
0.02429 ,0.03233 
-0.00904 ,0.03233 
-0.12899 ,0.03233 
-0.02951 ,0.03233 
-0.11479 ,0.03233 
-0.00857 ,0.03233 
0.04632 ,0.03233 
-0.08417 ,0.03233 
-0.10511 ,0.03233 
-0.11567 ,0.03234 
0.05958 ,0.03234 
-0.10623 ,0.03234 
-0.09804 ,0.03234 
-0.06959 ,0.03234 
-0.09778 ,0.03234 
-0.00958 ,0.03234 
-0.05541 ,0.03234 
-0.08761 ,0.03234 
-0.01603 ,0.03234 
-0.06586 ,0.03234 
0.04709 ,0.03234 
0.04843 ,0.03234 
-0.01053 ,0.03234 
-0.11410 ,0.03234 
-0.01038 ,0.03234 
-0.05022 ,0.03235 
-0.12468 ,0.03235 
-0.00349 ,0.03235 
-0.04339 ,0.03235 
-0.08039 ,0.03235 
-0.13735 ,0.03235 
-0.12848 ,0.03235 
-0.10710 ,0.03235 
-0.16869 ,0.03235 
-0.05454 ,0.03235 
-0.13431 ,0.03235 
-0.03692 ,0.03235 
-0.05577 ,0.03235 
-0.07714 ,0.03236 
-0.13409 ,0.03236 
0.05535 ,0.03236 
-0.04956 ,0.03236 
0.06532 ,0.03236 
0.03487 ,0.03236 
-0.04436 ,0.03236 
-0.12537 ,0.03236 
0.02760 ,0.03236 
-0.09262 ,0.03236 
-0.06518 ,0.03236 
-0.01993 ,0.03236 
0.02064 ,0.03237 
-0.12028 ,0.03237 
-0.11448 ,0.03237 
-0.04916 ,0.03237 
-0.00257 ,0.03237 
-0.13697 ,0.03237 
-0.03542 ,0.03237 
-0.03130 ,0.03237 
-0.06765 ,0.03237 
0.09568 ,0.03237 
0.03428 ,0.03237 
-0.13954 ,0.03237 
-0.10354 ,0.03237 
-0.13954 ,0.03237 
-0.09958 ,0.03238 
0.06788 ,0.03238 
-0.12233 ,0.03238 
0.07973 ,0.03238 
0.05576 ,0.03238 
0.04272 ,0.03238 
-0.08852 ,0.03238 
-0.05031 ,0.03238 
-0.05820 ,0.03238 
-0.12095 ,0.03238 
-0.10602 ,0.03238 
0.09838 ,0.03238 
-0.05223 ,0.03238 
-0.14046 ,0.03239 
-0.06208 ,0.03239 
-0.08626 ,0.03239 
-0.06894 ,0.03239 
0.03295 ,0.03239 
-0.10672 ,0.03239 
-0.04887 ,0.03239 
0.03742 ,0.03239 
-0.10787 ,0.03239 
-0.08675 ,0.03239 
-0.12057 ,0.03239 
-0.04868 ,0.03240 
-0.10804 ,0.03240 
-0.02078 ,0.03240 
-0.02613 ,0.03240 
0.05422 ,0.03240 
0.02608 ,0.03240 
-0.06446 ,0.03240 
-0.16293 ,0.03240 
0.07983 ,0.03240 
-0.11426 ,0.03240 
-0.08629 ,0.03240 
-0.13127 ,0.03240 
-0.08596 ,0.03240 
-0.13197 ,0.03240 
-0.01214 ,0.03240 
-0.13048 ,0.03240 
-0.00230 ,0.03241 
-0.05241 ,0.03241 
0.02897 ,0.03241 
0.02020 ,0.03241 
-0.05243 ,0.03241 
0.04210 ,0.03241 
-0.12631 ,0.03241 
0.06706 ,0.03241 
-0.15416 ,0.03241 
-0.10588 ,0.03241 
-0.11681 ,0.03241 
-0.13025 ,0.03242 
-0.07561 ,0.03242 
-0.05160 ,0.03242 
0.03798 ,0.03242 
-0.13374 ,0.03242 
-0.14071 ,0.03242 
-0.14554 ,0.03242 
-0.15688 ,0.03242 
-0.05315 ,0.03242 
-0.05688 ,0.03242 
0.06248 ,0.03242 
-0.12332 ,0.03242 
-0.03202 ,0.03243 
-0.05591 ,0.03243 
-0.05775 ,0.03243 
0.06158 ,0.03243 
-0.12232 ,0.03243 
-0.09759 ,0.03243 
-0.06414 ,0.03243 
-0.06610 ,0.03243 
0.06784 ,0.03243 
-0.09416 ,0.03243 
-0.08250 ,0.03243 
-0.03618 ,0.03243 
-0.11482 ,0.03243 
-0.15271 ,0.03243 
-0.08504 ,0.03243 
0.05532 ,0.03243 
-0.02869 ,0.03244 
-0.10644 ,0.03244 
0.03160 ,0.03244 
-0.09632 ,0.03244 
-0.11471 ,0.03244 
-0.07642 ,0.03244 
-0.03738 ,0.03244 
-0.00261 ,0.03244 
-0.07466 ,0.03244 
0.05144 ,0.03245 
0.04685 ,0.03245 
-0.03399 ,0.03245 
-0.00241 ,0.03245 
-0.03720 ,0.03245 
-0.04173 ,0.03245 
-0.06419 ,0.03245 
0.06592 ,0.03245 
-0.06048 ,0.03245 
-0.06864 ,0.03246 
-0.08408 ,0.03246 
-0.13740 ,0.03246 
-0.15535 ,0.03246 
-0.04882 ,0.03246 
-0.05266 ,0.03246 
-0.13858 ,0.03246 
0.06071 ,0.03246 
0.10459 ,0.03246 
-0.06445 ,0.03246 
-0.04458 ,0.03246 
0.00299 ,0.03246 
-0.09905 ,0.03246 
-0.15601 ,0.03246 
-0.08800 ,0.03246 
-0.15184 ,0.03247 
0.01443 ,0.03247 
-0.11059 ,0.03247 
-0.07833 ,0.03247 
-0.16295 ,0.03247 
0.04787 ,0.03247 
-0.05905 ,0.03247 
0.04042 ,0.03247 
-0.12402 ,0.03248 
-0.08322 ,0.03248 
-0.14132 ,0.03248 
0.01306 ,0.03248 
-0.09649 ,0.03248 
-0.05352 ,0.03248 
-0.01826 ,0.03248 
0.04275 ,0.03248 
-0.09170 ,0.03248 
0.09107 ,0.03248 
-0.13217 ,0.03248 
-0.10838 ,0.03248 
-0.12549 ,0.03248 
-0.01118 ,0.03249 
0.08323 ,0.03249 
-0.13662 ,0.03249 
-0.06983 ,0.03249 
-0.05990 ,0.03249 
-0.09296 ,0.03249 
0.04997 ,0.03249 
-0.12163 ,0.03249 
-0.06668 ,0.03249 
0.05224 ,0.03249 
0.09544 ,0.03249 
-0.03990 ,0.03250 
0.07833 ,0.03250 
-0.03252 ,0.03250 
-0.13254 ,0.03250 
-0.06537 ,0.03250 
-0.07944 ,0.03250 
0.02328 ,0.03250 
0.04797 ,0.03250 
-0.13227 ,0.03250 
-0.01765 ,0.03250 
-0.03185 ,0.03250 
-0.07420 ,0.03250 
-0.08371 ,0.03251 
-0.03855 ,0.03251 
-0.11083 ,0.03251 
-0.03593 ,0.03251 
-0.04748 ,0.03251 
-0.15756 ,0.03251 
-0.09015 ,0.03251 
-0.13824 ,0.03251 
-0.05588 ,0.03251 
0.02853 ,0.03251 
-0.07572 ,0.03251 
-0.10163 ,0.03252 
-0.14142 ,0.03252 
-0.09266 ,0.03252 
-0.06234 ,0.03252 
-0.10565 ,0.03252 
-0.08461 ,0.03252 
-0.10206 ,0.03252 
-0.05861 ,0.03252 
-0.05620 ,0.03252 
-0.10773 ,0.03252 
-0.16284 ,0.03253 
-0.06933 ,0.03253 
-0.04589 ,0.03253 
-0.05176 ,0.03253 
-0.02739 ,0.03253 
-0.10352 ,0.03253 
-0.05396 ,0.03253 
-0.13076 ,0.03253 
-0.04682 ,0.03253 
-0.08217 ,0.03253 
-0.12717 ,0.03253 
0.01821 ,0.03253 
-0.17619 ,0.03253 
0.04650 ,0.03253 
-0.05980 ,0.03253 
-0.11249 ,0.03253 
-0.06200 ,0.03253 
-0.11271 ,0.03254 
-0.02232 ,0.03254 
-0.08966 ,0.03254 
0.00887 ,0.03254 
0.01263 ,0.03254 
-0.04012 ,0.03254 
-0.07635 ,0.03254 
-0.03015 ,0.03254 
0.06387 ,0.03254 
-0.09309 ,0.03254 
-0.11121 ,0.03254 
-0.11592 ,0.03254 
-0.04998 ,0.03254 
0.09560 ,0.03254 
-0.02101 ,0.03255 
-0.10728 ,0.03255 
-0.09014 ,0.03255 
-0.08925 ,0.03255 
-0.05193 ,0.03255 
-0.06069 ,0.03255 
-0.05048 ,0.03255 
0.04558 ,0.03255 
-0.09560 ,0.03255 
-0.04775 ,0.03255 
-0.18330 ,0.03255 
-0.04282 ,0.03256 
0.10227 ,0.03256 
-0.12559 ,0.03256 
-0.11481 ,0.03256 
0.01985 ,0.03256 
0.06847 ,0.03256 
0.00096 ,0.03256 
-0.09046 ,0.03256 
-0.04621 ,0.03256 
0.05267 ,0.03256 
-0.03880 ,0.03256 
-0.07336 ,0.03256 
-0.09583 ,0.03256 
-0.00216 ,0.03256 
-0.06614 ,0.03256 
-0.07291 ,0.03257 
-0.09464 ,0.03257 
-0.06311 ,0.03257 
-0.00823 ,0.03257 
-0.05088 ,0.03257 
0.06578 ,0.03257 
-0.04339 ,0.03257 
-0.15284 ,0.03257 
-0.11503 ,0.03258 
0.05566 ,0.03258 
-0.06085 ,0.03258 
-0.13127 ,0.03258 
-0.03974 ,0.03258 
-0.05121 ,0.03258 
0.01950 ,0.03258 
-0.08940 ,0.03258 
0.04993 ,0.03258 
0.08327 ,0.03258 
-0.05860 ,0.03259 
-0.03941 ,0.03259 
-0.01906 ,0.03259 
-0.12859 ,0.03259 
-0.11261 ,0.03259 
-0.04648 ,0.03259 
-0.11028 ,0.03259 
-0.05053 ,0.03259 
-0.13695 ,0.03259 
-0.14340 ,0.03259 
-0.06611 ,0.03259 
-0.09104 ,0.03259 
-0.13361 ,0.03259 
-0.06801 ,0.03259 
0.04344 ,0.03259 
-0.13233 ,0.03260 
-0.11086 ,0.03260 
-0.11050 ,0.03260 
0.00712 ,0.03260 
-0.09178 ,0.03260 
-0.07212 ,0.03260 
0.03809 ,0.03260 
-0.15124 ,0.03260 
-0.11872 ,0.03260 
-0.03831 ,0.03260 
-0.05616 ,0.03260 
0.05479 ,0.03260 
-0.03127 ,0.03260 
-0.07701 ,0.03260 
0.07216 ,0.03260 
-0.07504 ,0.03261 
-0.01281 ,0.03261 
-0.11136 ,0.03261 
-0.12825 ,0.03261 
-0.05290 ,0.03261 
-0.05967 ,0.03261 
-0.12815 ,0.03261 
-0.10994 ,0.03261 
-0.07955 ,0.03261 
0.03083 ,0.03261 
-0.11715 ,0.03261 
-0.05751 ,0.03262 
-0.10360 ,0.03262 
0.09190 ,0.03262 
-0.08788 ,0.03262 
-0.05363 ,0.03262 
-0.06509 ,0.03262 
-0.14328 ,0.03262 
-0.06089 ,0.03262 
-0.13225 ,0.03262 
-0.14727 ,0.03262 
-0.12611 ,0.03262 
0.01397 ,0.03262 
0.01805 ,0.03262 
-0.14922 ,0.03263 
-0.11245 ,0.03263 
0.19233 ,0.03263 
0.07042 ,0.03263 
-0.02575 ,0.03263 
0.08143 ,0.03263 
-0.06949 ,0.03263 
-0.06799 ,0.03263 
0.07962 ,0.03263 
-0.11422 ,0.03263 
-0.02927 ,0.03263 
-0.14290 ,0.03263 
-0.09802 ,0.03263 
0.07654 ,0.03263 
-0.13126 ,0.03263 
-0.05044 ,0.03263 
-0.11408 ,0.03264 
-0.10314 ,0.03264 
-0.04377 ,0.03264 
-0.14017 ,0.03264 
-0.07359 ,0.03264 
0.09260 ,0.03264 
-0.12744 ,0.03264 
-0.10681 ,0.03264 
0.07119 ,0.03264 
0.04871 ,0.03264 
-0.01848 ,0.03264 
-0.00470 ,0.03264 
-0.03962 ,0.03264 
0.07322 ,0.03264 
-0.15649 ,0.03264 
-0.11179 ,0.03264 
-0.00604 ,0.03264 
-0.09882 ,0.03264 
-0.04656 ,0.03264 
-0.06270 ,0.03265 
-0.04070 ,0.03265 
-0.04129 ,0.03265 
-0.01552 ,0.03265 
-0.03351 ,0.03265 
-0.12260 ,0.03265 
0.03182 ,0.03265 
-0.07673 ,0.03265 
-0.09418 ,0.03265 
-0.11142 ,0.03265 
-0.14173 ,0.03265 
-0.06518 ,0.03265 
-0.01339 ,0.03265 
0.07389 ,0.03266 
-0.12915 ,0.03266 
-0.12672 ,0.03266 
-0.14727 ,0.03266 
-0.07392 ,0.03266 
-0.09778 ,0.03266 
-0.11054 ,0.03266 
-0.14310 ,0.03266 
-0.12363 ,0.03266 
-0.02909 ,0.03266 
-0.13854 ,0.03266 
-0.08666 ,0.03266 
-0.12954 ,0.03267 
0.08121 ,0.03267 
-0.12613 ,0.03267 
-0.14615 ,0.03267 
-0.08781 ,0.03267 
-0.07047 ,0.03267 
-0.03443 ,0.03267 
-0.05116 ,0.03267 
-0.00832 ,0.03267 
-0.10778 ,0.03267 
0.05768 ,0.03267 
0.00413 ,0.03267 
0.02184 ,0.03267 
-0.14216 ,0.03267 
-0.13648 ,0.03268 
-0.05334 ,0.03268 
0.09389 ,0.03268 
-0.05594 ,0.03268 
-0.07575 ,0.03268 
-0.05467 ,0.03268 
-0.08650 ,0.03268 
-0.03405 ,0.03268 
-0.06840 ,0.03268 
-0.12505 ,0.03268 
-0.14390 ,0.03268 
0.07058 ,0.03269 
-0.05432 ,0.03269 
-0.11960 ,0.03269 
-0.13118 ,0.03269 
0.06835 ,0.03269 
0.06103 ,0.03269 
-0.05015 ,0.03269 
-0.13678 ,0.03269 
0.02429 ,0.03269 
-0.15119 ,0.03269 
0.05913 ,0.03269 
-0.04099 ,0.03269 
-0.04874 ,0.03269 
-0.09387 ,0.03269 
-0.07708 ,0.03269 
-0.16030 ,0.03269 
-0.07167 ,0.03269 
0.03533 ,0.03270 
-0.04932 ,0.03270 
-0.13136 ,0.03270 
-0.01819 ,0.03270 
-0.18049 ,0.03270 
-0.04090 ,0.03270 
-0.14885 ,0.03270 
-0.12399 ,0.03270 
-0.02650 ,0.03270 
-0.12594 ,0.03270 
0.04616 ,0.03270 
-0.16984 ,0.03270 
-0.08615 ,0.03270 
-0.06202 ,0.03270 
-0.11193 ,0.03270 
0.20638 ,0.03270 
-0.09380 ,0.03271 
-0.04762 ,0.03271 
-0.07727 ,0.03271 
-0.05410 ,0.03271 
-0.04718 ,0.03271 
0.09881 ,0.03271 
0.05454 ,0.03271 
-0.04283 ,0.03271 
0.04542 ,0.03272 
-0.09141 ,0.03272 
0.06812 ,0.03272 
-0.11414 ,0.03272 
-0.14566 ,0.03272 
-0.08798 ,0.03272 
-0.07977 ,0.03272 
-0.12649 ,0.03273 
-0.05800 ,0.03273 
-0.12794 ,0.03273 
0.17085 ,0.03273 
0.09281 ,0.03273 
-0.06274 ,0.03273 
-0.12685 ,0.03273 
0.06500 ,0.03273 
-0.00227 ,0.03273 
-0.11041 ,0.03273 
-0.14042 ,0.03273 
-0.07131 ,0.03273 
-0.10949 ,0.03273 
-0.12816 ,0.03273 
-0.12642 ,0.03273 
-0.00762 ,0.03273 
-0.05512 ,0.03274 
-0.09572 ,0.03274 
-0.02476 ,0.03274 
-0.04949 ,0.03274 
0.02613 ,0.03274 
-0.10124 ,0.03274 
-0.12378 ,0.03274 
0.04883 ,0.03274 
-0.11115 ,0.03274 
-0.05898 ,0.03274 
-0.13204 ,0.03274 
0.06180 ,0.03274 
-0.01209 ,0.03274 
-0.00794 ,0.03274 
0.06335 ,0.03274 
-0.13816 ,0.03274 
-0.00087 ,0.03275 
-0.09797 ,0.03275 
-0.06439 ,0.03275 
-0.08565 ,0.03275 
-0.08650 ,0.03275 
0.00782 ,0.03275 
0.01131 ,0.03275 
-0.02153 ,0.03275 
-0.10868 ,0.03275 
-0.07636 ,0.03275 
0.05535 ,0.03276 
-0.13981 ,0.03276 
-0.00092 ,0.03276 
-0.04440 ,0.03276 
0.05460 ,0.03276 
0.00338 ,0.03276 
-0.11311 ,0.03276 
-0.07354 ,0.03276 
-0.07706 ,0.03276 
0.06187 ,0.03276 
-0.11292 ,0.03276 
-0.04031 ,0.03276 
-0.11872 ,0.03276 
-0.07625 ,0.03277 
-0.03398 ,0.03277 
-0.11140 ,0.03277 
-0.13165 ,0.03277 
-0.02709 ,0.03277 
0.07454 ,0.03277 
-0.13417 ,0.03277 
-0.01085 ,0.03277 
-0.09857 ,0.03277 
-0.03753 ,0.03277 
-0.14868 ,0.03277 
0.05647 ,0.03277 
0.01305 ,0.03277 
-0.05454 ,0.03277 
-0.07971 ,0.03277 
-0.11498 ,0.03277 
0.11744 ,0.03277 
-0.12249 ,0.03277 
-0.04728 ,0.03278 
-0.12824 ,0.03278 
-0.12010 ,0.03278 
-0.04836 ,0.03278 
-0.16236 ,0.03278 
-0.14125 ,0.03278 
-0.06041 ,0.03278 
0.02305 ,0.03278 
-0.13626 ,0.03278 
-0.13696 ,0.03278 
-0.08731 ,0.03278 
-0.01823 ,0.03278 
-0.12395 ,0.03278 
-0.06010 ,0.03279 
-0.07415 ,0.03279 
-0.01387 ,0.03279 
-0.00286 ,0.03279 
-0.14882 ,0.03279 
-0.10821 ,0.03279 
-0.03276 ,0.03279 
-0.03817 ,0.03279 
-0.06686 ,0.03279 
-0.13374 ,0.03279 
-0.08059 ,0.03279 
-0.06176 ,0.03279 
-0.05275 ,0.03279 
-0.04700 ,0.03279 
0.16493 ,0.03279 
-0.10672 ,0.03279 
-0.12568 ,0.03279 
0.12112 ,0.03279 
-0.12278 ,0.03280 
-0.04894 ,0.03280 
-0.12380 ,0.03280 
-0.12086 ,0.03280 
-0.05607 ,0.03280 
-0.06196 ,0.03281 
-0.08637 ,0.03281 
-0.03874 ,0.03281 
-0.00307 ,0.03281 
-0.02524 ,0.03281 
0.16820 ,0.03281 
0.12190 ,0.03281 
-0.01582 ,0.03281 
-0.16063 ,0.03281 
-0.10204 ,0.03282 
-0.06075 ,0.03282 
-0.06961 ,0.03282 
-0.10031 ,0.03282 
-0.02314 ,0.03283 
-0.05126 ,0.03283 
0.07973 ,0.03283 
-0.11538 ,0.03283 
-0.07434 ,0.03283 
-0.03276 ,0.03283 
0.09402 ,0.03283 
-0.11749 ,0.03283 
-0.14750 ,0.03283 
0.03787 ,0.03283 
-0.12911 ,0.03283 
-0.12484 ,0.03283 
-0.11597 ,0.03283 
-0.14194 ,0.03283 
-0.05422 ,0.03283 
-0.07371 ,0.03283 
-0.06725 ,0.03283 
-0.12707 ,0.03283 
0.07768 ,0.03284 
-0.03431 ,0.03284 
-0.06175 ,0.03284 
-0.07985 ,0.03284 
-0.15289 ,0.03284 
-0.05368 ,0.03284 
-0.09629 ,0.03284 
0.03723 ,0.03284 
-0.02316 ,0.03284 
0.05801 ,0.03284 
-0.14916 ,0.03284 
-0.14320 ,0.03284 
-0.08589 ,0.03284 
0.07160 ,0.03284 
0.03001 ,0.03284 
-0.12840 ,0.03285 
-0.03829 ,0.03285 
-0.06410 ,0.03285 
-0.05534 ,0.03285 
-0.06036 ,0.03285 
-0.11689 ,0.03285 
-0.12456 ,0.03286 
-0.11788 ,0.03286 
-0.16482 ,0.03286 
-0.09793 ,0.03286 
0.04301 ,0.03286 
-0.09680 ,0.03286 
-0.05015 ,0.03286 
-0.04645 ,0.03286 
-0.03576 ,0.03286 
-0.11891 ,0.03286 
-0.00590 ,0.03286 
0.04594 ,0.03286 
-0.08647 ,0.03287 
0.00549 ,0.03287 
-0.05456 ,0.03287 
-0.10572 ,0.03287 
0.00183 ,0.03287 
-0.14043 ,0.03287 
-0.00380 ,0.03287 
-0.13853 ,0.03287 
-0.05681 ,0.03287 
-0.07347 ,0.03287 
-0.10533 ,0.03287 
0.11666 ,0.03287 
-0.07026 ,0.03287 
-0.11387 ,0.03287 
-0.06188 ,0.03287 
0.02835 ,0.03287 
-0.04626 ,0.03287 
-0.07471 ,0.03288 
-0.03443 ,0.03288 
-0.11887 ,0.03288 
-0.09676 ,0.03288 
-0.04972 ,0.03288 
-0.14357 ,0.03288 
-0.13475 ,0.03288 
0.06070 ,0.03288 
-0.06936 ,0.03288 
-0.08915 ,0.03288 
0.05172 ,0.03288 
0.15890 ,0.03288 
-0.11574 ,0.03288 
-0.08734 ,0.03288 
-0.13310 ,0.03288 
-0.06805 ,0.03289 
-0.13470 ,0.03289 
0.00217 ,0.03289 
-0.12906 ,0.03290 
-0.08823 ,0.03290 
-0.09147 ,0.03290 
-0.02814 ,0.03290 
-0.13598 ,0.03290 
0.06156 ,0.03290 
-0.13595 ,0.03290 
-0.13687 ,0.03290 
0.05354 ,0.03290 
-0.00842 ,0.03290 
-0.12998 ,0.03290 
-0.13924 ,0.03290 
0.19293 ,0.03290 
-0.12322 ,0.03291 
0.04896 ,0.03291 
0.05872 ,0.03291 
-0.07477 ,0.03291 
-0.08102 ,0.03291 
0.06811 ,0.03291 
0.01326 ,0.03291 
-0.01658 ,0.03291 
-0.13539 ,0.03291 
-0.10292 ,0.03291 
0.05699 ,0.03291 
0.04612 ,0.03292 
-0.06181 ,0.03292 
0.03660 ,0.03292 
-0.15075 ,0.03292 
-0.07668 ,0.03292 
0.05410 ,0.03292 
-0.07201 ,0.03292 
-0.05570 ,0.03292 
0.00745 ,0.03292 
0.00021 ,0.03292 
-0.06997 ,0.03292 
-0.07208 ,0.03292 
-0.05566 ,0.03292 
-0.07040 ,0.03292 
0.07731 ,0.03292 
-0.10715 ,0.03292 
-0.05188 ,0.03293 
-0.06812 ,0.03293 
0.03271 ,0.03293 
-0.12492 ,0.03293 
-0.06897 ,0.03293 
-0.16018 ,0.03293 
0.00094 ,0.03293 
-0.10707 ,0.03293 
-0.04224 ,0.03293 
-0.06844 ,0.03293 
-0.07807 ,0.03293 
-0.06630 ,0.03293 
-0.06927 ,0.03294 
-0.08643 ,0.03294 
-0.07125 ,0.03294 
0.04727 ,0.03294 
0.00863 ,0.03294 
-0.08064 ,0.03294 
-0.04437 ,0.03294 
-0.04929 ,0.03294 
0.10673 ,0.03294 
0.09539 ,0.03294 
-0.11698 ,0.03295 
0.05520 ,0.03295 
-0.12721 ,0.03295 
-0.13287 ,0.03295 
-0.12057 ,0.03295 
0.10200 ,0.03295 
-0.08330 ,0.03295 
0.02300 ,0.03295 
0.06615 ,0.03295 
0.06935 ,0.03295 
-0.10353 ,0.03295 
-0.08963 ,0.03295 
-0.13145 ,0.03295 
-0.00859 ,0.03295 
-0.10527 ,0.03295 
-0.11426 ,0.03295 
-0.13241 ,0.03296 
-0.07262 ,0.03296 
-0.07876 ,0.03296 
0.06280 ,0.03296 
-0.07781 ,0.03296 
-0.10394 ,0.03296 
-0.01248 ,0.03296 
0.10117 ,0.03296 
0.07442 ,0.03296 
-0.14926 ,0.03296 
-0.14706 ,0.03296 
-0.07282 ,0.03297 
-0.12413 ,0.03297 
-0.11427 ,0.03297 
-0.10871 ,0.03297 
-0.09011 ,0.03297 
-0.10378 ,0.03297 
0.01788 ,0.03297 
-0.05091 ,0.03297 
0.02790 ,0.03297 
-0.04091 ,0.03297 
-0.02641 ,0.03297 
-0.06023 ,0.03297 
-0.11954 ,0.03297 
-0.07306 ,0.03297 
-0.09784 ,0.03297 
-0.09746 ,0.03297 
-0.12726 ,0.03298 
-0.01066 ,0.03298 
-0.11685 ,0.03298 
-0.06508 ,0.03298 
-0.10195 ,0.03298 
0.08493 ,0.03298 
-0.10537 ,0.03298 
-0.15901 ,0.03299 
0.05422 ,0.03299 
0.02837 ,0.03299 
-0.11135 ,0.03299 
0.08750 ,0.03299 
-0.07796 ,0.03299 
-0.04792 ,0.03299 
-0.10464 ,0.03299 
-0.06084 ,0.03299 
0.01695 ,0.03299 
-0.05842 ,0.03299 
-0.14741 ,0.03299 
0.17265 ,0.03299 
0.03920 ,0.03300 
0.04134 ,0.03300 
-0.11962 ,0.03300 
-0.09858 ,0.03300 
0.03325 ,0.03300 
0.21357 ,0.03300 
0.02075 ,0.03300 
-0.09866 ,0.03300 
-0.12381 ,0.03300 
-0.07243 ,0.03300 
-0.09831 ,0.03300 
0.01101 ,0.03300 
-0.06691 ,0.03300 
-0.06116 ,0.03301 
-0.01697 ,0.03301 
-0.09520 ,0.03301 
-0.06422 ,0.03301 
-0.04371 ,0.03301 
-0.06559 ,0.03301 
-0.06583 ,0.03301 
0.01596 ,0.03301 
0.05964 ,0.03301 
-0.05113 ,0.03301 
-0.11026 ,0.03301 
-0.12074 ,0.03301 
-0.13333 ,0.03302 
-0.10658 ,0.03302 
0.01340 ,0.03302 
-0.08416 ,0.03302 
0.03992 ,0.03302 
0.00809 ,0.03302 
-0.09843 ,0.03302 
0.08723 ,0.03302 
-0.05442 ,0.03302 
0.06877 ,0.03302 
-0.11211 ,0.03302 
-0.10835 ,0.03302 
-0.10860 ,0.03302 
-0.08748 ,0.03302 
-0.09002 ,0.03302 
-0.06349 ,0.03302 
-0.07620 ,0.03302 
-0.09698 ,0.03303 
0.06379 ,0.03303 
-0.07304 ,0.03303 
-0.01341 ,0.03303 
-0.11158 ,0.03303 
-0.10729 ,0.03303 
0.08691 ,0.03303 
0.06042 ,0.03303 
-0.04937 ,0.03303 
-0.07698 ,0.03303 
-0.05343 ,0.03304 
-0.01163 ,0.03304 
-0.06555 ,0.03304 
-0.05038 ,0.03304 
-0.06171 ,0.03304 
-0.03085 ,0.03304 
-0.14462 ,0.03304 
-0.10976 ,0.03304 
0.02266 ,0.03304 
-0.05641 ,0.03304 
-0.10914 ,0.03304 
-0.12669 ,0.03304 
-0.13808 ,0.03304 
0.08265 ,0.03304 
-0.12563 ,0.03304 
-0.06995 ,0.03305 
-0.06962 ,0.03305 
-0.07879 ,0.03305 
-0.08043 ,0.03305 
0.05496 ,0.03305 
-0.10636 ,0.03305 
-0.16207 ,0.03305 
-0.07038 ,0.03305 
-0.11473 ,0.03306 
-0.13578 ,0.03306 
-0.05046 ,0.03306 
-0.10256 ,0.03306 
-0.04519 ,0.03306 
-0.14233 ,0.03306 
-0.07755 ,0.03306 
-0.03599 ,0.03306 
-0.08763 ,0.03306 
-0.12166 ,0.03306 
0.05629 ,0.03306 
-0.06470 ,0.03306 
-0.03176 ,0.03306 
-0.14123 ,0.03307 
-0.06762 ,0.03307 
-0.09356 ,0.03307 
-0.13520 ,0.03307 
0.04804 ,0.03307 
0.04437 ,0.03307 
0.20151 ,0.03307 
0.06868 ,0.03307 
-0.07296 ,0.03307 
-0.15982 ,0.03307 
0.04665 ,0.03307 
-0.05030 ,0.03307 
-0.10795 ,0.03307 
0.22591 ,0.03307 
-0.02446 ,0.03308 
-0.13015 ,0.03308 
-0.08794 ,0.03308 
-0.05321 ,0.03308 
-0.06626 ,0.03308 
-0.03265 ,0.03308 
-0.02325 ,0.03308 
0.05384 ,0.03308 
-0.11876 ,0.03308 
0.01990 ,0.03308 
-0.06905 ,0.03308 
-0.09603 ,0.03308 
0.00197 ,0.03308 
-0.11998 ,0.03308 
-0.12280 ,0.03309 
0.06560 ,0.03309 
-0.06581 ,0.03309 
0.05071 ,0.03309 
0.03769 ,0.03309 
-0.10639 ,0.03309 
-0.08320 ,0.03309 
-0.07147 ,0.03309 
0.04656 ,0.03309 
-0.06792 ,0.03309 
-0.04775 ,0.03309 
-0.07028 ,0.03309 
-0.12744 ,0.03309 
0.06176 ,0.03309 
-0.01200 ,0.03309 
-0.10983 ,0.03309 
0.05208 ,0.03309 
-0.14743 ,0.03309 
-0.10888 ,0.03309 
-0.14656 ,0.03309 
-0.07691 ,0.03309 
-0.08087 ,0.03310 
-0.08729 ,0.03310 
-0.11121 ,0.03310 
-0.12666 ,0.03310 
0.19582 ,0.03310 
-0.12924 ,0.03310 
0.02055 ,0.03310 
0.05703 ,0.03310 
-0.07248 ,0.03310 
-0.02275 ,0.03310 
-0.00983 ,0.03310 
0.07214 ,0.03310 
-0.02564 ,0.03310 
0.07690 ,0.03310 
-0.08969 ,0.03310 
-0.12480 ,0.03311 
-0.11887 ,0.03311 
-0.13627 ,0.03311 
-0.12065 ,0.03311 
-0.08986 ,0.03311 
-0.04888 ,0.03311 
-0.05123 ,0.03311 
-0.02605 ,0.03311 
-0.00736 ,0.03311 
-0.05099 ,0.03311 
-0.02099 ,0.03311 
-0.02669 ,0.03311 
0.16793 ,0.03311 
-0.06423 ,0.03312 
-0.13074 ,0.03312 
-0.08859 ,0.03312 
0.04529 ,0.03312 
0.02266 ,0.03312 
-0.04074 ,0.03312 
-0.14480 ,0.03312 
-0.02419 ,0.03312 
-0.07354 ,0.03312 
0.21019 ,0.03312 
-0.07601 ,0.03312 
-0.15111 ,0.03312 
-0.09482 ,0.03312 
0.08933 ,0.03312 
-0.12258 ,0.03312 
-0.12638 ,0.03312 
-0.11803 ,0.03313 
-0.15757 ,0.03313 
-0.09175 ,0.03313 
-0.14039 ,0.03313 
0.05572 ,0.03313 
-0.01089 ,0.03313 
-0.01207 ,0.03314 
-0.08591 ,0.03314 
-0.08715 ,0.03314 
-0.12173 ,0.03314 
-0.08054 ,0.03314 
-0.01019 ,0.03314 
-0.02691 ,0.03314 
-0.12754 ,0.03314 
-0.03084 ,0.03314 
-0.06008 ,0.03315 
-0.00150 ,0.03315 
-0.11962 ,0.03315 
-0.10613 ,0.03315 
-0.12555 ,0.03315 
-0.10497 ,0.03315 
0.09169 ,0.03315 
-0.13617 ,0.03315 
-0.14461 ,0.03315 
-0.02683 ,0.03315 
-0.11062 ,0.03315 
-0.00758 ,0.03315 
-0.05600 ,0.03315 
-0.07934 ,0.03315 
-0.15377 ,0.03315 
-0.15795 ,0.03315 
0.01764 ,0.03315 
-0.14379 ,0.03315 
-0.00660 ,0.03315 
-0.13875 ,0.03316 
-0.11039 ,0.03316 
-0.10574 ,0.03316 
0.08398 ,0.03316 
-0.11758 ,0.03316 
-0.05343 ,0.03316 
-0.07272 ,0.03316 
-0.03057 ,0.03316 
-0.07471 ,0.03316 
0.04525 ,0.03316 
-0.02820 ,0.03316 
-0.00064 ,0.03316 
-0.08825 ,0.03316 
-0.12715 ,0.03316 
-0.13677 ,0.03316 
-0.06084 ,0.03317 
0.05038 ,0.03317 
-0.14116 ,0.03317 
-0.11046 ,0.03317 
0.02626 ,0.03317 
-0.14514 ,0.03317 
-0.01730 ,0.03317 
-0.12809 ,0.03317 
-0.12115 ,0.03317 
-0.13948 ,0.03318 
-0.11790 ,0.03318 
-0.14097 ,0.03318 
-0.07117 ,0.03318 
-0.07692 ,0.03318 
-0.11978 ,0.03318 
0.03805 ,0.03318 
-0.12026 ,0.03318 
-0.15073 ,0.03318 
-0.12970 ,0.03318 
0.05382 ,0.03318 
-0.11147 ,0.03319 
-0.15056 ,0.03319 
0.08623 ,0.03319 
-0.04740 ,0.03319 
-0.02657 ,0.03319 
-0.08879 ,0.03319 
-0.07355 ,0.03319 
-0.04468 ,0.03319 
-0.11821 ,0.03319 
-0.09299 ,0.03319 
-0.06352 ,0.03319 
-0.05029 ,0.03320 
-0.10972 ,0.03320 
-0.13205 ,0.03320 
-0.06913 ,0.03320 
0.03288 ,0.03320 
-0.14449 ,0.03320 
-0.04504 ,0.03320 
0.04881 ,0.03320 
-0.12666 ,0.03320 
0.04590 ,0.03320 
-0.15110 ,0.03320 
-0.09834 ,0.03320 
-0.15730 ,0.03320 
-0.09372 ,0.03320 
-0.11598 ,0.03320 
0.01289 ,0.03320 
0.02168 ,0.03320 
-0.06807 ,0.03320 
-0.06408 ,0.03321 
-0.04628 ,0.03321 
-0.02940 ,0.03321 
-0.06421 ,0.03321 
0.05023 ,0.03321 
-0.15257 ,0.03321 
-0.05738 ,0.03321 
-0.03233 ,0.03322 
-0.10555 ,0.03322 
0.03172 ,0.03322 
-0.04286 ,0.03322 
-0.06297 ,0.03322 
-0.05566 ,0.03322 
0.02589 ,0.03322 
-0.14302 ,0.03322 
-0.13937 ,0.03322 
-0.04864 ,0.03322 
-0.04867 ,0.03323 
-0.05827 ,0.03323 
-0.04936 ,0.03323 
-0.03335 ,0.03323 
-0.00390 ,0.03323 
0.02003 ,0.03323 
-0.08169 ,0.03323 
-0.05417 ,0.03323 
-0.05218 ,0.03323 
0.01618 ,0.03323 
-0.11577 ,0.03323 
-0.00702 ,0.03324 
-0.11281 ,0.03324 
-0.01759 ,0.03324 
0.05737 ,0.03324 
-0.06830 ,0.03324 
-0.01669 ,0.03324 
-0.10234 ,0.03324 
-0.02714 ,0.03324 
-0.15680 ,0.03324 
0.03515 ,0.03324 
-0.12694 ,0.03324 
0.04607 ,0.03324 
-0.14224 ,0.03324 
-0.00372 ,0.03325 
-0.00547 ,0.03325 
-0.04299 ,0.03325 
-0.09149 ,0.03325 
-0.05714 ,0.03325 
-0.12062 ,0.03325 
0.07942 ,0.03325 
-0.06441 ,0.03325 
-0.08218 ,0.03325 
-0.11569 ,0.03325 
-0.11905 ,0.03325 
-0.07784 ,0.03325 
-0.13415 ,0.03325 
-0.14965 ,0.03325 
-0.03575 ,0.03326 
-0.02440 ,0.03326 
0.04000 ,0.03326 
-0.04898 ,0.03326 
-0.12566 ,0.03326 
-0.00804 ,0.03326 
-0.12481 ,0.03326 
-0.14647 ,0.03326 
-0.06389 ,0.03326 
-0.10082 ,0.03326 
-0.08460 ,0.03327 
-0.08917 ,0.03327 
-0.05757 ,0.03327 
-0.04871 ,0.03327 
0.07886 ,0.03327 
-0.03282 ,0.03327 
-0.10119 ,0.03327 
-0.01791 ,0.03327 
-0.06623 ,0.03327 
-0.01345 ,0.03327 
-0.13138 ,0.03327 
-0.05611 ,0.03327 
0.06871 ,0.03327 
-0.11544 ,0.03327 
-0.11380 ,0.03328 
-0.08961 ,0.03328 
0.21130 ,0.03328 
-0.07684 ,0.03328 
-0.15608 ,0.03328 
0.04698 ,0.03328 
-0.04846 ,0.03328 
-0.11591 ,0.03328 
0.03806 ,0.03328 
0.05460 ,0.03328 
0.23571 ,0.03328 
-0.13954 ,0.03328 
-0.14586 ,0.03328 
-0.11715 ,0.03328 
-0.08292 ,0.03328 
-0.00238 ,0.03328 
-0.02574 ,0.03328 
-0.03436 ,0.03328 
-0.04719 ,0.03328 
0.00179 ,0.03329 
-0.00320 ,0.03329 
-0.07825 ,0.03329 
-0.09236 ,0.03329 
0.06388 ,0.03329 
0.06544 ,0.03329 
-0.09472 ,0.03329 
0.06813 ,0.03329 
-0.12236 ,0.03329 
-0.14136 ,0.03329 
0.01406 ,0.03329 
0.01197 ,0.03329 
0.05369 ,0.03329 
0.03463 ,0.03329 
-0.04685 ,0.03329 
-0.00813 ,0.03329 
-0.06702 ,0.03329 
-0.14854 ,0.03329 
0.05552 ,0.03330 
-0.06478 ,0.03330 
-0.03777 ,0.03330 
0.04391 ,0.03330 
0.03323 ,0.03330 
0.01737 ,0.03330 
-0.06924 ,0.03330 
0.20562 ,0.03330 
-0.15307 ,0.03330 
-0.14524 ,0.03330 
0.01468 ,0.03330 
-0.06883 ,0.03331 
-0.04138 ,0.03331 
0.07391 ,0.03331 
-0.06412 ,0.03331 
-0.06574 ,0.03331 
0.09586 ,0.03331 
0.03279 ,0.03331 
-0.10379 ,0.03331 
-0.05857 ,0.03331 
-0.09951 ,0.03331 
-0.16168 ,0.03331 
-0.15085 ,0.03331 
0.02979 ,0.03331 
-0.00650 ,0.03331 
-0.06710 ,0.03331 
-0.07274 ,0.03332 
0.04731 ,0.03332 
-0.02613 ,0.03332 
-0.07226 ,0.03332 
-0.11522 ,0.03332 
-0.06088 ,0.03332 
-0.02451 ,0.03332 
-0.14848 ,0.03332 
0.04823 ,0.03332 
-0.10546 ,0.03333 
-0.03952 ,0.03333 
-0.14086 ,0.03333 
-0.08544 ,0.03333 
-0.13654 ,0.03333 
-0.11501 ,0.03333 
-0.07024 ,0.03333 
-0.04994 ,0.03333 
-0.16310 ,0.03333 
-0.04201 ,0.03333 
0.07416 ,0.03333 
-0.14013 ,0.03333 
0.04832 ,0.03333 
0.07707 ,0.03334 
-0.09253 ,0.03334 
-0.07001 ,0.03334 
-0.13246 ,0.03334 
-0.10526 ,0.03334 
0.05307 ,0.03334 
-0.08853 ,0.03334 
-0.05412 ,0.03334 
0.03676 ,0.03334 
0.05634 ,0.03334 
0.06840 ,0.03334 
0.05427 ,0.03335 
-0.04777 ,0.03335 
-0.13578 ,0.03335 
-0.07021 ,0.03335 
-0.13360 ,0.03335 
-0.05799 ,0.03335 
-0.11553 ,0.03335 
-0.07926 ,0.03335 
0.02990 ,0.03335 
-0.13273 ,0.03335 
-0.05120 ,0.03335 
-0.14577 ,0.03335 
-0.14098 ,0.03336 
-0.10373 ,0.03336 
0.05778 ,0.03336 
-0.06567 ,0.03336 
-0.06567 ,0.03336 
-0.11754 ,0.03336 
-0.04909 ,0.03336 
-0.01336 ,0.03336 
-0.06686 ,0.03336 
-0.10025 ,0.03336 
0.02488 ,0.03336 
-0.10157 ,0.03336 
-0.11004 ,0.03336 
-0.05773 ,0.03336 
-0.00149 ,0.03336 
-0.07653 ,0.03337 
-0.07158 ,0.03337 
-0.02695 ,0.03337 
-0.14727 ,0.03337 
0.02791 ,0.03337 
-0.06885 ,0.03337 
-0.03519 ,0.03337 
-0.10554 ,0.03337 
-0.14030 ,0.03337 
0.08295 ,0.03337 
-0.04004 ,0.03337 
-0.07162 ,0.03337 
-0.06797 ,0.03337 
-0.09774 ,0.03338 
-0.09883 ,0.03338 
-0.02982 ,0.03338 
-0.14648 ,0.03338 
-0.01895 ,0.03338 
-0.04255 ,0.03338 
-0.05686 ,0.03338 
-0.05068 ,0.03338 
-0.16013 ,0.03338 
-0.14568 ,0.03338 
0.04183 ,0.03338 
-0.03545 ,0.03338 
-0.13415 ,0.03338 
0.06372 ,0.03338 
-0.11241 ,0.03338 
-0.11337 ,0.03338 
-0.13798 ,0.03338 
-0.09365 ,0.03338 
-0.05784 ,0.03339 
-0.14739 ,0.03339 
-0.03958 ,0.03339 
-0.13262 ,0.03339 
-0.02155 ,0.03339 
-0.12029 ,0.03339 
0.16853 ,0.03339 
-0.05714 ,0.03339 
0.04534 ,0.03339 
-0.04743 ,0.03339 
-0.09032 ,0.03339 
-0.06035 ,0.03339 
-0.06764 ,0.03339 
-0.13453 ,0.03339 
-0.08329 ,0.03339 
-0.04741 ,0.03340 
-0.11853 ,0.03340 
-0.10826 ,0.03340 
-0.14148 ,0.03340 
0.05125 ,0.03340 
-0.02380 ,0.03340 
-0.00701 ,0.03340 
-0.10143 ,0.03340 
-0.12748 ,0.03340 
0.06242 ,0.03340 
-0.07889 ,0.03340 
0.00178 ,0.03340 
0.06328 ,0.03340 
-0.09199 ,0.03340 
-0.03563 ,0.03340 
0.09375 ,0.03340 
-0.12379 ,0.03341 
-0.02815 ,0.03341 
-0.04666 ,0.03341 
-0.06947 ,0.03341 
-0.14963 ,0.03341 
-0.14015 ,0.03341 
0.00437 ,0.03341 
-0.12019 ,0.03341 
-0.07227 ,0.03341 
-0.12328 ,0.03341 
-0.10457 ,0.03341 
-0.11462 ,0.03342 
-0.16709 ,0.03342 
-0.03212 ,0.03342 
-0.07326 ,0.03342 
-0.05184 ,0.03342 
0.04931 ,0.03342 
-0.14009 ,0.03342 
-0.06379 ,0.03342 
-0.05707 ,0.03342 
0.05935 ,0.03342 
-0.12099 ,0.03342 
0.07246 ,0.03342 
0.01538 ,0.03342 
-0.06617 ,0.03342 
-0.07225 ,0.03342 
-0.07101 ,0.03342 
-0.01191 ,0.03342 
0.02455 ,0.03343 
-0.03036 ,0.03343 
-0.01817 ,0.03343 
0.08861 ,0.03343 
-0.00740 ,0.03343 
-0.13895 ,0.03343 
-0.07886 ,0.03343 
-0.01609 ,0.03343 
-0.00881 ,0.03343 
-0.08358 ,0.03343 
-0.04391 ,0.03343 
-0.08330 ,0.03343 
-0.12373 ,0.03343 
0.06555 ,0.03343 
-0.04444 ,0.03343 
-0.12621 ,0.03343 
-0.05568 ,0.03343 
-0.06066 ,0.03343 
-0.12539 ,0.03344 
-0.11686 ,0.03344 
-0.14428 ,0.03344 
-0.16087 ,0.03344 
-0.06816 ,0.03344 
0.05026 ,0.03344 
-0.11036 ,0.03344 
0.06988 ,0.03344 
-0.07920 ,0.03344 
0.03032 ,0.03344 
0.00563 ,0.03344 
-0.11846 ,0.03345 
0.19312 ,0.03345 
-0.00962 ,0.03345 
-0.05540 ,0.03345 
-0.08480 ,0.03345 
-0.07566 ,0.03345 
-0.05489 ,0.03345 
-0.16161 ,0.03345 
-0.06810 ,0.03345 
-0.13461 ,0.03345 
-0.16879 ,0.03345 
-0.00624 ,0.03345 
-0.03200 ,0.03345 
-0.04408 ,0.03345 
0.09250 ,0.03345 
-0.08978 ,0.03345 
-0.12852 ,0.03345 
-0.01325 ,0.03345 
-0.11327 ,0.03346 
-0.17015 ,0.03346 
-0.05655 ,0.03346 
0.12559 ,0.03346 
-0.10033 ,0.03346 
-0.09578 ,0.03346 
-0.07194 ,0.03346 
-0.06948 ,0.03346 
-0.05532 ,0.03346 
-0.04285 ,0.03346 
0.04206 ,0.03346 
-0.11092 ,0.03346 
-0.07577 ,0.03346 
0.09574 ,0.03347 
-0.03234 ,0.03347 
0.07239 ,0.03347 
-0.07524 ,0.03347 
-0.07057 ,0.03347 
-0.04338 ,0.03347 
0.04865 ,0.03347 
-0.14023 ,0.03347 
-0.07878 ,0.03347 
-0.17177 ,0.03347 
-0.12132 ,0.03347 
-0.12099 ,0.03347 
-0.02769 ,0.03347 
-0.11851 ,0.03348 
-0.15269 ,0.03348 
-0.14394 ,0.03348 
-0.01025 ,0.03348 
-0.04594 ,0.03348 
-0.04669 ,0.03348 
-0.02749 ,0.03348 
-0.01074 ,0.03348 
0.18917 ,0.03348 
0.01171 ,0.03348 
-0.12299 ,0.03349 
-0.14239 ,0.03349 
-0.12241 ,0.03349 
-0.07693 ,0.03349 
-0.15217 ,0.03349 
-0.06133 ,0.03349 
-0.05625 ,0.03349 
-0.12353 ,0.03349 
-0.07828 ,0.03349 
0.02450 ,0.03349 
0.11515 ,0.03349 
-0.12234 ,0.03349 
0.01635 ,0.03349 
-0.03104 ,0.03349 
-0.10239 ,0.03349 
-0.11065 ,0.03350 
0.10103 ,0.03350 
