"S(0,0)","S_NAG(0,0)"
-0.16389 ,0.00531 
-0.19084 ,0.00593 
-0.14377 ,0.00726 
-0.18033 ,0.00732 
-0.16009 ,0.00743 
-0.01497 ,0.00749 
-0.18627 ,0.00755 
-0.01275 ,0.00774 
-0.18566 ,0.00792 
-0.16192 ,0.00832 
-0.18721 ,0.00846 
-0.16341 ,0.00850 
-0.15073 ,0.00877 
-0.15439 ,0.00893 
-0.16065 ,0.00902 
-0.13472 ,0.00908 
-0.17195 ,0.00920 
-0.19230 ,0.00924 
-0.01835 ,0.00925 
0.00426 ,0.00926 
-0.17804 ,0.00936 
-0.14720 ,0.00938 
-0.19028 ,0.00959 
-0.14893 ,0.00962 
-0.16792 ,0.00975 
-0.14247 ,0.00976 
-0.15195 ,0.00988 
-0.16382 ,0.00993 
-0.15961 ,0.00996 
-0.15554 ,0.01000 
-0.16537 ,0.01001 
-0.15557 ,0.01004 
-0.16480 ,0.01010 
-0.16947 ,0.01020 
-0.18543 ,0.01029 
-0.14168 ,0.01032 
-0.18794 ,0.01039 
-0.15685 ,0.01041 
-0.15819 ,0.01047 
-0.18081 ,0.01052 
-0.17584 ,0.01054 
-0.13926 ,0.01054 
-0.00134 ,0.01055 
-0.18411 ,0.01062 
-0.17310 ,0.01067 
-0.15300 ,0.01067 
-0.15211 ,0.01067 
-0.15946 ,0.01076 
0.00204 ,0.01080 
-0.17455 ,0.01086 
-0.16265 ,0.01088 
-0.17815 ,0.01098 
-0.18377 ,0.01107 
-0.18609 ,0.01116 
-0.19748 ,0.01126 
-0.16158 ,0.01128 
-0.14706 ,0.01130 
-0.18178 ,0.01134 
-0.17119 ,0.01134 
-0.16100 ,0.01136 
-0.17876 ,0.01138 
-0.19347 ,0.01139 
-0.16542 ,0.01142 
-0.15405 ,0.01154 
-0.00850 ,0.01161 
0.00863 ,0.01164 
-0.16852 ,0.01164 
-0.13419 ,0.01164 
-0.14764 ,0.01170 
-0.15220 ,0.01170 
-0.15353 ,0.01171 
-0.17274 ,0.01173 
-0.17881 ,0.01180 
-0.14003 ,0.01184 
-0.16275 ,0.01185 
-0.13823 ,0.01189 
-0.01327 ,0.01190 
-0.14299 ,0.01191 
-0.17330 ,0.01193 
-0.15579 ,0.01193 
-0.15712 ,0.01193 
-0.15451 ,0.01198 
-0.17509 ,0.01201 
-0.16059 ,0.01201 
-0.16834 ,0.01202 
-0.18305 ,0.01207 
-0.13652 ,0.01207 
-0.17487 ,0.01212 
-0.19132 ,0.01214 
-0.00566 ,0.01220 
-0.14284 ,0.01222 
-0.14693 ,0.01224 
-0.14962 ,0.01225 
-0.17994 ,0.01227 
-0.17783 ,0.01231 
-0.15584 ,0.01234 
-0.17554 ,0.01234 
0.00641 ,0.01235 
-0.14551 ,0.01237 
-0.16521 ,0.01239 
-0.16602 ,0.01245 
-0.15274 ,0.01245 
-0.15668 ,0.01246 
-0.18150 ,0.01246 
-0.17278 ,0.01248 
-0.15622 ,0.01249 
-0.13812 ,0.01252 
-0.18450 ,0.01252 
-0.14735 ,0.01256 
-0.17972 ,0.01258 
-0.01549 ,0.01259 
-0.15664 ,0.01262 
-0.14328 ,0.01269 
0.00302 ,0.01269 
-0.15548 ,0.01270 
-0.19260 ,0.01279 
-0.17737 ,0.01279 
-0.17648 ,0.01279 
-0.13939 ,0.01286 
-0.16474 ,0.01286 
0.00432 ,0.01289 
-0.15577 ,0.01291 
-0.13957 ,0.01291 
-0.17771 ,0.01292 
-0.01888 ,0.01293 
-0.16737 ,0.01303 
0.00685 ,0.01304 
-0.18160 ,0.01304 
-0.14343 ,0.01308 
-0.16276 ,0.01316 
-0.01127 ,0.01321 
-0.15767 ,0.01322 
-0.14980 ,0.01323 
-0.16095 ,0.01323 
-0.16182 ,0.01325 
-0.16855 ,0.01328 
-0.14868 ,0.01329 
-0.18605 ,0.01331 
-0.16743 ,0.01332 
-0.18335 ,0.01333 
-0.18532 ,0.01335 
-0.15831 ,0.01336 
-0.13788 ,0.01340 
-0.17912 ,0.01340 
-0.00789 ,0.01340 
-0.18539 ,0.01342 
-0.14855 ,0.01343 
-0.16327 ,0.01349 
-0.13547 ,0.01356 
-0.15286 ,0.01358 
-0.00258 ,0.01359 
-0.14598 ,0.01360 
-0.13230 ,0.01363 
-0.15645 ,0.01367 
-0.16293 ,0.01370 
-0.15379 ,0.01372 
-0.16048 ,0.01372 
-0.15169 ,0.01372 
-0.16930 ,0.01373 
-0.13881 ,0.01374 
-0.15416 ,0.01375 
-0.16307 ,0.01375 
-0.16037 ,0.01378 
-0.15525 ,0.01381 
-0.16198 ,0.01381 
-0.17544 ,0.01382 
-0.16094 ,0.01387 
-0.15326 ,0.01390 
-0.17812 ,0.01396 
-0.17637 ,0.01396 
-0.18277 ,0.01396 
-0.13521 ,0.01397 
0.00852 ,0.01397 
-0.16080 ,0.01398 
-0.13408 ,0.01400 
-0.14944 ,0.01401 
-0.15070 ,0.01401 
-0.14475 ,0.01402 
-0.15427 ,0.01404 
-0.16430 ,0.01405 
-0.17894 ,0.01411 
-0.17545 ,0.01415 
-0.13924 ,0.01416 
0.01079 ,0.01417 
-0.00481 ,0.01420 
-0.17892 ,0.01423 
-0.16988 ,0.01424 
-0.15803 ,0.01424 
-0.13034 ,0.01425 
-0.14912 ,0.01427 
-0.17488 ,0.01430 
-0.14419 ,0.01430 
-0.18003 ,0.01432 
-0.14608 ,0.01433 
-0.16561 ,0.01436 
-0.17351 ,0.01437 
-0.13357 ,0.01440 
-0.01016 ,0.01442 
-0.17573 ,0.01443 
-0.17667 ,0.01444 
-0.13438 ,0.01445 
-0.13941 ,0.01447 
-0.16830 ,0.01447 
-0.15497 ,0.01450 
-0.00819 ,0.01451 
-0.16595 ,0.01454 
-0.17226 ,0.01457 
-0.15952 ,0.01461 
-0.16962 ,0.01463 
-0.14149 ,0.01465 
-0.16624 ,0.01468 
-0.17661 ,0.01469 
-0.17616 ,0.01472 
-0.17180 ,0.01472 
-0.15117 ,0.01474 
-0.18744 ,0.01475 
-0.18671 ,0.01476 
-0.14978 ,0.01477 
-0.15922 ,0.01479 
-0.13731 ,0.01482 
-0.03899 ,0.01483 
-0.14245 ,0.01483 
-0.01038 ,0.01483 
-0.18753 ,0.01484 
-0.14553 ,0.01484 
-0.14988 ,0.01486 
-0.15805 ,0.01487 
-0.14845 ,0.01489 
-0.15985 ,0.01489 
-0.17778 ,0.01491 
-0.14803 ,0.01491 
-0.14623 ,0.01493 
-0.14756 ,0.01493 
-0.14951 ,0.01494 
0.00084 ,0.01494 
-0.15347 ,0.01495 
-0.16526 ,0.01498 
-0.13729 ,0.01499 
-0.15660 ,0.01504 
-0.18573 ,0.01505 
-0.16446 ,0.01507 
-0.00476 ,0.01510 
-0.13158 ,0.01513 
-0.18176 ,0.01515 
-0.15852 ,0.01516 
-0.15550 ,0.01517 
-0.15683 ,0.01517 
-0.15625 ,0.01517 
-0.14132 ,0.01518 
0.01288 ,0.01520 
-0.01434 ,0.01521 
-0.15615 ,0.01521 
-0.17535 ,0.01524 
-0.16425 ,0.01525 
-0.17944 ,0.01525 
-0.00308 ,0.01527 
-0.15850 ,0.01531 
-0.13946 ,0.01532 
-0.13221 ,0.01532 
-0.13962 ,0.01533 
-0.15535 ,0.01533 
-0.16676 ,0.01534 
-0.15106 ,0.01537 
-0.00902 ,0.01540 
-0.17205 ,0.01541 
-0.15514 ,0.01542 
-0.14759 ,0.01542 
-0.14915 ,0.01543 
-0.17145 ,0.01544 
-0.18021 ,0.01544 
-0.13036 ,0.01547 
-0.18279 ,0.01547 
-0.13299 ,0.01548 
-0.16820 ,0.01553 
-0.16917 ,0.01555 
-0.17458 ,0.01558 
-0.17158 ,0.01559 
-0.18388 ,0.01559 
-0.15823 ,0.01560 
-0.15652 ,0.01560 
-0.15735 ,0.01561 
-0.14015 ,0.01562 
-0.00816 ,0.01563 
-0.15997 ,0.01563 
-0.15358 ,0.01564 
-0.15269 ,0.01564 
0.01013 ,0.01564 
0.01121 ,0.01567 
-0.16177 ,0.01568 
-0.14580 ,0.01569 
-0.13676 ,0.01570 
-0.15976 ,0.01572 
-0.16367 ,0.01572 
-0.16367 ,0.01572 
-0.15898 ,0.01573 
-0.16938 ,0.01573 
0.01562 ,0.01574 
-0.13537 ,0.01578 
-0.14172 ,0.01579 
-0.15589 ,0.01579 
-0.13341 ,0.01580 
-0.14333 ,0.01583 
-0.18087 ,0.01585 
-0.01069 ,0.01586 
-0.15925 ,0.01587 
-0.14080 ,0.01588 
-0.17022 ,0.01592 
-0.19474 ,0.01596 
-0.14589 ,0.01597 
-0.16041 ,0.01598 
-0.16639 ,0.01598 
-0.14616 ,0.01599 
-0.15003 ,0.01600 
-0.15136 ,0.01600 
-0.16561 ,0.01601 
-0.16513 ,0.01604 
-0.15103 ,0.01607 
-0.14942 ,0.01607 
-0.00141 ,0.01607 
-0.14642 ,0.01609 
-0.14206 ,0.01610 
-0.15709 ,0.01610 
-0.17823 ,0.01612 
-0.19294 ,0.01617 
-0.15037 ,0.01618 
-0.14920 ,0.01618 
-0.16402 ,0.01618 
-0.14522 ,0.01619 
-0.12442 ,0.01619 
-0.14116 ,0.01620 
-0.17874 ,0.01622 
-0.15295 ,0.01622 
-0.00561 ,0.01623 
-0.15740 ,0.01623 
-0.18406 ,0.01626 
-0.15995 ,0.01634 
-0.15460 ,0.01636 
-0.13737 ,0.01638 
-0.17318 ,0.01638 
-0.16717 ,0.01639 
-0.13843 ,0.01641 
-0.14564 ,0.01641 
-0.13120 ,0.01641 
-0.01376 ,0.01643 
-0.16634 ,0.01644 
-0.15518 ,0.01646 
-0.14689 ,0.01649 
-0.17270 ,0.01649 
-0.13645 ,0.01650 
-0.14722 ,0.01650 
-0.14312 ,0.01651 
0.00429 ,0.01654 
-0.09772 ,0.01654 
-0.14838 ,0.01656 
-0.13335 ,0.01657 
-0.18131 ,0.01657 
-0.16826 ,0.01658 
-0.13603 ,0.01658 
-0.14694 ,0.01658 
0.03176 ,0.01659 
-0.15576 ,0.01665 
-0.16644 ,0.01666 
-0.15616 ,0.01666 
-0.16005 ,0.01669 
-0.12633 ,0.01669 
0.01660 ,0.01671 
-0.12696 ,0.01674 
0.00167 ,0.01674 
-0.16138 ,0.01675 
-0.13398 ,0.01675 
-0.15888 ,0.01676 
-0.13295 ,0.01676 
-0.13109 ,0.01676 
-0.14855 ,0.01676 
-0.16118 ,0.01677 
-0.17526 ,0.01677 
-0.15512 ,0.01677 
-0.15798 ,0.01678 
-0.14735 ,0.01679 
-0.16335 ,0.01682 
-0.14099 ,0.01682 
-0.14610 ,0.01684 
-0.14828 ,0.01684 
-0.16313 ,0.01684 
-0.14797 ,0.01686 
-0.13831 ,0.01687 
-0.13508 ,0.01687 
-0.17789 ,0.01689 
-0.00139 ,0.01690 
-0.15556 ,0.01692 
-0.13660 ,0.01692 
-0.13268 ,0.01694 
-0.15480 ,0.01696 
-0.17352 ,0.01697 
-0.15535 ,0.01700 
-0.15185 ,0.01700 
-0.17900 ,0.01701 
-0.13813 ,0.01703 
-0.15920 ,0.01703 
-0.15457 ,0.01704 
-0.13912 ,0.01704 
-0.15359 ,0.01704 
-0.01177 ,0.01708 
0.00267 ,0.01708 
-0.14586 ,0.01709 
-0.13831 ,0.01710 
-0.16068 ,0.01711 
-0.17732 ,0.01712 
-0.15897 ,0.01712 
-0.14883 ,0.01712 
-0.14134 ,0.01713 
-0.15382 ,0.01713 
-0.15435 ,0.01713 
-0.16662 ,0.01716 
-0.15178 ,0.01716 
0.00000 ,0.01717 
-0.16729 ,0.01719 
-0.18476 ,0.01720 
-0.16970 ,0.01721 
-0.13943 ,0.01722 
-0.16198 ,0.01724 
0.00086 ,0.01726 
0.00959 ,0.01726 
-0.16529 ,0.01727 
-0.00391 ,0.01728 
-0.14041 ,0.01728 
-0.15138 ,0.01729 
-0.16383 ,0.01730 
-0.01621 ,0.01733 
-0.15544 ,0.01735 
-0.16434 ,0.01736 
-0.11763 ,0.01736 
-0.16909 ,0.01738 
-0.16821 ,0.01739 
-0.16231 ,0.01741 
0.00033 ,0.01742 
-0.17434 ,0.01743 
-0.14633 ,0.01743 
-0.11401 ,0.01744 
-0.12724 ,0.01745 
-0.16228 ,0.01746 
-0.15069 ,0.01746 
-0.14273 ,0.01746 
-0.15173 ,0.01748 
-0.14889 ,0.01749 
-0.16228 ,0.01749 
-0.00108 ,0.01750 
-0.14223 ,0.01750 
-0.14805 ,0.01752 
-0.18045 ,0.01753 
-0.14476 ,0.01753 
-0.17379 ,0.01755 
-0.14391 ,0.01756 
-0.14655 ,0.01756 
-0.16422 ,0.01757 
-0.13083 ,0.01758 
-0.17503 ,0.01759 
-0.16269 ,0.01760 
-0.12414 ,0.01761 
-0.09701 ,0.01761 
0.00570 ,0.01763 
-0.13828 ,0.01763 
-0.15551 ,0.01764 
-0.17045 ,0.01765 
-0.14337 ,0.01767 
-0.18186 ,0.01767 
-0.14470 ,0.01767 
-0.16095 ,0.01768 
-0.12698 ,0.01768 
-0.16728 ,0.01770 
-0.18170 ,0.01771 
-0.17541 ,0.01771 
-0.15318 ,0.01772 
-0.15100 ,0.01774 
-0.08162 ,0.01774 
-0.18360 ,0.01774 
-0.14692 ,0.01774 
-0.15133 ,0.01776 
-0.14322 ,0.01776 
-0.15140 ,0.01777 
-0.14938 ,0.01777 
-0.15898 ,0.01778 
-0.17869 ,0.01778 
-0.15311 ,0.01778 
-0.11783 ,0.01779 
-0.17003 ,0.01779 
-0.17616 ,0.01779 
-0.16246 ,0.01781 
-0.16640 ,0.01781 
-0.16043 ,0.01782 
-0.17278 ,0.01786 
-0.00209 ,0.01786 
-0.15162 ,0.01787 
-0.15571 ,0.01788 
-0.13961 ,0.01788 
-0.00119 ,0.01788 
-0.10480 ,0.01790 
-0.12892 ,0.01790 
-0.00909 ,0.01790 
-0.14427 ,0.01790 
-0.16069 ,0.01791 
-0.16979 ,0.01791 
-0.13051 ,0.01793 
-0.14798 ,0.01793 
-0.16928 ,0.01793 
0.00007 ,0.01794 
-0.16911 ,0.01794 
-0.13340 ,0.01794 
-0.16082 ,0.01794 
-0.18340 ,0.01794 
-0.13064 ,0.01796 
0.00013 ,0.01797 
-0.15562 ,0.01797 
0.01999 ,0.01798 
-0.17345 ,0.01798 
-0.12667 ,0.01798 
-0.14323 ,0.01799 
-0.17087 ,0.01799 
-0.17947 ,0.01801 
-0.01469 ,0.01803 
-0.13591 ,0.01804 
-0.13887 ,0.01805 
-0.16894 ,0.01805 
-0.00530 ,0.01806 
-0.14822 ,0.01807 
-0.16239 ,0.01807 
-0.14956 ,0.01807 
-0.15253 ,0.01808 
0.00704 ,0.01810 
-0.17429 ,0.01811 
-0.00528 ,0.01814 
-0.15172 ,0.01814 
-0.14262 ,0.01814 
-0.00191 ,0.01815 
-0.17951 ,0.01815 
-0.05013 ,0.01819 
-0.15643 ,0.01820 
-0.16129 ,0.01821 
-0.14262 ,0.01821 
-0.14236 ,0.01821 
-0.13894 ,0.01822 
-0.13837 ,0.01822 
-0.14134 ,0.01823 
-0.16024 ,0.01823 
-0.15474 ,0.01823 
-0.17570 ,0.01825 
-0.10471 ,0.01825 
-0.17319 ,0.01825 
-0.01487 ,0.01826 
-0.13703 ,0.01828 
-0.13724 ,0.01828 
-0.16636 ,0.01829 
-0.15871 ,0.01829 
-0.00974 ,0.01830 
-0.16001 ,0.01830 
-0.14577 ,0.01832 
-0.02272 ,0.01832 
-0.13137 ,0.01834 
-0.15736 ,0.01835 
-0.16888 ,0.01836 
-0.14383 ,0.01838 
0.02183 ,0.01839 
-0.14587 ,0.01839 
-0.15634 ,0.01839 
0.00112 ,0.01841 
-0.15065 ,0.01842 
-0.17997 ,0.01842 
-0.13795 ,0.01844 
-0.16260 ,0.01845 
-0.15080 ,0.01845 
-0.16031 ,0.01846 
0.00539 ,0.01846 
-0.14557 ,0.01846 
-0.15942 ,0.01847 
-0.18897 ,0.01847 
-0.14771 ,0.01847 
-0.15777 ,0.01848 
-0.16100 ,0.01848 
-0.10604 ,0.01848 
-0.16796 ,0.01851 
-0.16194 ,0.01852 
-0.14666 ,0.01852 
0.00666 ,0.01852 
-0.15625 ,0.01855 
-0.18224 ,0.01855 
-0.15221 ,0.01857 
-0.00680 ,0.01859 
-0.16248 ,0.01859 
-0.17137 ,0.01861 
-0.15866 ,0.01862 
0.01480 ,0.01863 
-0.16585 ,0.01864 
-0.00493 ,0.01864 
-0.11700 ,0.01864 
-0.14723 ,0.01864 
0.00105 ,0.01865 
-0.15899 ,0.01865 
0.00291 ,0.01866 
-0.15251 ,0.01867 
-0.00509 ,0.01867 
-0.00547 ,0.01867 
-0.13810 ,0.01869 
-0.12615 ,0.01869 
-0.03194 ,0.01870 
-0.14160 ,0.01870 
0.02073 ,0.01871 
-0.17641 ,0.01872 
-0.00342 ,0.01873 
0.00623 ,0.01873 
0.01702 ,0.01874 
0.00733 ,0.01874 
-0.10712 ,0.01875 
-0.14019 ,0.01875 
-0.15067 ,0.01875 
-0.17379 ,0.01877 
-0.13076 ,0.01877 
-0.13099 ,0.01879 
-0.16703 ,0.01881 
-0.16306 ,0.01881 
-0.00726 ,0.01884 
-0.17050 ,0.01884 
-0.17700 ,0.01886 
-0.13095 ,0.01886 
-0.00190 ,0.01886 
-0.13499 ,0.01888 
-0.12990 ,0.01889 
-0.14072 ,0.01889 
-0.15123 ,0.01889 
-0.13357 ,0.01890 
-0.09216 ,0.01890 
-0.14671 ,0.01891 
-0.13689 ,0.01893 
-0.16589 ,0.01894 
-0.12722 ,0.01894 
-0.17828 ,0.01895 
-0.10557 ,0.01896 
-0.14402 ,0.01896 
-0.14728 ,0.01896 
-0.14620 ,0.01897 
0.01475 ,0.01897 
-0.12233 ,0.01901 
-0.14687 ,0.01902 
-0.15442 ,0.01902 
-0.16445 ,0.01903 
-0.14733 ,0.01906 
-0.16003 ,0.01907 
-0.11807 ,0.01909 
-0.14121 ,0.01910 
-0.08590 ,0.01911 
-0.14416 ,0.01911 
-0.13871 ,0.01911 
-0.15256 ,0.01911 
-0.01369 ,0.01912 
-0.18104 ,0.01912 
-0.16800 ,0.01913 
-0.16281 ,0.01914 
-0.15596 ,0.01915 
-0.14036 ,0.01916 
-0.18877 ,0.01916 
-0.12296 ,0.01916 
-0.14691 ,0.01917 
-0.17002 ,0.01918 
-0.16386 ,0.01918 
-0.06652 ,0.01919 
-0.15049 ,0.01919 
-0.03387 ,0.01919 
-0.13742 ,0.01919 
-0.00646 ,0.01920 
-0.16659 ,0.01920 
-0.14973 ,0.01920 
-0.00114 ,0.01922 
0.03613 ,0.01922 
-0.18205 ,0.01923 
-0.13910 ,0.01923 
-0.18520 ,0.01925 
-0.12569 ,0.01926 
-0.14888 ,0.01927 
-0.01002 ,0.01927 
-0.09468 ,0.01927 
-0.12933 ,0.01929 
-0.14208 ,0.01929 
-0.08947 ,0.01929 
0.00878 ,0.01930 
-0.13269 ,0.01932 
-0.12595 ,0.01932 
-0.13898 ,0.01932 
-0.17101 ,0.01933 
-0.17122 ,0.01933 
-0.14027 ,0.01933 
0.02706 ,0.01934 
-0.15583 ,0.01934 
0.01192 ,0.01935 
-0.16701 ,0.01935 
-0.17541 ,0.01937 
0.01422 ,0.01938 
-0.16357 ,0.01938 
-0.13241 ,0.01939 
-0.14359 ,0.01939 
-0.12972 ,0.01941 
0.01142 ,0.01941 
-0.00418 ,0.01941 
-0.18231 ,0.01941 
-0.17297 ,0.01943 
-0.13797 ,0.01943 
-0.16997 ,0.01945 
-0.14250 ,0.01947 
-0.01608 ,0.01949 
-0.14276 ,0.01950 
-0.15193 ,0.01950 
-0.14590 ,0.01950 
-0.14519 ,0.01951 
-0.15092 ,0.01951 
-0.07476 ,0.01951 
-0.14341 ,0.01951 
-0.17063 ,0.01951 
-0.16913 ,0.01951 
-0.14352 ,0.01952 
-0.13006 ,0.01952 
-0.12802 ,0.01952 
-0.14718 ,0.01953 
-0.11473 ,0.01954 
-0.14479 ,0.01956 
0.00495 ,0.01957 
-0.14650 ,0.01957 
-0.00381 ,0.01959 
-0.16140 ,0.01959 
-0.15171 ,0.01960 
-0.17706 ,0.01960 
-0.16465 ,0.01960 
-0.06973 ,0.01964 
-0.15715 ,0.01964 
-0.15063 ,0.01965 
-0.17433 ,0.01965 
-0.17484 ,0.01965 
-0.13902 ,0.01966 
-0.16773 ,0.01966 
-0.13600 ,0.01966 
-0.15795 ,0.01967 
-0.00448 ,0.01967 
-0.15702 ,0.01967 
-0.17181 ,0.01967 
-0.15022 ,0.01967 
-0.14251 ,0.01968 
0.00888 ,0.01969 
-0.18260 ,0.01969 
-0.06382 ,0.01972 
-0.15000 ,0.01972 
-0.17427 ,0.01974 
-0.01524 ,0.01975 
-0.06334 ,0.01975 
-0.16105 ,0.01975 
-0.01115 ,0.01976 
-0.11151 ,0.01976 
-0.16926 ,0.01977 
-0.13510 ,0.01978 
-0.13417 ,0.01980 
-0.15271 ,0.01980 
-0.14460 ,0.01980 
-0.15937 ,0.01982 
-0.17103 ,0.01982 
-0.09085 ,0.01982 
-0.14163 ,0.01983 
-0.14048 ,0.01983 
-0.14718 ,0.01983 
-0.13172 ,0.01985 
-0.10346 ,0.01985 
-0.14931 ,0.01986 
-0.08091 ,0.01986 
-0.02085 ,0.01987 
-0.12845 ,0.01987 
-0.00975 ,0.01987 
-0.13840 ,0.01988 
-0.14105 ,0.01990 
-0.15422 ,0.01990 
-0.17808 ,0.01991 
-0.13132 ,0.01992 
-0.11486 ,0.01993 
-0.14243 ,0.01993 
-0.13919 ,0.01994 
-0.14387 ,0.01994 
0.00438 ,0.01994 
-0.02777 ,0.01995 
-0.16361 ,0.01995 
-0.16574 ,0.01995 
-0.13392 ,0.01996 
-0.14404 ,0.01996 
-0.15288 ,0.01996 
-0.06057 ,0.01997 
-0.17188 ,0.01997 
-0.17506 ,0.01998 
-0.14082 ,0.01998 
-0.16131 ,0.01999 
-0.01160 ,0.01999 
-0.15867 ,0.01999 
0.02900 ,0.02000 
-0.14347 ,0.02001 
-0.11929 ,0.02001 
-0.13297 ,0.02002 
-0.14025 ,0.02003 
-0.14922 ,0.02004 
-0.13815 ,0.02004 
-0.17363 ,0.02004 
-0.11573 ,0.02005 
-0.16729 ,0.02006 
-0.17177 ,0.02006 
-0.14248 ,0.02006 
-0.14380 ,0.02006 
-0.18184 ,0.02006 
-0.13703 ,0.02007 
-0.11309 ,0.02007 
-0.12395 ,0.02007 
-0.15587 ,0.02008 
-0.14518 ,0.02009 
0.00533 ,0.02010 
-0.15719 ,0.02010 
0.00139 ,0.02010 
-0.13718 ,0.02011 
-0.13856 ,0.02011 
-0.00456 ,0.02011 
-0.08870 ,0.02012 
-0.10329 ,0.02013 
-0.14797 ,0.02013 
-0.14907 ,0.02014 
-0.16602 ,0.02014 
-0.16794 ,0.02015 
-0.13540 ,0.02016 
-0.16791 ,0.02016 
-0.14190 ,0.02016 
-0.11191 ,0.02016 
-0.14273 ,0.02017 
-0.17450 ,0.02018 
-0.14591 ,0.02019 
-0.12958 ,0.02019 
-0.14929 ,0.02020 
-0.14069 ,0.02021 
-0.14563 ,0.02022 
-0.16586 ,0.02022 
-0.01016 ,0.02023 
-0.13907 ,0.02024 
-0.16556 ,0.02025 
-0.16098 ,0.02025 
-0.13305 ,0.02027 
-0.15744 ,0.02027 
-0.14093 ,0.02027 
-0.14173 ,0.02028 
-0.17124 ,0.02028 
-0.15458 ,0.02028 
-0.13449 ,0.02028 
-0.18951 ,0.02029 
0.00541 ,0.02030 
-0.15548 ,0.02030 
-0.13160 ,0.02030 
-0.12831 ,0.02031 
-0.15142 ,0.02032 
-0.14481 ,0.02032 
-0.16768 ,0.02032 
-0.14275 ,0.02033 
-0.09526 ,0.02033 
-0.02671 ,0.02033 
-0.15039 ,0.02034 
-0.17075 ,0.02035 
0.05334 ,0.02036 
-0.11973 ,0.02036 
-0.11875 ,0.02037 
-0.18107 ,0.02037 
-0.13175 ,0.02039 
-0.14717 ,0.02039 
-0.17281 ,0.02040 
-0.13936 ,0.02040 
-0.13267 ,0.02040 
-0.15979 ,0.02043 
-0.14266 ,0.02043 
-0.00106 ,0.02043 
-0.14531 ,0.02044 
-0.14521 ,0.02044 
-0.13611 ,0.02044 
-0.13564 ,0.02045 
-0.16943 ,0.02045 
-0.13235 ,0.02045 
0.02491 ,0.02046 
-0.13446 ,0.02046 
-0.00986 ,0.02047 
-0.14385 ,0.02047 
0.02130 ,0.02047 
-0.16086 ,0.02047 
-0.14021 ,0.02047 
-0.09582 ,0.02047 
-0.13779 ,0.02048 
-0.01562 ,0.02048 
-0.17099 ,0.02048 
-0.12909 ,0.02049 
-0.10641 ,0.02050 
-0.10477 ,0.02050 
-0.12602 ,0.02050 
0.02567 ,0.02051 
-0.16067 ,0.02051 
-0.14794 ,0.02052 
-0.14701 ,0.02054 
-0.14191 ,0.02055 
-0.13901 ,0.02055 
-0.16368 ,0.02055 
-0.15087 ,0.02056 
-0.16428 ,0.02056 
-0.14295 ,0.02056 
-0.12464 ,0.02056 
0.00884 ,0.02058 
-0.15587 ,0.02059 
-0.13963 ,0.02059 
0.01628 ,0.02059 
-0.08832 ,0.02060 
0.02782 ,0.02060 
-0.14952 ,0.02061 
-0.17306 ,0.02061 
-0.14847 ,0.02062 
-0.12696 ,0.02062 
-0.13060 ,0.02062 
-0.14679 ,0.02063 
0.02127 ,0.02064 
-0.14738 ,0.02064 
-0.12758 ,0.02064 
0.01169 ,0.02064 
-0.00461 ,0.02065 
-0.14728 ,0.02066 
0.00377 ,0.02066 
-0.15561 ,0.02066 
-0.13863 ,0.02066 
-0.15511 ,0.02067 
-0.12380 ,0.02067 
-0.11222 ,0.02067 
-0.07973 ,0.02067 
-0.14944 ,0.02068 
-0.13250 ,0.02069 
-0.17260 ,0.02070 
-0.15937 ,0.02071 
-0.13480 ,0.02072 
-0.13846 ,0.02072 
0.00306 ,0.02072 
-0.00558 ,0.02072 
0.03288 ,0.02073 
-0.12085 ,0.02073 
-0.00562 ,0.02074 
-0.13114 ,0.02074 
-0.11915 ,0.02074 
-0.13395 ,0.02075 
-0.12671 ,0.02075 
-0.14986 ,0.02075 
-0.13107 ,0.02076 
-0.01022 ,0.02076 
-0.18025 ,0.02077 
-0.04598 ,0.02077 
-0.16680 ,0.02079 
-0.01500 ,0.02080 
-0.12915 ,0.02080 
-0.17886 ,0.02081 
-0.13762 ,0.02081 
-0.13614 ,0.02082 
-0.15739 ,0.02083 
0.00458 ,0.02085 
-0.12522 ,0.02085 
-0.16086 ,0.02085 
-0.13591 ,0.02086 
-0.14134 ,0.02086 
-0.09846 ,0.02087 
-0.15844 ,0.02089 
0.00764 ,0.02089 
-0.14867 ,0.02089 
-0.16900 ,0.02090 
-0.17898 ,0.02090 
0.00199 ,0.02091 
-0.15694 ,0.02092 
-0.10371 ,0.02094 
-0.10504 ,0.02095 
-0.15973 ,0.02095 
-0.14062 ,0.02096 
-0.10769 ,0.02096 
-0.10000 ,0.02097 
-0.06855 ,0.02097 
-0.13871 ,0.02098 
-0.14602 ,0.02098 
-0.15687 ,0.02099 
-0.14530 ,0.02099 
-0.16644 ,0.02099 
-0.17203 ,0.02099 
-0.14361 ,0.02101 
-0.13148 ,0.02101 
-0.15305 ,0.02102 
-0.12482 ,0.02102 
-0.13484 ,0.02102 
-0.08582 ,0.02103 
-0.07762 ,0.02104 
-0.02172 ,0.02105 
-0.16294 ,0.02105 
-0.11423 ,0.02105 
-0.14481 ,0.02106 
-0.02939 ,0.02106 
-0.15377 ,0.02107 
-0.17655 ,0.02108 
-0.11857 ,0.02109 
-0.16277 ,0.02109 
-0.16471 ,0.02109 
-0.12594 ,0.02110 
-0.15211 ,0.02110 
-0.14799 ,0.02111 
-0.11484 ,0.02111 
-0.08616 ,0.02111 
0.00653 ,0.02111 
-0.03786 ,0.02112 
-0.13286 ,0.02113 
-0.10715 ,0.02113 
-0.14241 ,0.02113 
-0.15952 ,0.02114 
0.00514 ,0.02115 
-0.16333 ,0.02115 
0.04057 ,0.02115 
-0.15248 ,0.02117 
-0.16456 ,0.02118 
-0.13210 ,0.02118 
-0.09118 ,0.02119 
-0.11355 ,0.02119 
-0.11246 ,0.02119 
-0.15117 ,0.02119 
-0.16275 ,0.02119 
0.04997 ,0.02119 
-0.12395 ,0.02124 
-0.14423 ,0.02124 
-0.13329 ,0.02125 
-0.01765 ,0.02125 
-0.12741 ,0.02126 
-0.13078 ,0.02127 
0.01735 ,0.02127 
-0.10971 ,0.02127 
-0.08527 ,0.02128 
-0.15532 ,0.02129 
-0.13456 ,0.02129 
-0.16522 ,0.02131 
-0.09561 ,0.02132 
-0.13933 ,0.02132 
-0.15637 ,0.02132 
-0.13302 ,0.02133 
-0.16214 ,0.02133 
-0.08662 ,0.02133 
-0.13285 ,0.02133 
0.01100 ,0.02134 
-0.16126 ,0.02134 
0.03481 ,0.02134 
-0.17029 ,0.02134 
-0.13470 ,0.02135 
-0.12187 ,0.02137 
-0.02100 ,0.02138 
-0.15296 ,0.02138 
-0.14358 ,0.02138 
-0.14321 ,0.02140 
0.00588 ,0.02140 
-0.14487 ,0.02140 
-0.12679 ,0.02140 
-0.15371 ,0.02140 
-0.14081 ,0.02141 
-0.16442 ,0.02142 
-0.16753 ,0.02142 
-0.13860 ,0.02142 
-0.15308 ,0.02143 
-0.15289 ,0.02143 
-0.18027 ,0.02144 
-0.15485 ,0.02144 
-0.14090 ,0.02144 
-0.15154 ,0.02144 
-0.10454 ,0.02144 
-0.14461 ,0.02145 
-0.12108 ,0.02145 
-0.04309 ,0.02146 
-0.12086 ,0.02146 
-0.14991 ,0.02147 
-0.08761 ,0.02147 
-0.11356 ,0.02147 
-0.13552 ,0.02147 
-0.15164 ,0.02147 
-0.16095 ,0.02147 
-0.15886 ,0.02148 
0.01076 ,0.02148 
-0.16529 ,0.02148 
-0.09170 ,0.02148 
-0.15244 ,0.02149 
-0.11613 ,0.02149 
-0.13991 ,0.02149 
-0.13676 ,0.02149 
-0.16412 ,0.02149 
-0.13762 ,0.02150 
0.00203 ,0.02150 
-0.12813 ,0.02150 
-0.14116 ,0.02151 
-0.12493 ,0.02151 
-0.15037 ,0.02151 
-0.09094 ,0.02152 
-0.15465 ,0.02153 
-0.12362 ,0.02153 
-0.12210 ,0.02153 
-0.11738 ,0.02153 
-0.16251 ,0.02153 
-0.14798 ,0.02154 
-0.16180 ,0.02154 
-0.15401 ,0.02155 
-0.10492 ,0.02155 
-0.13761 ,0.02156 
0.01081 ,0.02156 
-0.07751 ,0.02157 
-0.15018 ,0.02158 
-0.12794 ,0.02158 
-0.12874 ,0.02158 
-0.16469 ,0.02158 
-0.08211 ,0.02158 
-0.12965 ,0.02160 
0.01202 ,0.02161 
-0.09939 ,0.02161 
-0.13278 ,0.02163 
-0.14738 ,0.02163 
0.00160 ,0.02164 
-0.15150 ,0.02164 
-0.10405 ,0.02164 
-0.14287 ,0.02165 
-0.08785 ,0.02165 
-0.17410 ,0.02165 
-0.14077 ,0.02165 
-0.16833 ,0.02166 
-0.14689 ,0.02166 
-0.12765 ,0.02166 
0.00208 ,0.02166 
0.01008 ,0.02168 
-0.15307 ,0.02168 
0.01446 ,0.02168 
-0.14380 ,0.02168 
-0.15626 ,0.02168 
-0.05736 ,0.02168 
-0.10315 ,0.02168 
-0.13554 ,0.02169 
-0.12011 ,0.02169 
-0.01968 ,0.02169 
-0.16214 ,0.02170 
-0.09539 ,0.02170 
0.00272 ,0.02170 
-0.14274 ,0.02170 
0.01713 ,0.02171 
-0.15875 ,0.02171 
-0.06408 ,0.02171 
-0.05688 ,0.02171 
-0.16521 ,0.02171 
-0.16745 ,0.02171 
-0.15253 ,0.02171 
0.00847 ,0.02172 
-0.17033 ,0.02172 
-0.13830 ,0.02172 
-0.14755 ,0.02173 
-0.10034 ,0.02173 
-0.13367 ,0.02173 
-0.07886 ,0.02174 
-0.01754 ,0.02174 
-0.15566 ,0.02175 
-0.14823 ,0.02175 
-0.15429 ,0.02175 
-0.13153 ,0.02175 
0.00507 ,0.02176 
-0.18189 ,0.02176 
-0.15425 ,0.02176 
-0.09630 ,0.02176 
-0.14724 ,0.02176 
-0.03952 ,0.02177 
-0.15172 ,0.02177 
-0.10771 ,0.02177 
-0.01967 ,0.02177 
-0.13188 ,0.02178 
-0.15354 ,0.02179 
-0.14723 ,0.02179 
-0.10664 ,0.02179 
-0.02529 ,0.02180 
-0.14158 ,0.02180 
-0.16860 ,0.02180 
-0.13747 ,0.02181 
-0.14809 ,0.02181 
-0.14116 ,0.02182 
-0.09475 ,0.02182 
-0.11958 ,0.02182 
-0.13846 ,0.02182 
-0.07524 ,0.02183 
-0.08236 ,0.02183 
-0.02483 ,0.02183 
-0.14419 ,0.02183 
-0.13675 ,0.02183 
-0.14496 ,0.02183 
0.01097 ,0.02183 
-0.16362 ,0.02183 
-0.14789 ,0.02184 
0.04341 ,0.02185 
-0.18233 ,0.02186 
-0.16297 ,0.02186 
-0.07860 ,0.02186 
-0.12735 ,0.02186 
0.00485 ,0.02186 
-0.16789 ,0.02187 
-0.10271 ,0.02188 
0.00359 ,0.02188 
-0.14560 ,0.02188 
-0.11546 ,0.02188 
-0.16684 ,0.02190 
-0.14571 ,0.02190 
-0.14494 ,0.02191 
-0.00498 ,0.02191 
-0.16669 ,0.02191 
-0.05411 ,0.02191 
-0.16270 ,0.02192 
-0.16310 ,0.02192 
-0.08683 ,0.02192 
-0.11617 ,0.02193 
0.00539 ,0.02193 
-0.10437 ,0.02193 
-0.16661 ,0.02193 
-0.11419 ,0.02194 
-0.07021 ,0.02194 
-0.14819 ,0.02194 
-0.12383 ,0.02195 
-0.08043 ,0.02195 
0.01138 ,0.02195 
-0.12545 ,0.02195 
-0.13126 ,0.02195 
0.01017 ,0.02195 
-0.00187 ,0.02197 
-0.14321 ,0.02198 
-0.00201 ,0.02199 
-0.17516 ,0.02199 
-0.09481 ,0.02199 
-0.14763 ,0.02199 
-0.13610 ,0.02200 
-0.07199 ,0.02201 
-0.09608 ,0.02202 
-0.13066 ,0.02202 
-0.12374 ,0.02202 
0.00620 ,0.02202 
-0.12091 ,0.02202 
-0.15062 ,0.02202 
-0.13458 ,0.02203 
-0.17248 ,0.02203 
-0.17518 ,0.02203 
-0.14707 ,0.02205 
-0.04737 ,0.02205 
-0.15644 ,0.02206 
-0.04855 ,0.02207 
-0.13449 ,0.02207 
-0.13228 ,0.02207 
-0.12514 ,0.02207 
-0.12795 ,0.02208 
-0.15925 ,0.02208 
-0.14561 ,0.02208 
-0.16630 ,0.02208 
-0.14338 ,0.02208 
-0.12824 ,0.02208 
-0.17726 ,0.02208 
-0.12937 ,0.02208 
-0.14552 ,0.02209 
-0.14402 ,0.02210 
-0.10996 ,0.02211 
0.01356 ,0.02211 
-0.15294 ,0.02211 
-0.13611 ,0.02212 
-0.14432 ,0.02212 
-0.06696 ,0.02212 
-0.14882 ,0.02213 
-0.14026 ,0.02213 
-0.12112 ,0.02214 
-0.17956 ,0.02215 
-0.02811 ,0.02215 
-0.15905 ,0.02215 
0.01189 ,0.02215 
-0.14510 ,0.02216 
-0.15597 ,0.02216 
0.02166 ,0.02216 
-0.13812 ,0.02217 
-0.14193 ,0.02217 
-0.12537 ,0.02217 
-0.13087 ,0.02217 
-0.12705 ,0.02218 
-0.14745 ,0.02219 
-0.12550 ,0.02219 
-0.14597 ,0.02219 
-0.13630 ,0.02219 
-0.15044 ,0.02220 
-0.08729 ,0.02220 
-0.14105 ,0.02220 
-0.07819 ,0.02222 
-0.10267 ,0.02222 
-0.09934 ,0.02223 
-0.09815 ,0.02223 
-0.17844 ,0.02223 
-0.00146 ,0.02223 
-0.17572 ,0.02223 
-0.14465 ,0.02223 
-0.11501 ,0.02223 
-0.10687 ,0.02224 
-0.17372 ,0.02224 
-0.14514 ,0.02224 
-0.13869 ,0.02225 
-0.13485 ,0.02225 
-0.15670 ,0.02225 
-0.14142 ,0.02225 
-0.13420 ,0.02225 
-0.18602 ,0.02225 
0.02324 ,0.02227 
-0.13911 ,0.02228 
-0.15178 ,0.02228 
-0.16014 ,0.02228 
-0.13858 ,0.02228 
-0.13821 ,0.02228 
-0.13102 ,0.02229 
-0.15879 ,0.02229 
0.01907 ,0.02229 
-0.02231 ,0.02229 
-0.10798 ,0.02230 
-0.16578 ,0.02230 
-0.09550 ,0.02230 
-0.06986 ,0.02231 
-0.16435 ,0.02231 
0.02760 ,0.02231 
-0.15568 ,0.02231 
-0.13016 ,0.02232 
-0.09099 ,0.02232 
-0.00406 ,0.02232 
-0.12953 ,0.02232 
-0.14410 ,0.02232 
-0.15259 ,0.02233 
-0.09545 ,0.02234 
-0.10440 ,0.02234 
-0.15027 ,0.02234 
0.01961 ,0.02234 
0.01629 ,0.02235 
-0.13087 ,0.02235 
-0.13565 ,0.02236 
-0.16791 ,0.02236 
-0.08144 ,0.02236 
-0.13115 ,0.02236 
-0.12890 ,0.02236 
0.01358 ,0.02237 
-0.14554 ,0.02237 
-0.09463 ,0.02238 
-0.15309 ,0.02238 
-0.15877 ,0.02239 
-0.13937 ,0.02240 
-0.02229 ,0.02240 
-0.11922 ,0.02240 
-0.18422 ,0.02240 
0.01291 ,0.02242 
-0.13165 ,0.02242 
-0.15236 ,0.02242 
-0.12783 ,0.02242 
-0.12485 ,0.02242 
-0.16685 ,0.02243 
-0.14235 ,0.02244 
-0.15460 ,0.02244 
-0.14705 ,0.02244 
-0.18388 ,0.02244 
-0.14405 ,0.02244 
0.00570 ,0.02245 
-0.11046 ,0.02245 
-0.15453 ,0.02246 
-0.13635 ,0.02246 
-0.01602 ,0.02247 
-0.15549 ,0.02247 
-0.12391 ,0.02248 
-0.16427 ,0.02248 
-0.16241 ,0.02248 
-0.15012 ,0.02248 
-0.12019 ,0.02249 
-0.12573 ,0.02249 
-0.14222 ,0.02250 
-0.17722 ,0.02250 
-0.16066 ,0.02251 
-0.03081 ,0.02251 
-0.15756 ,0.02251 
-0.15172 ,0.02251 
-0.10192 ,0.02251 
-0.15307 ,0.02251 
-0.14866 ,0.02251 
-0.12292 ,0.02252 
-0.11599 ,0.02252 
0.00320 ,0.02252 
0.00878 ,0.02253 
-0.14426 ,0.02253 
-0.14084 ,0.02254 
-0.09877 ,0.02254 
-0.01114 ,0.02255 
-0.15963 ,0.02255 
-0.17323 ,0.02256 
-0.14983 ,0.02256 
-0.11449 ,0.02256 
-0.03892 ,0.02257 
-0.12175 ,0.02257 
-0.13861 ,0.02257 
0.02630 ,0.02257 
-0.16540 ,0.02258 
-0.13196 ,0.02258 
-0.09099 ,0.02258 
-0.09616 ,0.02259 
0.03064 ,0.02260 
-0.17132 ,0.02260 
-0.15989 ,0.02260 
-0.02275 ,0.02260 
-0.14323 ,0.02260 
-0.15350 ,0.02261 
-0.16270 ,0.02261 
-0.15402 ,0.02261 
-0.14561 ,0.02261 
-0.11709 ,0.02262 
-0.18164 ,0.02262 
0.01631 ,0.02262 
-0.13493 ,0.02262 
-0.15886 ,0.02262 
-0.13834 ,0.02262 
-0.15728 ,0.02263 
-0.01731 ,0.02263 
0.04004 ,0.02263 
-0.17031 ,0.02263 
-0.12857 ,0.02264 
-0.15897 ,0.02264 
-0.13866 ,0.02264 
-0.13416 ,0.02264 
-0.13101 ,0.02264 
-0.12355 ,0.02265 
-0.13548 ,0.02265 
-0.02100 ,0.02265 
-0.11965 ,0.02266 
-0.11509 ,0.02266 
-0.16212 ,0.02266 
-0.15871 ,0.02266 
0.01055 ,0.02267 
-0.12653 ,0.02267 
-0.15353 ,0.02267 
-0.15389 ,0.02267 
-0.15320 ,0.02267 
-0.02052 ,0.02268 
-0.07789 ,0.02268 
-0.08755 ,0.02268 
-0.09114 ,0.02269 
-0.11890 ,0.02270 
-0.10103 ,0.02271 
0.01492 ,0.02271 
-0.05102 ,0.02271 
-0.13348 ,0.02271 
-0.10783 ,0.02272 
-0.15769 ,0.02272 
-0.14687 ,0.02273 
-0.07945 ,0.02273 
-0.12713 ,0.02273 
-0.11337 ,0.02273 
-0.01558 ,0.02274 
0.02360 ,0.02274 
-0.14293 ,0.02274 
-0.17987 ,0.02274 
-0.00333 ,0.02274 
-0.11116 ,0.02274 
-0.10139 ,0.02275 
-0.15015 ,0.02275 
-0.15767 ,0.02275 
-0.13819 ,0.02275 
-0.15282 ,0.02275 
-0.17191 ,0.02275 
-0.14178 ,0.02275 
-0.12088 ,0.02276 
-0.14972 ,0.02276 
-0.13859 ,0.02276 
-0.17661 ,0.02277 
-0.13626 ,0.02277 
-0.15391 ,0.02278 
0.02316 ,0.02278 
-0.15287 ,0.02278 
-0.00533 ,0.02279 
-0.17025 ,0.02279 
-0.12778 ,0.02279 
-0.12384 ,0.02280 
-0.01846 ,0.02280 
-0.15626 ,0.02280 
-0.14485 ,0.02280 
0.00707 ,0.02281 
-0.10708 ,0.02281 
-0.15367 ,0.02281 
-0.12713 ,0.02281 
-0.00108 ,0.02282 
-0.12553 ,0.02283 
-0.15614 ,0.02283 
-0.17591 ,0.02283 
0.02718 ,0.02284 
-0.09099 ,0.02284 
-0.00698 ,0.02284 
-0.09360 ,0.02284 
-0.11418 ,0.02285 
0.01543 ,0.02285 
-0.13750 ,0.02285 
-0.14249 ,0.02285 
-0.12536 ,0.02286 
-0.10305 ,0.02286 
-0.00045 ,0.02287 
-0.00192 ,0.02287 
-0.01775 ,0.02287 
-0.14811 ,0.02287 
-0.08995 ,0.02287 
0.02003 ,0.02287 
-0.15918 ,0.02288 
-0.11778 ,0.02288 
-0.04834 ,0.02288 
-0.16222 ,0.02288 
-0.14654 ,0.02289 
-0.12901 ,0.02289 
-0.17550 ,0.02289 
-0.13086 ,0.02289 
-0.14216 ,0.02290 
-0.08567 ,0.02290 
-0.13464 ,0.02290 
0.00534 ,0.02290 
-0.18152 ,0.02291 
-0.11400 ,0.02291 
-0.13089 ,0.02291 
-0.04786 ,0.02291 
-0.00539 ,0.02291 
-0.14424 ,0.02291 
-0.18677 ,0.02292 
-0.15105 ,0.02293 
-0.14622 ,0.02293 
-0.13387 ,0.02293 
-0.00279 ,0.02293 
-0.13401 ,0.02293 
-0.13898 ,0.02293 
-0.12968 ,0.02293 
-0.12750 ,0.02294 
-0.08892 ,0.02294 
-0.17480 ,0.02294 
-0.17436 ,0.02294 
-0.11545 ,0.02294 
-0.13816 ,0.02295 
-0.08813 ,0.02295 
-0.13926 ,0.02296 
-0.16664 ,0.02296 
-0.11356 ,0.02297 
-0.14156 ,0.02297 
-0.15653 ,0.02298 
-0.13839 ,0.02298 
-0.15749 ,0.02299 
-0.16881 ,0.02299 
-0.13120 ,0.02299 
-0.07192 ,0.02299 
-0.11330 ,0.02300 
-0.15102 ,0.02300 
-0.10283 ,0.02300 
0.05770 ,0.02300 
-0.11997 ,0.02301 
-0.13882 ,0.02301 
-0.16752 ,0.02301 
-0.14998 ,0.02302 
-0.08670 ,0.02302 
-0.15737 ,0.02302 
-0.10636 ,0.02303 
-0.10338 ,0.02304 
-0.10766 ,0.02304 
-0.04878 ,0.02304 
-0.15387 ,0.02304 
-0.00127 ,0.02304 
-0.18821 ,0.02304 
-0.17163 ,0.02305 
-0.16460 ,0.02306 
0.04940 ,0.02306 
-0.16779 ,0.02307 
-0.14244 ,0.02307 
-0.12082 ,0.02307 
-0.13532 ,0.02307 
-0.00051 ,0.02308 
-0.00222 ,0.02308 
-0.10196 ,0.02309 
-0.14856 ,0.02310 
-0.12641 ,0.02310 
-0.04509 ,0.02310 
-0.14198 ,0.02310 
-0.16111 ,0.02310 
-0.13391 ,0.02311 
-0.16047 ,0.02311 
-0.05358 ,0.02311 
0.03296 ,0.02311 
-0.11445 ,0.02311 
-0.05773 ,0.02311 
-0.13441 ,0.02312 
-0.09880 ,0.02312 
-0.16035 ,0.02312 
-0.14572 ,0.02312 
-0.14535 ,0.02312 
-0.12918 ,0.02312 
0.00177 ,0.02312 
-0.09140 ,0.02313 
-0.12019 ,0.02313 
-0.13312 ,0.02313 
-0.13617 ,0.02313 
0.03580 ,0.02313 
-0.06903 ,0.02314 
-0.13393 ,0.02314 
-0.11940 ,0.02315 
-0.10180 ,0.02315 
-0.12690 ,0.02316 
-0.16215 ,0.02316 
-0.13053 ,0.02316 
0.01717 ,0.02316 
-0.07943 ,0.02316 
-0.15257 ,0.02316 
-0.12646 ,0.02317 
-0.14395 ,0.02317 
-0.15445 ,0.02317 
-0.14622 ,0.02318 
-0.14755 ,0.02318 
-0.15819 ,0.02319 
0.00282 ,0.02319 
-0.13470 ,0.02320 
-0.11665 ,0.02320 
-0.10597 ,0.02320 
0.00399 ,0.02321 
-0.15585 ,0.02321 
-0.17248 ,0.02321 
-0.10137 ,0.02322 
-0.17425 ,0.02322 
-0.16974 ,0.02323 
-0.13948 ,0.02324 
-0.15616 ,0.02325 
-0.08830 ,0.02325 
-0.15838 ,0.02325 
-0.03710 ,0.02325 
-0.13896 ,0.02326 
-0.14015 ,0.02326 
-0.13027 ,0.02326 
-0.11564 ,0.02326 
-0.15381 ,0.02326 
-0.13038 ,0.02327 
-0.16670 ,0.02327 
-0.14832 ,0.02327 
-0.15587 ,0.02327 
-0.13598 ,0.02327 
-0.09275 ,0.02328 
-0.14113 ,0.02328 
-0.11391 ,0.02328 
-0.13507 ,0.02328 
-0.10568 ,0.02329 
-0.14216 ,0.02329 
-0.08483 ,0.02329 
-0.16372 ,0.02330 
-0.12824 ,0.02330 
-0.08464 ,0.02331 
-0.15869 ,0.02331 
0.05433 ,0.02331 
-0.06578 ,0.02331 
-0.14092 ,0.02331 
-0.14792 ,0.02332 
-0.02614 ,0.02332 
-0.13944 ,0.02332 
-0.16278 ,0.02332 
-0.02059 ,0.02333 
-0.14873 ,0.02333 
-0.12232 ,0.02333 
-0.16082 ,0.02334 
-0.15256 ,0.02334 
-0.17435 ,0.02334 
-0.15963 ,0.02335 
-0.12303 ,0.02335 
-0.13981 ,0.02336 
-0.08140 ,0.02336 
-0.14437 ,0.02336 
-0.14904 ,0.02336 
-0.15647 ,0.02337 
-0.16032 ,0.02337 
-0.16020 ,0.02337 
-0.16353 ,0.02337 
-0.15634 ,0.02337 
-0.12618 ,0.02338 
-0.09664 ,0.02338 
-0.14786 ,0.02339 
0.01639 ,0.02339 
-0.14895 ,0.02339 
-0.14226 ,0.02340 
-0.06251 ,0.02340 
-0.13020 ,0.02340 
-0.15752 ,0.02340 
-0.13518 ,0.02340 
-0.09954 ,0.02340 
-0.18101 ,0.02340 
-0.13651 ,0.02340 
-0.15948 ,0.02340 
-0.14344 ,0.02340 
-0.12141 ,0.02340 
-0.11942 ,0.02340 
-0.15059 ,0.02340 
-0.15772 ,0.02341 
-0.17390 ,0.02341 
-0.12967 ,0.02341 
-0.05133 ,0.02341 
-0.13783 ,0.02342 
-0.17316 ,0.02342 
-0.10715 ,0.02342 
0.01149 ,0.02342 
-0.13606 ,0.02343 
-0.14189 ,0.02343 
-0.14479 ,0.02344 
-0.07641 ,0.02344 
-0.09250 ,0.02344 
0.03243 ,0.02344 
-0.14414 ,0.02345 
-0.13657 ,0.02345 
-0.14128 ,0.02346 
-0.13512 ,0.02346 
0.03632 ,0.02346 
-0.02291 ,0.02346 
-0.13597 ,0.02346 
-0.07773 ,0.02347 
-0.06337 ,0.02348 
-0.15408 ,0.02348 
-0.13476 ,0.02348 
-0.02789 ,0.02348 
-0.00839 ,0.02349 
-0.12751 ,0.02349 
0.00315 ,0.02349 
-0.15250 ,0.02349 
-0.13852 ,0.02349 
-0.12485 ,0.02349 
-0.12829 ,0.02349 
-0.12652 ,0.02350 
-0.12189 ,0.02350 
-0.07815 ,0.02350 
-0.16569 ,0.02351 
-0.00537 ,0.02352 
-0.15309 ,0.02352 
-0.13607 ,0.02353 
-0.14904 ,0.02353 
-0.12258 ,0.02353 
-0.15249 ,0.02353 
-0.12942 ,0.02353 
-0.01898 ,0.02353 
-0.11053 ,0.02354 
-0.03286 ,0.02354 
-0.13604 ,0.02354 
-0.07345 ,0.02355 
0.01354 ,0.02355 
-0.13875 ,0.02355 
-0.04054 ,0.02355 
-0.00797 ,0.02355 
-0.00050 ,0.02356 
-0.16024 ,0.02356 
-0.07754 ,0.02357 
-0.12608 ,0.02357 
-0.16098 ,0.02357 
-0.08918 ,0.02357 
-0.11525 ,0.02358 
-0.14070 ,0.02358 
-0.13627 ,0.02359 
-0.16938 ,0.02359 
-0.00002 ,0.02359 
-0.03001 ,0.02359 
-0.12056 ,0.02360 
0.00227 ,0.02360 
-0.13588 ,0.02360 
0.02387 ,0.02360 
-0.12073 ,0.02360 
-0.11466 ,0.02360 
-0.10251 ,0.02360 
-0.15346 ,0.02361 
-0.14426 ,0.02361 
-0.12612 ,0.02361 
-0.12918 ,0.02361 
-0.13595 ,0.02362 
-0.12898 ,0.02362 
-0.12713 ,0.02362 
-0.14524 ,0.02362 
-0.17394 ,0.02362 
-0.15328 ,0.02362 
-0.12509 ,0.02363 
-0.14044 ,0.02363 
-0.02616 ,0.02363 
-0.13547 ,0.02363 
-0.00783 ,0.02363 
-0.16266 ,0.02363 
-0.06778 ,0.02364 
-0.03181 ,0.02364 
-0.13206 ,0.02364 
-0.15681 ,0.02364 
-0.15060 ,0.02364 
0.01331 ,0.02365 
-0.14184 ,0.02365 
-0.13974 ,0.02366 
0.01466 ,0.02366 
-0.09639 ,0.02366 
-0.10875 ,0.02366 
-0.15879 ,0.02366 
-0.15281 ,0.02367 
-0.14129 ,0.02367 
-0.18447 ,0.02367 
-0.16452 ,0.02368 
-0.14781 ,0.02368 
-0.15237 ,0.02368 
-0.07799 ,0.02368 
-0.05647 ,0.02369 
-0.01662 ,0.02369 
-0.13495 ,0.02369 
-0.07115 ,0.02369 
-0.13419 ,0.02370 
-0.12006 ,0.02370 
-0.08424 ,0.02370 
-0.16518 ,0.02370 
-0.11578 ,0.02370 
-0.15160 ,0.02371 
-0.12878 ,0.02371 
-0.08379 ,0.02371 
-0.15322 ,0.02371 
0.04493 ,0.02371 
-0.12947 ,0.02371 
-0.12730 ,0.02372 
-0.08593 ,0.02372 
-0.14262 ,0.02372 
-0.13962 ,0.02372 
-0.16936 ,0.02372 
-0.02879 ,0.02372 
-0.12929 ,0.02373 
-0.15915 ,0.02373 
-0.14671 ,0.02373 
-0.15756 ,0.02374 
-0.14225 ,0.02374 
-0.13729 ,0.02374 
-0.14246 ,0.02374 
-0.00445 ,0.02374 
-0.08644 ,0.02374 
-0.17003 ,0.02375 
-0.15474 ,0.02375 
0.00850 ,0.02375 
-0.12441 ,0.02375 
-0.00162 ,0.02375 
-0.12344 ,0.02376 
-0.13835 ,0.02376 
0.03406 ,0.02376 
-0.13752 ,0.02377 
0.00371 ,0.02377 
0.03663 ,0.02377 
0.00275 ,0.02377 
-0.16134 ,0.02377 
-0.11460 ,0.02378 
-0.12384 ,0.02378 
-0.13962 ,0.02378 
-0.14525 ,0.02378 
-0.15888 ,0.02379 
-0.14309 ,0.02379 
-0.13268 ,0.02379 
-0.05633 ,0.02380 
-0.12865 ,0.02380 
-0.05774 ,0.02380 
-0.00918 ,0.02381 
-0.08550 ,0.02381 
-0.14332 ,0.02382 
-0.12490 ,0.02382 
0.02212 ,0.02382 
-0.12992 ,0.02382 
-0.14009 ,0.02383 
-0.15655 ,0.02383 
-0.00976 ,0.02383 
-0.13689 ,0.02383 
-0.11601 ,0.02384 
-0.13139 ,0.02384 
0.02303 ,0.02384 
-0.15731 ,0.02384 
-0.14324 ,0.02385 
-0.17089 ,0.02385 
0.04704 ,0.02385 
-0.07474 ,0.02385 
-0.13375 ,0.02385 
-0.10004 ,0.02386 
-0.13095 ,0.02386 
-0.16626 ,0.02386 
-0.13276 ,0.02386 
-0.16204 ,0.02386 
-0.14005 ,0.02387 
-0.09610 ,0.02387 
-0.08886 ,0.02387 
-0.17771 ,0.02388 
-0.14553 ,0.02388 
-0.14880 ,0.02388 
-0.14716 ,0.02388 
-0.11346 ,0.02388 
-0.13200 ,0.02388 
-0.09630 ,0.02388 
-0.15308 ,0.02388 
-0.11893 ,0.02388 
-0.13971 ,0.02389 
-0.07399 ,0.02389 
-0.13366 ,0.02389 
-0.08283 ,0.02389 
-0.14065 ,0.02390 
-0.14355 ,0.02390 
-0.11558 ,0.02391 
-0.13062 ,0.02391 
-0.14302 ,0.02392 
-0.13881 ,0.02392 
-0.00731 ,0.02392 
-0.07987 ,0.02392 
-0.12145 ,0.02392 
-0.12514 ,0.02393 
0.01739 ,0.02393 
-0.13108 ,0.02393 
-0.13312 ,0.02394 
-0.13855 ,0.02394 
-0.16566 ,0.02394 
-0.13135 ,0.02394 
-0.14395 ,0.02394 
-0.12735 ,0.02395 
-0.13409 ,0.02395 
-0.14834 ,0.02395 
-0.10338 ,0.02395 
-0.16030 ,0.02395 
0.03832 ,0.02395 
-0.09440 ,0.02396 
-0.13418 ,0.02396 
-0.00867 ,0.02397 
-0.11547 ,0.02397 
-0.16555 ,0.02397 
-0.16861 ,0.02397 
-0.09429 ,0.02398 
-0.10220 ,0.02398 
-0.17073 ,0.02399 
-0.16409 ,0.02399 
-0.12886 ,0.02399 
-0.08270 ,0.02399 
-0.07827 ,0.02400 
-0.16402 ,0.02400 
-0.12812 ,0.02400 
0.03849 ,0.02401 
-0.08461 ,0.02401 
0.00196 ,0.02401 
-0.14270 ,0.02401 
-0.12270 ,0.02401 
-0.13689 ,0.02401 
-0.13085 ,0.02402 
0.02838 ,0.02402 
-0.12995 ,0.02402 
0.00063 ,0.02402 
-0.09305 ,0.02402 
0.02160 ,0.02402 
-0.13594 ,0.02403 
-0.14241 ,0.02403 
-0.00067 ,0.02404 
-0.14786 ,0.02404 
0.02236 ,0.02404 
-0.12145 ,0.02404 
-0.15584 ,0.02405 
-0.13425 ,0.02405 
0.04649 ,0.02405 
-0.11085 ,0.02406 
-0.10023 ,0.02406 
-0.12727 ,0.02406 
-0.02055 ,0.02407 
-0.13068 ,0.02407 
-0.16151 ,0.02407 
-0.14687 ,0.02407 
-0.10271 ,0.02407 
-0.13090 ,0.02407 
-0.14883 ,0.02408 
-0.13965 ,0.02408 
-0.14945 ,0.02408 
0.02468 ,0.02408 
-0.07188 ,0.02409 
-0.16354 ,0.02410 
-0.05448 ,0.02411 
-0.16756 ,0.02411 
-0.13833 ,0.02411 
0.02610 ,0.02411 
-0.14604 ,0.02411 
-0.10054 ,0.02412 
-0.16730 ,0.02412 
-0.12431 ,0.02412 
-0.16481 ,0.02413 
-0.09773 ,0.02413 
-0.12993 ,0.02414 
-0.09315 ,0.02414 
-0.14405 ,0.02415 
-0.10244 ,0.02415 
-0.13376 ,0.02415 
-0.15436 ,0.02415 
-0.00422 ,0.02415 
-0.14610 ,0.02415 
-0.12037 ,0.02416 
0.02356 ,0.02416 
-0.17161 ,0.02416 
-0.11490 ,0.02416 
-0.02868 ,0.02416 
-0.14911 ,0.02417 
-0.14556 ,0.02417 
-0.14046 ,0.02417 
-0.17352 ,0.02418 
-0.12093 ,0.02418 
-0.08879 ,0.02418 
-0.13262 ,0.02419 
0.00980 ,0.02419 
-0.15578 ,0.02419 
-0.11130 ,0.02420 
-0.01652 ,0.02421 
-0.00051 ,0.02421 
-0.15769 ,0.02421 
-0.10906 ,0.02421 
-0.08905 ,0.02421 
-0.12809 ,0.02422 
0.01525 ,0.02422 
-0.12296 ,0.02422 
-0.13859 ,0.02422 
-0.12482 ,0.02422 
-0.10434 ,0.02423 
-0.12221 ,0.02423 
-0.14384 ,0.02423 
-0.17290 ,0.02423 
0.00604 ,0.02423 
-0.16989 ,0.02424 
-0.12855 ,0.02424 
-0.15719 ,0.02424 
-0.14163 ,0.02424 
-0.15564 ,0.02424 
-0.12860 ,0.02424 
-0.12445 ,0.02425 
-0.09734 ,0.02426 
-0.00699 ,0.02426 
-0.11559 ,0.02426 
-0.14357 ,0.02426 
-0.14223 ,0.02427 
-0.14914 ,0.02427 
-0.14419 ,0.02427 
-0.11296 ,0.02427 
-0.09144 ,0.02428 
-0.10308 ,0.02428 
-0.00888 ,0.02428 
-0.13999 ,0.02428 
-0.03214 ,0.02429 
-0.06534 ,0.02429 
-0.11416 ,0.02429 
-0.11638 ,0.02430 
-0.09312 ,0.02430 
-0.04487 ,0.02430 
-0.12012 ,0.02430 
-0.10739 ,0.02431 
-0.12623 ,0.02431 
-0.12357 ,0.02432 
-0.15675 ,0.02432 
-0.10674 ,0.02432 
-0.13610 ,0.02432 
-0.09166 ,0.02432 
-0.07855 ,0.02432 
-0.16283 ,0.02433 
-0.07980 ,0.02433 
-0.11817 ,0.02433 
0.00798 ,0.02433 
-0.12378 ,0.02433 
-0.05397 ,0.02433 
-0.12796 ,0.02434 
-0.04318 ,0.02434 
0.04312 ,0.02434 
-0.15508 ,0.02435 
-0.12402 ,0.02436 
-0.12016 ,0.02436 
-0.17206 ,0.02436 
-0.04628 ,0.02436 
-0.12733 ,0.02437 
-0.11861 ,0.02437 
-0.04827 ,0.02437 
-0.12249 ,0.02438 
-0.09727 ,0.02438 
-0.12457 ,0.02438 
-0.17392 ,0.02438 
-0.10589 ,0.02438 
-0.16101 ,0.02438 
0.02212 ,0.02438 
-0.14914 ,0.02439 
-0.12650 ,0.02439 
-0.16356 ,0.02439 
-0.12738 ,0.02439 
-0.00980 ,0.02440 
-0.04778 ,0.02440 
-0.11980 ,0.02440 
-0.15956 ,0.02440 
-0.11993 ,0.02440 
-0.04109 ,0.02440 
-0.01015 ,0.02441 
-0.17609 ,0.02441 
-0.14857 ,0.02441 
-0.16828 ,0.02441 
-0.13828 ,0.02441 
-0.14290 ,0.02442 
-0.11460 ,0.02442 
-0.12272 ,0.02442 
-0.15876 ,0.02442 
-0.10865 ,0.02443 
-0.14071 ,0.02443 
-0.14336 ,0.02444 
-0.15542 ,0.02444 
-0.15548 ,0.02444 
-0.14578 ,0.02444 
-0.13965 ,0.02444 
-0.11198 ,0.02445 
-0.13598 ,0.02445 
-0.08938 ,0.02445 
-0.14456 ,0.02446 
0.04603 ,0.02446 
-0.15994 ,0.02446 
-0.13935 ,0.02447 
-0.08858 ,0.02447 
-0.13584 ,0.02447 
-0.12123 ,0.02447 
-0.13688 ,0.02447 
-0.11096 ,0.02447 
-0.10246 ,0.02447 
-0.12585 ,0.02447 
-0.14034 ,0.02447 
-0.00670 ,0.02447 
-0.13079 ,0.02448 
-0.17730 ,0.02448 
-0.13981 ,0.02448 
-0.12775 ,0.02448 
0.02121 ,0.02449 
-0.12007 ,0.02449 
-0.14068 ,0.02449 
-0.15521 ,0.02449 
-0.13391 ,0.02449 
-0.09550 ,0.02450 
-0.00622 ,0.02450 
-0.10111 ,0.02450 
-0.09849 ,0.02450 
-0.12442 ,0.02450 
-0.00829 ,0.02451 
-0.10576 ,0.02452 
-0.13994 ,0.02453 
-0.13533 ,0.02453 
-0.16068 ,0.02453 
-0.12921 ,0.02453 
-0.15266 ,0.02453 
-0.12866 ,0.02453 
-0.13464 ,0.02453 
-0.14886 ,0.02454 
-0.11609 ,0.02454 
0.00758 ,0.02454 
-0.12401 ,0.02455 
-0.04839 ,0.02455 
0.02354 ,0.02455 
-0.10922 ,0.02456 
-0.01878 ,0.02456 
-0.13017 ,0.02456 
-0.12654 ,0.02457 
-0.08220 ,0.02457 
-0.13746 ,0.02457 
-0.17419 ,0.02458 
-0.04502 ,0.02458 
-0.14495 ,0.02458 
-0.15708 ,0.02458 
-0.03620 ,0.02458 
-0.14735 ,0.02459 
-0.13929 ,0.02459 
-0.11391 ,0.02459 
-0.15090 ,0.02459 
-0.16146 ,0.02459 
-0.12635 ,0.02459 
-0.13515 ,0.02460 
-0.09572 ,0.02460 
-0.13207 ,0.02460 
-0.03572 ,0.02461 
-0.16046 ,0.02461 
-0.13513 ,0.02461 
-0.05721 ,0.02462 
-0.13623 ,0.02462 
-0.08299 ,0.02462 
-0.06670 ,0.02462 
-0.06948 ,0.02463 
-0.00724 ,0.02463 
0.02049 ,0.02464 
-0.13499 ,0.02464 
-0.15947 ,0.02464 
-0.16081 ,0.02465 
-0.04207 ,0.02465 
-0.15504 ,0.02465 
-0.16964 ,0.02465 
-0.12735 ,0.02465 
-0.06744 ,0.02465 
-0.14270 ,0.02466 
-0.16184 ,0.02466 
0.01829 ,0.02466 
-0.16348 ,0.02466 
0.00646 ,0.02466 
-0.14547 ,0.02467 
-0.08694 ,0.02467 
-0.13667 ,0.02467 
-0.12641 ,0.02467 
-0.14386 ,0.02467 
-0.12542 ,0.02467 
-0.14205 ,0.02467 
0.00638 ,0.02467 
-0.00345 ,0.02467 
-0.16382 ,0.02467 
0.01934 ,0.02468 
-0.13347 ,0.02468 
-0.08716 ,0.02468 
-0.13094 ,0.02468 
0.03071 ,0.02469 
-0.15804 ,0.02469 
-0.16116 ,0.02470 
-0.12133 ,0.02470 
-0.17109 ,0.02470 
-0.14677 ,0.02470 
-0.13482 ,0.02470 
-0.11571 ,0.02470 
-0.14926 ,0.02471 
-0.15148 ,0.02471 
-0.13680 ,0.02471 
-0.09279 ,0.02471 
-0.05218 ,0.02472 
0.00420 ,0.02472 
-0.14041 ,0.02472 
-0.11355 ,0.02472 
-0.15170 ,0.02472 
-0.16540 ,0.02473 
-0.15357 ,0.02473 
0.00779 ,0.02473 
-0.12475 ,0.02473 
0.03372 ,0.02473 
-0.07419 ,0.02473 
-0.11692 ,0.02473 
-0.11741 ,0.02474 
-0.09777 ,0.02474 
-0.14820 ,0.02474 
-0.14016 ,0.02474 
-0.08524 ,0.02475 
-0.13328 ,0.02475 
-0.14207 ,0.02475 
-0.14792 ,0.02475 
-0.12689 ,0.02476 
-0.09227 ,0.02476 
-0.15614 ,0.02476 
-0.13032 ,0.02476 
-0.10839 ,0.02476 
-0.14785 ,0.02476 
-0.08267 ,0.02476 
-0.10533 ,0.02476 
-0.14883 ,0.02476 
-0.05920 ,0.02476 
-0.13364 ,0.02477 
0.00824 ,0.02477 
-0.16577 ,0.02477 
0.01911 ,0.02477 
-0.15977 ,0.02478 
-0.02046 ,0.02478 
-0.14353 ,0.02478 
-0.13242 ,0.02478 
-0.03295 ,0.02478 
0.00022 ,0.02479 
-0.13283 ,0.02479 
-0.08979 ,0.02479 
-0.12618 ,0.02479 
-0.14564 ,0.02479 
-0.13657 ,0.02480 
-0.14651 ,0.02480 
-0.13668 ,0.02480 
-0.13246 ,0.02480 
-0.13011 ,0.02480 
-0.15604 ,0.02480 
-0.13154 ,0.02480 
-0.12233 ,0.02481 
-0.16181 ,0.02481 
-0.12892 ,0.02481 
-0.12265 ,0.02481 
-0.10605 ,0.02481 
-0.12252 ,0.02481 
-0.06514 ,0.02481 
-0.11741 ,0.02482 
-0.11268 ,0.02482 
-0.14390 ,0.02482 
-0.14083 ,0.02482 
-0.13681 ,0.02482 
-0.06466 ,0.02484 
-0.12492 ,0.02484 
-0.11973 ,0.02484 
0.00036 ,0.02484 
-0.13370 ,0.02485 
-0.16195 ,0.02485 
-0.14575 ,0.02485 
-0.12925 ,0.02485 
-0.07812 ,0.02485 
-0.16143 ,0.02485 
-0.10626 ,0.02486 
-0.16537 ,0.02486 
-0.11846 ,0.02486 
-0.14305 ,0.02486 
-0.13973 ,0.02487 
-0.12045 ,0.02487 
-0.16137 ,0.02487 
-0.17476 ,0.02487 
-0.10662 ,0.02488 
-0.07989 ,0.02488 
-0.10794 ,0.02488 
-0.11229 ,0.02488 
-0.15865 ,0.02488 
0.00197 ,0.02488 
-0.15435 ,0.02488 
-0.15713 ,0.02488 
-0.10425 ,0.02488 
-0.09364 ,0.02489 
0.01277 ,0.02489 
-0.16560 ,0.02489 
-0.04731 ,0.02489 
-0.00450 ,0.02490 
-0.14345 ,0.02490 
-0.00329 ,0.02490 
-0.15507 ,0.02490 
-0.13230 ,0.02490 
-0.14007 ,0.02490 
-0.11653 ,0.02491 
-0.01147 ,0.02492 
-0.14799 ,0.02492 
-0.01814 ,0.02492 
-0.13403 ,0.02492 
0.00345 ,0.02492 
-0.14063 ,0.02492 
-0.14169 ,0.02493 
-0.08802 ,0.02493 
-0.13786 ,0.02493 
0.01022 ,0.02493 
-0.15689 ,0.02493 
-0.07362 ,0.02494 
-0.16336 ,0.02495 
-0.16301 ,0.02495 
-0.12182 ,0.02495 
-0.07675 ,0.02495 
-0.11157 ,0.02496 
-0.13628 ,0.02496 
-0.11951 ,0.02496 
0.02763 ,0.02496 
-0.16836 ,0.02496 
-0.14308 ,0.02496 
-0.14498 ,0.02497 
-0.09244 ,0.02497 
-0.12794 ,0.02497 
-0.16952 ,0.02498 
-0.14302 ,0.02498 
-0.12194 ,0.02498 
-0.13680 ,0.02499 
-0.15205 ,0.02500 
-0.14840 ,0.02500 
-0.16146 ,0.02501 
-0.16000 ,0.02501 
-0.16911 ,0.02501 
-0.06189 ,0.02501 
-0.07530 ,0.02501 
-0.14214 ,0.02501 
-0.05746 ,0.02501 
-0.13321 ,0.02502 
-0.13558 ,0.02502 
-0.13912 ,0.02503 
0.00339 ,0.02503 
-0.11980 ,0.02504 
-0.12859 ,0.02504 
-0.15095 ,0.02504 
-0.14564 ,0.02505 
-0.12842 ,0.02505 
-0.13073 ,0.02505 
-0.11096 ,0.02505 
-0.16794 ,0.02505 
-0.08284 ,0.02505 
-0.08035 ,0.02506 
-0.10607 ,0.02507 
-0.12937 ,0.02507 
0.07299 ,0.02508 
-0.15386 ,0.02508 
0.01091 ,0.02508 
-0.14178 ,0.02508 
-0.08420 ,0.02508 
-0.01236 ,0.02508 
-0.10628 ,0.02508 
-0.13186 ,0.02508 
-0.11586 ,0.02510 
-0.16133 ,0.02510 
-0.14086 ,0.02510 
-0.11693 ,0.02510 
-0.11976 ,0.02510 
-0.16067 ,0.02510 
0.01048 ,0.02510 
-0.15453 ,0.02510 
-0.11972 ,0.02511 
-0.04361 ,0.02511 
-0.12892 ,0.02511 
-0.15954 ,0.02511 
-0.13988 ,0.02511 
-0.13064 ,0.02512 
-0.15535 ,0.02512 
-0.14747 ,0.02512 
-0.12854 ,0.02512 
-0.11662 ,0.02512 
-0.10418 ,0.02512 
-0.14117 ,0.02513 
-0.11307 ,0.02513 
-0.08943 ,0.02513 
0.00642 ,0.02513 
-0.10589 ,0.02513 
-0.17045 ,0.02513 
-0.07720 ,0.02513 
-0.13384 ,0.02513 
-0.06928 ,0.02514 
-0.12211 ,0.02514 
-0.16854 ,0.02514 
-0.08096 ,0.02514 
-0.07754 ,0.02514 
-0.12899 ,0.02514 
-0.15841 ,0.02514 
-0.13474 ,0.02514 
-0.14555 ,0.02515 
-0.14513 ,0.02515 
-0.09240 ,0.02515 
-0.16662 ,0.02515 
-0.13279 ,0.02516 
-0.12954 ,0.02516 
-0.06007 ,0.02516 
-0.11076 ,0.02516 
-0.13826 ,0.02516 
-0.12921 ,0.02516 
-0.07980 ,0.02516 
-0.01944 ,0.02516 
-0.06558 ,0.02516 
-0.10933 ,0.02516 
-0.06481 ,0.02516 
-0.09456 ,0.02516 
-0.01541 ,0.02517 
-0.15957 ,0.02517 
0.00011 ,0.02517 
-0.12792 ,0.02517 
-0.13696 ,0.02517 
-0.13466 ,0.02518 
-0.13896 ,0.02518 
0.03630 ,0.02518 
-0.14086 ,0.02519 
-0.07959 ,0.02519 
-0.15207 ,0.02519 
-0.04753 ,0.02519 
-0.12287 ,0.02519 
-0.13286 ,0.02520 
-0.02666 ,0.02520 
-0.07783 ,0.02521 
0.03035 ,0.02521 
-0.13825 ,0.02521 
-0.11995 ,0.02522 
-0.11817 ,0.02522 
-0.03982 ,0.02522 
-0.13484 ,0.02522 
0.00096 ,0.02522 
-0.16296 ,0.02523 
-0.07557 ,0.02523 
-0.15619 ,0.02523 
-0.11748 ,0.02523 
-0.16138 ,0.02523 
-0.03043 ,0.02524 
-0.17750 ,0.02524 
-0.11736 ,0.02524 
-0.14251 ,0.02524 
-0.13556 ,0.02524 
-0.10280 ,0.02524 
-0.14007 ,0.02524 
-0.09294 ,0.02525 
-0.16439 ,0.02525 
-0.09424 ,0.02525 
-0.10647 ,0.02526 
-0.13273 ,0.02526 
-0.15494 ,0.02526 
-0.09793 ,0.02526 
-0.11649 ,0.02526 
-0.16981 ,0.02526 
-0.11545 ,0.02527 
0.02051 ,0.02527 
-0.13435 ,0.02527 
-0.11227 ,0.02527 
-0.15133 ,0.02528 
-0.06963 ,0.02529 
0.02468 ,0.02529 
0.01160 ,0.02529 
-0.07933 ,0.02529 
-0.12475 ,0.02530 
-0.15190 ,0.02530 
-0.15836 ,0.02530 
-0.14449 ,0.02531 
-0.13213 ,0.02531 
-0.13780 ,0.02531 
-0.10871 ,0.02532 
-0.16455 ,0.02532 
-0.06884 ,0.02532 
-0.11263 ,0.02532 
-0.16774 ,0.02533 
-0.15400 ,0.02533 
0.03594 ,0.02533 
-0.00316 ,0.02533 
-0.00737 ,0.02534 
0.03600 ,0.02534 
-0.16165 ,0.02534 
-0.15898 ,0.02534 
-0.14692 ,0.02534 
-0.01787 ,0.02534 
-0.15174 ,0.02534 
0.00203 ,0.02535 
-0.03087 ,0.02535 
-0.11366 ,0.02536 
-0.14064 ,0.02536 
-0.12251 ,0.02536 
-0.17406 ,0.02536 
-0.16717 ,0.02536 
-0.15469 ,0.02536 
-0.14358 ,0.02537 
-0.11717 ,0.02537 
-0.17626 ,0.02537 
-0.09094 ,0.02537 
-0.13561 ,0.02537 
-0.11868 ,0.02538 
-0.12807 ,0.02538 
-0.08033 ,0.02538 
-0.14134 ,0.02538 
-0.12132 ,0.02538 
-0.03157 ,0.02538 
-0.11724 ,0.02539 
-0.12190 ,0.02539 
-0.15801 ,0.02540 
0.00717 ,0.02540 
-0.14902 ,0.02540 
-0.13361 ,0.02540 
-0.05400 ,0.02541 
-0.15226 ,0.02541 
-0.11891 ,0.02542 
-0.14628 ,0.02542 
-0.11573 ,0.02542 
-0.12851 ,0.02542 
-0.14022 ,0.02542 
-0.13103 ,0.02542 
-0.10088 ,0.02543 
-0.11533 ,0.02543 
-0.12678 ,0.02543 
-0.16164 ,0.02543 
-0.14612 ,0.02543 
-0.10302 ,0.02543 
-0.03447 ,0.02544 
-0.13622 ,0.02544 
-0.16350 ,0.02544 
0.01370 ,0.02544 
-0.12236 ,0.02545 
-0.10694 ,0.02545 
-0.13397 ,0.02545 
-0.14764 ,0.02545 
-0.14678 ,0.02546 
-0.11992 ,0.02546 
-0.08507 ,0.02546 
-0.12670 ,0.02546 
-0.01394 ,0.02546 
-0.16134 ,0.02546 
0.01918 ,0.02546 
0.04788 ,0.02546 
-0.00976 ,0.02547 
-0.13445 ,0.02547 
-0.11658 ,0.02548 
-0.15011 ,0.02548 
-0.04126 ,0.02548 
0.01714 ,0.02548 
-0.13377 ,0.02548 
-0.06081 ,0.02549 
-0.05201 ,0.02550 
-0.14989 ,0.02550 
-0.07524 ,0.02550 
-0.13792 ,0.02551 
-0.10918 ,0.02551 
-0.13798 ,0.02551 
-0.12879 ,0.02551 
-0.14837 ,0.02551 
0.04452 ,0.02552 
-0.01119 ,0.02552 
-0.12361 ,0.02552 
0.00195 ,0.02552 
-0.14479 ,0.02552 
-0.14839 ,0.02553 
-0.12792 ,0.02553 
-0.09701 ,0.02553 
0.03236 ,0.02553 
-0.18080 ,0.02553 
-0.18058 ,0.02554 
-0.15927 ,0.02554 
-0.03050 ,0.02554 
-0.14689 ,0.02554 
-0.12290 ,0.02555 
-0.14987 ,0.02555 
-0.11707 ,0.02555 
-0.14335 ,0.02555 
-0.05272 ,0.02555 
0.01585 ,0.02555 
-0.04753 ,0.02555 
-0.12775 ,0.02556 
-0.11524 ,0.02556 
-0.03841 ,0.02556 
-0.12223 ,0.02556 
-0.05390 ,0.02556 
-0.17029 ,0.02556 
-0.14703 ,0.02556 
-0.12364 ,0.02557 
-0.16318 ,0.02557 
-0.10696 ,0.02558 
-0.12824 ,0.02558 
-0.14244 ,0.02559 
-0.14251 ,0.02559 
-0.10442 ,0.02559 
-0.11770 ,0.02559 
-0.16128 ,0.02559 
-0.14217 ,0.02559 
-0.12133 ,0.02559 
-0.13057 ,0.02560 
-0.13190 ,0.02560 
-0.00763 ,0.02560 
-0.13122 ,0.02560 
-0.02769 ,0.02560 
-0.00296 ,0.02560 
-0.15061 ,0.02560 
-0.14292 ,0.02561 
-0.14482 ,0.02561 
-0.12332 ,0.02562 
-0.09451 ,0.02562 
-0.01173 ,0.02562 
-0.10609 ,0.02562 
-0.14590 ,0.02563 
-0.16850 ,0.02563 
-0.12324 ,0.02563 
-0.04888 ,0.02563 
0.02661 ,0.02563 
-0.14348 ,0.02564 
-0.12623 ,0.02564 
-0.13222 ,0.02564 
-0.12812 ,0.02564 
-0.13000 ,0.02564 
-0.13025 ,0.02565 
-0.10211 ,0.02565 
-0.14256 ,0.02565 
-0.06513 ,0.02565 
-0.12718 ,0.02565 
-0.14273 ,0.02565 
-0.14368 ,0.02565 
-0.00021 ,0.02565 
-0.12758 ,0.02567 
0.01008 ,0.02567 
-0.11605 ,0.02568 
-0.13284 ,0.02568 
-0.12601 ,0.02568 
-0.14231 ,0.02568 
0.02331 ,0.02568 
-0.12453 ,0.02569 
-0.12335 ,0.02569 
-0.14898 ,0.02569 
0.03824 ,0.02569 
-0.15018 ,0.02569 
-0.13862 ,0.02569 
-0.17071 ,0.02570 
-0.14230 ,0.02570 
-0.06151 ,0.02570 
-0.14941 ,0.02570 
0.03836 ,0.02571 
-0.11152 ,0.02571 
-0.10183 ,0.02571 
-0.00143 ,0.02571 
-0.14970 ,0.02571 
-0.09589 ,0.02571 
-0.14436 ,0.02571 
-0.14878 ,0.02571 
-0.13093 ,0.02572 
-0.13332 ,0.02572 
-0.14191 ,0.02572 
-0.13888 ,0.02572 
-0.01725 ,0.02572 
-0.13727 ,0.02572 
0.03877 ,0.02572 
-0.08822 ,0.02573 
-0.13622 ,0.02573 
-0.13057 ,0.02574 
0.01942 ,0.02574 
-0.14116 ,0.02574 
-0.17334 ,0.02575 
-0.12902 ,0.02575 
-0.15157 ,0.02575 
-0.12093 ,0.02575 
-0.14387 ,0.02576 
-0.10922 ,0.02576 
-0.13688 ,0.02576 
-0.13193 ,0.02576 
0.00448 ,0.02576 
-0.16790 ,0.02577 
0.01491 ,0.02577 
-0.14696 ,0.02577 
-0.15175 ,0.02577 
0.01536 ,0.02577 
-0.12151 ,0.02578 
-0.11956 ,0.02578 
-0.13482 ,0.02578 
-0.13602 ,0.02578 
-0.15690 ,0.02578 
-0.13890 ,0.02578 
-0.11123 ,0.02579 
-0.05100 ,0.02579 
-0.15329 ,0.02579 
-0.09890 ,0.02579 
-0.08909 ,0.02579 
-0.12663 ,0.02580 
-0.08524 ,0.02580 
0.02934 ,0.02580 
-0.15653 ,0.02580 
-0.14441 ,0.02580 
-0.12213 ,0.02581 
-0.14037 ,0.02581 
-0.12733 ,0.02582 
-0.13257 ,0.02582 
-0.12412 ,0.02582 
-0.17330 ,0.02582 
-0.11348 ,0.02582 
-0.00222 ,0.02582 
-0.15398 ,0.02582 
-0.14454 ,0.02583 
0.00612 ,0.02583 
-0.15549 ,0.02584 
-0.12723 ,0.02584 
-0.15736 ,0.02584 
-0.13408 ,0.02584 
-0.13588 ,0.02584 
-0.08889 ,0.02584 
-0.08507 ,0.02584 
-0.07172 ,0.02585 
-0.09326 ,0.02585 
-0.14385 ,0.02585 
-0.10314 ,0.02585 
-0.13977 ,0.02585 
-0.11392 ,0.02585 
-0.16192 ,0.02586 
-0.17018 ,0.02586 
-0.01019 ,0.02586 
-0.13681 ,0.02586 
-0.07731 ,0.02586 
-0.13955 ,0.02586 
-0.10457 ,0.02586 
-0.03647 ,0.02587 
-0.10364 ,0.02587 
-0.11064 ,0.02587 
-0.14692 ,0.02588 
-0.14503 ,0.02588 
-0.04296 ,0.02588 
-0.10090 ,0.02589 
-0.11465 ,0.02589 
-0.14375 ,0.02589 
-0.11214 ,0.02589 
-0.01385 ,0.02589 
-0.07415 ,0.02590 
-0.14458 ,0.02590 
0.02670 ,0.02590 
-0.15997 ,0.02590 
-0.06788 ,0.02590 
-0.09148 ,0.02590 
-0.02500 ,0.02591 
-0.09869 ,0.02591 
-0.08758 ,0.02591 
-0.15067 ,0.02591 
-0.09684 ,0.02592 
-0.14919 ,0.02592 
-0.12568 ,0.02592 
0.03817 ,0.02592 
0.01055 ,0.02592 
-0.14009 ,0.02592 
-0.14656 ,0.02592 
-0.04460 ,0.02592 
-0.09813 ,0.02593 
-0.07300 ,0.02593 
-0.15483 ,0.02593 
-0.13411 ,0.02593 
-0.06772 ,0.02593 
-0.15112 ,0.02593 
-0.09675 ,0.02593 
0.02078 ,0.02593 
-0.07802 ,0.02594 
-0.14848 ,0.02594 
-0.15020 ,0.02594 
-0.15180 ,0.02594 
-0.13703 ,0.02594 
-0.12494 ,0.02594 
-0.06000 ,0.02594 
-0.16452 ,0.02595 
-0.01251 ,0.02595 
0.01130 ,0.02595 
-0.15517 ,0.02596 
-0.00944 ,0.02596 
-0.14665 ,0.02596 
-0.15638 ,0.02596 
-0.15104 ,0.02596 
-0.06951 ,0.02597 
-0.05535 ,0.02597 
-0.09134 ,0.02597 
-0.12918 ,0.02598 
-0.11941 ,0.02598 
0.01392 ,0.02598 
-0.16068 ,0.02598 
-0.10755 ,0.02598 
-0.12764 ,0.02598 
-0.09307 ,0.02599 
-0.14634 ,0.02599 
-0.04824 ,0.02599 
-0.13132 ,0.02600 
-0.09499 ,0.02600 
-0.11253 ,0.02600 
-0.12816 ,0.02600 
-0.07053 ,0.02600 
-0.11404 ,0.02600 
-0.13832 ,0.02601 
-0.11751 ,0.02601 
-0.06894 ,0.02601 
-0.11718 ,0.02601 
-0.11423 ,0.02602 
-0.00217 ,0.02602 
-0.15426 ,0.02602 
-0.12467 ,0.02602 
-0.00616 ,0.02602 
-0.14514 ,0.02602 
-0.03161 ,0.02602 
-0.04224 ,0.02602 
-0.10355 ,0.02603 
-0.17026 ,0.02603 
-0.10601 ,0.02603 
-0.02911 ,0.02603 
-0.09510 ,0.02604 
-0.15236 ,0.02604 
-0.13470 ,0.02604 
-0.12120 ,0.02604 
-0.10107 ,0.02604 
-0.04811 ,0.02604 
-0.12199 ,0.02604 
-0.09774 ,0.02605 
-0.13132 ,0.02605 
-0.00792 ,0.02605 
-0.15587 ,0.02605 
-0.11783 ,0.02605 
-0.08343 ,0.02606 
0.01944 ,0.02606 
-0.02091 ,0.02606 
-0.14965 ,0.02606 
-0.12649 ,0.02606 
-0.09660 ,0.02606 
-0.16595 ,0.02606 
-0.12752 ,0.02607 
-0.16198 ,0.02607 
-0.13643 ,0.02607 
-0.12137 ,0.02607 
-0.12896 ,0.02607 
-0.10039 ,0.02607 
-0.13325 ,0.02607 
-0.16454 ,0.02607 
-0.09575 ,0.02607 
-0.11807 ,0.02608 
-0.13394 ,0.02608 
-0.08457 ,0.02608 
-0.08107 ,0.02609 
-0.10830 ,0.02609 
-0.15073 ,0.02609 
-0.13395 ,0.02609 
-0.07828 ,0.02609 
-0.12651 ,0.02609 
0.04339 ,0.02610 
0.01405 ,0.02610 
-0.14629 ,0.02610 
-0.16588 ,0.02610 
-0.14192 ,0.02610 
-0.12687 ,0.02610 
-0.12397 ,0.02610 
-0.16992 ,0.02610 
-0.12499 ,0.02610 
-0.12162 ,0.02611 
0.03511 ,0.02611 
-0.13628 ,0.02611 
0.02305 ,0.02611 
-0.17071 ,0.02611 
-0.13522 ,0.02612 
-0.13075 ,0.02612 
-0.12596 ,0.02612 
-0.17157 ,0.02612 
-0.10912 ,0.02612 
-0.14740 ,0.02613 
-0.12887 ,0.02613 
-0.15999 ,0.02613 
0.00940 ,0.02613 
-0.13733 ,0.02613 
-0.16240 ,0.02614 
0.04451 ,0.02614 
-0.15439 ,0.02614 
-0.15420 ,0.02614 
-0.12421 ,0.02615 
0.01431 ,0.02615 
-0.08344 ,0.02615 
0.01734 ,0.02615 
-0.09004 ,0.02615 
0.06007 ,0.02615 
-0.00920 ,0.02615 
-0.12307 ,0.02615 
-0.00116 ,0.02615 
-0.15719 ,0.02615 
-0.16320 ,0.02615 
-0.14008 ,0.02615 
-0.11905 ,0.02615 
-0.08858 ,0.02616 
-0.16549 ,0.02616 
-0.10505 ,0.02616 
-0.13881 ,0.02616 
-0.13719 ,0.02617 
-0.14301 ,0.02617 
-0.06346 ,0.02617 
0.03507 ,0.02617 
-0.01202 ,0.02617 
-0.11848 ,0.02617 
-0.13053 ,0.02617 
-0.07915 ,0.02617 
-0.14092 ,0.02617 
-0.13341 ,0.02617 
-0.15569 ,0.02617 
-0.08940 ,0.02618 
-0.13264 ,0.02618 
-0.14253 ,0.02618 
-0.14374 ,0.02618 
-0.13917 ,0.02618 
-0.12691 ,0.02618 
-0.12114 ,0.02618 
-0.12419 ,0.02618 
-0.09266 ,0.02618 
-0.01627 ,0.02619 
-0.12255 ,0.02619 
-0.13217 ,0.02619 
-0.11155 ,0.02619 
-0.04845 ,0.02619 
-0.13104 ,0.02620 
-0.11386 ,0.02620 
-0.02296 ,0.02620 
-0.10385 ,0.02620 
-0.13925 ,0.02620 
0.00657 ,0.02620 
-0.09474 ,0.02621 
0.02476 ,0.02621 
-0.14848 ,0.02621 
-0.13500 ,0.02621 
-0.14759 ,0.02621 
-0.14391 ,0.02621 
-0.00680 ,0.02622 
-0.14353 ,0.02622 
-0.09577 ,0.02622 
-0.13307 ,0.02622 
-0.11595 ,0.02622 
-0.10087 ,0.02622 
-0.13314 ,0.02622 
-0.13687 ,0.02623 
-0.11330 ,0.02623 
0.02135 ,0.02624 
-0.10885 ,0.02624 
-0.12894 ,0.02624 
-0.14458 ,0.02624 
-0.16075 ,0.02624 
-0.15667 ,0.02624 
-0.14034 ,0.02624 
-0.13203 ,0.02624 
-0.11543 ,0.02624 
-0.13508 ,0.02624 
-0.12830 ,0.02624 
-0.11890 ,0.02624 
0.04433 ,0.02624 
-0.13048 ,0.02625 
-0.15389 ,0.02625 
-0.10797 ,0.02625 
-0.08819 ,0.02625 
-0.13245 ,0.02625 
-0.09676 ,0.02625 
0.01874 ,0.02625 
-0.10022 ,0.02626 
-0.12135 ,0.02626 
-0.12984 ,0.02626 
-0.11738 ,0.02626 
-0.17577 ,0.02626 
-0.10123 ,0.02627 
-0.11575 ,0.02627 
-0.02215 ,0.02627 
-0.13840 ,0.02627 
-0.01835 ,0.02627 
-0.15681 ,0.02628 
-0.13309 ,0.02628 
-0.05996 ,0.02628 
-0.05459 ,0.02628 
-0.15188 ,0.02628 
-0.15470 ,0.02628 
-0.14372 ,0.02628 
-0.09932 ,0.02628 
0.01317 ,0.02629 
-0.14073 ,0.02629 
-0.11782 ,0.02629 
-0.14090 ,0.02629 
-0.14633 ,0.02629 
-0.15179 ,0.02629 
-0.12955 ,0.02629 
-0.13839 ,0.02630 
-0.16264 ,0.02630 
-0.17898 ,0.02630 
-0.13153 ,0.02630 
0.06306 ,0.02630 
-0.11167 ,0.02630 
-0.01241 ,0.02631 
-0.16508 ,0.02631 
-0.12733 ,0.02631 
-0.10412 ,0.02632 
-0.07862 ,0.02632 
-0.11800 ,0.02632 
-0.11551 ,0.02632 
-0.12761 ,0.02632 
0.00805 ,0.02632 
-0.15724 ,0.02633 
-0.13809 ,0.02633 
-0.14917 ,0.02633 
-0.01457 ,0.02634 
-0.12642 ,0.02634 
-0.15959 ,0.02634 
-0.08998 ,0.02634 
-0.09954 ,0.02635 
-0.11240 ,0.02635 
-0.15582 ,0.02635 
-0.12293 ,0.02635 
-0.14759 ,0.02635 
-0.16382 ,0.02636 
-0.12847 ,0.02636 
-0.14960 ,0.02636 
-0.14432 ,0.02636 
0.00914 ,0.02636 
0.01239 ,0.02637 
-0.07857 ,0.02637 
-0.14744 ,0.02637 
-0.14173 ,0.02637 
-0.11269 ,0.02637 
-0.10039 ,0.02637 
-0.10796 ,0.02637 
-0.05207 ,0.02638 
-0.04896 ,0.02638 
-0.14987 ,0.02638 
-0.14618 ,0.02639 
-0.13560 ,0.02639 
-0.12378 ,0.02639 
-0.12995 ,0.02639 
-0.13762 ,0.02639 
0.02967 ,0.02639 
-0.16203 ,0.02640 
-0.07989 ,0.02640 
-0.11918 ,0.02640 
-0.13833 ,0.02640 
-0.11660 ,0.02640 
-0.10772 ,0.02640 
-0.09855 ,0.02641 
-0.15702 ,0.02641 
0.03256 ,0.02641 
0.03427 ,0.02641 
-0.16291 ,0.02641 
-0.07806 ,0.02642 
-0.02601 ,0.02642 
-0.14725 ,0.02643 
-0.11429 ,0.02644 
-0.15822 ,0.02644 
0.01899 ,0.02645 
-0.13469 ,0.02645 
-0.07934 ,0.02645 
-0.17155 ,0.02645 
-0.15774 ,0.02646 
-0.09800 ,0.02646 
-0.13123 ,0.02646 
-0.06941 ,0.02646 
-0.12791 ,0.02646 
-0.17390 ,0.02646 
-0.12309 ,0.02646 
-0.13334 ,0.02646 
-0.15979 ,0.02646 
-0.06916 ,0.02646 
-0.10310 ,0.02646 
-0.16283 ,0.02646 
-0.13512 ,0.02646 
-0.12310 ,0.02647 
-0.05893 ,0.02647 
-0.13401 ,0.02647 
-0.12310 ,0.02647 
-0.15284 ,0.02648 
-0.08009 ,0.02648 
-0.10809 ,0.02648 
-0.10337 ,0.02649 
-0.13310 ,0.02649 
-0.10459 ,0.02649 
-0.10418 ,0.02649 
-0.17624 ,0.02649 
-0.12782 ,0.02650 
-0.00471 ,0.02650 
-0.12414 ,0.02650 
-0.06082 ,0.02650 
-0.03169 ,0.02651 
-0.11162 ,0.02651 
-0.15785 ,0.02651 
-0.14500 ,0.02651 
-0.15034 ,0.02651 
-0.12428 ,0.02651 
-0.16335 ,0.02652 
-0.13418 ,0.02652 
-0.10569 ,0.02652 
-0.10883 ,0.02652 
-0.12956 ,0.02652 
-0.15865 ,0.02652 
-0.08083 ,0.02652 
-0.15382 ,0.02652 
0.00324 ,0.02653 
-0.11855 ,0.02653 
-0.09212 ,0.02653 
-0.14766 ,0.02653 
-0.12129 ,0.02653 
-0.13628 ,0.02653 
-0.15334 ,0.02653 
-0.05332 ,0.02654 
-0.15936 ,0.02654 
-0.00931 ,0.02654 
-0.03214 ,0.02654 
-0.17387 ,0.02654 
-0.15788 ,0.02654 
-0.14635 ,0.02655 
-0.14734 ,0.02655 
-0.04767 ,0.02655 
-0.11839 ,0.02656 
0.01419 ,0.02656 
-0.15309 ,0.02656 
-0.04885 ,0.02656 
-0.10564 ,0.02656 
-0.11459 ,0.02656 
-0.16974 ,0.02657 
-0.09181 ,0.02657 
-0.15537 ,0.02658 
-0.16857 ,0.02658 
-0.13775 ,0.02658 
-0.02059 ,0.02658 
-0.12032 ,0.02658 
-0.16711 ,0.02658 
-0.03410 ,0.02659 
-0.11944 ,0.02659 
-0.08035 ,0.02659 
-0.12543 ,0.02659 
-0.00634 ,0.02660 
-0.15919 ,0.02660 
-0.13783 ,0.02660 
-0.11187 ,0.02660 
-0.13927 ,0.02661 
-0.10597 ,0.02661 
-0.13340 ,0.02661 
-0.15502 ,0.02661 
0.01778 ,0.02661 
-0.14474 ,0.02661 
-0.11866 ,0.02661 
-0.13245 ,0.02661 
-0.00059 ,0.02662 
-0.10986 ,0.02662 
-0.14308 ,0.02662 
-0.01844 ,0.02663 
-0.10281 ,0.02663 
-0.05969 ,0.02663 
-0.06379 ,0.02663 
-0.05998 ,0.02663 
-0.16007 ,0.02663 
-0.16670 ,0.02664 
-0.13443 ,0.02664 
-0.12917 ,0.02664 
-0.13022 ,0.02664 
-0.08910 ,0.02664 
-0.12780 ,0.02664 
-0.12935 ,0.02664 
-0.12153 ,0.02664 
-0.13105 ,0.02664 
0.00240 ,0.02664 
-0.17333 ,0.02664 
-0.12758 ,0.02664 
-0.13740 ,0.02665 
0.01093 ,0.02665 
-0.12402 ,0.02665 
-0.14123 ,0.02665 
-0.13786 ,0.02665 
-0.13639 ,0.02666 
0.02517 ,0.02666 
-0.12418 ,0.02666 
-0.11468 ,0.02666 
-0.09818 ,0.02666 
-0.17115 ,0.02666 
0.01737 ,0.02666 
-0.09846 ,0.02666 
-0.13871 ,0.02666 
-0.01907 ,0.02667 
-0.11721 ,0.02667 
-0.12681 ,0.02667 
0.00430 ,0.02667 
-0.11588 ,0.02667 
-0.14251 ,0.02667 
-0.13106 ,0.02668 
-0.08949 ,0.02668 
-0.15495 ,0.02668 
-0.11757 ,0.02668 
-0.16865 ,0.02669 
-0.16162 ,0.02669 
-0.10378 ,0.02669 
-0.08989 ,0.02669 
-0.01184 ,0.02669 
-0.17282 ,0.02669 
-0.15088 ,0.02669 
-0.08614 ,0.02670 
-0.12166 ,0.02670 
-0.14622 ,0.02670 
-0.14265 ,0.02671 
-0.16272 ,0.02671 
-0.12195 ,0.02671 
-0.13802 ,0.02671 
-0.09971 ,0.02671 
-0.15257 ,0.02671 
-0.02064 ,0.02671 
-0.07850 ,0.02671 
-0.13177 ,0.02672 
-0.12670 ,0.02672 
-0.10716 ,0.02672 
-0.12928 ,0.02672 
-0.12643 ,0.02672 
-0.11300 ,0.02672 
-0.13901 ,0.02673 
-0.08418 ,0.02673 
-0.12723 ,0.02673 
-0.12705 ,0.02673 
-0.15745 ,0.02673 
-0.10637 ,0.02673 
-0.04192 ,0.02673 
-0.15090 ,0.02673 
-0.11549 ,0.02673 
-0.09038 ,0.02673 
-0.13922 ,0.02673 
0.01085 ,0.02673 
-0.17104 ,0.02674 
-0.11552 ,0.02674 
-0.07576 ,0.02674 
0.02490 ,0.02674 
-0.14603 ,0.02674 
-0.15685 ,0.02675 
-0.12215 ,0.02675 
-0.00498 ,0.02675 
-0.15018 ,0.02675 
-0.12332 ,0.02675 
-0.01168 ,0.02675 
-0.15950 ,0.02676 
-0.14432 ,0.02676 
-0.12437 ,0.02676 
-0.13635 ,0.02676 
-0.12414 ,0.02676 
-0.12928 ,0.02676 
-0.08667 ,0.02677 
-0.10279 ,0.02677 
-0.04712 ,0.02677 
-0.12570 ,0.02677 
-0.02540 ,0.02677 
-0.09435 ,0.02677 
0.04730 ,0.02677 
-0.16419 ,0.02678 
-0.05644 ,0.02678 
-0.11759 ,0.02678 
-0.17120 ,0.02678 
-0.06669 ,0.02678 
-0.13917 ,0.02678 
-0.01701 ,0.02679 
-0.09970 ,0.02679 
-0.12076 ,0.02679 
-0.15947 ,0.02679 
-0.13441 ,0.02679 
-0.10205 ,0.02679 
-0.17357 ,0.02680 
-0.10794 ,0.02680 
-0.11886 ,0.02681 
-0.12021 ,0.02681 
-0.01913 ,0.02681 
-0.06652 ,0.02681 
-0.11249 ,0.02682 
-0.14314 ,0.02682 
-0.06869 ,0.02682 
-0.16819 ,0.02682 
-0.07637 ,0.02683 
-0.13424 ,0.02683 
-0.11506 ,0.02683 
-0.13142 ,0.02683 
-0.15360 ,0.02683 
-0.11664 ,0.02683 
-0.14771 ,0.02683 
-0.12084 ,0.02683 
-0.10363 ,0.02683 
0.04242 ,0.02684 
-0.12247 ,0.02684 
-0.12573 ,0.02684 
-0.12433 ,0.02684 
-0.13200 ,0.02685 
-0.12676 ,0.02685 
-0.14681 ,0.02685 
-0.14956 ,0.02685 
-0.16667 ,0.02685 
0.02926 ,0.02685 
-0.13208 ,0.02686 
-0.12070 ,0.02686 
-0.13575 ,0.02686 
-0.13739 ,0.02686 
-0.14580 ,0.02687 
-0.15285 ,0.02687 
-0.11190 ,0.02687 
-0.14174 ,0.02687 
-0.14107 ,0.02687 
-0.12372 ,0.02688 
0.02527 ,0.02688 
-0.09278 ,0.02688 
-0.14230 ,0.02688 
-0.07940 ,0.02688 
-0.04870 ,0.02688 
-0.04770 ,0.02688 
-0.14769 ,0.02689 
-0.12142 ,0.02689 
-0.12256 ,0.02689 
-0.16492 ,0.02689 
-0.10778 ,0.02689 
-0.15854 ,0.02689 
-0.16421 ,0.02689 
-0.12398 ,0.02689 
-0.07727 ,0.02689 
-0.00173 ,0.02690 
-0.09367 ,0.02690 
-0.12447 ,0.02690 
-0.04822 ,0.02690 
-0.01450 ,0.02690 
-0.11096 ,0.02690 
-0.12025 ,0.02691 
-0.04798 ,0.02691 
-0.12517 ,0.02691 
-0.13391 ,0.02691 
-0.12039 ,0.02691 
-0.16809 ,0.02691 
-0.14095 ,0.02691 
-0.13557 ,0.02692 
-0.08570 ,0.02692 
-0.12061 ,0.02692 
-0.14642 ,0.02692 
-0.10721 ,0.02692 
-0.12526 ,0.02692 
-0.14742 ,0.02692 
-0.10769 ,0.02692 
-0.08147 ,0.02692 
0.04314 ,0.02692 
-0.13486 ,0.02692 
-0.01333 ,0.02692 
0.01529 ,0.02693 
-0.12602 ,0.02693 
-0.17619 ,0.02693 
-0.14189 ,0.02693 
-0.16722 ,0.02693 
-0.09978 ,0.02693 
-0.09836 ,0.02693 
0.02173 ,0.02693 
-0.14023 ,0.02694 
-0.14930 ,0.02694 
-0.07175 ,0.02694 
-0.11678 ,0.02694 
-0.12880 ,0.02694 
-0.12700 ,0.02694 
-0.12581 ,0.02694 
-0.13862 ,0.02694 
-0.14099 ,0.02695 
-0.13443 ,0.02695 
-0.05141 ,0.02695 
-0.12059 ,0.02695 
-0.14410 ,0.02695 
-0.04186 ,0.02695 
-0.17575 ,0.02696 
-0.08260 ,0.02696 
-0.07336 ,0.02696 
-0.08318 ,0.02696 
-0.05059 ,0.02696 
-0.14366 ,0.02696 
-0.13774 ,0.02697 
-0.09984 ,0.02697 
-0.00217 ,0.02697 
-0.11408 ,0.02697 
-0.13178 ,0.02697 
-0.13042 ,0.02697 
-0.06977 ,0.02697 
-0.13311 ,0.02697 
-0.13300 ,0.02698 
-0.13540 ,0.02698 
-0.16588 ,0.02698 
-0.12694 ,0.02698 
-0.10840 ,0.02698 
-0.13655 ,0.02698 
-0.14102 ,0.02699 
-0.11892 ,0.02699 
0.01942 ,0.02699 
-0.13275 ,0.02699 
-0.13264 ,0.02699 
-0.12371 ,0.02699 
-0.12359 ,0.02700 
-0.09529 ,0.02700 
-0.09858 ,0.02700 
-0.12319 ,0.02700 
-0.08737 ,0.02700 
-0.13038 ,0.02700 
-0.14190 ,0.02700 
-0.15620 ,0.02700 
-0.14122 ,0.02701 
-0.09084 ,0.02701 
-0.13820 ,0.02701 
-0.14336 ,0.02701 
-0.16561 ,0.02701 
-0.12590 ,0.02701 
-0.14638 ,0.02701 
-0.10112 ,0.02702 
-0.10245 ,0.02702 
-0.15543 ,0.02702 
-0.07373 ,0.02702 
0.01778 ,0.02702 
-0.02841 ,0.02702 
-0.09353 ,0.02703 
-0.12324 ,0.02703 
-0.07907 ,0.02703 
-0.00759 ,0.02703 
0.00202 ,0.02703 
-0.09888 ,0.02703 
-0.11338 ,0.02703 
-0.13474 ,0.02704 
-0.10125 ,0.02704 
-0.06302 ,0.02704 
-0.15170 ,0.02704 
-0.14729 ,0.02705 
-0.12943 ,0.02705 
-0.16248 ,0.02705 
-0.13150 ,0.02705 
-0.11653 ,0.02705 
-0.10372 ,0.02705 
-0.07823 ,0.02705 
-0.12858 ,0.02706 
0.02450 ,0.02706 
-0.11784 ,0.02706 
-0.06516 ,0.02706 
-0.12568 ,0.02706 
-0.13245 ,0.02706 
-0.04545 ,0.02706 
-0.09758 ,0.02707 
-0.06589 ,0.02707 
-0.12879 ,0.02707 
-0.14154 ,0.02707 
-0.01836 ,0.02707 
-0.09066 ,0.02707 
-0.06168 ,0.02707 
-0.12711 ,0.02707 
-0.16629 ,0.02707 
-0.12608 ,0.02708 
0.00256 ,0.02708 
-0.10643 ,0.02708 
-0.07993 ,0.02708 
-0.11873 ,0.02708 
-0.10145 ,0.02708 
-0.12879 ,0.02709 
-0.03057 ,0.02709 
-0.00270 ,0.02709 
-0.03477 ,0.02709 
-0.08192 ,0.02709 
-0.00564 ,0.02709 
0.02386 ,0.02709 
-0.11491 ,0.02710 
-0.10991 ,0.02710 
-0.15069 ,0.02710 
-0.10776 ,0.02710 
-0.05439 ,0.02710 
-0.01879 ,0.02711 
-0.08538 ,0.02711 
-0.07011 ,0.02711 
-0.12999 ,0.02711 
-0.11376 ,0.02712 
-0.12490 ,0.02712 
-0.13746 ,0.02712 
-0.12023 ,0.02712 
-0.14879 ,0.02712 
-0.12677 ,0.02712 
-0.15114 ,0.02712 
-0.06652 ,0.02712 
-0.12793 ,0.02712 
-0.01374 ,0.02712 
-0.10659 ,0.02712 
-0.13259 ,0.02712 
-0.04579 ,0.02712 
-0.16487 ,0.02712 
-0.10767 ,0.02712 
-0.05837 ,0.02712 
-0.12511 ,0.02712 
-0.12440 ,0.02713 
0.03560 ,0.02713 
-0.05504 ,0.02713 
-0.05266 ,0.02713 
-0.12825 ,0.02714 
-0.00262 ,0.02714 
-0.11715 ,0.02714 
-0.14755 ,0.02714 
-0.12990 ,0.02714 
0.00770 ,0.02714 
0.01375 ,0.02715 
-0.16746 ,0.02715 
-0.11906 ,0.02715 
-0.12361 ,0.02715 
-0.05603 ,0.02715 
-0.10454 ,0.02715 
-0.12756 ,0.02715 
-0.10546 ,0.02716 
-0.15000 ,0.02716 
0.04336 ,0.02716 
-0.03926 ,0.02717 
-0.07577 ,0.02717 
-0.11721 ,0.02717 
-0.12210 ,0.02717 
-0.16207 ,0.02717 
-0.16538 ,0.02718 
-0.01125 ,0.02718 
0.01010 ,0.02718 
-0.08062 ,0.02718 
-0.07968 ,0.02718 
-0.14015 ,0.02718 
-0.00382 ,0.02718 
0.02635 ,0.02719 
-0.06011 ,0.02719 
-0.13754 ,0.02719 
-0.13267 ,0.02719 
-0.09974 ,0.02720 
-0.10909 ,0.02720 
-0.15512 ,0.02720 
-0.15158 ,0.02720 
-0.12008 ,0.02720 
0.04027 ,0.02721 
-0.00500 ,0.02721 
-0.11599 ,0.02721 
-0.12592 ,0.02722 
-0.12798 ,0.02722 
-0.11567 ,0.02722 
-0.14052 ,0.02722 
-0.01832 ,0.02722 
-0.15246 ,0.02722 
-0.09194 ,0.02722 
-0.12785 ,0.02722 
-0.13040 ,0.02722 
-0.03727 ,0.02722 
-0.02949 ,0.02723 
-0.04264 ,0.02723 
-0.07147 ,0.02723 
-0.12040 ,0.02723 
-0.16576 ,0.02723 
-0.09839 ,0.02723 
-0.08545 ,0.02723 
-0.08341 ,0.02723 
-0.09011 ,0.02724 
-0.11294 ,0.02724 
-0.12250 ,0.02724 
-0.07855 ,0.02724 
0.02413 ,0.02724 
-0.15363 ,0.02724 
-0.15274 ,0.02724 
-0.10859 ,0.02725 
-0.13913 ,0.02725 
-0.06221 ,0.02725 
-0.16083 ,0.02725 
-0.08572 ,0.02725 
-0.13553 ,0.02725 
0.00761 ,0.02725 
-0.09531 ,0.02726 
-0.06686 ,0.02726 
-0.06106 ,0.02726 
-0.15318 ,0.02726 
-0.10259 ,0.02726 
-0.13913 ,0.02726 
-0.11647 ,0.02726 
-0.11732 ,0.02726 
-0.11408 ,0.02726 
-0.10747 ,0.02727 
-0.10791 ,0.02727 
0.07735 ,0.02727 
-0.15215 ,0.02727 
-0.11148 ,0.02727 
0.01865 ,0.02727 
-0.11579 ,0.02728 
-0.12785 ,0.02728 
-0.16561 ,0.02728 
-0.05791 ,0.02728 
-0.15696 ,0.02728 
-0.13644 ,0.02728 
-0.15868 ,0.02728 
-0.13490 ,0.02728 
-0.03346 ,0.02728 
-0.11699 ,0.02728 
-0.16196 ,0.02729 
-0.07071 ,0.02729 
-0.09289 ,0.02729 
-0.10948 ,0.02729 
-0.09635 ,0.02729 
-0.03507 ,0.02729 
0.00310 ,0.02730 
-0.06159 ,0.02730 
-0.16905 ,0.02730 
-0.15157 ,0.02730 
0.00925 ,0.02730 
-0.15933 ,0.02731 
-0.09090 ,0.02731 
-0.10331 ,0.02731 
-0.12950 ,0.02732 
0.06905 ,0.02732 
-0.12749 ,0.02732 
-0.10128 ,0.02732 
-0.11541 ,0.02732 
-0.11569 ,0.02732 
-0.14194 ,0.02732 
-0.13816 ,0.02733 
-0.12959 ,0.02733 
-0.10443 ,0.02733 
-0.09634 ,0.02733 
-0.11655 ,0.02733 
-0.14004 ,0.02733 
-0.15051 ,0.02733 
0.00405 ,0.02733 
-0.15347 ,0.02734 
-0.14494 ,0.02734 
-0.08720 ,0.02734 
-0.05259 ,0.02734 
-0.03609 ,0.02734 
-0.09520 ,0.02734 
-0.14305 ,0.02734 
-0.12483 ,0.02734 
-0.06458 ,0.02734 
-0.13546 ,0.02735 
-0.09673 ,0.02735 
-0.14606 ,0.02735 
-0.15544 ,0.02735 
-0.02753 ,0.02735 
0.00510 ,0.02735 
-0.10168 ,0.02735 
-0.06329 ,0.02735 
-0.09842 ,0.02735 
-0.16627 ,0.02735 
-0.09049 ,0.02735 
-0.13749 ,0.02735 
-0.10564 ,0.02735 
0.05454 ,0.02736 
0.00723 ,0.02736 
-0.07114 ,0.02736 
-0.11911 ,0.02736 
-0.11538 ,0.02736 
-0.13957 ,0.02736 
-0.12006 ,0.02736 
-0.07339 ,0.02736 
-0.16266 ,0.02736 
-0.09660 ,0.02737 
-0.06790 ,0.02737 
-0.14341 ,0.02737 
-0.06895 ,0.02738 
0.05545 ,0.02738 
-0.16375 ,0.02738 
-0.12724 ,0.02738 
-0.13876 ,0.02738 
-0.10749 ,0.02739 
-0.14047 ,0.02739 
-0.12453 ,0.02739 
-0.13337 ,0.02739 
-0.09139 ,0.02739 
0.01233 ,0.02739 
0.05670 ,0.02739 
0.01702 ,0.02739 
-0.09819 ,0.02739 
-0.08389 ,0.02740 
0.01631 ,0.02740 
-0.10626 ,0.02740 
-0.09147 ,0.02741 
-0.07108 ,0.02741 
-0.15445 ,0.02741 
-0.11841 ,0.02741 
-0.12216 ,0.02741 
-0.12379 ,0.02741 
-0.12880 ,0.02742 
0.02103 ,0.02743 
-0.15055 ,0.02743 
-0.02098 ,0.02743 
-0.05388 ,0.02743 
-0.03246 ,0.02744 
-0.13031 ,0.02744 
-0.09077 ,0.02744 
-0.03578 ,0.02745 
-0.12960 ,0.02745 
-0.13999 ,0.02745 
-0.04559 ,0.02745 
-0.14092 ,0.02746 
-0.05252 ,0.02746 
-0.12965 ,0.02746 
-0.10424 ,0.02746 
-0.17539 ,0.02746 
-0.12165 ,0.02746 
-0.14467 ,0.02746 
-0.12083 ,0.02747 
-0.09218 ,0.02747 
-0.10928 ,0.02747 
-0.12517 ,0.02747 
-0.10524 ,0.02747 
-0.13838 ,0.02747 
-0.03194 ,0.02747 
-0.16317 ,0.02747 
0.05405 ,0.02747 
-0.15202 ,0.02748 
-0.15427 ,0.02748 
-0.13031 ,0.02748 
-0.08931 ,0.02748 
-0.13954 ,0.02748 
-0.11321 ,0.02748 
-0.00014 ,0.02749 
-0.02069 ,0.02749 
-0.12859 ,0.02749 
-0.08935 ,0.02750 
-0.08822 ,0.02750 
-0.16320 ,0.02750 
-0.06043 ,0.02750 
-0.04929 ,0.02750 
-0.09266 ,0.02750 
0.01904 ,0.02751 
-0.13193 ,0.02751 
-0.13103 ,0.02751 
-0.10196 ,0.02751 
-0.17444 ,0.02751 
-0.07961 ,0.02751 
-0.10948 ,0.02752 
-0.13998 ,0.02752 
-0.11851 ,0.02752 
-0.01085 ,0.02752 
-0.08650 ,0.02752 
-0.11206 ,0.02752 
-0.05362 ,0.02752 
-0.12053 ,0.02753 
-0.06431 ,0.02753 
-0.11743 ,0.02753 
-0.10506 ,0.02753 
-0.00851 ,0.02754 
-0.14584 ,0.02754 
-0.16129 ,0.02754 
-0.07872 ,0.02755 
-0.16164 ,0.02755 
-0.04521 ,0.02755 
-0.12174 ,0.02755 
-0.11259 ,0.02755 
-0.03622 ,0.02756 
-0.06917 ,0.02756 
-0.02805 ,0.02756 
-0.15044 ,0.02756 
-0.13771 ,0.02756 
-0.07680 ,0.02756 
-0.02095 ,0.02756 
0.03371 ,0.02756 
-0.14457 ,0.02756 
-0.11526 ,0.02757 
-0.12422 ,0.02757 
-0.05839 ,0.02757 
-0.08031 ,0.02757 
-0.06939 ,0.02757 
-0.09812 ,0.02757 
-0.09438 ,0.02757 
-0.07302 ,0.02757 
0.00102 ,0.02757 
-0.12972 ,0.02757 
-0.12297 ,0.02757 
-0.16473 ,0.02758 
-0.13027 ,0.02759 
-0.07548 ,0.02759 
-0.09459 ,0.02759 
0.03755 ,0.02760 
-0.11961 ,0.02760 
-0.10387 ,0.02760 
0.00599 ,0.02760 
-0.14965 ,0.02761 
-0.14014 ,0.02761 
0.04412 ,0.02761 
-0.14378 ,0.02761 
-0.00750 ,0.02761 
-0.14082 ,0.02761 
-0.09663 ,0.02762 
-0.11810 ,0.02762 
-0.13582 ,0.02762 
0.03632 ,0.02762 
-0.12848 ,0.02762 
-0.09186 ,0.02762 
-0.12882 ,0.02762 
-0.12761 ,0.02764 
-0.06569 ,0.02764 
-0.10353 ,0.02764 
-0.10286 ,0.02764 
0.01535 ,0.02765 
-0.11084 ,0.02765 
-0.10373 ,0.02765 
0.05597 ,0.02765 
-0.14130 ,0.02766 
-0.10981 ,0.02766 
-0.12817 ,0.02766 
-0.12508 ,0.02766 
-0.14042 ,0.02766 
-0.13818 ,0.02766 
-0.11787 ,0.02766 
-0.08580 ,0.02766 
-0.15702 ,0.02767 
-0.10415 ,0.02767 
-0.13492 ,0.02767 
-0.15135 ,0.02767 
-0.17805 ,0.02767 
0.01181 ,0.02767 
-0.10026 ,0.02767 
-0.06582 ,0.02767 
-0.11410 ,0.02768 
0.01561 ,0.02768 
-0.12227 ,0.02768 
-0.13680 ,0.02768 
-0.15156 ,0.02768 
-0.13813 ,0.02768 
0.00706 ,0.02769 
-0.13439 ,0.02769 
-0.03803 ,0.02769 
0.02868 ,0.02769 
-0.02548 ,0.02769 
-0.09153 ,0.02769 
-0.10068 ,0.02769 
-0.11046 ,0.02770 
0.00304 ,0.02770 
-0.14325 ,0.02770 
-0.10296 ,0.02770 
-0.15011 ,0.02770 
-0.08658 ,0.02771 
-0.12728 ,0.02771 
-0.08293 ,0.02771 
-0.08394 ,0.02772 
-0.09679 ,0.02772 
-0.03048 ,0.02772 
-0.03585 ,0.02773 
-0.07725 ,0.02773 
-0.10028 ,0.02773 
-0.15506 ,0.02773 
-0.02192 ,0.02773 
-0.11455 ,0.02773 
-0.12981 ,0.02773 
-0.00965 ,0.02773 
-0.06134 ,0.02773 
-0.15537 ,0.02773 
-0.09862 ,0.02774 
-0.12516 ,0.02774 
-0.00602 ,0.02774 
-0.16736 ,0.02774 
-0.09427 ,0.02774 
-0.12924 ,0.02774 
-0.12627 ,0.02774 
-0.12760 ,0.02774 
-0.08424 ,0.02775 
-0.10932 ,0.02775 
-0.12309 ,0.02775 
-0.09672 ,0.02775 
-0.13368 ,0.02775 
-0.10339 ,0.02775 
-0.08771 ,0.02775 
-0.14076 ,0.02776 
-0.12119 ,0.02776 
-0.15670 ,0.02776 
0.03157 ,0.02776 
-0.11421 ,0.02776 
-0.11927 ,0.02776 
-0.08967 ,0.02776 
-0.10773 ,0.02777 
-0.12387 ,0.02777 
-0.10664 ,0.02777 
-0.16527 ,0.02777 
-0.17725 ,0.02778 
-0.17513 ,0.02778 
-0.07980 ,0.02778 
-0.08874 ,0.02778 
-0.08438 ,0.02778 
-0.08876 ,0.02778 
0.02555 ,0.02778 
-0.12468 ,0.02778 
-0.14501 ,0.02778 
0.00783 ,0.02778 
-0.11395 ,0.02778 
-0.15111 ,0.02779 
-0.11432 ,0.02779 
0.01978 ,0.02779 
-0.08680 ,0.02779 
-0.14167 ,0.02779 
-0.10355 ,0.02780 
-0.13132 ,0.02780 
0.02116 ,0.02780 
-0.12058 ,0.02781 
-0.10559 ,0.02781 
-0.15408 ,0.02781 
-0.11575 ,0.02781 
-0.12518 ,0.02781 
-0.12094 ,0.02782 
-0.13724 ,0.02782 
-0.14267 ,0.02782 
-0.15343 ,0.02783 
-0.15794 ,0.02783 
-0.10178 ,0.02783 
0.06669 ,0.02783 
-0.13677 ,0.02783 
-0.16324 ,0.02783 
-0.00083 ,0.02783 
-0.12457 ,0.02783 
-0.11152 ,0.02784 
-0.02223 ,0.02784 
-0.11878 ,0.02784 
-0.16885 ,0.02784 
0.04951 ,0.02784 
-0.06927 ,0.02784 
-0.13851 ,0.02784 
-0.14221 ,0.02784 
-0.09830 ,0.02784 
-0.11784 ,0.02784 
-0.12268 ,0.02784 
-0.10178 ,0.02784 
-0.15992 ,0.02785 
-0.13694 ,0.02785 
-0.12275 ,0.02785 
-0.01007 ,0.02785 
-0.08506 ,0.02786 
-0.06810 ,0.02786 
-0.13761 ,0.02786 
-0.12108 ,0.02786 
-0.17845 ,0.02786 
-0.16898 ,0.02787 
0.01494 ,0.02787 
0.00222 ,0.02787 
-0.14180 ,0.02787 
-0.08614 ,0.02787 
-0.13646 ,0.02788 
-0.13387 ,0.02788 
-0.12098 ,0.02788 
-0.11609 ,0.02788 
-0.16015 ,0.02788 
-0.08954 ,0.02788 
-0.11362 ,0.02788 
0.00821 ,0.02788 
-0.08133 ,0.02788 
-0.12624 ,0.02788 
-0.13243 ,0.02789 
-0.10915 ,0.02789 
-0.01600 ,0.02789 
-0.15152 ,0.02789 
-0.13865 ,0.02789 
-0.17117 ,0.02789 
0.06686 ,0.02789 
-0.09971 ,0.02789 
-0.07731 ,0.02789 
0.02073 ,0.02789 
-0.00597 ,0.02790 
-0.16029 ,0.02790 
-0.13610 ,0.02790 
-0.13244 ,0.02790 
-0.13656 ,0.02790 
-0.04912 ,0.02791 
-0.13439 ,0.02791 
-0.11456 ,0.02791 
-0.13785 ,0.02791 
-0.08880 ,0.02792 
-0.08256 ,0.02792 
-0.00971 ,0.02792 
-0.13754 ,0.02792 
-0.14273 ,0.02792 
0.02581 ,0.02792 
-0.10129 ,0.02792 
-0.01273 ,0.02792 
-0.11073 ,0.02793 
-0.13523 ,0.02793 
-0.11883 ,0.02793 
-0.12611 ,0.02793 
-0.13811 ,0.02793 
0.04349 ,0.02793 
-0.09774 ,0.02793 
-0.13423 ,0.02794 
-0.13930 ,0.02794 
-0.02041 ,0.02794 
-0.15240 ,0.02794 
-0.01233 ,0.02794 
-0.16043 ,0.02794 
-0.14655 ,0.02794 
-0.14569 ,0.02795 
-0.12581 ,0.02795 
-0.14518 ,0.02795 
-0.13140 ,0.02795 
-0.14614 ,0.02795 
-0.11164 ,0.02795 
-0.09535 ,0.02795 
-0.02027 ,0.02795 
-0.13043 ,0.02795 
-0.03548 ,0.02796 
-0.04760 ,0.02796 
-0.07686 ,0.02796 
-0.16792 ,0.02796 
-0.08368 ,0.02796 
-0.14715 ,0.02796 
-0.07695 ,0.02796 
0.01936 ,0.02797 
-0.14009 ,0.02797 
-0.13528 ,0.02797 
0.02981 ,0.02797 
-0.13697 ,0.02797 
-0.04279 ,0.02797 
-0.13231 ,0.02798 
-0.11002 ,0.02798 
-0.14879 ,0.02798 
-0.09816 ,0.02798 
-0.12376 ,0.02798 
-0.11098 ,0.02798 
0.03755 ,0.02798 
-0.12647 ,0.02798 
-0.11376 ,0.02798 
-0.07802 ,0.02798 
-0.11400 ,0.02798 
-0.13382 ,0.02798 
-0.12873 ,0.02799 
-0.13406 ,0.02799 
-0.14708 ,0.02799 
0.01892 ,0.02799 
-0.15409 ,0.02799 
-0.14729 ,0.02799 
-0.14502 ,0.02799 
-0.10405 ,0.02799 
-0.16338 ,0.02800 
-0.08515 ,0.02800 
0.03595 ,0.02800 
-0.11707 ,0.02800 
-0.07444 ,0.02800 
-0.14085 ,0.02801 
-0.05293 ,0.02801 
-0.13346 ,0.02801 
-0.13605 ,0.02801 
-0.13410 ,0.02801 
-0.04984 ,0.02801 
-0.12827 ,0.02802 
-0.12967 ,0.02802 
-0.05663 ,0.02802 
-0.16581 ,0.02802 
-0.06856 ,0.02802 
-0.12271 ,0.02802 
-0.14132 ,0.02802 
-0.01231 ,0.02803 
0.01371 ,0.02803 
-0.06095 ,0.02803 
-0.15173 ,0.02803 
-0.04936 ,0.02803 
-0.13237 ,0.02803 
-0.13094 ,0.02803 
-0.13567 ,0.02803 
-0.13286 ,0.02803 
-0.11461 ,0.02804 
-0.14957 ,0.02804 
-0.14635 ,0.02804 
-0.06586 ,0.02804 
0.02159 ,0.02804 
-0.12717 ,0.02804 
-0.12593 ,0.02805 
-0.16075 ,0.02805 
-0.12657 ,0.02805 
0.00450 ,0.02805 
-0.02952 ,0.02805 
-0.12323 ,0.02805 
-0.11846 ,0.02805 
-0.11330 ,0.02805 
-0.12140 ,0.02805 
-0.15508 ,0.02805 
-0.08824 ,0.02805 
-0.17278 ,0.02805 
-0.12316 ,0.02806 
-0.16033 ,0.02806 
-0.11229 ,0.02806 
-0.11260 ,0.02806 
-0.15386 ,0.02806 
0.00432 ,0.02806 
0.02677 ,0.02807 
-0.15787 ,0.02807 
-0.06853 ,0.02807 
0.01930 ,0.02807 
-0.11717 ,0.02807 
-0.10476 ,0.02807 
-0.16442 ,0.02807 
-0.13052 ,0.02808 
-0.12824 ,0.02808 
-0.05657 ,0.02808 
-0.12108 ,0.02808 
-0.06867 ,0.02808 
-0.03200 ,0.02808 
-0.11879 ,0.02808 
-0.00867 ,0.02808 
-0.06000 ,0.02808 
-0.13823 ,0.02808 
-0.14655 ,0.02808 
-0.12312 ,0.02808 
-0.11170 ,0.02809 
0.01611 ,0.02809 
-0.11578 ,0.02809 
-0.07914 ,0.02809 
0.02955 ,0.02809 
-0.09979 ,0.02809 
-0.09861 ,0.02810 
-0.08397 ,0.02810 
-0.08109 ,0.02810 
-0.09035 ,0.02810 
-0.03294 ,0.02810 
-0.07477 ,0.02810 
-0.13361 ,0.02810 
-0.11481 ,0.02811 
-0.03817 ,0.02811 
-0.08825 ,0.02811 
-0.11297 ,0.02811 
-0.12127 ,0.02811 
-0.15209 ,0.02811 
-0.12815 ,0.02811 
-0.07866 ,0.02812 
-0.14943 ,0.02812 
-0.12452 ,0.02812 
-0.02939 ,0.02812 
-0.14099 ,0.02812 
-0.12417 ,0.02812 
-0.13490 ,0.02812 
0.02193 ,0.02812 
-0.03583 ,0.02812 
-0.13622 ,0.02812 
-0.12093 ,0.02812 
-0.10757 ,0.02812 
-0.11146 ,0.02813 
0.06529 ,0.02813 
-0.14801 ,0.02813 
-0.11876 ,0.02813 
-0.14334 ,0.02813 
-0.12009 ,0.02813 
-0.06494 ,0.02813 
-0.12598 ,0.02813 
-0.14536 ,0.02813 
-0.10446 ,0.02814 
-0.14838 ,0.02814 
-0.13355 ,0.02814 
-0.10399 ,0.02814 
0.02084 ,0.02815 
-0.10564 ,0.02815 
-0.14205 ,0.02815 
0.06614 ,0.02816 
-0.07846 ,0.02816 
-0.10160 ,0.02816 
-0.08570 ,0.02817 
-0.11934 ,0.02817 
-0.14660 ,0.02817 
-0.11366 ,0.02817 
-0.13950 ,0.02818 
-0.16278 ,0.02818 
-0.12366 ,0.02818 
-0.05891 ,0.02818 
-0.14061 ,0.02818 
-0.06082 ,0.02818 
-0.11433 ,0.02819 
-0.04659 ,0.02819 
-0.09482 ,0.02819 
-0.15164 ,0.02819 
-0.15424 ,0.02819 
-0.13181 ,0.02819 
-0.11933 ,0.02819 
-0.14301 ,0.02819 
-0.09680 ,0.02819 
-0.10908 ,0.02820 
0.05521 ,0.02820 
-0.02659 ,0.02820 
-0.14928 ,0.02820 
-0.12523 ,0.02820 
-0.14215 ,0.02820 
-0.16402 ,0.02820 
-0.12480 ,0.02820 
0.01409 ,0.02821 
-0.12761 ,0.02821 
-0.13401 ,0.02821 
-0.13426 ,0.02821 
-0.06989 ,0.02821 
0.03420 ,0.02822 
-0.15738 ,0.02822 
-0.07340 ,0.02822 
0.00987 ,0.02822 
-0.05076 ,0.02822 
-0.15195 ,0.02822 
0.02596 ,0.02822 
-0.12881 ,0.02822 
-0.12367 ,0.02822 
-0.13032 ,0.02822 
-0.15600 ,0.02823 
-0.10331 ,0.02823 
-0.15686 ,0.02823 
-0.07448 ,0.02823 
-0.15184 ,0.02823 
-0.08309 ,0.02823 
-0.13918 ,0.02823 
0.04584 ,0.02823 
-0.07137 ,0.02823 
-0.14664 ,0.02823 
-0.12620 ,0.02823 
-0.11633 ,0.02823 
-0.13570 ,0.02823 
-0.17229 ,0.02824 
-0.15903 ,0.02824 
-0.12361 ,0.02824 
-0.01052 ,0.02824 
-0.16133 ,0.02824 
-0.06310 ,0.02825 
-0.02656 ,0.02825 
-0.12164 ,0.02825 
-0.08946 ,0.02825 
-0.12458 ,0.02825 
-0.10880 ,0.02826 
-0.14259 ,0.02826 
-0.09928 ,0.02826 
0.03293 ,0.02826 
-0.12655 ,0.02826 
-0.15514 ,0.02826 
-0.05043 ,0.02826 
-0.13128 ,0.02826 
-0.03073 ,0.02826 
-0.13261 ,0.02827 
-0.11982 ,0.02827 
-0.13990 ,0.02827 
-0.14843 ,0.02827 
-0.14632 ,0.02827 
-0.10732 ,0.02827 
-0.07830 ,0.02827 
-0.12585 ,0.02827 
-0.13313 ,0.02828 
-0.13258 ,0.02828 
-0.15086 ,0.02828 
-0.10721 ,0.02828 
-0.12068 ,0.02828 
-0.00979 ,0.02828 
0.00867 ,0.02829 
0.01199 ,0.02829 
-0.14557 ,0.02829 
0.00039 ,0.02829 
-0.10500 ,0.02829 
-0.12255 ,0.02829 
-0.02369 ,0.02829 
-0.12965 ,0.02829 
-0.08097 ,0.02830 
-0.10938 ,0.02830 
-0.01198 ,0.02830 
-0.10610 ,0.02830 
-0.13636 ,0.02830 
-0.05842 ,0.02830 
0.03513 ,0.02831 
-0.07356 ,0.02831 
-0.10854 ,0.02831 
-0.08830 ,0.02831 
-0.12613 ,0.02832 
-0.09930 ,0.02832 
0.04507 ,0.02832 
-0.13873 ,0.02832 
-0.01150 ,0.02832 
-0.13932 ,0.02832 
-0.09697 ,0.02832 
-0.13263 ,0.02832 
0.00931 ,0.02833 
-0.13304 ,0.02833 
-0.13308 ,0.02833 
-0.15849 ,0.02833 
-0.07025 ,0.02833 
-0.05331 ,0.02833 
0.05547 ,0.02834 
-0.11157 ,0.02834 
-0.11674 ,0.02834 
-0.00442 ,0.02834 
-0.08472 ,0.02834 
-0.13466 ,0.02834 
-0.02010 ,0.02834 
-0.07485 ,0.02834 
-0.06678 ,0.02834 
-0.12207 ,0.02834 
-0.06664 ,0.02835 
-0.16557 ,0.02835 
-0.09235 ,0.02835 
-0.00346 ,0.02835 
-0.10931 ,0.02835 
-0.11057 ,0.02835 
-0.12250 ,0.02835 
-0.13607 ,0.02836 
-0.14192 ,0.02836 
-0.13317 ,0.02836 
0.03913 ,0.02836 
-0.11885 ,0.02836 
-0.11125 ,0.02836 
-0.12806 ,0.02837 
-0.14226 ,0.02837 
-0.03584 ,0.02837 
-0.14823 ,0.02837 
-0.14259 ,0.02837 
0.00863 ,0.02837 
-0.03116 ,0.02837 
-0.00463 ,0.02837 
-0.15393 ,0.02837 
-0.13223 ,0.02837 
-0.05346 ,0.02837 
-0.16277 ,0.02837 
-0.12993 ,0.02837 
-0.09804 ,0.02837 
-0.07652 ,0.02838 
-0.12032 ,0.02838 
-0.13676 ,0.02838 
-0.11906 ,0.02838 
-0.06476 ,0.02838 
-0.12588 ,0.02838 
0.03210 ,0.02839 
0.00662 ,0.02839 
0.05408 ,0.02839 
-0.15706 ,0.02839 
-0.12042 ,0.02839 
-0.14469 ,0.02839 
-0.10486 ,0.02839 
-0.13863 ,0.02839 
-0.09044 ,0.02839 
-0.11644 ,0.02839 
-0.12157 ,0.02840 
-0.02948 ,0.02840 
0.02340 ,0.02840 
-0.06591 ,0.02840 
-0.09998 ,0.02840 
-0.00366 ,0.02840 
-0.13567 ,0.02840 
-0.14678 ,0.02840 
-0.15645 ,0.02840 
-0.11790 ,0.02841 
-0.02169 ,0.02841 
-0.14590 ,0.02841 
-0.13066 ,0.02841 
-0.11792 ,0.02841 
-0.13148 ,0.02841 
-0.08762 ,0.02841 
0.01072 ,0.02841 
-0.15953 ,0.02842 
-0.15027 ,0.02842 
-0.14138 ,0.02842 
-0.02570 ,0.02842 
-0.00654 ,0.02842 
-0.08147 ,0.02842 
0.03175 ,0.02843 
-0.09483 ,0.02843 
-0.08071 ,0.02843 
-0.10112 ,0.02843 
-0.14472 ,0.02843 
-0.14095 ,0.02843 
-0.12462 ,0.02843 
-0.16254 ,0.02843 
-0.14695 ,0.02843 
-0.09515 ,0.02844 
-0.11039 ,0.02844 
-0.12552 ,0.02844 
-0.15152 ,0.02844 
-0.06918 ,0.02844 
0.02250 ,0.02844 
-0.02519 ,0.02844 
0.01427 ,0.02844 
-0.15368 ,0.02845 
0.00564 ,0.02845 
-0.13993 ,0.02845 
-0.11740 ,0.02845 
-0.05700 ,0.02845 
-0.00856 ,0.02845 
-0.08558 ,0.02845 
-0.06498 ,0.02845 
-0.06181 ,0.02846 
-0.10043 ,0.02846 
0.03062 ,0.02846 
-0.16089 ,0.02846 
-0.14699 ,0.02846 
0.01114 ,0.02846 
-0.12608 ,0.02846 
-0.09373 ,0.02846 
-0.09765 ,0.02846 
-0.13662 ,0.02846 
-0.10130 ,0.02847 
0.04103 ,0.02847 
-0.13525 ,0.02847 
-0.08667 ,0.02847 
-0.03531 ,0.02847 
-0.07624 ,0.02847 
-0.13998 ,0.02847 
-0.15065 ,0.02847 
-0.01972 ,0.02847 
-0.00873 ,0.02847 
0.04082 ,0.02848 
-0.13357 ,0.02848 
-0.12643 ,0.02848 
-0.09880 ,0.02848 
-0.01203 ,0.02848 
-0.12997 ,0.02848 
-0.14463 ,0.02848 
-0.12415 ,0.02849 
-0.12470 ,0.02849 
-0.03812 ,0.02849 
-0.05393 ,0.02849 
-0.12692 ,0.02849 
-0.09957 ,0.02850 
-0.13738 ,0.02850 
-0.13077 ,0.02850 
-0.06844 ,0.02850 
-0.11749 ,0.02850 
-0.11697 ,0.02850 
0.00150 ,0.02850 
-0.01906 ,0.02850 
-0.05495 ,0.02850 
-0.12071 ,0.02850 
-0.13529 ,0.02851 
-0.12751 ,0.02851 
-0.14687 ,0.02851 
-0.09504 ,0.02851 
-0.06463 ,0.02851 
-0.10767 ,0.02851 
-0.12450 ,0.02851 
-0.01773 ,0.02851 
-0.11247 ,0.02852 
-0.02347 ,0.02852 
-0.10058 ,0.02852 
-0.11153 ,0.02852 
-0.13237 ,0.02852 
-0.06208 ,0.02852 
0.04920 ,0.02852 
-0.15661 ,0.02852 
-0.03317 ,0.02853 
-0.11534 ,0.02853 
0.00866 ,0.02853 
-0.07517 ,0.02853 
-0.09065 ,0.02853 
-0.12296 ,0.02853 
-0.16284 ,0.02853 
-0.09753 ,0.02853 
-0.13536 ,0.02853 
-0.14157 ,0.02853 
-0.03080 ,0.02853 
-0.12563 ,0.02854 
-0.07273 ,0.02854 
-0.12366 ,0.02854 
0.02541 ,0.02854 
-0.15134 ,0.02854 
-0.15661 ,0.02854 
-0.15896 ,0.02854 
-0.16249 ,0.02854 
0.01963 ,0.02855 
-0.13746 ,0.02855 
-0.12946 ,0.02855 
-0.13359 ,0.02855 
-0.12350 ,0.02855 
-0.13419 ,0.02855 
0.02500 ,0.02855 
-0.07926 ,0.02855 
-0.12897 ,0.02855 
-0.13515 ,0.02855 
-0.09865 ,0.02855 
-0.14808 ,0.02856 
0.06736 ,0.02856 
0.03415 ,0.02856 
-0.14842 ,0.02856 
-0.12164 ,0.02856 
-0.11866 ,0.02857 
-0.15024 ,0.02857 
-0.08327 ,0.02857 
-0.12639 ,0.02857 
-0.12104 ,0.02857 
-0.10390 ,0.02857 
-0.11551 ,0.02858 
-0.14991 ,0.02858 
0.03657 ,0.02858 
0.00594 ,0.02858 
-0.06369 ,0.02858 
-0.03933 ,0.02858 
-0.08402 ,0.02858 
-0.02491 ,0.02858 
0.03216 ,0.02859 
-0.11942 ,0.02859 
-0.01005 ,0.02859 
-0.04973 ,0.02859 
0.03633 ,0.02859 
-0.03270 ,0.02859 
-0.12290 ,0.02859 
-0.02316 ,0.02860 
0.01353 ,0.02860 
0.02971 ,0.02860 
-0.12981 ,0.02860 
-0.10432 ,0.02860 
-0.06552 ,0.02860 
-0.12063 ,0.02860 
-0.09202 ,0.02860 
-0.10097 ,0.02860 
-0.14248 ,0.02861 
-0.12114 ,0.02861 
-0.07299 ,0.02861 
-0.13362 ,0.02861 
-0.11069 ,0.02862 
-0.09734 ,0.02862 
-0.04391 ,0.02862 
-0.14860 ,0.02862 
-0.00147 ,0.02862 
-0.12839 ,0.02862 
-0.12067 ,0.02862 
0.03730 ,0.02862 
-0.12481 ,0.02862 
-0.13743 ,0.02862 
-0.14631 ,0.02862 
0.01125 ,0.02862 
-0.08678 ,0.02862 
0.06658 ,0.02863 
-0.14514 ,0.02863 
-0.14637 ,0.02863 
0.00911 ,0.02863 
-0.07573 ,0.02863 
0.03238 ,0.02863 
-0.12970 ,0.02863 
-0.11245 ,0.02863 
-0.12359 ,0.02863 
-0.12885 ,0.02863 
-0.09363 ,0.02864 
-0.14394 ,0.02864 
0.06175 ,0.02864 
-0.07092 ,0.02864 
-0.08704 ,0.02865 
-0.12295 ,0.02865 
-0.14667 ,0.02865 
-0.08239 ,0.02865 
-0.07645 ,0.02865 
-0.15650 ,0.02865 
-0.08842 ,0.02865 
-0.12715 ,0.02866 
-0.16283 ,0.02866 
-0.08854 ,0.02866 
-0.10814 ,0.02866 
-0.15483 ,0.02866 
-0.16799 ,0.02866 
-0.09367 ,0.02866 
0.00543 ,0.02866 
-0.10808 ,0.02866 
-0.11884 ,0.02866 
-0.14979 ,0.02866 
-0.17403 ,0.02866 
-0.04761 ,0.02867 
-0.07201 ,0.02867 
-0.13750 ,0.02867 
-0.11442 ,0.02867 
-0.12637 ,0.02867 
-0.08092 ,0.02867 
-0.13010 ,0.02867 
0.02928 ,0.02867 
-0.12220 ,0.02867 
-0.09972 ,0.02868 
-0.15226 ,0.02868 
-0.09984 ,0.02868 
-0.08837 ,0.02868 
0.02934 ,0.02869 
-0.16289 ,0.02869 
-0.07348 ,0.02869 
-0.13378 ,0.02869 
-0.14646 ,0.02869 
-0.11932 ,0.02869 
0.08553 ,0.02869 
-0.09374 ,0.02870 
-0.07452 ,0.02870 
-0.17251 ,0.02870 
-0.01599 ,0.02870 
-0.07441 ,0.02870 
-0.10631 ,0.02871 
-0.10277 ,0.02871 
-0.02262 ,0.02871 
-0.04869 ,0.02871 
-0.14996 ,0.02871 
0.00738 ,0.02871 
-0.12409 ,0.02872 
-0.15322 ,0.02872 
0.00970 ,0.02872 
-0.05372 ,0.02872 
-0.13185 ,0.02872 
-0.04577 ,0.02872 
-0.13537 ,0.02872 
0.06273 ,0.02872 
-0.09444 ,0.02873 
-0.05656 ,0.02873 
-0.13000 ,0.02873 
-0.14288 ,0.02873 
-0.14105 ,0.02873 
-0.12114 ,0.02873 
-0.12542 ,0.02873 
-0.10376 ,0.02873 
-0.11129 ,0.02873 
-0.11529 ,0.02873 
-0.10531 ,0.02874 
-0.11489 ,0.02874 
-0.12506 ,0.02874 
-0.13644 ,0.02874 
-0.08862 ,0.02875 
-0.12687 ,0.02875 
-0.11036 ,0.02875 
-0.12671 ,0.02875 
-0.12878 ,0.02875 
-0.11153 ,0.02875 
-0.08020 ,0.02876 
-0.11067 ,0.02876 
-0.16083 ,0.02876 
-0.14799 ,0.02876 
0.02407 ,0.02876 
-0.11015 ,0.02876 
-0.12915 ,0.02876 
-0.12211 ,0.02876 
0.01164 ,0.02876 
-0.15149 ,0.02876 
-0.13124 ,0.02876 
-0.11527 ,0.02876 
-0.11580 ,0.02876 
-0.16418 ,0.02877 
-0.14206 ,0.02877 
-0.00776 ,0.02877 
-0.13074 ,0.02877 
-0.12853 ,0.02877 
-0.06565 ,0.02877 
-0.10902 ,0.02877 
-0.09533 ,0.02878 
-0.06534 ,0.02878 
-0.17096 ,0.02878 
-0.01970 ,0.02878 
-0.14124 ,0.02878 
-0.11799 ,0.02878 
0.03739 ,0.02878 
-0.13019 ,0.02879 
-0.08830 ,0.02879 
-0.11367 ,0.02879 
-0.05546 ,0.02879 
-0.11005 ,0.02879 
-0.08916 ,0.02879 
-0.15717 ,0.02879 
-0.06145 ,0.02879 
-0.15321 ,0.02879 
0.00053 ,0.02879 
-0.13313 ,0.02879 
-0.13108 ,0.02879 
-0.12789 ,0.02879 
-0.11050 ,0.02880 
-0.04411 ,0.02880 
-0.10694 ,0.02880 
-0.08635 ,0.02880 
-0.13807 ,0.02880 
-0.04800 ,0.02880 
0.04091 ,0.02880 
-0.14943 ,0.02880 
-0.06627 ,0.02880 
-0.05594 ,0.02880 
0.02296 ,0.02880 
-0.12204 ,0.02880 
0.03228 ,0.02880 
-0.12126 ,0.02881 
-0.12480 ,0.02881 
-0.09782 ,0.02881 
-0.11038 ,0.02881 
-0.02808 ,0.02881 
-0.13671 ,0.02881 
-0.07023 ,0.02881 
-0.08990 ,0.02881 
-0.10002 ,0.02881 
-0.13300 ,0.02882 
-0.04362 ,0.02882 
-0.10680 ,0.02882 
-0.07917 ,0.02882 
-0.10154 ,0.02882 
-0.00758 ,0.02882 
-0.12353 ,0.02882 
-0.01764 ,0.02883 
-0.16548 ,0.02883 
-0.07297 ,0.02883 
0.02179 ,0.02883 
-0.16559 ,0.02883 
-0.10117 ,0.02883 
-0.03770 ,0.02883 
-0.13739 ,0.02883 
-0.01719 ,0.02883 
-0.09754 ,0.02883 
-0.04923 ,0.02883 
0.02393 ,0.02883 
-0.14489 ,0.02884 
-0.13026 ,0.02884 
-0.12125 ,0.02884 
-0.14311 ,0.02884 
-0.10957 ,0.02884 
-0.05553 ,0.02884 
-0.08918 ,0.02884 
-0.11469 ,0.02885 
-0.12640 ,0.02885 
-0.13642 ,0.02885 
-0.00642 ,0.02885 
-0.09253 ,0.02886 
-0.08098 ,0.02886 
-0.13912 ,0.02886 
-0.10820 ,0.02886 
-0.11105 ,0.02886 
-0.12380 ,0.02886 
-0.11638 ,0.02886 
-0.11180 ,0.02886 
-0.07614 ,0.02886 
-0.15071 ,0.02886 
-0.13540 ,0.02887 
-0.16550 ,0.02887 
-0.09193 ,0.02887 
-0.11463 ,0.02887 
-0.06225 ,0.02888 
-0.07774 ,0.02888 
-0.13133 ,0.02888 
-0.11258 ,0.02888 
-0.15690 ,0.02888 
-0.06332 ,0.02888 
-0.08933 ,0.02888 
-0.14816 ,0.02888 
-0.10413 ,0.02888 
-0.13239 ,0.02888 
0.02310 ,0.02888 
-0.16829 ,0.02888 
-0.09849 ,0.02889 
-0.09571 ,0.02889 
-0.04978 ,0.02889 
-0.09457 ,0.02889 
-0.04089 ,0.02889 
-0.10599 ,0.02890 
-0.09735 ,0.02890 
0.03852 ,0.02890 
-0.06670 ,0.02890 
0.04041 ,0.02890 
-0.06323 ,0.02890 
-0.07502 ,0.02890 
-0.15436 ,0.02890 
-0.10282 ,0.02891 
-0.09050 ,0.02891 
-0.14586 ,0.02891 
-0.15415 ,0.02891 
-0.04930 ,0.02891 
-0.16463 ,0.02891 
-0.09750 ,0.02891 
-0.10377 ,0.02891 
-0.10801 ,0.02891 
-0.13900 ,0.02891 
-0.13006 ,0.02891 
0.01642 ,0.02892 
-0.10161 ,0.02892 
-0.15488 ,0.02892 
-0.10329 ,0.02892 
-0.08083 ,0.02892 
-0.11977 ,0.02892 
-0.16676 ,0.02892 
0.09780 ,0.02892 
0.03483 ,0.02892 
-0.12724 ,0.02892 
-0.09762 ,0.02892 
0.01879 ,0.02892 
-0.10665 ,0.02892 
-0.10880 ,0.02893 
-0.04019 ,0.02893 
0.01358 ,0.02893 
-0.02997 ,0.02893 
-0.11231 ,0.02893 
-0.04329 ,0.02893 
-0.07907 ,0.02893 
-0.01301 ,0.02894 
-0.11948 ,0.02894 
0.01294 ,0.02894 
-0.07543 ,0.02894 
-0.13489 ,0.02894 
-0.03166 ,0.02894 
-0.09475 ,0.02894 
-0.14743 ,0.02895 
-0.06309 ,0.02895 
-0.09598 ,0.02895 
-0.07078 ,0.02895 
-0.06017 ,0.02895 
-0.04452 ,0.02895 
-0.12810 ,0.02895 
-0.06269 ,0.02895 
-0.14529 ,0.02896 
-0.12746 ,0.02896 
-0.04166 ,0.02896 
0.03149 ,0.02896 
-0.11534 ,0.02896 
-0.14542 ,0.02896 
-0.12633 ,0.02896 
-0.11313 ,0.02896 
0.03949 ,0.02897 
-0.03235 ,0.02897 
-0.04086 ,0.02897 
-0.09043 ,0.02897 
-0.14640 ,0.02897 
-0.04363 ,0.02897 
-0.10986 ,0.02897 
-0.10386 ,0.02898 
-0.11357 ,0.02898 
-0.05228 ,0.02898 
-0.15382 ,0.02898 
-0.15681 ,0.02898 
-0.06009 ,0.02898 
-0.10652 ,0.02898 
-0.06720 ,0.02899 
-0.12343 ,0.02899 
-0.12258 ,0.02899 
-0.14747 ,0.02899 
0.00163 ,0.02899 
0.01742 ,0.02899 
-0.12557 ,0.02899 
-0.10152 ,0.02899 
-0.16177 ,0.02899 
-0.09134 ,0.02899 
-0.12523 ,0.02899 
-0.09536 ,0.02900 
-0.14651 ,0.02900 
0.01662 ,0.02900 
-0.12160 ,0.02900 
0.05693 ,0.02900 
0.01914 ,0.02900 
-0.03786 ,0.02900 
0.02923 ,0.02900 
-0.16690 ,0.02901 
-0.01003 ,0.02901 
-0.14217 ,0.02901 
0.06609 ,0.02901 
0.00211 ,0.02901 
-0.10280 ,0.02901 
-0.11815 ,0.02901 
-0.15588 ,0.02901 
-0.16257 ,0.02902 
-0.07597 ,0.02902 
-0.05359 ,0.02902 
-0.11201 ,0.02902 
-0.08013 ,0.02902 
-0.10872 ,0.02903 
-0.13905 ,0.02903 
-0.11271 ,0.02903 
-0.13602 ,0.02903 
-0.00343 ,0.02903 
-0.11856 ,0.02903 
-0.12234 ,0.02903 
-0.15264 ,0.02904 
-0.14947 ,0.02904 
-0.12978 ,0.02904 
-0.12685 ,0.02904 
-0.07140 ,0.02904 
-0.14704 ,0.02904 
-0.15846 ,0.02904 
0.00792 ,0.02904 
-0.11851 ,0.02904 
-0.15071 ,0.02904 
0.00819 ,0.02904 
-0.13194 ,0.02904 
0.02525 ,0.02904 
-0.11864 ,0.02905 
-0.05854 ,0.02905 
-0.04103 ,0.02905 
-0.15214 ,0.02905 
-0.15861 ,0.02905 
-0.14030 ,0.02905 
-0.12380 ,0.02905 
-0.11942 ,0.02905 
-0.14094 ,0.02905 
-0.07830 ,0.02905 
-0.13391 ,0.02905 
-0.08831 ,0.02906 
-0.08725 ,0.02906 
-0.12296 ,0.02906 
-0.14163 ,0.02906 
0.03745 ,0.02906 
-0.00354 ,0.02906 
-0.04629 ,0.02906 
-0.14466 ,0.02906 
-0.15238 ,0.02906 
-0.04653 ,0.02906 
-0.12450 ,0.02906 
-0.12159 ,0.02906 
-0.00610 ,0.02906 
-0.02672 ,0.02907 
-0.05346 ,0.02907 
-0.12374 ,0.02907 
-0.16671 ,0.02907 
0.01304 ,0.02907 
-0.13807 ,0.02907 
-0.13193 ,0.02907 
-0.03304 ,0.02907 
0.05331 ,0.02908 
-0.09785 ,0.02908 
0.01704 ,0.02908 
-0.02482 ,0.02908 
-0.11369 ,0.02908 
-0.05630 ,0.02909 
-0.14510 ,0.02909 
-0.08786 ,0.02909 
-0.05944 ,0.02909 
-0.01172 ,0.02909 
-0.12358 ,0.02909 
0.03644 ,0.02909 
-0.16088 ,0.02910 
-0.12782 ,0.02910 
-0.08247 ,0.02910 
-0.11569 ,0.02910 
0.01118 ,0.02910 
-0.11820 ,0.02910 
-0.09770 ,0.02910 
-0.10963 ,0.02911 
0.03565 ,0.02911 
0.01028 ,0.02911 
-0.11914 ,0.02911 
0.06015 ,0.02911 
-0.13178 ,0.02911 
-0.14753 ,0.02911 
-0.10348 ,0.02912 
0.06184 ,0.02912 
-0.07069 ,0.02912 
-0.13095 ,0.02912 
-0.11672 ,0.02912 
-0.07239 ,0.02912 
-0.14045 ,0.02913 
-0.10492 ,0.02913 
-0.12395 ,0.02913 
-0.02742 ,0.02913 
-0.15358 ,0.02913 
-0.04323 ,0.02913 
-0.11253 ,0.02913 
-0.13101 ,0.02913 
-0.11982 ,0.02913 
-0.08985 ,0.02913 
-0.13456 ,0.02914 
-0.09590 ,0.02914 
-0.14105 ,0.02914 
0.05254 ,0.02914 
-0.07844 ,0.02914 
-0.02371 ,0.02915 
-0.16970 ,0.02915 
-0.07406 ,0.02915 
-0.01078 ,0.02915 
-0.07096 ,0.02915 
-0.07631 ,0.02915 
-0.06930 ,0.02915 
-0.16625 ,0.02915 
-0.08246 ,0.02916 
-0.11635 ,0.02916 
-0.17444 ,0.02916 
-0.13125 ,0.02916 
-0.15739 ,0.02916 
0.04771 ,0.02916 
-0.13983 ,0.02916 
-0.10459 ,0.02916 
0.00488 ,0.02916 
-0.15224 ,0.02916 
-0.16366 ,0.02916 
0.00957 ,0.02916 
0.01774 ,0.02916 
0.01463 ,0.02917 
-0.01213 ,0.02917 
-0.11627 ,0.02917 
0.05707 ,0.02917 
-0.09065 ,0.02917 
-0.02965 ,0.02918 
-0.12524 ,0.02918 
-0.13448 ,0.02918 
0.01373 ,0.02918 
-0.07963 ,0.02918 
-0.11836 ,0.02918 
-0.07142 ,0.02918 
-0.11891 ,0.02918 
-0.08428 ,0.02918 
-0.12846 ,0.02918 
-0.08838 ,0.02918 
-0.10522 ,0.02918 
-0.07810 ,0.02919 
-0.03874 ,0.02919 
0.02633 ,0.02919 
-0.00215 ,0.02919 
-0.16253 ,0.02919 
-0.05746 ,0.02919 
-0.10569 ,0.02919 
-0.10784 ,0.02920 
-0.13083 ,0.02920 
-0.17735 ,0.02920 
-0.05380 ,0.02920 
-0.02715 ,0.02920 
-0.14845 ,0.02920 
-0.05267 ,0.02920 
-0.12782 ,0.02920 
-0.12514 ,0.02920 
-0.15379 ,0.02920 
-0.08965 ,0.02920 
-0.14522 ,0.02921 
0.06266 ,0.02921 
-0.11154 ,0.02921 
-0.11074 ,0.02921 
-0.06359 ,0.02921 
0.03825 ,0.02921 
-0.10220 ,0.02921 
-0.15111 ,0.02922 
-0.09411 ,0.02922 
-0.08629 ,0.02922 
-0.07936 ,0.02922 
-0.11332 ,0.02922 
-0.03466 ,0.02922 
-0.13215 ,0.02922 
-0.09513 ,0.02922 
-0.13558 ,0.02922 
-0.12610 ,0.02922 
-0.14995 ,0.02923 
-0.01459 ,0.02923 
-0.11011 ,0.02923 
-0.08315 ,0.02923 
-0.05288 ,0.02923 
-0.13387 ,0.02923 
-0.13520 ,0.02923 
-0.07168 ,0.02924 
-0.08573 ,0.02924 
-0.14630 ,0.02924 
0.00277 ,0.02924 
-0.11614 ,0.02925 
-0.06173 ,0.02925 
-0.02145 ,0.02925 
-0.07184 ,0.02925 
-0.05623 ,0.02925 
0.01219 ,0.02925 
0.02441 ,0.02925 
-0.09794 ,0.02925 
-0.15646 ,0.02925 
-0.07677 ,0.02925 
-0.12858 ,0.02925 
-0.01647 ,0.02926 
-0.01126 ,0.02926 
-0.13234 ,0.02926 
-0.05216 ,0.02926 
-0.08492 ,0.02926 
-0.12604 ,0.02926 
-0.08469 ,0.02926 
-0.12252 ,0.02927 
-0.15596 ,0.02927 
-0.07528 ,0.02927 
-0.10912 ,0.02927 
-0.12942 ,0.02927 
0.02680 ,0.02927 
-0.12528 ,0.02927 
-0.09710 ,0.02927 
-0.10560 ,0.02927 
-0.09229 ,0.02928 
-0.08164 ,0.02928 
-0.03370 ,0.02928 
-0.05174 ,0.02928 
-0.12445 ,0.02928 
-0.05994 ,0.02928 
-0.12638 ,0.02928 
-0.16081 ,0.02928 
-0.07229 ,0.02928 
-0.08975 ,0.02928 
-0.14979 ,0.02928 
-0.00824 ,0.02928 
-0.10865 ,0.02928 
-0.14731 ,0.02928 
0.01187 ,0.02928 
0.03500 ,0.02928 
-0.14684 ,0.02929 
-0.09346 ,0.02929 
-0.09850 ,0.02929 
0.02117 ,0.02930 
-0.11435 ,0.02930 
-0.07440 ,0.02930 
-0.01855 ,0.02930 
-0.01014 ,0.02930 
0.06260 ,0.02930 
-0.12582 ,0.02930 
-0.15445 ,0.02930 
-0.11055 ,0.02930 
-0.14302 ,0.02930 
-0.11749 ,0.02930 
0.03405 ,0.02930 
0.00749 ,0.02930 
-0.12203 ,0.02931 
-0.12927 ,0.02931 
0.03416 ,0.02931 
-0.12328 ,0.02931 
-0.14032 ,0.02931 
-0.07990 ,0.02932 
-0.08051 ,0.02932 
-0.01807 ,0.02932 
-0.14650 ,0.02932 
-0.00392 ,0.02932 
0.05992 ,0.02932 
-0.11795 ,0.02932 
-0.07155 ,0.02932 
-0.00297 ,0.02933 
-0.15853 ,0.02933 
-0.10764 ,0.02933 
-0.14440 ,0.02933 
-0.07970 ,0.02933 
-0.09311 ,0.02933 
-0.08943 ,0.02933 
-0.14153 ,0.02933 
-0.09610 ,0.02933 
-0.15065 ,0.02934 
-0.03618 ,0.02934 
-0.03467 ,0.02934 
-0.06764 ,0.02934 
-0.13786 ,0.02934 
-0.06460 ,0.02934 
-0.12460 ,0.02934 
-0.16176 ,0.02934 
-0.10776 ,0.02934 
-0.11523 ,0.02934 
-0.12952 ,0.02934 
-0.13269 ,0.02935 
-0.07494 ,0.02935 
-0.10302 ,0.02935 
0.04685 ,0.02935 
-0.15951 ,0.02935 
0.02444 ,0.02935 
-0.13333 ,0.02936 
-0.09371 ,0.02936 
-0.10497 ,0.02936 
-0.11429 ,0.02936 
0.00310 ,0.02936 
-0.13755 ,0.02936 
-0.14403 ,0.02937 
-0.16076 ,0.02937 
-0.08009 ,0.02937 
-0.11004 ,0.02937 
-0.05350 ,0.02937 
0.02814 ,0.02937 
-0.14495 ,0.02937 
-0.07426 ,0.02937 
0.02804 ,0.02937 
-0.07447 ,0.02937 
0.04985 ,0.02937 
0.02844 ,0.02937 
0.06753 ,0.02937 
-0.07943 ,0.02937 
-0.01921 ,0.02938 
0.00568 ,0.02938 
0.00734 ,0.02938 
0.04250 ,0.02938 
0.01448 ,0.02938 
-0.14848 ,0.02938 
-0.11836 ,0.02938 
0.00700 ,0.02939 
-0.08551 ,0.02939 
0.03028 ,0.02939 
-0.10264 ,0.02939 
-0.01641 ,0.02939 
-0.08904 ,0.02939 
-0.12097 ,0.02939 
-0.07291 ,0.02939 
-0.03955 ,0.02939 
-0.12697 ,0.02939 
-0.10298 ,0.02939 
-0.11385 ,0.02939 
-0.11561 ,0.02939 
-0.15230 ,0.02940 
-0.11723 ,0.02940 
-0.10961 ,0.02940 
-0.10915 ,0.02940 
-0.13556 ,0.02940 
0.01026 ,0.02940 
-0.06156 ,0.02940 
-0.12579 ,0.02940 
-0.12127 ,0.02940 
-0.07628 ,0.02940 
-0.12393 ,0.02940 
-0.05208 ,0.02941 
-0.08082 ,0.02941 
-0.14067 ,0.02941 
-0.13005 ,0.02941 
-0.13477 ,0.02941 
-0.15511 ,0.02941 
-0.14343 ,0.02941 
-0.09575 ,0.02941 
-0.07685 ,0.02941 
0.03985 ,0.02941 
-0.14995 ,0.02942 
-0.12022 ,0.02942 
0.01246 ,0.02942 
-0.12942 ,0.02942 
-0.10990 ,0.02942 
0.00421 ,0.02942 
-0.06845 ,0.02942 
-0.12117 ,0.02942 
-0.02309 ,0.02942 
-0.07041 ,0.02942 
-0.16297 ,0.02942 
-0.09395 ,0.02942 
-0.08207 ,0.02943 
-0.06953 ,0.02943 
-0.13318 ,0.02943 
0.01482 ,0.02943 
-0.10019 ,0.02943 
-0.01938 ,0.02943 
-0.15280 ,0.02943 
-0.15728 ,0.02943 
-0.08103 ,0.02943 
-0.13705 ,0.02944 
-0.06136 ,0.02944 
-0.14978 ,0.02944 
-0.10770 ,0.02944 
-0.09264 ,0.02944 
-0.03631 ,0.02944 
-0.10168 ,0.02944 
0.02489 ,0.02944 
-0.16220 ,0.02944 
-0.13085 ,0.02945 
-0.13961 ,0.02945 
-0.11377 ,0.02945 
-0.04701 ,0.02945 
-0.12048 ,0.02945 
-0.14818 ,0.02945 
0.00132 ,0.02945 
0.02920 ,0.02945 
-0.13907 ,0.02945 
-0.00151 ,0.02946 
0.04075 ,0.02946 
-0.15973 ,0.02946 
-0.16600 ,0.02946 
-0.11859 ,0.02946 
-0.10241 ,0.02946 
-0.11907 ,0.02946 
-0.07636 ,0.02946 
-0.01530 ,0.02946 
0.01349 ,0.02947 
-0.10419 ,0.02947 
-0.09429 ,0.02947 
-0.05502 ,0.02947 
-0.14307 ,0.02947 
-0.12576 ,0.02947 
-0.12171 ,0.02947 
-0.14384 ,0.02947 
-0.07126 ,0.02948 
-0.13176 ,0.02948 
0.01828 ,0.02948 
-0.11072 ,0.02948 
0.00653 ,0.02948 
-0.13124 ,0.02948 
-0.03055 ,0.02948 
-0.14923 ,0.02948 
-0.15314 ,0.02948 
-0.09138 ,0.02948 
-0.13601 ,0.02948 
-0.11405 ,0.02948 
-0.14353 ,0.02948 
-0.11485 ,0.02948 
0.01516 ,0.02948 
-0.12614 ,0.02948 
-0.08695 ,0.02948 
-0.05601 ,0.02949 
-0.09518 ,0.02949 
-0.15113 ,0.02949 
-0.10238 ,0.02949 
-0.08353 ,0.02949 
-0.12760 ,0.02949 
-0.15881 ,0.02949 
-0.10061 ,0.02949 
0.03375 ,0.02949 
-0.13125 ,0.02949 
0.00095 ,0.02950 
-0.14517 ,0.02950 
-0.08738 ,0.02950 
-0.16563 ,0.02950 
-0.10862 ,0.02950 
0.00809 ,0.02950 
-0.00889 ,0.02950 
-0.14795 ,0.02950 
-0.06017 ,0.02950 
0.05519 ,0.02950 
-0.13190 ,0.02950 
-0.14073 ,0.02950 
-0.03031 ,0.02950 
-0.02197 ,0.02950 
0.02684 ,0.02950 
-0.14057 ,0.02950 
-0.10282 ,0.02951 
-0.12626 ,0.02951 
-0.06586 ,0.02951 
-0.10285 ,0.02951 
-0.13714 ,0.02951 
-0.10068 ,0.02951 
-0.02194 ,0.02951 
-0.14649 ,0.02951 
-0.06128 ,0.02951 
-0.11687 ,0.02951 
-0.17950 ,0.02951 
-0.15414 ,0.02952 
-0.03730 ,0.02952 
-0.11444 ,0.02952 
-0.08991 ,0.02952 
-0.01012 ,0.02952 
-0.09218 ,0.02952 
-0.02569 ,0.02952 
0.05579 ,0.02952 
-0.11499 ,0.02952 
-0.06269 ,0.02952 
-0.07334 ,0.02952 
-0.06309 ,0.02953 
-0.02627 ,0.02953 
-0.14173 ,0.02953 
-0.17117 ,0.02953 
-0.14753 ,0.02953 
0.07122 ,0.02953 
-0.03699 ,0.02953 
-0.10159 ,0.02954 
-0.11976 ,0.02954 
0.05714 ,0.02954 
-0.11790 ,0.02954 
-0.07626 ,0.02954 
-0.10082 ,0.02954 
-0.03962 ,0.02954 
-0.10805 ,0.02954 
-0.01499 ,0.02954 
-0.08212 ,0.02954 
-0.06000 ,0.02954 
-0.09740 ,0.02954 
-0.14669 ,0.02954 
-0.03314 ,0.02954 
-0.13278 ,0.02954 
-0.11067 ,0.02955 
-0.09494 ,0.02955 
0.00582 ,0.02955 
-0.14752 ,0.02955 
-0.16111 ,0.02955 
-0.10002 ,0.02955 
0.02530 ,0.02955 
-0.13030 ,0.02956 
-0.01865 ,0.02956 
0.00087 ,0.02956 
-0.01069 ,0.02956 
0.01746 ,0.02956 
-0.02728 ,0.02957 
-0.13339 ,0.02957 
-0.10458 ,0.02957 
-0.08523 ,0.02957 
0.05333 ,0.02957 
-0.13157 ,0.02958 
0.01179 ,0.02958 
-0.07185 ,0.02958 
-0.10354 ,0.02958 
-0.01761 ,0.02958 
-0.02549 ,0.02958 
-0.09510 ,0.02958 
-0.09948 ,0.02958 
-0.17097 ,0.02958 
-0.13432 ,0.02958 
-0.11358 ,0.02958 
-0.15235 ,0.02959 
-0.07308 ,0.02959 
-0.17045 ,0.02959 
-0.10117 ,0.02959 
-0.07997 ,0.02959 
-0.12144 ,0.02959 
-0.09666 ,0.02959 
-0.04982 ,0.02960 
-0.14287 ,0.02960 
-0.12158 ,0.02960 
-0.00496 ,0.02960 
0.01667 ,0.02960 
-0.12969 ,0.02960 
-0.08637 ,0.02961 
-0.15967 ,0.02961 
-0.07080 ,0.02961 
0.01378 ,0.02961 
-0.04200 ,0.02961 
-0.12859 ,0.02961 
-0.10369 ,0.02961 
-0.13660 ,0.02961 
-0.09071 ,0.02961 
-0.13995 ,0.02961 
-0.08261 ,0.02961 
-0.06755 ,0.02961 
0.01091 ,0.02962 
-0.11267 ,0.02962 
0.04177 ,0.02962 
-0.11009 ,0.02962 
-0.09096 ,0.02962 
-0.05200 ,0.02962 
-0.03160 ,0.02962 
0.02295 ,0.02962 
-0.10929 ,0.02962 
-0.10502 ,0.02962 
-0.16654 ,0.02962 
-0.13671 ,0.02962 
-0.13429 ,0.02962 
-0.04096 ,0.02963 
-0.14223 ,0.02963 
0.03831 ,0.02963 
-0.10343 ,0.02963 
-0.09351 ,0.02963 
-0.12198 ,0.02963 
-0.14903 ,0.02963 
-0.16177 ,0.02963 
0.04932 ,0.02964 
-0.04543 ,0.02964 
-0.12783 ,0.02964 
-0.09185 ,0.02964 
0.04311 ,0.02964 
-0.04770 ,0.02964 
-0.14165 ,0.02964 
-0.12802 ,0.02964 
-0.12214 ,0.02965 
0.02095 ,0.02965 
-0.15711 ,0.02965 
-0.15579 ,0.02965 
-0.13318 ,0.02965 
-0.06280 ,0.02965 
-0.11538 ,0.02965 
-0.11908 ,0.02965 
-0.08182 ,0.02965 
-0.07369 ,0.02966 
0.08095 ,0.02966 
-0.08619 ,0.02966 
-0.09090 ,0.02966 
-0.10569 ,0.02966 
-0.12237 ,0.02966 
-0.15374 ,0.02966 
-0.12896 ,0.02966 
-0.14384 ,0.02967 
-0.11223 ,0.02967 
-0.05427 ,0.02967 
-0.10244 ,0.02967 
0.02445 ,0.02967 
-0.07232 ,0.02967 
-0.11969 ,0.02967 
-0.11644 ,0.02967 
-0.13861 ,0.02968 
-0.11791 ,0.02968 
-0.13758 ,0.02968 
-0.10140 ,0.02968 
0.02192 ,0.02968 
0.04908 ,0.02968 
-0.06679 ,0.02968 
-0.16482 ,0.02968 
-0.15294 ,0.02969 
-0.06129 ,0.02969 
-0.14884 ,0.02969 
-0.07910 ,0.02969 
-0.15239 ,0.02969 
-0.06152 ,0.02969 
-0.15373 ,0.02970 
-0.00999 ,0.02970 
0.04070 ,0.02970 
-0.15839 ,0.02970 
-0.07466 ,0.02970 
-0.14791 ,0.02970 
-0.11349 ,0.02971 
-0.04113 ,0.02971 
-0.12865 ,0.02971 
-0.06951 ,0.02971 
-0.14021 ,0.02971 
-0.11542 ,0.02971 
-0.08190 ,0.02971 
-0.08267 ,0.02972 
-0.12515 ,0.02972 
-0.11497 ,0.02972 
0.01947 ,0.02972 
-0.09655 ,0.02972 
-0.04201 ,0.02972 
-0.08465 ,0.02972 
-0.09821 ,0.02972 
-0.09286 ,0.02972 
-0.14145 ,0.02972 
-0.12921 ,0.02973 
0.04128 ,0.02973 
-0.08939 ,0.02973 
-0.12927 ,0.02973 
-0.16016 ,0.02973 
-0.10729 ,0.02973 
-0.10814 ,0.02973 
-0.10043 ,0.02974 
-0.10471 ,0.02974 
0.02731 ,0.02974 
-0.12834 ,0.02974 
-0.05901 ,0.02974 
0.03598 ,0.02974 
-0.01026 ,0.02974 
-0.07935 ,0.02974 
0.02957 ,0.02974 
0.02057 ,0.02974 
-0.11447 ,0.02975 
-0.07292 ,0.02975 
0.02421 ,0.02975 
-0.10914 ,0.02975 
-0.09288 ,0.02975 
-0.07411 ,0.02975 
-0.15524 ,0.02975 
-0.07192 ,0.02975 
-0.08852 ,0.02975 
-0.09671 ,0.02975 
-0.12621 ,0.02976 
-0.15500 ,0.02976 
0.02143 ,0.02976 
-0.11953 ,0.02976 
0.05189 ,0.02976 
-0.13238 ,0.02976 
-0.09738 ,0.02976 
-0.00949 ,0.02976 
-0.05373 ,0.02976 
0.01719 ,0.02977 
0.00814 ,0.02977 
-0.10419 ,0.02977 
-0.09718 ,0.02977 
-0.10079 ,0.02977 
-0.14539 ,0.02977 
-0.13442 ,0.02977 
-0.10348 ,0.02977 
-0.08246 ,0.02977 
-0.12405 ,0.02977 
0.07560 ,0.02977 
-0.11027 ,0.02977 
-0.00030 ,0.02977 
-0.12799 ,0.02977 
0.06477 ,0.02978 
-0.15005 ,0.02978 
-0.14131 ,0.02978 
0.06304 ,0.02978 
0.00706 ,0.02978 
-0.07822 ,0.02978 
-0.13228 ,0.02978 
-0.02152 ,0.02978 
-0.15064 ,0.02978 
-0.12664 ,0.02979 
-0.12216 ,0.02979 
-0.07909 ,0.02979 
-0.13114 ,0.02979 
-0.15566 ,0.02979 
-0.16713 ,0.02979 
-0.09758 ,0.02979 
-0.02155 ,0.02979 
-0.11249 ,0.02979 
-0.00432 ,0.02980 
-0.10452 ,0.02980 
-0.08788 ,0.02980 
-0.05234 ,0.02980 
-0.09978 ,0.02980 
-0.01548 ,0.02980 
-0.13421 ,0.02980 
0.04337 ,0.02980 
-0.13382 ,0.02981 
-0.12143 ,0.02981 
0.02880 ,0.02981 
-0.08094 ,0.02981 
-0.13444 ,0.02981 
-0.17276 ,0.02981 
-0.12215 ,0.02982 
-0.06530 ,0.02982 
-0.11413 ,0.02982 
-0.03387 ,0.02982 
-0.01355 ,0.02982 
0.02397 ,0.02982 
-0.01711 ,0.02982 
-0.02902 ,0.02983 
0.04727 ,0.02983 
-0.04532 ,0.02983 
-0.11481 ,0.02983 
-0.16120 ,0.02983 
-0.12654 ,0.02983 
-0.03654 ,0.02983 
0.01414 ,0.02983 
-0.10832 ,0.02983 
-0.04791 ,0.02983 
0.10746 ,0.02984 
0.04446 ,0.02984 
0.01193 ,0.02984 
-0.13884 ,0.02984 
-0.11694 ,0.02984 
-0.12900 ,0.02984 
-0.13702 ,0.02984 
0.02608 ,0.02985 
-0.11616 ,0.02985 
-0.12468 ,0.02985 
-0.05749 ,0.02985 
-0.12016 ,0.02985 
-0.00994 ,0.02985 
-0.08553 ,0.02985 
0.03136 ,0.02985 
-0.00764 ,0.02985 
-0.13737 ,0.02985 
-0.11377 ,0.02985 
-0.07118 ,0.02986 
-0.09886 ,0.02986 
-0.09968 ,0.02986 
-0.12926 ,0.02986 
0.04983 ,0.02986 
0.05906 ,0.02986 
-0.10606 ,0.02986 
-0.01718 ,0.02986 
-0.13327 ,0.02986 
-0.12284 ,0.02986 
-0.12441 ,0.02987 
-0.13725 ,0.02987 
-0.14540 ,0.02987 
-0.08069 ,0.02987 
-0.07970 ,0.02987 
-0.14199 ,0.02987 
-0.05335 ,0.02987 
-0.12878 ,0.02987 
-0.11062 ,0.02987 
-0.13524 ,0.02988 
-0.16485 ,0.02988 
-0.12450 ,0.02988 
-0.09286 ,0.02988 
-0.06693 ,0.02989 
-0.07987 ,0.02989 
-0.14122 ,0.02989 
-0.14711 ,0.02989 
-0.10618 ,0.02989 
-0.06298 ,0.02989 
-0.10403 ,0.02989 
0.04292 ,0.02989 
-0.16141 ,0.02989 
-0.08873 ,0.02989 
-0.00154 ,0.02989 
-0.08628 ,0.02989 
-0.12750 ,0.02990 
-0.14036 ,0.02990 
0.03727 ,0.02990 
-0.11151 ,0.02990 
-0.09850 ,0.02990 
-0.11672 ,0.02990 
-0.13442 ,0.02990 
-0.11655 ,0.02990 
-0.13926 ,0.02990 
-0.04854 ,0.02990 
-0.11204 ,0.02990 
-0.14101 ,0.02991 
-0.12397 ,0.02991 
-0.14674 ,0.02991 
-0.12196 ,0.02991 
-0.04561 ,0.02991 
0.02322 ,0.02991 
-0.00832 ,0.02991 
-0.10222 ,0.02991 
-0.09423 ,0.02991 
0.03408 ,0.02991 
-0.12060 ,0.02991 
-0.11688 ,0.02991 
-0.01866 ,0.02992 
-0.09881 ,0.02992 
-0.09558 ,0.02992 
-0.07864 ,0.02992 
-0.12370 ,0.02992 
-0.09129 ,0.02992 
-0.09515 ,0.02992 
-0.12925 ,0.02992 
-0.02509 ,0.02993 
-0.15079 ,0.02993 
0.03036 ,0.02993 
0.03406 ,0.02993 
-0.09410 ,0.02993 
-0.02283 ,0.02993 
0.00959 ,0.02993 
0.02360 ,0.02993 
-0.16264 ,0.02993 
-0.08040 ,0.02994 
-0.07125 ,0.02994 
-0.07509 ,0.02994 
0.04348 ,0.02994 
-0.00745 ,0.02994 
-0.05401 ,0.02994 
-0.12696 ,0.02994 
0.04894 ,0.02994 
-0.14800 ,0.02994 
-0.11659 ,0.02995 
-0.11709 ,0.02995 
-0.11384 ,0.02995 
-0.04841 ,0.02995 
-0.00265 ,0.02995 
-0.12671 ,0.02995 
0.01527 ,0.02995 
-0.15017 ,0.02995 
-0.01639 ,0.02995 
-0.06705 ,0.02995 
-0.06150 ,0.02996 
0.03430 ,0.02996 
-0.09465 ,0.02996 
-0.08308 ,0.02996 
-0.14277 ,0.02996 
-0.13221 ,0.02996 
-0.12944 ,0.02996 
-0.14589 ,0.02996 
-0.06511 ,0.02996 
-0.14036 ,0.02996 
-0.02464 ,0.02997 
-0.12804 ,0.02997 
0.07972 ,0.02997 
-0.06689 ,0.02997 
-0.06232 ,0.02997 
-0.11431 ,0.02997 
-0.15464 ,0.02997 
-0.13915 ,0.02998 
0.02136 ,0.02998 
-0.10755 ,0.02998 
-0.07311 ,0.02998 
-0.12108 ,0.02998 
-0.10795 ,0.02998 
-0.12759 ,0.02998 
-0.10976 ,0.02998 
-0.04527 ,0.02998 
-0.09928 ,0.02998 
-0.09097 ,0.02999 
-0.13889 ,0.02999 
-0.12973 ,0.02999 
-0.05546 ,0.02999 
0.02389 ,0.02999 
0.08787 ,0.02999 
-0.11604 ,0.02999 
-0.12356 ,0.02999 
-0.13230 ,0.02999 
-0.12767 ,0.02999 
-0.14508 ,0.03000 
-0.11001 ,0.03000 
-0.08347 ,0.03000 
0.01430 ,0.03000 
-0.11851 ,0.03000 
-0.12922 ,0.03000 
-0.12332 ,0.03000 
-0.14826 ,0.03000 
0.03196 ,0.03000 
-0.00809 ,0.03001 
-0.04855 ,0.03001 
0.00619 ,0.03001 
-0.05617 ,0.03001 
-0.09517 ,0.03001 
-0.09522 ,0.03001 
-0.13708 ,0.03001 
-0.12899 ,0.03001 
-0.10069 ,0.03001 
-0.02524 ,0.03001 
-0.08058 ,0.03001 
-0.08413 ,0.03001 
-0.09995 ,0.03002 
-0.00072 ,0.03002 
-0.13427 ,0.03002 
-0.03127 ,0.03002 
-0.05188 ,0.03002 
-0.13899 ,0.03002 
-0.10846 ,0.03002 
-0.12433 ,0.03002 
-0.14101 ,0.03002 
-0.12959 ,0.03003 
-0.13411 ,0.03003 
-0.11144 ,0.03003 
0.03582 ,0.03003 
-0.08397 ,0.03003 
0.01753 ,0.03003 
-0.08875 ,0.03003 
-0.12611 ,0.03004 
-0.11245 ,0.03004 
-0.15587 ,0.03004 
-0.10615 ,0.03004 
-0.09052 ,0.03004 
-0.03997 ,0.03004 
-0.08089 ,0.03005 
-0.06842 ,0.03005 
-0.12736 ,0.03005 
-0.14268 ,0.03005 
-0.06729 ,0.03005 
-0.15724 ,0.03005 
-0.10239 ,0.03005 
-0.03956 ,0.03005 
-0.04383 ,0.03005 
-0.02838 ,0.03005 
-0.14467 ,0.03005 
-0.14585 ,0.03005 
0.03151 ,0.03005 
-0.06140 ,0.03005 
-0.08855 ,0.03005 
-0.11885 ,0.03005 
-0.11066 ,0.03006 
-0.11506 ,0.03006 
-0.11733 ,0.03006 
-0.14052 ,0.03006 
-0.11803 ,0.03006 
-0.16585 ,0.03006 
-0.10412 ,0.03006 
-0.11148 ,0.03006 
-0.12342 ,0.03006 
-0.06095 ,0.03006 
-0.09844 ,0.03006 
0.00686 ,0.03006 
-0.12758 ,0.03006 
-0.10858 ,0.03006 
0.01506 ,0.03007 
-0.12274 ,0.03007 
0.01809 ,0.03007 
-0.09036 ,0.03007 
-0.12230 ,0.03007 
-0.04875 ,0.03008 
-0.17571 ,0.03008 
-0.13824 ,0.03008 
-0.11096 ,0.03008 
-0.14208 ,0.03008 
-0.12257 ,0.03008 
-0.07294 ,0.03008 
-0.00078 ,0.03008 
-0.15469 ,0.03008 
-0.09533 ,0.03008 
-0.13500 ,0.03008 
-0.08186 ,0.03008 
-0.03735 ,0.03008 
-0.10598 ,0.03008 
-0.15804 ,0.03009 
-0.09297 ,0.03009 
-0.04965 ,0.03009 
-0.16556 ,0.03009 
0.09150 ,0.03009 
-0.05910 ,0.03009 
-0.12904 ,0.03009 
-0.13453 ,0.03009 
-0.14557 ,0.03010 
-0.08772 ,0.03010 
0.02278 ,0.03010 
-0.09904 ,0.03010 
-0.03829 ,0.03010 
-0.02797 ,0.03010 
-0.09430 ,0.03010 
-0.09050 ,0.03010 
-0.06889 ,0.03011 
-0.11121 ,0.03011 
0.02597 ,0.03011 
-0.12297 ,0.03011 
0.06288 ,0.03011 
-0.11293 ,0.03011 
0.02385 ,0.03011 
-0.07829 ,0.03011 
-0.16177 ,0.03011 
-0.12030 ,0.03011 
-0.03989 ,0.03012 
-0.15476 ,0.03012 
-0.09695 ,0.03012 
0.00178 ,0.03012 
0.01079 ,0.03012 
-0.07498 ,0.03012 
-0.11508 ,0.03012 
-0.13251 ,0.03012 
-0.07095 ,0.03012 
0.01079 ,0.03012 
-0.07431 ,0.03012 
-0.11747 ,0.03012 
-0.10901 ,0.03012 
-0.05095 ,0.03012 
-0.14147 ,0.03012 
-0.00879 ,0.03013 
-0.14313 ,0.03013 
-0.06968 ,0.03013 
-0.09418 ,0.03013 
-0.13705 ,0.03013 
0.02043 ,0.03013 
-0.14713 ,0.03013 
-0.01774 ,0.03013 
-0.06488 ,0.03013 
-0.13986 ,0.03013 
-0.11931 ,0.03014 
-0.12333 ,0.03014 
-0.00465 ,0.03014 
-0.13922 ,0.03014 
0.01333 ,0.03014 
-0.15364 ,0.03014 
-0.12028 ,0.03015 
-0.10544 ,0.03015 
-0.08877 ,0.03015 
-0.15747 ,0.03015 
-0.13088 ,0.03015 
-0.05874 ,0.03015 
-0.05488 ,0.03015 
0.07968 ,0.03015 
-0.01162 ,0.03015 
-0.06911 ,0.03015 
-0.16979 ,0.03016 
-0.05333 ,0.03016 
-0.06508 ,0.03016 
-0.11332 ,0.03016 
0.02341 ,0.03016 
-0.08960 ,0.03016 
-0.12176 ,0.03016 
-0.14295 ,0.03016 
-0.05707 ,0.03016 
-0.12354 ,0.03016 
-0.08631 ,0.03017 
-0.06265 ,0.03017 
-0.10923 ,0.03017 
-0.11447 ,0.03017 
-0.08991 ,0.03017 
-0.00162 ,0.03017 
0.02658 ,0.03017 
0.02251 ,0.03017 
-0.11310 ,0.03018 
0.01131 ,0.03018 
-0.11261 ,0.03018 
-0.15744 ,0.03018 
-0.14711 ,0.03018 
-0.14433 ,0.03018 
-0.15798 ,0.03018 
-0.13998 ,0.03018 
-0.17391 ,0.03018 
-0.10723 ,0.03018 
-0.02843 ,0.03019 
-0.05966 ,0.03019 
-0.05231 ,0.03019 
-0.13085 ,0.03019 
-0.08161 ,0.03019 
-0.10464 ,0.03019 
-0.12751 ,0.03019 
-0.03194 ,0.03019 
-0.12606 ,0.03020 
0.03187 ,0.03020 
0.01722 ,0.03020 
-0.06048 ,0.03020 
-0.09880 ,0.03020 
0.03002 ,0.03020 
-0.11650 ,0.03020 
-0.14238 ,0.03021 
-0.12215 ,0.03021 
-0.13827 ,0.03021 
-0.10485 ,0.03021 
-0.13519 ,0.03021 
0.04478 ,0.03021 
-0.07942 ,0.03021 
-0.11592 ,0.03021 
-0.12383 ,0.03021 
-0.10273 ,0.03021 
-0.05247 ,0.03021 
-0.11198 ,0.03022 
-0.06961 ,0.03022 
-0.09786 ,0.03022 
0.00820 ,0.03022 
-0.09358 ,0.03022 
-0.12617 ,0.03022 
-0.11822 ,0.03022 
0.02732 ,0.03022 
-0.14182 ,0.03022 
-0.15521 ,0.03022 
-0.10674 ,0.03022 
-0.12188 ,0.03023 
-0.04345 ,0.03023 
-0.04284 ,0.03023 
-0.10272 ,0.03023 
-0.07409 ,0.03023 
-0.06998 ,0.03023 
0.01085 ,0.03023 
-0.04538 ,0.03023 
-0.09434 ,0.03024 
0.05848 ,0.03024 
-0.12200 ,0.03024 
0.01279 ,0.03024 
-0.13377 ,0.03024 
-0.09956 ,0.03024 
-0.10783 ,0.03024 
-0.13713 ,0.03025 
-0.09511 ,0.03025 
0.00661 ,0.03025 
-0.15481 ,0.03025 
-0.13023 ,0.03025 
-0.13485 ,0.03025 
0.07034 ,0.03025 
-0.08659 ,0.03025 
-0.12274 ,0.03025 
-0.11008 ,0.03025 
-0.14557 ,0.03025 
-0.14587 ,0.03026 
-0.06038 ,0.03026 
-0.08943 ,0.03026 
-0.09089 ,0.03026 
-0.13182 ,0.03026 
-0.09317 ,0.03026 
-0.11634 ,0.03026 
-0.03320 ,0.03026 
-0.09177 ,0.03026 
-0.05395 ,0.03026 
0.08160 ,0.03026 
0.03061 ,0.03026 
-0.08806 ,0.03026 
-0.08333 ,0.03027 
-0.15775 ,0.03027 
-0.09515 ,0.03027 
-0.07037 ,0.03027 
-0.06522 ,0.03027 
-0.14214 ,0.03027 
-0.13722 ,0.03027 
-0.05078 ,0.03027 
-0.09958 ,0.03027 
-0.08157 ,0.03027 
-0.15442 ,0.03027 
-0.08415 ,0.03028 
-0.11548 ,0.03028 
-0.03224 ,0.03028 
-0.09666 ,0.03028 
-0.13199 ,0.03028 
0.02848 ,0.03028 
-0.13838 ,0.03029 
-0.10279 ,0.03029 
-0.01182 ,0.03029 
-0.11706 ,0.03029 
-0.05585 ,0.03029 
-0.05030 ,0.03029 
-0.06444 ,0.03029 
0.04714 ,0.03029 
-0.11424 ,0.03029 
-0.07969 ,0.03029 
0.03753 ,0.03029 
-0.09688 ,0.03029 
-0.02466 ,0.03030 
-0.14822 ,0.03030 
-0.06382 ,0.03030 
-0.01079 ,0.03030 
-0.08301 ,0.03030 
-0.13874 ,0.03030 
-0.08986 ,0.03030 
-0.09159 ,0.03030 
-0.10763 ,0.03031 
-0.09151 ,0.03031 
-0.14807 ,0.03031 
-0.11634 ,0.03031 
-0.12112 ,0.03031 
0.01885 ,0.03031 
-0.11413 ,0.03031 
-0.12562 ,0.03031 
-0.07051 ,0.03031 
-0.09122 ,0.03032 
-0.10660 ,0.03032 
-0.06579 ,0.03032 
-0.15493 ,0.03032 
0.00541 ,0.03032 
-0.05903 ,0.03032 
-0.06780 ,0.03032 
-0.02915 ,0.03032 
-0.09896 ,0.03032 
-0.12734 ,0.03032 
0.03167 ,0.03033 
-0.10890 ,0.03033 
-0.14098 ,0.03033 
-0.05805 ,0.03033 
-0.10861 ,0.03033 
0.01906 ,0.03033 
0.04325 ,0.03033 
0.00964 ,0.03033 
-0.11238 ,0.03033 
0.05253 ,0.03033 
-0.12549 ,0.03033 
0.04023 ,0.03033 
-0.16382 ,0.03034 
-0.11517 ,0.03034 
0.00638 ,0.03034 
0.08046 ,0.03034 
-0.13967 ,0.03034 
-0.10432 ,0.03034 
0.04125 ,0.03034 
-0.08201 ,0.03034 
-0.13589 ,0.03034 
-0.10776 ,0.03034 
-0.11535 ,0.03035 
-0.13672 ,0.03035 
-0.14106 ,0.03035 
0.07536 ,0.03035 
0.00758 ,0.03035 
0.06001 ,0.03036 
-0.12350 ,0.03036 
-0.01492 ,0.03036 
-0.10635 ,0.03036 
-0.04443 ,0.03036 
-0.12402 ,0.03036 
-0.04020 ,0.03036 
-0.11842 ,0.03036 
-0.06314 ,0.03036 
-0.11974 ,0.03037 
0.07681 ,0.03037 
-0.09942 ,0.03037 
-0.04077 ,0.03037 
0.02423 ,0.03037 
-0.09512 ,0.03037 
-0.11628 ,0.03037 
-0.11489 ,0.03037 
-0.16199 ,0.03037 
-0.11406 ,0.03037 
-0.10591 ,0.03037 
-0.10862 ,0.03037 
0.03654 ,0.03037 
-0.13837 ,0.03037 
-0.05700 ,0.03038 
-0.11040 ,0.03038 
-0.12077 ,0.03038 
-0.07687 ,0.03038 
-0.04395 ,0.03038 
-0.01587 ,0.03038 
-0.03856 ,0.03038 
-0.06767 ,0.03038 
-0.14274 ,0.03038 
-0.13188 ,0.03038 
-0.11316 ,0.03038 
-0.04642 ,0.03038 
-0.10689 ,0.03039 
-0.10219 ,0.03039 
-0.05387 ,0.03039 
-0.14630 ,0.03039 
-0.10056 ,0.03039 
-0.13941 ,0.03039 
-0.09788 ,0.03039 
-0.14712 ,0.03039 
-0.10707 ,0.03040 
-0.16294 ,0.03040 
0.00495 ,0.03040 
-0.11842 ,0.03040 
-0.13718 ,0.03040 
-0.15477 ,0.03040 
-0.05816 ,0.03040 
-0.08717 ,0.03041 
0.01299 ,0.03041 
0.04933 ,0.03041 
-0.16302 ,0.03041 
-0.11490 ,0.03041 
-0.03403 ,0.03041 
0.05166 ,0.03041 
-0.10444 ,0.03041 
-0.00913 ,0.03041 
-0.09930 ,0.03041 
-0.08732 ,0.03041 
-0.09782 ,0.03041 
-0.12855 ,0.03041 
-0.07581 ,0.03041 
0.07485 ,0.03041 
-0.10894 ,0.03041 
-0.10011 ,0.03042 
-0.08227 ,0.03042 
-0.09523 ,0.03042 
-0.05187 ,0.03042 
-0.07901 ,0.03042 
-0.16493 ,0.03042 
-0.09633 ,0.03042 
-0.08738 ,0.03042 
-0.12980 ,0.03042 
-0.11088 ,0.03042 
-0.00903 ,0.03042 
-0.04924 ,0.03042 
0.02746 ,0.03042 
-0.03355 ,0.03043 
-0.11302 ,0.03043 
-0.14144 ,0.03043 
-0.12410 ,0.03043 
0.04716 ,0.03043 
-0.13027 ,0.03043 
-0.04753 ,0.03043 
-0.12512 ,0.03043 
-0.04709 ,0.03043 
-0.12493 ,0.03043 
0.00578 ,0.03044 
-0.09472 ,0.03044 
-0.10996 ,0.03044 
0.02816 ,0.03045 
-0.09922 ,0.03045 
0.00157 ,0.03045 
0.06292 ,0.03045 
-0.12180 ,0.03045 
-0.14410 ,0.03045 
-0.10782 ,0.03045 
-0.14847 ,0.03045 
-0.11083 ,0.03045 
0.01364 ,0.03046 
-0.00382 ,0.03046 
-0.14871 ,0.03046 
-0.10121 ,0.03046 
-0.13389 ,0.03046 
-0.11095 ,0.03046 
-0.06789 ,0.03046 
0.02110 ,0.03046 
-0.11451 ,0.03046 
-0.06499 ,0.03046 
-0.11740 ,0.03046 
-0.09595 ,0.03046 
-0.13143 ,0.03046 
-0.05220 ,0.03047 
-0.05041 ,0.03047 
-0.12494 ,0.03047 
-0.06796 ,0.03047 
-0.13070 ,0.03047 
-0.11662 ,0.03047 
-0.17169 ,0.03047 
-0.11061 ,0.03047 
-0.13241 ,0.03047 
-0.09855 ,0.03047 
0.01400 ,0.03047 
-0.03293 ,0.03047 
-0.15670 ,0.03047 
-0.03547 ,0.03047 
-0.09626 ,0.03047 
-0.11880 ,0.03048 
-0.10585 ,0.03048 
-0.13826 ,0.03048 
-0.09488 ,0.03048 
-0.13975 ,0.03048 
-0.16650 ,0.03048 
-0.00369 ,0.03048 
-0.14239 ,0.03048 
-0.13239 ,0.03048 
-0.06871 ,0.03048 
0.01604 ,0.03048 
-0.07717 ,0.03048 
-0.03195 ,0.03048 
0.02205 ,0.03049 
-0.11601 ,0.03049 
-0.11636 ,0.03049 
-0.05428 ,0.03049 
-0.13403 ,0.03049 
0.00824 ,0.03049 
-0.11507 ,0.03049 
-0.13964 ,0.03049 
-0.04239 ,0.03049 
-0.12443 ,0.03049 
-0.06360 ,0.03050 
-0.15700 ,0.03050 
-0.12191 ,0.03050 
0.05916 ,0.03050 
-0.13664 ,0.03050 
0.01165 ,0.03050 
-0.15014 ,0.03050 
-0.03228 ,0.03050 
-0.04668 ,0.03050 
-0.13699 ,0.03050 
-0.15575 ,0.03050 
-0.13054 ,0.03051 
-0.12798 ,0.03051 
-0.04032 ,0.03051 
-0.15305 ,0.03051 
-0.14331 ,0.03051 
-0.12387 ,0.03051 
-0.14158 ,0.03051 
-0.09206 ,0.03051 
-0.11506 ,0.03051 
-0.15423 ,0.03051 
-0.07600 ,0.03052 
-0.16066 ,0.03052 
-0.11712 ,0.03052 
-0.07001 ,0.03052 
-0.13548 ,0.03052 
-0.01631 ,0.03052 
-0.13534 ,0.03052 
-0.10188 ,0.03052 
-0.13512 ,0.03052 
-0.04118 ,0.03052 
0.06847 ,0.03052 
-0.14591 ,0.03052 
-0.13005 ,0.03052 
-0.08616 ,0.03052 
-0.07424 ,0.03052 
-0.14207 ,0.03052 
-0.11181 ,0.03052 
-0.06655 ,0.03053 
0.03218 ,0.03053 
-0.06724 ,0.03053 
-0.07303 ,0.03053 
-0.09908 ,0.03053 
-0.09615 ,0.03053 
-0.12292 ,0.03053 
0.00120 ,0.03054 
-0.15624 ,0.03054 
-0.00047 ,0.03054 
-0.11249 ,0.03054 
-0.13816 ,0.03054 
-0.09268 ,0.03054 
0.10288 ,0.03054 
-0.14312 ,0.03054 
-0.13127 ,0.03055 
-0.10301 ,0.03055 
-0.04338 ,0.03055 
-0.12412 ,0.03055 
0.04526 ,0.03055 
-0.12317 ,0.03055 
-0.08325 ,0.03055 
-0.12701 ,0.03055 
-0.14027 ,0.03055 
-0.10226 ,0.03055 
-0.09626 ,0.03055 
-0.09300 ,0.03055 
-0.13973 ,0.03056 
-0.12866 ,0.03056 
-0.15153 ,0.03056 
-0.12886 ,0.03056 
-0.14830 ,0.03056 
-0.14094 ,0.03056 
0.00772 ,0.03056 
-0.11024 ,0.03056 
0.00236 ,0.03056 
-0.00072 ,0.03057 
-0.12988 ,0.03057 
-0.12693 ,0.03057 
-0.03078 ,0.03057 
0.04131 ,0.03057 
-0.07775 ,0.03057 
-0.07383 ,0.03057 
-0.15438 ,0.03057 
0.08634 ,0.03057 
-0.13644 ,0.03057 
0.04586 ,0.03057 
-0.12457 ,0.03057 
-0.14235 ,0.03057 
0.00918 ,0.03058 
-0.13240 ,0.03058 
-0.09255 ,0.03058 
-0.12636 ,0.03058 
-0.15476 ,0.03058 
-0.00128 ,0.03058 
-0.13106 ,0.03058 
-0.10718 ,0.03058 
-0.13639 ,0.03059 
-0.10429 ,0.03059 
-0.10145 ,0.03059 
-0.11717 ,0.03059 
-0.13304 ,0.03060 
-0.08306 ,0.03060 
-0.02749 ,0.03060 
-0.12016 ,0.03060 
0.05390 ,0.03061 
-0.01201 ,0.03061 
-0.11845 ,0.03061 
-0.03566 ,0.03061 
-0.10632 ,0.03061 
-0.04978 ,0.03061 
-0.04002 ,0.03061 
-0.13037 ,0.03061 
-0.04943 ,0.03061 
-0.07040 ,0.03061 
-0.12314 ,0.03061 
-0.10252 ,0.03061 
-0.13057 ,0.03062 
-0.12827 ,0.03062 
0.01906 ,0.03062 
-0.12013 ,0.03062 
-0.12109 ,0.03062 
-0.06439 ,0.03062 
-0.12341 ,0.03062 
-0.14996 ,0.03062 
-0.08252 ,0.03062 
-0.08588 ,0.03062 
-0.13855 ,0.03062 
-0.04338 ,0.03063 
-0.15437 ,0.03063 
-0.10004 ,0.03063 
-0.11985 ,0.03063 
-0.11231 ,0.03063 
-0.14248 ,0.03063 
0.04347 ,0.03063 
-0.14110 ,0.03064 
-0.10047 ,0.03064 
0.01865 ,0.03064 
-0.13642 ,0.03064 
-0.12137 ,0.03064 
-0.09255 ,0.03064 
-0.04639 ,0.03064 
-0.08143 ,0.03064 
-0.08533 ,0.03064 
-0.10026 ,0.03064 
-0.09061 ,0.03064 
-0.11830 ,0.03064 
-0.00489 ,0.03065 
-0.07891 ,0.03065 
-0.10733 ,0.03065 
-0.12622 ,0.03065 
-0.15264 ,0.03065 
-0.08301 ,0.03065 
-0.05429 ,0.03065 
-0.12928 ,0.03065 
-0.00749 ,0.03065 
-0.11329 ,0.03065 
-0.09241 ,0.03065 
0.03744 ,0.03066 
-0.08746 ,0.03066 
-0.12076 ,0.03066 
-0.04934 ,0.03066 
0.02997 ,0.03066 
-0.09766 ,0.03066 
-0.15346 ,0.03066 
-0.12944 ,0.03066 
-0.10886 ,0.03066 
-0.11354 ,0.03066 
-0.03223 ,0.03066 
-0.05822 ,0.03066 
-0.11627 ,0.03066 
-0.08447 ,0.03066 
-0.15656 ,0.03066 
0.04691 ,0.03067 
0.01302 ,0.03067 
-0.13602 ,0.03067 
-0.12036 ,0.03067 
-0.09302 ,0.03067 
-0.10993 ,0.03067 
-0.09340 ,0.03067 
-0.13286 ,0.03067 
-0.07124 ,0.03067 
-0.05740 ,0.03067 
-0.05938 ,0.03067 
-0.08291 ,0.03067 
-0.03024 ,0.03067 
-0.09452 ,0.03068 
-0.10638 ,0.03068 
-0.15301 ,0.03068 
-0.10549 ,0.03068 
-0.06625 ,0.03068 
-0.13621 ,0.03068 
-0.05731 ,0.03068 
-0.14787 ,0.03068 
-0.12351 ,0.03068 
-0.10857 ,0.03069 
0.01862 ,0.03069 
-0.12424 ,0.03069 
0.01763 ,0.03069 
-0.08679 ,0.03069 
-0.08758 ,0.03069 
-0.12777 ,0.03069 
0.02089 ,0.03069 
-0.13155 ,0.03069 
-0.16321 ,0.03070 
-0.08329 ,0.03070 
-0.13044 ,0.03070 
-0.14740 ,0.03070 
-0.15646 ,0.03070 
-0.12775 ,0.03070 
-0.14687 ,0.03070 
-0.10255 ,0.03070 
-0.14144 ,0.03070 
-0.01467 ,0.03070 
-0.08680 ,0.03070 
-0.12195 ,0.03071 
-0.12316 ,0.03071 
-0.09412 ,0.03071 
-0.08375 ,0.03071 
0.04863 ,0.03071 
-0.16688 ,0.03071 
-0.07905 ,0.03071 
-0.10914 ,0.03071 
0.01675 ,0.03071 
-0.08586 ,0.03071 
-0.00223 ,0.03072 
-0.14012 ,0.03072 
-0.02412 ,0.03072 
-0.12468 ,0.03072 
-0.02568 ,0.03072 
-0.01615 ,0.03072 
-0.03348 ,0.03072 
-0.09479 ,0.03072 
-0.14594 ,0.03072 
-0.07894 ,0.03072 
-0.08453 ,0.03072 
-0.07886 ,0.03072 
-0.12819 ,0.03073 
-0.12143 ,0.03073 
-0.14256 ,0.03073 
-0.08647 ,0.03073 
-0.10566 ,0.03073 
-0.04327 ,0.03073 
-0.02588 ,0.03073 
-0.12640 ,0.03073 
-0.11472 ,0.03073 
-0.15006 ,0.03073 
-0.11606 ,0.03073 
-0.11194 ,0.03073 
0.00621 ,0.03073 
-0.00165 ,0.03073 
-0.11280 ,0.03074 
-0.16449 ,0.03074 
-0.08131 ,0.03074 
-0.09094 ,0.03074 
-0.15197 ,0.03074 
-0.06726 ,0.03074 
-0.02015 ,0.03074 
-0.15316 ,0.03074 
-0.11732 ,0.03074 
-0.10545 ,0.03074 
-0.12583 ,0.03074 
-0.06272 ,0.03074 
-0.15340 ,0.03074 
-0.10921 ,0.03075 
-0.10362 ,0.03075 
0.04953 ,0.03075 
-0.00288 ,0.03075 
-0.10378 ,0.03075 
0.01133 ,0.03075 
-0.13099 ,0.03075 
-0.10314 ,0.03076 
-0.08870 ,0.03076 
-0.15441 ,0.03076 
-0.11976 ,0.03076 
-0.14359 ,0.03076 
0.05359 ,0.03076 
-0.14471 ,0.03076 
-0.11110 ,0.03076 
-0.04639 ,0.03076 
-0.11920 ,0.03076 
-0.06728 ,0.03076 
-0.12129 ,0.03076 
-0.12296 ,0.03076 
-0.06732 ,0.03076 
-0.16307 ,0.03076 
-0.13629 ,0.03076 
-0.09696 ,0.03077 
-0.11625 ,0.03077 
-0.13318 ,0.03077 
-0.01322 ,0.03077 
-0.09238 ,0.03077 
-0.14474 ,0.03077 
-0.09533 ,0.03077 
-0.06137 ,0.03077 
-0.11542 ,0.03077 
-0.05217 ,0.03078 
0.01021 ,0.03078 
-0.13411 ,0.03078 
-0.07388 ,0.03078 
-0.08560 ,0.03078 
-0.12244 ,0.03078 
-0.12105 ,0.03078 
-0.08878 ,0.03079 
-0.03855 ,0.03079 
0.02878 ,0.03079 
0.00791 ,0.03079 
-0.14391 ,0.03079 
-0.12783 ,0.03079 
-0.00612 ,0.03079 
0.04714 ,0.03079 
-0.11604 ,0.03079 
-0.11151 ,0.03079 
-0.15490 ,0.03079 
-0.10189 ,0.03079 
-0.09395 ,0.03079 
-0.07155 ,0.03079 
-0.12951 ,0.03079 
-0.12506 ,0.03079 
-0.01954 ,0.03080 
0.02824 ,0.03080 
0.07731 ,0.03080 
-0.12281 ,0.03080 
-0.07228 ,0.03080 
0.06038 ,0.03080 
-0.01194 ,0.03080 
-0.11509 ,0.03081 
-0.06802 ,0.03081 
-0.11553 ,0.03081 
0.00849 ,0.03081 
-0.10962 ,0.03081 
-0.09495 ,0.03081 
-0.12768 ,0.03081 
-0.06091 ,0.03081 
-0.12440 ,0.03081 
-0.10973 ,0.03081 
-0.13500 ,0.03081 
-0.07964 ,0.03082 
-0.09792 ,0.03082 
-0.07806 ,0.03082 
-0.16133 ,0.03082 
-0.10019 ,0.03082 
-0.09328 ,0.03082 
-0.13971 ,0.03082 
-0.15307 ,0.03082 
0.07039 ,0.03082 
0.05273 ,0.03083 
-0.15249 ,0.03083 
-0.05613 ,0.03083 
-0.11837 ,0.03083 
-0.10571 ,0.03083 
-0.13252 ,0.03083 
-0.09176 ,0.03083 
-0.09112 ,0.03083 
-0.01029 ,0.03083 
-0.03230 ,0.03083 
-0.14867 ,0.03083 
-0.07569 ,0.03083 
-0.11266 ,0.03083 
-0.15260 ,0.03083 
-0.05265 ,0.03084 
-0.15204 ,0.03084 
0.06131 ,0.03084 
-0.09088 ,0.03084 
-0.01817 ,0.03084 
-0.07646 ,0.03084 
-0.08913 ,0.03084 
0.10216 ,0.03084 
-0.15523 ,0.03084 
-0.12508 ,0.03084 
-0.14960 ,0.03084 
-0.15826 ,0.03084 
-0.06759 ,0.03085 
-0.13662 ,0.03085 
-0.12309 ,0.03085 
-0.03324 ,0.03085 
-0.00616 ,0.03085 
-0.12426 ,0.03085 
-0.09847 ,0.03085 
-0.01158 ,0.03086 
-0.11834 ,0.03086 
-0.13007 ,0.03086 
-0.12357 ,0.03086 
-0.11601 ,0.03086 
-0.13219 ,0.03086 
-0.14236 ,0.03086 
-0.03771 ,0.03086 
-0.09179 ,0.03087 
-0.09695 ,0.03087 
-0.09621 ,0.03087 
0.06854 ,0.03087 
0.03838 ,0.03087 
-0.05585 ,0.03087 
-0.14710 ,0.03087 
-0.12321 ,0.03087 
-0.05703 ,0.03087 
-0.14865 ,0.03087 
-0.04689 ,0.03087 
0.00361 ,0.03087 
0.09753 ,0.03087 
-0.11217 ,0.03087 
-0.10481 ,0.03088 
-0.15022 ,0.03088 
0.00407 ,0.03088 
0.04098 ,0.03088 
-0.15556 ,0.03088 
-0.12110 ,0.03088 
0.01591 ,0.03088 
-0.12090 ,0.03088 
-0.14119 ,0.03088 
-0.13724 ,0.03088 
-0.06544 ,0.03088 
-0.06144 ,0.03088 
0.09386 ,0.03089 
-0.10257 ,0.03089 
-0.05784 ,0.03089 
-0.11715 ,0.03089 
-0.07063 ,0.03089 
-0.01845 ,0.03089 
0.07419 ,0.03089 
-0.12593 ,0.03089 
-0.03982 ,0.03089 
-0.10582 ,0.03089 
0.08990 ,0.03089 
-0.14047 ,0.03089 
-0.13031 ,0.03089 
-0.01820 ,0.03089 
-0.13947 ,0.03089 
-0.12954 ,0.03090 
-0.15052 ,0.03090 
-0.06444 ,0.03090 
0.01836 ,0.03090 
-0.10554 ,0.03090 
-0.11627 ,0.03090 
-0.15650 ,0.03090 
-0.08678 ,0.03090 
-0.07322 ,0.03090 
-0.10824 ,0.03090 
-0.06478 ,0.03090 
-0.14767 ,0.03091 
-0.11227 ,0.03091 
-0.11253 ,0.03091 
-0.13035 ,0.03091 
-0.09551 ,0.03091 
-0.10678 ,0.03091 
-0.13065 ,0.03091 
-0.07331 ,0.03091 
-0.04955 ,0.03091 
0.01334 ,0.03091 
-0.09544 ,0.03091 
-0.13192 ,0.03091 
-0.12231 ,0.03091 
-0.16374 ,0.03091 
-0.13247 ,0.03092 
-0.14590 ,0.03092 
-0.10292 ,0.03092 
-0.11790 ,0.03092 
-0.10866 ,0.03092 
-0.02695 ,0.03092 
-0.14001 ,0.03093 
-0.04213 ,0.03093 
-0.14074 ,0.03093 
0.01125 ,0.03093 
-0.16736 ,0.03093 
-0.12471 ,0.03093 
-0.04679 ,0.03093 
-0.06620 ,0.03093 
-0.12281 ,0.03093 
-0.10018 ,0.03093 
-0.12521 ,0.03094 
-0.14803 ,0.03094 
-0.15978 ,0.03094 
-0.08187 ,0.03094 
-0.02689 ,0.03094 
-0.04944 ,0.03094 
0.08026 ,0.03094 
-0.07091 ,0.03094 
-0.14118 ,0.03094 
-0.09615 ,0.03094 
0.06780 ,0.03094 
-0.05704 ,0.03094 
0.05382 ,0.03095 
-0.13358 ,0.03095 
0.01729 ,0.03095 
-0.11611 ,0.03095 
-0.05914 ,0.03095 
0.01933 ,0.03095 
-0.12053 ,0.03095 
-0.02022 ,0.03095 
-0.12262 ,0.03095 
-0.04383 ,0.03095 
0.03198 ,0.03095 
-0.02046 ,0.03095 
-0.04195 ,0.03095 
-0.11682 ,0.03095 
0.07881 ,0.03095 
-0.08524 ,0.03095 
-0.06848 ,0.03095 
-0.06999 ,0.03095 
-0.11962 ,0.03095 
-0.12260 ,0.03096 
-0.05964 ,0.03096 
-0.04896 ,0.03096 
-0.11644 ,0.03096 
-0.09067 ,0.03096 
-0.09948 ,0.03096 
-0.11783 ,0.03096 
0.01519 ,0.03096 
-0.08750 ,0.03097 
-0.09886 ,0.03097 
-0.09860 ,0.03097 
-0.03612 ,0.03097 
-0.13737 ,0.03097 
-0.10321 ,0.03098 
-0.13972 ,0.03098 
-0.05140 ,0.03098 
-0.06321 ,0.03098 
0.04048 ,0.03098 
-0.14486 ,0.03098 
-0.09487 ,0.03098 
-0.11866 ,0.03098 
-0.15210 ,0.03098 
-0.06738 ,0.03098 
-0.10323 ,0.03098 
-0.16163 ,0.03098 
-0.14563 ,0.03099 
-0.10504 ,0.03099 
0.04582 ,0.03099 
-0.10954 ,0.03099 
0.06800 ,0.03099 
-0.14004 ,0.03099 
-0.01569 ,0.03099 
-0.09818 ,0.03099 
-0.12987 ,0.03099 
-0.14021 ,0.03099 
-0.00057 ,0.03099 
-0.07172 ,0.03099 
0.04145 ,0.03099 
-0.08211 ,0.03099 
-0.08832 ,0.03099 
-0.02200 ,0.03099 
-0.03017 ,0.03099 
0.07370 ,0.03100 
-0.12194 ,0.03100 
-0.08682 ,0.03100 
0.02998 ,0.03100 
-0.14078 ,0.03100 
0.00011 ,0.03100 
0.01111 ,0.03100 
-0.05912 ,0.03100 
0.00407 ,0.03100 
-0.12552 ,0.03100 
-0.15923 ,0.03100 
-0.12052 ,0.03100 
-0.05375 ,0.03101 
-0.03750 ,0.03101 
-0.12247 ,0.03101 
-0.10563 ,0.03101 
-0.03579 ,0.03101 
-0.03419 ,0.03101 
-0.12326 ,0.03101 
-0.10585 ,0.03101 
-0.10647 ,0.03101 
-0.06241 ,0.03101 
-0.12327 ,0.03101 
-0.02327 ,0.03102 
-0.06333 ,0.03102 
-0.06327 ,0.03102 
-0.13121 ,0.03102 
-0.08126 ,0.03102 
-0.14593 ,0.03102 
-0.05397 ,0.03102 
-0.06193 ,0.03102 
0.07361 ,0.03102 
-0.15945 ,0.03102 
-0.17087 ,0.03102 
0.05676 ,0.03102 
-0.08593 ,0.03102 
0.01610 ,0.03102 
-0.15608 ,0.03102 
-0.04712 ,0.03102 
-0.13766 ,0.03102 
-0.03241 ,0.03102 
-0.07979 ,0.03103 
-0.12406 ,0.03103 
-0.09266 ,0.03103 
-0.05875 ,0.03103 
-0.07973 ,0.03103 
-0.13053 ,0.03103 
-0.09461 ,0.03103 
-0.10441 ,0.03103 
-0.12071 ,0.03103 
-0.11925 ,0.03103 
-0.15555 ,0.03103 
-0.06591 ,0.03103 
-0.12657 ,0.03103 
-0.09513 ,0.03103 
-0.04210 ,0.03103 
-0.11703 ,0.03103 
-0.09647 ,0.03103 
-0.11416 ,0.03104 
-0.01890 ,0.03104 
-0.05113 ,0.03104 
-0.12485 ,0.03104 
-0.10695 ,0.03104 
-0.06190 ,0.03104 
-0.02577 ,0.03104 
-0.15882 ,0.03104 
-0.11355 ,0.03104 
-0.09781 ,0.03104 
-0.12042 ,0.03105 
-0.11870 ,0.03105 
-0.10105 ,0.03105 
-0.06920 ,0.03105 
-0.04629 ,0.03105 
-0.15375 ,0.03105 
-0.16347 ,0.03105 
-0.10985 ,0.03105 
-0.15498 ,0.03105 
-0.11378 ,0.03105 
-0.13968 ,0.03105 
-0.13698 ,0.03105 
-0.06898 ,0.03105 
0.00038 ,0.03106 
-0.13414 ,0.03106 
-0.13614 ,0.03106 
-0.10101 ,0.03106 
-0.13100 ,0.03106 
-0.06543 ,0.03106 
-0.05622 ,0.03106 
-0.11865 ,0.03106 
-0.08937 ,0.03106 
-0.08606 ,0.03106 
-0.08032 ,0.03106 
-0.11075 ,0.03107 
-0.11141 ,0.03107 
-0.04892 ,0.03107 
-0.00578 ,0.03107 
-0.11427 ,0.03107 
-0.09109 ,0.03107 
-0.13203 ,0.03107 
-0.02574 ,0.03107 
0.01609 ,0.03107 
-0.10694 ,0.03107 
-0.11232 ,0.03107 
0.05132 ,0.03107 
-0.06034 ,0.03107 
-0.14266 ,0.03108 
-0.15951 ,0.03108 
0.00785 ,0.03108 
-0.14839 ,0.03108 
-0.06619 ,0.03108 
-0.14172 ,0.03108 
-0.06324 ,0.03109 
-0.11323 ,0.03109 
-0.12878 ,0.03109 
-0.01195 ,0.03109 
-0.13526 ,0.03109 
0.03608 ,0.03109 
-0.11608 ,0.03109 
-0.07470 ,0.03109 
-0.08360 ,0.03109 
-0.10859 ,0.03109 
-0.13851 ,0.03109 
-0.11227 ,0.03109 
-0.12317 ,0.03109 
-0.12626 ,0.03109 
-0.14279 ,0.03109 
-0.06107 ,0.03109 
-0.02531 ,0.03110 
-0.12306 ,0.03110 
0.02527 ,0.03110 
-0.07154 ,0.03110 
-0.15008 ,0.03110 
-0.04619 ,0.03110 
-0.01776 ,0.03110 
-0.12533 ,0.03110 
-0.07733 ,0.03110 
0.01080 ,0.03110 
0.02974 ,0.03111 
-0.01418 ,0.03111 
0.07357 ,0.03111 
-0.13676 ,0.03111 
-0.14443 ,0.03111 
-0.15191 ,0.03111 
-0.01136 ,0.03111 
-0.13010 ,0.03111 
-0.10822 ,0.03111 
-0.04466 ,0.03111 
0.05167 ,0.03111 
-0.11124 ,0.03111 
0.06377 ,0.03111 
-0.13388 ,0.03112 
-0.03254 ,0.03112 
-0.07379 ,0.03112 
-0.14343 ,0.03112 
-0.09678 ,0.03112 
0.08570 ,0.03112 
-0.13569 ,0.03112 
-0.16985 ,0.03112 
-0.09921 ,0.03113 
-0.12512 ,0.03113 
-0.11338 ,0.03113 
-0.11621 ,0.03113 
-0.09820 ,0.03113 
-0.10294 ,0.03113 
-0.13842 ,0.03113 
-0.11233 ,0.03113 
0.01016 ,0.03113 
-0.10940 ,0.03113 
-0.09251 ,0.03113 
-0.05102 ,0.03113 
-0.09351 ,0.03113 
-0.06300 ,0.03113 
0.03309 ,0.03113 
0.00715 ,0.03113 
-0.11253 ,0.03113 
-0.02292 ,0.03113 
-0.13711 ,0.03113 
-0.09990 ,0.03114 
-0.07806 ,0.03114 
-0.16040 ,0.03114 
-0.12166 ,0.03114 
-0.14172 ,0.03114 
-0.13686 ,0.03114 
0.04460 ,0.03114 
0.01890 ,0.03115 
-0.15214 ,0.03115 
0.02227 ,0.03115 
-0.02231 ,0.03115 
-0.12325 ,0.03115 
-0.04718 ,0.03115 
-0.11310 ,0.03115 
-0.15509 ,0.03115 
-0.12603 ,0.03115 
-0.08273 ,0.03115 
-0.07610 ,0.03115 
-0.13182 ,0.03116 
0.00967 ,0.03116 
-0.04397 ,0.03116 
-0.04857 ,0.03116 
-0.10917 ,0.03116 
-0.11960 ,0.03116 
-0.09168 ,0.03116 
0.04014 ,0.03116 
-0.12600 ,0.03116 
-0.14970 ,0.03116 
-0.00254 ,0.03116 
-0.05621 ,0.03117 
-0.11605 ,0.03117 
0.02483 ,0.03117 
-0.14729 ,0.03117 
-0.06645 ,0.03117 
-0.15572 ,0.03117 
-0.13246 ,0.03117 
-0.07437 ,0.03117 
-0.14278 ,0.03117 
-0.01160 ,0.03117 
-0.13037 ,0.03117 
-0.06462 ,0.03117 
-0.12942 ,0.03117 
-0.04773 ,0.03117 
-0.05395 ,0.03117 
-0.15788 ,0.03117 
-0.15250 ,0.03117 
-0.10979 ,0.03117 
0.01084 ,0.03118 
-0.15983 ,0.03118 
-0.13006 ,0.03118 
-0.07814 ,0.03118 
-0.11870 ,0.03118 
-0.11665 ,0.03118 
-0.11671 ,0.03118 
0.08078 ,0.03119 
-0.05975 ,0.03119 
-0.06210 ,0.03119 
-0.12554 ,0.03119 
-0.12860 ,0.03119 
-0.10886 ,0.03119 
-0.07242 ,0.03119 
-0.08759 ,0.03120 
-0.11224 ,0.03120 
-0.12030 ,0.03120 
-0.15673 ,0.03120 
-0.08311 ,0.03120 
-0.16971 ,0.03120 
-0.15902 ,0.03120 
-0.08928 ,0.03120 
-0.11659 ,0.03120 
-0.09164 ,0.03120 
0.01873 ,0.03120 
0.03212 ,0.03121 
-0.09732 ,0.03121 
-0.12705 ,0.03121 
-0.07552 ,0.03121 
-0.01312 ,0.03121 
-0.03924 ,0.03121 
0.01510 ,0.03121 
0.04807 ,0.03121 
-0.07937 ,0.03121 
-0.14449 ,0.03122 
-0.11901 ,0.03122 
0.02327 ,0.03122 
-0.12538 ,0.03122 
-0.11647 ,0.03122 
-0.11593 ,0.03122 
-0.12991 ,0.03122 
-0.08011 ,0.03123 
-0.10303 ,0.03123 
-0.13144 ,0.03123 
-0.01273 ,0.03123 
-0.02087 ,0.03123 
0.05334 ,0.03123 
-0.07140 ,0.03123 
-0.12865 ,0.03123 
-0.14685 ,0.03123 
-0.02526 ,0.03123 
-0.12845 ,0.03123 
-0.15685 ,0.03123 
-0.14924 ,0.03123 
-0.11112 ,0.03124 
-0.11548 ,0.03124 
-0.15080 ,0.03124 
-0.07769 ,0.03124 
-0.12711 ,0.03124 
-0.07178 ,0.03124 
-0.16522 ,0.03124 
-0.06269 ,0.03124 
0.02270 ,0.03124 
-0.10478 ,0.03124 
-0.14339 ,0.03124 
-0.12327 ,0.03124 
-0.01204 ,0.03124 
-0.00212 ,0.03124 
-0.07435 ,0.03124 
-0.15270 ,0.03124 
-0.08786 ,0.03124 
-0.12388 ,0.03125 
0.02410 ,0.03125 
-0.10068 ,0.03125 
-0.03127 ,0.03125 
0.01677 ,0.03125 
-0.08762 ,0.03125 
-0.07259 ,0.03125 
-0.11369 ,0.03125 
-0.10242 ,0.03125 
-0.15267 ,0.03125 
-0.12930 ,0.03125 
-0.12882 ,0.03126 
-0.14477 ,0.03126 
-0.03397 ,0.03126 
0.00092 ,0.03126 
-0.16878 ,0.03126 
-0.11119 ,0.03126 
-0.12380 ,0.03126 
-0.06671 ,0.03126 
-0.09941 ,0.03126 
-0.06844 ,0.03126 
-0.11817 ,0.03126 
-0.11289 ,0.03126 
-0.15841 ,0.03126 
-0.12190 ,0.03127 
-0.16081 ,0.03127 
-0.16313 ,0.03127 
-0.12096 ,0.03127 
-0.16829 ,0.03127 
-0.13253 ,0.03127 
-0.14688 ,0.03127 
-0.15392 ,0.03127 
-0.08401 ,0.03128 
-0.14389 ,0.03128 
-0.13156 ,0.03128 
-0.00817 ,0.03128 
-0.09238 ,0.03128 
0.04657 ,0.03128 
-0.09214 ,0.03128 
-0.12543 ,0.03128 
-0.03437 ,0.03128 
-0.12014 ,0.03128 
-0.08507 ,0.03128 
-0.08672 ,0.03128 
-0.06917 ,0.03128 
-0.12001 ,0.03129 
0.05887 ,0.03129 
-0.05408 ,0.03129 
-0.15039 ,0.03129 
0.00361 ,0.03129 
-0.03546 ,0.03129 
-0.12719 ,0.03130 
-0.03216 ,0.03130 
-0.10841 ,0.03130 
-0.13801 ,0.03130 
-0.13019 ,0.03130 
-0.14131 ,0.03130 
-0.13375 ,0.03130 
-0.11793 ,0.03130 
-0.07047 ,0.03130 
-0.07293 ,0.03130 
-0.01341 ,0.03130 
-0.01780 ,0.03131 
-0.10098 ,0.03131 
-0.05893 ,0.03131 
-0.10595 ,0.03131 
-0.06479 ,0.03131 
0.01053 ,0.03131 
-0.12030 ,0.03132 
-0.10338 ,0.03132 
-0.11031 ,0.03132 
-0.08853 ,0.03132 
-0.08407 ,0.03132 
-0.14836 ,0.03132 
-0.10444 ,0.03132 
-0.07368 ,0.03132 
-0.11080 ,0.03132 
0.06540 ,0.03132 
-0.10490 ,0.03133 
-0.00547 ,0.03133 
-0.11897 ,0.03133 
-0.13110 ,0.03133 
-0.12417 ,0.03133 
-0.09288 ,0.03133 
-0.08467 ,0.03133 
-0.10063 ,0.03133 
-0.09808 ,0.03133 
-0.16280 ,0.03133 
-0.10471 ,0.03133 
-0.03943 ,0.03133 
-0.06253 ,0.03134 
-0.03232 ,0.03134 
-0.06265 ,0.03134 
-0.12271 ,0.03134 
-0.10162 ,0.03134 
0.01135 ,0.03134 
-0.10580 ,0.03134 
-0.15847 ,0.03134 
-0.14463 ,0.03135 
-0.11293 ,0.03135 
0.10352 ,0.03135 
-0.15161 ,0.03135 
-0.02323 ,0.03135 
-0.09818 ,0.03135 
-0.07162 ,0.03135 
-0.08389 ,0.03135 
0.01588 ,0.03135 
-0.11832 ,0.03135 
0.03031 ,0.03136 
-0.12357 ,0.03136 
-0.05717 ,0.03136 
-0.12261 ,0.03136 
-0.10071 ,0.03136 
-0.05825 ,0.03136 
-0.11673 ,0.03136 
-0.01290 ,0.03136 
-0.04884 ,0.03136 
0.00083 ,0.03136 
-0.12731 ,0.03136 
-0.04018 ,0.03136 
-0.06016 ,0.03136 
0.05114 ,0.03136 
-0.05282 ,0.03136 
-0.10831 ,0.03137 
-0.09282 ,0.03137 
-0.13250 ,0.03137 
-0.13209 ,0.03137 
-0.11183 ,0.03137 
-0.04217 ,0.03137 
0.04332 ,0.03137 
-0.08687 ,0.03137 
-0.11229 ,0.03137 
-0.06126 ,0.03137 
-0.13459 ,0.03137 
0.05923 ,0.03138 
-0.06829 ,0.03138 
-0.14042 ,0.03138 
-0.12997 ,0.03138 
-0.09562 ,0.03138 
-0.03638 ,0.03138 
0.06475 ,0.03138 
-0.08591 ,0.03138 
-0.10882 ,0.03138 
-0.09411 ,0.03138 
-0.11856 ,0.03138 
-0.13554 ,0.03138 
-0.16028 ,0.03138 
-0.12806 ,0.03138 
0.05955 ,0.03138 
-0.15721 ,0.03139 
0.08797 ,0.03139 
-0.03833 ,0.03139 
-0.10184 ,0.03139 
-0.08245 ,0.03139 
-0.04007 ,0.03139 
-0.06895 ,0.03140 
-0.04829 ,0.03140 
-0.13337 ,0.03140 
-0.05190 ,0.03140 
-0.08534 ,0.03141 
-0.04797 ,0.03141 
-0.07639 ,0.03141 
-0.08160 ,0.03141 
-0.09811 ,0.03141 
-0.09857 ,0.03141 
-0.05797 ,0.03141 
-0.12734 ,0.03141 
0.03214 ,0.03141 
-0.04778 ,0.03141 
0.03505 ,0.03141 
0.02988 ,0.03141 
-0.15019 ,0.03142 
-0.00633 ,0.03142 
-0.11242 ,0.03142 
-0.13360 ,0.03142 
0.04213 ,0.03142 
-0.14501 ,0.03142 
-0.10306 ,0.03142 
-0.07360 ,0.03142 
-0.11309 ,0.03142 
-0.11850 ,0.03142 
-0.05734 ,0.03142 
-0.06621 ,0.03142 
-0.09558 ,0.03142 
-0.07376 ,0.03143 
0.05125 ,0.03143 
-0.14717 ,0.03143 
-0.06845 ,0.03143 
-0.10291 ,0.03143 
-0.08064 ,0.03143 
-0.07269 ,0.03143 
-0.15707 ,0.03143 
-0.15205 ,0.03143 
-0.08043 ,0.03143 
-0.14255 ,0.03143 
-0.11285 ,0.03144 
0.00199 ,0.03144 
-0.01349 ,0.03144 
-0.15592 ,0.03144 
0.04715 ,0.03144 
0.05695 ,0.03144 
-0.03162 ,0.03144 
-0.13328 ,0.03144 
-0.13878 ,0.03144 
-0.12111 ,0.03144 
0.03790 ,0.03144 
0.01583 ,0.03144 
-0.11947 ,0.03145 
-0.01590 ,0.03145 
-0.10401 ,0.03145 
-0.12029 ,0.03145 
-0.10692 ,0.03145 
0.01522 ,0.03145 
-0.13784 ,0.03145 
0.01778 ,0.03145 
-0.11658 ,0.03146 
-0.09266 ,0.03146 
-0.12985 ,0.03146 
-0.14745 ,0.03146 
-0.08797 ,0.03146 
-0.10462 ,0.03146 
-0.03362 ,0.03146 
-0.11770 ,0.03146 
-0.14750 ,0.03146 
-0.05555 ,0.03147 
-0.16250 ,0.03147 
0.02898 ,0.03147 
0.06272 ,0.03147 
0.03757 ,0.03147 
-0.04076 ,0.03147 
-0.12475 ,0.03147 
-0.13564 ,0.03147 
-0.15539 ,0.03147 
-0.09254 ,0.03147 
0.01358 ,0.03147 
0.04285 ,0.03148 
0.02643 ,0.03148 
-0.08893 ,0.03148 
-0.08758 ,0.03148 
0.02980 ,0.03148 
0.03171 ,0.03148 
-0.11543 ,0.03148 
0.03765 ,0.03148 
-0.04222 ,0.03148 
-0.06882 ,0.03148 
0.04571 ,0.03148 
-0.07087 ,0.03149 
-0.00020 ,0.03149 
-0.06718 ,0.03149 
-0.00628 ,0.03149 
-0.07295 ,0.03149 
-0.04957 ,0.03149 
-0.11346 ,0.03149 
-0.15056 ,0.03149 
0.02431 ,0.03149 
-0.09255 ,0.03149 
-0.05785 ,0.03149 
-0.14033 ,0.03150 
-0.11687 ,0.03150 
-0.11561 ,0.03150 
-0.13460 ,0.03150 
-0.10163 ,0.03150 
0.07804 ,0.03150 
-0.16127 ,0.03150 
-0.13921 ,0.03151 
-0.06476 ,0.03151 
-0.03053 ,0.03151 
-0.10176 ,0.03151 
-0.11078 ,0.03151 
0.05726 ,0.03151 
-0.04714 ,0.03151 
-0.14148 ,0.03151 
-0.12046 ,0.03152 
0.05551 ,0.03152 
-0.09740 ,0.03152 
-0.06875 ,0.03152 
0.01490 ,0.03152 
0.00453 ,0.03153 
-0.16321 ,0.03153 
-0.03695 ,0.03153 
-0.12909 ,0.03153 
-0.09046 ,0.03153 
0.03120 ,0.03153 
-0.13660 ,0.03153 
-0.01884 ,0.03154 
-0.09396 ,0.03154 
-0.16668 ,0.03154 
-0.10778 ,0.03154 
-0.01018 ,0.03154 
-0.05472 ,0.03154 
-0.09650 ,0.03154 
0.00137 ,0.03154 
-0.11759 ,0.03154 
-0.12379 ,0.03154 
-0.14560 ,0.03154 
-0.01024 ,0.03154 
-0.14271 ,0.03155 
-0.03321 ,0.03155 
-0.11232 ,0.03155 
-0.11676 ,0.03155 
-0.11128 ,0.03155 
-0.10247 ,0.03155 
-0.01395 ,0.03155 
-0.13275 ,0.03155 
-0.00668 ,0.03155 
-0.12136 ,0.03155 
-0.12511 ,0.03155 
-0.04768 ,0.03155 
0.04321 ,0.03155 
-0.13116 ,0.03155 
0.04117 ,0.03155 
-0.11281 ,0.03155 
0.02294 ,0.03155 
-0.05027 ,0.03155 
-0.09063 ,0.03155 
-0.04022 ,0.03156 
-0.14041 ,0.03156 
-0.14202 ,0.03156 
-0.08889 ,0.03156 
0.07083 ,0.03156 
-0.13903 ,0.03156 
-0.11597 ,0.03156 
-0.14073 ,0.03156 
-0.02583 ,0.03156 
-0.13090 ,0.03156 
0.02330 ,0.03156 
-0.12253 ,0.03157 
-0.08711 ,0.03157 
-0.06193 ,0.03157 
-0.13913 ,0.03157 
-0.10360 ,0.03157 
-0.11751 ,0.03157 
-0.13302 ,0.03157 
-0.11334 ,0.03157 
-0.13639 ,0.03157 
-0.15667 ,0.03157 
-0.08805 ,0.03157 
-0.13052 ,0.03157 
-0.12465 ,0.03158 
-0.06776 ,0.03158 
-0.17080 ,0.03158 
-0.16328 ,0.03158 
-0.11538 ,0.03158 
0.08494 ,0.03158 
-0.12056 ,0.03158 
-0.13788 ,0.03158 
0.01903 ,0.03158 
-0.06409 ,0.03158 
-0.11897 ,0.03158 
-0.14681 ,0.03158 
0.04283 ,0.03158 
-0.09747 ,0.03158 
-0.13275 ,0.03158 
-0.14842 ,0.03158 
-0.08192 ,0.03158 
-0.09878 ,0.03158 
-0.12316 ,0.03158 
-0.11733 ,0.03158 
-0.07738 ,0.03159 
0.07308 ,0.03159 
-0.12365 ,0.03159 
0.03435 ,0.03159 
-0.13539 ,0.03159 
-0.06147 ,0.03159 
0.02997 ,0.03160 
-0.14400 ,0.03160 
-0.13558 ,0.03160 
0.07165 ,0.03160 
-0.11981 ,0.03160 
-0.14035 ,0.03160 
-0.14130 ,0.03160 
-0.13017 ,0.03160 
-0.00617 ,0.03160 
-0.13623 ,0.03161 
0.08064 ,0.03161 
-0.15337 ,0.03161 
-0.13277 ,0.03161 
-0.12664 ,0.03161 
-0.00295 ,0.03161 
0.01692 ,0.03161 
-0.08598 ,0.03161 
-0.05796 ,0.03161 
-0.10418 ,0.03161 
-0.08335 ,0.03161 
0.01774 ,0.03162 
0.06852 ,0.03162 
-0.01580 ,0.03162 
0.04766 ,0.03162 
-0.13374 ,0.03162 
0.02510 ,0.03162 
0.01412 ,0.03162 
-0.08300 ,0.03162 
-0.03045 ,0.03162 
-0.01726 ,0.03162 
-0.02365 ,0.03162 
-0.12358 ,0.03162 
-0.11672 ,0.03162 
-0.08441 ,0.03162 
-0.07600 ,0.03163 
-0.04021 ,0.03163 
0.00069 ,0.03163 
0.02521 ,0.03163 
0.05916 ,0.03163 
-0.12839 ,0.03163 
-0.00262 ,0.03163 
0.09095 ,0.03163 
-0.10944 ,0.03163 
-0.12820 ,0.03163 
-0.06029 ,0.03163 
-0.12222 ,0.03163 
-0.13298 ,0.03163 
-0.03806 ,0.03163 
-0.13386 ,0.03164 
-0.13839 ,0.03164 
-0.13074 ,0.03164 
-0.11179 ,0.03164 
-0.08849 ,0.03164 
-0.11200 ,0.03164 
-0.07459 ,0.03164 
-0.11348 ,0.03165 
0.01555 ,0.03165 
-0.07011 ,0.03165 
-0.08440 ,0.03165 
-0.13319 ,0.03165 
-0.11389 ,0.03165 
-0.01210 ,0.03165 
-0.11653 ,0.03165 
-0.05144 ,0.03165 
-0.08310 ,0.03165 
0.09923 ,0.03165 
-0.11837 ,0.03165 
-0.16048 ,0.03165 
-0.01427 ,0.03165 
-0.07337 ,0.03166 
-0.11728 ,0.03166 
-0.13572 ,0.03166 
-0.00224 ,0.03166 
-0.08626 ,0.03166 
-0.11221 ,0.03166 
-0.02643 ,0.03166 
-0.13000 ,0.03166 
-0.07484 ,0.03166 
-0.00683 ,0.03166 
-0.13989 ,0.03166 
-0.10959 ,0.03166 
-0.12303 ,0.03166 
-0.12295 ,0.03166 
-0.09824 ,0.03167 
-0.08639 ,0.03167 
-0.10312 ,0.03167 
-0.14245 ,0.03167 
-0.12110 ,0.03167 
-0.08478 ,0.03167 
-0.11111 ,0.03167 
-0.11720 ,0.03167 
-0.13614 ,0.03167 
0.05249 ,0.03167 
-0.12903 ,0.03167 
-0.12014 ,0.03167 
-0.13490 ,0.03168 
-0.08436 ,0.03168 
-0.10635 ,0.03168 
0.07868 ,0.03168 
0.00712 ,0.03168 
-0.10977 ,0.03168 
-0.13349 ,0.03168 
-0.03971 ,0.03168 
-0.15956 ,0.03168 
-0.15707 ,0.03168 
-0.06448 ,0.03168 
-0.00855 ,0.03168 
-0.13319 ,0.03168 
-0.12147 ,0.03169 
-0.09829 ,0.03169 
-0.07059 ,0.03169 
-0.13548 ,0.03169 
-0.02505 ,0.03169 
-0.09732 ,0.03169 
-0.11880 ,0.03169 
-0.10452 ,0.03169 
-0.13263 ,0.03169 
-0.00743 ,0.03169 
-0.06277 ,0.03169 
-0.01820 ,0.03170 
-0.06120 ,0.03170 
-0.11389 ,0.03170 
-0.00859 ,0.03170 
-0.12954 ,0.03170 
-0.11073 ,0.03170 
-0.14576 ,0.03170 
-0.05942 ,0.03170 
0.00186 ,0.03170 
-0.02899 ,0.03170 
-0.12824 ,0.03170 
-0.06118 ,0.03170 
-0.12819 ,0.03170 
0.00531 ,0.03171 
-0.12389 ,0.03171 
-0.15797 ,0.03171 
-0.12043 ,0.03171 
-0.09007 ,0.03171 
-0.09084 ,0.03171 
0.02570 ,0.03171 
-0.15560 ,0.03172 
0.10039 ,0.03172 
-0.07714 ,0.03172 
-0.10614 ,0.03172 
0.03818 ,0.03172 
-0.13606 ,0.03172 
-0.13516 ,0.03172 
-0.12754 ,0.03173 
-0.14907 ,0.03173 
-0.07596 ,0.03173 
-0.09022 ,0.03173 
-0.09589 ,0.03173 
-0.03769 ,0.03173 
-0.07240 ,0.03173 
-0.11812 ,0.03173 
-0.11320 ,0.03173 
-0.07410 ,0.03173 
-0.09635 ,0.03173 
-0.05196 ,0.03174 
-0.03669 ,0.03174 
-0.13804 ,0.03174 
-0.05572 ,0.03174 
-0.11640 ,0.03174 
-0.06193 ,0.03174 
0.02124 ,0.03174 
-0.12683 ,0.03174 
-0.06128 ,0.03175 
-0.15358 ,0.03175 
-0.10221 ,0.03175 
-0.10682 ,0.03175 
0.06096 ,0.03175 
-0.03472 ,0.03175 
-0.13353 ,0.03175 
-0.15386 ,0.03175 
-0.15360 ,0.03175 
-0.05367 ,0.03175 
-0.08530 ,0.03176 
-0.12412 ,0.03176 
-0.14748 ,0.03176 
-0.14783 ,0.03176 
-0.09864 ,0.03176 
-0.11766 ,0.03176 
-0.08097 ,0.03176 
-0.11912 ,0.03176 
-0.11909 ,0.03176 
-0.03442 ,0.03176 
-0.12721 ,0.03176 
-0.13225 ,0.03176 
-0.12172 ,0.03177 
0.05171 ,0.03177 
-0.13036 ,0.03177 
-0.12839 ,0.03177 
-0.10147 ,0.03177 
-0.15457 ,0.03177 
-0.13364 ,0.03177 
-0.15998 ,0.03178 
-0.14321 ,0.03178 
-0.08667 ,0.03178 
-0.11596 ,0.03178 
-0.09707 ,0.03178 
-0.11952 ,0.03178 
-0.11755 ,0.03178 
-0.12412 ,0.03178 
-0.12598 ,0.03178 
-0.06625 ,0.03178 
-0.01891 ,0.03178 
-0.12529 ,0.03178 
-0.06459 ,0.03178 
-0.14193 ,0.03178 
-0.10080 ,0.03178 
-0.15523 ,0.03178 
-0.05799 ,0.03179 
-0.04638 ,0.03179 
-0.04644 ,0.03179 
-0.09314 ,0.03179 
-0.10566 ,0.03179 
-0.07203 ,0.03179 
0.05386 ,0.03179 
-0.12410 ,0.03179 
-0.04252 ,0.03179 
-0.09928 ,0.03179 
-0.12966 ,0.03180 
-0.12677 ,0.03180 
0.08846 ,0.03180 
-0.00281 ,0.03180 
-0.15723 ,0.03180 
-0.07533 ,0.03180 
-0.12281 ,0.03180 
-0.05379 ,0.03180 
0.03889 ,0.03180 
-0.08092 ,0.03180 
0.02346 ,0.03181 
-0.11296 ,0.03181 
0.07373 ,0.03181 
-0.12620 ,0.03181 
0.00586 ,0.03181 
0.05045 ,0.03181 
-0.00743 ,0.03181 
-0.12147 ,0.03181 
-0.11423 ,0.03181 
0.06140 ,0.03181 
-0.14010 ,0.03181 
-0.02426 ,0.03181 
-0.08879 ,0.03181 
-0.13382 ,0.03181 
0.04611 ,0.03181 
-0.11564 ,0.03182 
-0.13634 ,0.03182 
-0.14498 ,0.03182 
-0.05036 ,0.03182 
-0.12050 ,0.03182 
-0.10906 ,0.03182 
-0.11116 ,0.03182 
0.04969 ,0.03182 
-0.08104 ,0.03182 
-0.14137 ,0.03182 
-0.09001 ,0.03183 
-0.12298 ,0.03183 
-0.09308 ,0.03183 
-0.07086 ,0.03183 
-0.07948 ,0.03183 
-0.10222 ,0.03183 
-0.00491 ,0.03183 
0.06046 ,0.03183 
0.02521 ,0.03183 
-0.01414 ,0.03183 
-0.01593 ,0.03183 
-0.15511 ,0.03183 
-0.14010 ,0.03183 
-0.13498 ,0.03183 
0.05159 ,0.03183 
-0.14486 ,0.03184 
-0.06873 ,0.03184 
-0.12306 ,0.03184 
-0.13620 ,0.03184 
-0.10548 ,0.03184 
-0.01450 ,0.03184 
-0.10199 ,0.03185 
0.01855 ,0.03185 
-0.06045 ,0.03185 
-0.15202 ,0.03185 
0.03230 ,0.03185 
-0.07432 ,0.03185 
0.06267 ,0.03185 
0.00784 ,0.03185 
-0.12100 ,0.03185 
-0.13429 ,0.03185 
-0.14397 ,0.03186 
-0.02966 ,0.03186 
-0.09464 ,0.03186 
-0.09087 ,0.03186 
0.06690 ,0.03186 
-0.07233 ,0.03187 
-0.13184 ,0.03187 
0.03123 ,0.03187 
-0.09579 ,0.03187 
-0.03811 ,0.03187 
-0.17914 ,0.03187 
-0.12815 ,0.03187 
-0.12324 ,0.03187 
-0.04851 ,0.03187 
0.00590 ,0.03187 
0.04842 ,0.03188 
-0.10573 ,0.03188 
-0.13376 ,0.03188 
-0.02760 ,0.03188 
-0.11027 ,0.03188 
-0.10723 ,0.03188 
-0.08212 ,0.03188 
-0.10005 ,0.03188 
0.03790 ,0.03188 
-0.01330 ,0.03188 
-0.11205 ,0.03188 
-0.15397 ,0.03188 
-0.09089 ,0.03189 
-0.00430 ,0.03189 
-0.14003 ,0.03189 
-0.12620 ,0.03189 
-0.01769 ,0.03189 
-0.13288 ,0.03189 
-0.06016 ,0.03189 
-0.11925 ,0.03189 
0.06377 ,0.03189 
0.00777 ,0.03189 
-0.12407 ,0.03190 
-0.02101 ,0.03190 
-0.08331 ,0.03190 
-0.03688 ,0.03190 
-0.04068 ,0.03190 
-0.14575 ,0.03190 
0.03132 ,0.03190 
-0.00607 ,0.03190 
-0.05212 ,0.03190 
0.04132 ,0.03190 
-0.06660 ,0.03190 
0.08785 ,0.03190 
-0.15710 ,0.03190 
-0.09597 ,0.03191 
-0.13906 ,0.03191 
-0.15097 ,0.03191 
-0.03701 ,0.03191 
-0.06903 ,0.03191 
0.02883 ,0.03191 
-0.02278 ,0.03191 
-0.10303 ,0.03191 
0.01116 ,0.03191 
-0.13786 ,0.03191 
0.00704 ,0.03191 
-0.13715 ,0.03191 
0.00407 ,0.03192 
-0.01342 ,0.03192 
0.01365 ,0.03192 
-0.12912 ,0.03192 
-0.14317 ,0.03192 
0.04262 ,0.03192 
-0.15159 ,0.03192 
-0.04257 ,0.03192 
-0.11989 ,0.03192 
0.04400 ,0.03192 
-0.06526 ,0.03192 
-0.14486 ,0.03193 
0.03339 ,0.03193 
-0.09094 ,0.03193 
-0.12300 ,0.03193 
-0.07964 ,0.03193 
-0.01466 ,0.03193 
-0.13223 ,0.03193 
-0.00003 ,0.03193 
-0.13293 ,0.03193 
-0.09802 ,0.03193 
0.02559 ,0.03193 
-0.00256 ,0.03193 
-0.12967 ,0.03194 
-0.13877 ,0.03194 
-0.13451 ,0.03194 
-0.13031 ,0.03194 
-0.10956 ,0.03194 
-0.13262 ,0.03194 
-0.11023 ,0.03194 
-0.11617 ,0.03194 
-0.15292 ,0.03195 
-0.05168 ,0.03195 
0.03712 ,0.03195 
-0.11511 ,0.03195 
-0.13315 ,0.03195 
-0.06528 ,0.03195 
0.03413 ,0.03195 
0.11182 ,0.03195 
-0.05683 ,0.03195 
-0.11554 ,0.03195 
-0.11674 ,0.03196 
0.02523 ,0.03196 
-0.09874 ,0.03196 
-0.09546 ,0.03196 
-0.02724 ,0.03196 
0.01836 ,0.03196 
-0.12216 ,0.03196 
-0.12895 ,0.03196 
-0.00991 ,0.03196 
-0.10181 ,0.03196 
-0.05657 ,0.03196 
-0.07946 ,0.03196 
-0.15650 ,0.03196 
0.05671 ,0.03196 
0.04801 ,0.03196 
-0.12534 ,0.03197 
-0.04356 ,0.03197 
-0.01824 ,0.03197 
0.03234 ,0.03197 
0.03179 ,0.03197 
0.00708 ,0.03197 
-0.05066 ,0.03197 
-0.12204 ,0.03197 
0.01776 ,0.03197 
-0.08040 ,0.03197 
0.00982 ,0.03197 
-0.00298 ,0.03198 
-0.14237 ,0.03198 
-0.14630 ,0.03198 
-0.00867 ,0.03198 
0.04685 ,0.03198 
-0.14026 ,0.03198 
-0.06836 ,0.03198 
0.01718 ,0.03198 
0.00807 ,0.03198 
-0.17101 ,0.03199 
-0.05945 ,0.03199 
-0.12188 ,0.03199 
-0.03644 ,0.03199 
-0.05201 ,0.03199 
-0.10876 ,0.03199 
-0.09513 ,0.03199 
-0.13903 ,0.03199 
-0.13362 ,0.03200 
0.02874 ,0.03200 
0.06240 ,0.03200 
-0.11176 ,0.03200 
0.00915 ,0.03200 
-0.14294 ,0.03200 
-0.14460 ,0.03200 
0.00758 ,0.03200 
-0.00697 ,0.03200 
0.00652 ,0.03200 
-0.10356 ,0.03200 
-0.06195 ,0.03200 
-0.11109 ,0.03200 
-0.13408 ,0.03200 
-0.02178 ,0.03200 
-0.14501 ,0.03200 
-0.04722 ,0.03201 
-0.10947 ,0.03201 
-0.12184 ,0.03201 
-0.09639 ,0.03201 
0.01227 ,0.03201 
0.00059 ,0.03201 
-0.07278 ,0.03201 
-0.09151 ,0.03201 
-0.13346 ,0.03201 
-0.14019 ,0.03201 
-0.12209 ,0.03201 
-0.09948 ,0.03202 
-0.00134 ,0.03202 
0.04265 ,0.03202 
-0.04585 ,0.03202 
-0.15253 ,0.03202 
-0.12599 ,0.03202 
-0.11652 ,0.03202 
-0.10920 ,0.03202 
-0.05854 ,0.03202 
-0.10991 ,0.03202 
-0.03743 ,0.03202 
-0.11075 ,0.03202 
-0.13540 ,0.03202 
-0.10137 ,0.03202 
0.00092 ,0.03202 
-0.04466 ,0.03202 
0.01020 ,0.03202 
-0.09955 ,0.03203 
-0.14742 ,0.03203 
0.02925 ,0.03203 
-0.15198 ,0.03203 
-0.13554 ,0.03203 
-0.11783 ,0.03203 
0.00887 ,0.03203 
0.05679 ,0.03203 
-0.04992 ,0.03203 
-0.14617 ,0.03203 
-0.04034 ,0.03203 
-0.12759 ,0.03203 
0.00233 ,0.03203 
-0.12892 ,0.03203 
-0.13104 ,0.03203 
0.03269 ,0.03204 
-0.13061 ,0.03204 
-0.08259 ,0.03204 
0.02981 ,0.03204 
-0.04506 ,0.03204 
-0.05257 ,0.03204 
-0.10010 ,0.03204 
-0.14079 ,0.03204 
0.01726 ,0.03204 
-0.09204 ,0.03204 
-0.09718 ,0.03205 
0.04849 ,0.03205 
-0.07370 ,0.03205 
0.08992 ,0.03205 
0.01279 ,0.03205 
0.05821 ,0.03205 
-0.12979 ,0.03205 
-0.13917 ,0.03205 
-0.07377 ,0.03205 
0.00861 ,0.03205 
-0.11933 ,0.03205 
-0.09784 ,0.03206 
-0.14802 ,0.03206 
-0.11591 ,0.03206 
0.06886 ,0.03206 
-0.12398 ,0.03206 
-0.11900 ,0.03206 
0.00085 ,0.03206 
-0.12296 ,0.03206 
-0.08321 ,0.03206 
-0.08583 ,0.03206 
0.04187 ,0.03206 
0.02558 ,0.03206 
-0.01262 ,0.03206 
-0.06494 ,0.03207 
-0.15804 ,0.03207 
0.04451 ,0.03207 
-0.11042 ,0.03207 
-0.08583 ,0.03207 
-0.02646 ,0.03207 
-0.01959 ,0.03207 
-0.11534 ,0.03207 
-0.10061 ,0.03207 
-0.02035 ,0.03207 
-0.14381 ,0.03207 
-0.01801 ,0.03208 
-0.14740 ,0.03208 
-0.11295 ,0.03208 
0.01853 ,0.03208 
0.05306 ,0.03208 
-0.14744 ,0.03208 
-0.10296 ,0.03208 
-0.11308 ,0.03208 
0.08697 ,0.03208 
-0.12187 ,0.03208 
-0.09873 ,0.03208 
0.04082 ,0.03208 
0.01994 ,0.03208 
-0.13559 ,0.03209 
-0.00308 ,0.03209 
-0.14813 ,0.03209 
-0.11308 ,0.03209 
-0.00448 ,0.03209 
-0.00930 ,0.03209 
-0.13053 ,0.03209 
-0.09090 ,0.03209 
-0.16706 ,0.03209 
-0.10700 ,0.03210 
-0.03405 ,0.03210 
-0.15539 ,0.03210 
-0.13171 ,0.03210 
0.09880 ,0.03210 
-0.12799 ,0.03210 
-0.05354 ,0.03210 
-0.12240 ,0.03210 
-0.13750 ,0.03210 
0.07730 ,0.03210 
-0.11015 ,0.03210 
0.04995 ,0.03210 
-0.08995 ,0.03210 
-0.11154 ,0.03211 
-0.04255 ,0.03211 
-0.08051 ,0.03211 
-0.11793 ,0.03211 
-0.11793 ,0.03211 
-0.16609 ,0.03211 
-0.06545 ,0.03211 
-0.04801 ,0.03211 
-0.06291 ,0.03211 
-0.10474 ,0.03211 
-0.03787 ,0.03211 
0.02469 ,0.03211 
-0.10345 ,0.03211 
-0.14670 ,0.03211 
-0.03830 ,0.03212 
-0.05833 ,0.03212 
-0.11068 ,0.03212 
-0.12448 ,0.03212 
0.03193 ,0.03212 
-0.13925 ,0.03212 
-0.05197 ,0.03212 
-0.05875 ,0.03212 
-0.09820 ,0.03212 
-0.10239 ,0.03212 
-0.10903 ,0.03212 
-0.14294 ,0.03213 
0.06787 ,0.03213 
-0.08374 ,0.03213 
-0.16079 ,0.03213 
-0.09475 ,0.03213 
0.01942 ,0.03213 
-0.04329 ,0.03213 
-0.12837 ,0.03213 
-0.15410 ,0.03213 
-0.14028 ,0.03213 
-0.04491 ,0.03213 
-0.12237 ,0.03214 
-0.10991 ,0.03214 
-0.10288 ,0.03214 
-0.04166 ,0.03214 
0.01553 ,0.03215 
0.01241 ,0.03215 
-0.09722 ,0.03215 
-0.08051 ,0.03215 
-0.11241 ,0.03215 
-0.07113 ,0.03215 
-0.03576 ,0.03215 
0.08880 ,0.03215 
-0.12309 ,0.03215 
-0.11238 ,0.03215 
-0.04376 ,0.03215 
-0.09670 ,0.03215 
-0.02327 ,0.03215 
-0.15627 ,0.03215 
0.07198 ,0.03215 
-0.07638 ,0.03215 
0.05353 ,0.03215 
0.03380 ,0.03215 
-0.10375 ,0.03216 
-0.02657 ,0.03216 
-0.13100 ,0.03216 
0.05537 ,0.03216 
-0.15638 ,0.03216 
0.05604 ,0.03216 
-0.10591 ,0.03216 
0.04834 ,0.03216 
-0.06141 ,0.03216 
-0.10605 ,0.03216 
-0.08043 ,0.03216 
-0.01197 ,0.03216 
-0.15440 ,0.03216 
0.01847 ,0.03216 
-0.10124 ,0.03216 
-0.06651 ,0.03216 
-0.11354 ,0.03216 
0.03343 ,0.03217 
-0.09234 ,0.03217 
0.00676 ,0.03217 
-0.13910 ,0.03217 
-0.05505 ,0.03217 
-0.06469 ,0.03217 
-0.06929 ,0.03217 
-0.11795 ,0.03218 
-0.13329 ,0.03218 
-0.14662 ,0.03218 
-0.13273 ,0.03218 
-0.09778 ,0.03218 
0.03505 ,0.03218 
-0.12853 ,0.03218 
-0.08797 ,0.03218 
-0.10364 ,0.03218 
-0.00165 ,0.03218 
-0.09234 ,0.03219 
-0.00748 ,0.03219 
0.00994 ,0.03219 
-0.13235 ,0.03219 
-0.13858 ,0.03219 
-0.13130 ,0.03219 
-0.13658 ,0.03219 
-0.08783 ,0.03219 
-0.12243 ,0.03219 
-0.11167 ,0.03219 
-0.10286 ,0.03219 
-0.09848 ,0.03219 
0.06030 ,0.03219 
-0.08655 ,0.03219 
-0.10195 ,0.03219 
-0.11752 ,0.03219 
-0.17714 ,0.03219 
-0.15576 ,0.03219 
-0.09365 ,0.03219 
-0.06740 ,0.03219 
-0.09911 ,0.03219 
-0.11510 ,0.03220 
-0.12761 ,0.03220 
-0.09991 ,0.03220 
-0.10628 ,0.03220 
-0.14382 ,0.03220 
-0.09312 ,0.03220 
-0.09861 ,0.03220 
-0.04833 ,0.03220 
-0.08403 ,0.03220 
-0.14612 ,0.03220 
0.01870 ,0.03220 
-0.14814 ,0.03220 
-0.02423 ,0.03221 
0.01786 ,0.03221 
-0.06486 ,0.03221 
-0.14445 ,0.03221 
-0.12686 ,0.03221 
-0.06715 ,0.03221 
0.04926 ,0.03221 
-0.14505 ,0.03221 
-0.12104 ,0.03221 
-0.13112 ,0.03221 
0.04791 ,0.03221 
-0.08653 ,0.03221 
-0.11029 ,0.03222 
-0.05612 ,0.03222 
-0.11464 ,0.03222 
-0.07030 ,0.03222 
0.03192 ,0.03222 
-0.12267 ,0.03222 
-0.05550 ,0.03222 
-0.11871 ,0.03223 
-0.08573 ,0.03223 
0.00400 ,0.03223 
-0.10741 ,0.03223 
0.10989 ,0.03223 
0.03367 ,0.03223 
-0.07471 ,0.03223 
0.06047 ,0.03223 
-0.06767 ,0.03223 
-0.14373 ,0.03223 
-0.12397 ,0.03223 
-0.04513 ,0.03223 
-0.07932 ,0.03223 
-0.03193 ,0.03223 
-0.13132 ,0.03223 
-0.08879 ,0.03224 
0.08762 ,0.03224 
-0.13469 ,0.03224 
-0.02460 ,0.03224 
-0.03190 ,0.03224 
-0.08700 ,0.03224 
-0.10756 ,0.03224 
-0.13884 ,0.03224 
0.01758 ,0.03224 
0.04859 ,0.03224 
0.00167 ,0.03225 
-0.13512 ,0.03225 
-0.00415 ,0.03225 
-0.10048 ,0.03225 
-0.11719 ,0.03225 
-0.12241 ,0.03225 
-0.15723 ,0.03225 
-0.14378 ,0.03225 
-0.13197 ,0.03225 
-0.02038 ,0.03226 
-0.12101 ,0.03226 
-0.14076 ,0.03226 
0.01257 ,0.03226 
-0.04465 ,0.03226 
-0.09550 ,0.03226 
-0.07142 ,0.03226 
-0.11225 ,0.03226 
-0.08530 ,0.03226 
-0.00753 ,0.03226 
-0.09759 ,0.03227 
0.04210 ,0.03227 
0.04731 ,0.03227 
-0.14769 ,0.03227 
-0.11634 ,0.03227 
-0.10139 ,0.03227 
-0.06205 ,0.03228 
-0.16335 ,0.03228 
-0.06904 ,0.03228 
-0.15823 ,0.03228 
-0.02189 ,0.03228 
-0.04723 ,0.03228 
-0.15075 ,0.03228 
-0.12643 ,0.03228 
-0.04595 ,0.03228 
-0.12006 ,0.03228 
-0.12701 ,0.03229 
-0.09260 ,0.03229 
-0.15343 ,0.03229 
0.02130 ,0.03229 
-0.15759 ,0.03229 
-0.12575 ,0.03229 
-0.01393 ,0.03229 
0.02341 ,0.03229 
0.06645 ,0.03229 
0.05131 ,0.03229 
-0.12383 ,0.03229 
0.01132 ,0.03229 
-0.14546 ,0.03229 
-0.09802 ,0.03230 
0.07287 ,0.03230 
-0.13042 ,0.03230 
0.07859 ,0.03230 
-0.12657 ,0.03230 
-0.11548 ,0.03230 
-0.11079 ,0.03230 
-0.13175 ,0.03230 
-0.13735 ,0.03230 
-0.14217 ,0.03230 
-0.12241 ,0.03230 
-0.07254 ,0.03230 
-0.13530 ,0.03231 
-0.04575 ,0.03231 
0.01142 ,0.03231 
0.06056 ,0.03231 
-0.06693 ,0.03231 
-0.11051 ,0.03231 
-0.10578 ,0.03231 
-0.05212 ,0.03231 
0.05757 ,0.03231 
-0.06776 ,0.03231 
0.00804 ,0.03231 
-0.11224 ,0.03231 
-0.13838 ,0.03231 
0.00123 ,0.03231 
-0.06853 ,0.03231 
-0.09198 ,0.03231 
-0.08480 ,0.03232 
-0.15069 ,0.03232 
-0.02017 ,0.03232 
0.05568 ,0.03232 
-0.05111 ,0.03232 
-0.16516 ,0.03232 
-0.04789 ,0.03232 
-0.05670 ,0.03232 
-0.11818 ,0.03232 
-0.00294 ,0.03232 
-0.06438 ,0.03232 
-0.10243 ,0.03232 
-0.06798 ,0.03233 
-0.13645 ,0.03233 
-0.01817 ,0.03233 
0.01917 ,0.03233 
-0.13510 ,0.03233 
-0.08917 ,0.03233 
0.05890 ,0.03233 
-0.02304 ,0.03233 
-0.05550 ,0.03234 
-0.09599 ,0.03234 
0.00116 ,0.03234 
0.04687 ,0.03234 
-0.11790 ,0.03234 
-0.10435 ,0.03234 
-0.08583 ,0.03234 
-0.04132 ,0.03234 
-0.14677 ,0.03234 
0.09996 ,0.03234 
-0.15565 ,0.03234 
-0.14740 ,0.03234 
-0.14578 ,0.03234 
-0.09560 ,0.03235 
-0.12695 ,0.03235 
-0.13510 ,0.03235 
-0.08056 ,0.03235 
-0.10589 ,0.03235 
-0.11676 ,0.03235 
0.00818 ,0.03235 
-0.03970 ,0.03235 
-0.10807 ,0.03236 
-0.04977 ,0.03236 
-0.12058 ,0.03236 
-0.10140 ,0.03236 
-0.06834 ,0.03236 
-0.07045 ,0.03236 
-0.08441 ,0.03236 
-0.14906 ,0.03236 
-0.02135 ,0.03236 
-0.07308 ,0.03236 
-0.05031 ,0.03237 
0.02668 ,0.03237 
-0.10109 ,0.03237 
0.04038 ,0.03237 
-0.11879 ,0.03237 
0.00667 ,0.03237 
-0.11076 ,0.03237 
-0.14346 ,0.03237 
-0.10172 ,0.03238 
-0.05674 ,0.03238 
-0.08885 ,0.03238 
-0.02996 ,0.03238 
-0.12632 ,0.03238 
-0.04217 ,0.03238 
-0.12193 ,0.03238 
-0.09233 ,0.03238 
-0.12627 ,0.03238 
-0.12842 ,0.03238 
-0.08673 ,0.03238 
-0.09684 ,0.03238 
-0.09449 ,0.03238 
-0.13046 ,0.03238 
-0.12757 ,0.03238 
-0.09856 ,0.03238 
-0.06176 ,0.03238 
-0.11972 ,0.03239 
-0.09050 ,0.03239 
0.03019 ,0.03239 
-0.11208 ,0.03239 
-0.11257 ,0.03239 
-0.13235 ,0.03239 
-0.13410 ,0.03239 
-0.10348 ,0.03239 
-0.14222 ,0.03239 
-0.11677 ,0.03239 
-0.10047 ,0.03239 
-0.04678 ,0.03239 
-0.10494 ,0.03240 
-0.11036 ,0.03240 
-0.07839 ,0.03240 
-0.11519 ,0.03240 
-0.13555 ,0.03240 
-0.11908 ,0.03240 
0.04340 ,0.03240 
-0.02634 ,0.03240 
-0.15670 ,0.03240 
-0.10866 ,0.03240 
0.04574 ,0.03240 
-0.05355 ,0.03241 
-0.08809 ,0.03241 
-0.00685 ,0.03241 
-0.01249 ,0.03241 
-0.08299 ,0.03241 
-0.11772 ,0.03241 
-0.14831 ,0.03241 
-0.00585 ,0.03241 
0.03378 ,0.03241 
-0.10606 ,0.03241 
-0.12664 ,0.03241 
0.06404 ,0.03242 
-0.14922 ,0.03242 
-0.05454 ,0.03242 
0.01093 ,0.03242 
-0.10550 ,0.03242 
-0.07425 ,0.03242 
-0.07691 ,0.03242 
-0.14320 ,0.03242 
-0.09235 ,0.03242 
-0.05003 ,0.03242 
-0.10290 ,0.03242 
-0.03488 ,0.03243 
-0.15140 ,0.03243 
-0.12021 ,0.03243 
-0.13199 ,0.03243 
-0.09678 ,0.03243 
-0.12033 ,0.03243 
-0.11757 ,0.03243 
-0.08360 ,0.03243 
-0.11303 ,0.03243 
-0.07441 ,0.03243 
0.04796 ,0.03244 
-0.11468 ,0.03244 
-0.09282 ,0.03244 
-0.15073 ,0.03244 
-0.16215 ,0.03244 
-0.09408 ,0.03244 
-0.10097 ,0.03244 
-0.16430 ,0.03244 
-0.07466 ,0.03244 
-0.11852 ,0.03244 
0.03860 ,0.03244 
-0.02173 ,0.03244 
0.05780 ,0.03244 
-0.12088 ,0.03244 
0.06581 ,0.03244 
-0.09742 ,0.03244 
-0.02825 ,0.03245 
-0.04806 ,0.03245 
-0.07391 ,0.03245 
-0.01620 ,0.03245 
-0.13906 ,0.03245 
-0.10166 ,0.03245 
-0.11649 ,0.03246 
-0.14947 ,0.03246 
-0.09527 ,0.03246 
-0.05972 ,0.03246 
-0.09484 ,0.03246 
-0.10031 ,0.03246 
-0.12283 ,0.03246 
0.05161 ,0.03246 
-0.09872 ,0.03246 
0.00575 ,0.03247 
-0.10898 ,0.03247 
0.05354 ,0.03247 
0.00192 ,0.03247 
-0.08366 ,0.03247 
0.00941 ,0.03247 
-0.09712 ,0.03247 
-0.04646 ,0.03247 
-0.14611 ,0.03247 
0.05787 ,0.03247 
-0.08502 ,0.03247 
-0.07358 ,0.03247 
-0.11457 ,0.03247 
-0.02030 ,0.03247 
-0.15392 ,0.03248 
-0.14295 ,0.03248 
-0.12334 ,0.03248 
-0.13103 ,0.03248 
-0.05367 ,0.03248 
0.04394 ,0.03248 
-0.14841 ,0.03248 
-0.11883 ,0.03248 
-0.14302 ,0.03248 
0.06566 ,0.03248 
0.03333 ,0.03248 
-0.06431 ,0.03248 
-0.11373 ,0.03248 
-0.13569 ,0.03249 
-0.02368 ,0.03249 
-0.15492 ,0.03249 
-0.13302 ,0.03249 
-0.04997 ,0.03249 
-0.02939 ,0.03249 
-0.13358 ,0.03249 
-0.14698 ,0.03249 
-0.05009 ,0.03249 
0.01923 ,0.03249 
-0.09322 ,0.03249 
-0.10481 ,0.03249 
-0.07178 ,0.03249 
0.08574 ,0.03249 
-0.03922 ,0.03249 
-0.03954 ,0.03250 
-0.10764 ,0.03250 
-0.12813 ,0.03250 
0.05720 ,0.03250 
-0.11787 ,0.03250 
-0.14228 ,0.03250 
-0.15134 ,0.03250 
-0.11522 ,0.03250 
-0.00509 ,0.03251 
0.02422 ,0.03251 
-0.13983 ,0.03251 
-0.13149 ,0.03251 
-0.12025 ,0.03251 
-0.11940 ,0.03251 
-0.13434 ,0.03251 
0.03199 ,0.03251 
-0.11886 ,0.03251 
-0.12333 ,0.03251 
-0.01020 ,0.03251 
-0.13158 ,0.03252 
-0.10751 ,0.03252 
-0.09588 ,0.03252 
-0.08906 ,0.03252 
-0.14834 ,0.03252 
-0.14754 ,0.03252 
-0.09183 ,0.03252 
-0.12565 ,0.03252 
0.08008 ,0.03252 
-0.02099 ,0.03252 
-0.14180 ,0.03252 
0.01035 ,0.03252 
0.03683 ,0.03252 
-0.02255 ,0.03252 
-0.00814 ,0.03252 
-0.09921 ,0.03252 
-0.11308 ,0.03252 
-0.08890 ,0.03252 
-0.13462 ,0.03253 
-0.08678 ,0.03253 
-0.13073 ,0.03253 
-0.13709 ,0.03253 
-0.10638 ,0.03253 
-0.05823 ,0.03253 
-0.00403 ,0.03253 
-0.14082 ,0.03253 
-0.09883 ,0.03253 
0.02522 ,0.03253 
0.04909 ,0.03253 
-0.12479 ,0.03253 
-0.13226 ,0.03253 
-0.14847 ,0.03253 
0.03748 ,0.03254 
-0.09912 ,0.03254 
-0.12045 ,0.03254 
-0.15079 ,0.03254 
-0.09744 ,0.03254 
-0.13054 ,0.03254 
-0.08236 ,0.03254 
-0.09426 ,0.03254 
-0.05874 ,0.03254 
-0.12615 ,0.03254 
0.09921 ,0.03254 
-0.05781 ,0.03254 
-0.12310 ,0.03254 
-0.11359 ,0.03254 
-0.02002 ,0.03254 
-0.04678 ,0.03255 
0.03922 ,0.03255 
-0.00821 ,0.03255 
-0.10921 ,0.03255 
-0.09582 ,0.03255 
-0.10988 ,0.03255 
-0.09250 ,0.03255 
-0.09123 ,0.03255 
0.02819 ,0.03255 
-0.11873 ,0.03255 
-0.04190 ,0.03255 
-0.07728 ,0.03256 
0.02564 ,0.03256 
0.05044 ,0.03256 
-0.14092 ,0.03256 
0.00323 ,0.03256 
-0.13460 ,0.03256 
-0.08800 ,0.03256 
-0.15074 ,0.03256 
-0.12846 ,0.03256 
0.01437 ,0.03256 
-0.06595 ,0.03256 
0.02958 ,0.03256 
-0.06790 ,0.03256 
-0.09217 ,0.03256 
-0.05794 ,0.03256 
-0.09228 ,0.03256 
-0.06048 ,0.03256 
-0.08935 ,0.03257 
0.06326 ,0.03257 
-0.01048 ,0.03257 
0.08298 ,0.03257 
-0.07584 ,0.03257 
-0.03118 ,0.03257 
-0.06431 ,0.03257 
-0.14322 ,0.03257 
-0.00590 ,0.03257 
-0.05890 ,0.03257 
-0.04068 ,0.03257 
-0.08180 ,0.03257 
-0.10322 ,0.03257 
-0.01367 ,0.03257 
0.01861 ,0.03257 
0.03408 ,0.03257 
-0.14582 ,0.03258 
-0.17048 ,0.03258 
-0.08307 ,0.03258 
-0.14729 ,0.03258 
-0.11893 ,0.03258 
-0.13447 ,0.03258 
0.03559 ,0.03258 
-0.01149 ,0.03258 
-0.09159 ,0.03258 
-0.12021 ,0.03258 
-0.09061 ,0.03258 
-0.09955 ,0.03258 
-0.07322 ,0.03258 
-0.11806 ,0.03258 
-0.15395 ,0.03259 
-0.07402 ,0.03259 
-0.07584 ,0.03259 
-0.14099 ,0.03259 
-0.04503 ,0.03259 
0.08149 ,0.03259 
-0.11270 ,0.03259 
-0.13047 ,0.03259 
-0.05766 ,0.03259 
-0.12139 ,0.03259 
0.04029 ,0.03259 
-0.13458 ,0.03259 
0.07420 ,0.03259 
-0.11064 ,0.03259 
-0.05030 ,0.03259 
-0.13381 ,0.03259 
-0.12986 ,0.03259 
-0.05914 ,0.03259 
-0.04133 ,0.03259 
-0.15980 ,0.03260 
-0.09251 ,0.03260 
-0.06115 ,0.03260 
0.05599 ,0.03260 
-0.11646 ,0.03260 
-0.15560 ,0.03260 
-0.12871 ,0.03260 
0.05098 ,0.03260 
-0.03000 ,0.03260 
-0.04907 ,0.03260 
-0.00102 ,0.03260 
-0.07627 ,0.03261 
-0.03315 ,0.03261 
-0.11900 ,0.03261 
-0.14227 ,0.03261 
-0.13135 ,0.03261 
-0.08272 ,0.03261 
-0.14931 ,0.03261 
-0.09852 ,0.03261 
-0.10523 ,0.03262 
-0.06760 ,0.03262 
-0.07072 ,0.03262 
-0.07798 ,0.03262 
0.01086 ,0.03262 
-0.08925 ,0.03262 
-0.11300 ,0.03263 
-0.12103 ,0.03263 
-0.14406 ,0.03263 
0.03157 ,0.03263 
-0.08383 ,0.03263 
-0.11132 ,0.03263 
-0.07267 ,0.03263 
0.05393 ,0.03263 
-0.05374 ,0.03263 
-0.08436 ,0.03263 
-0.10570 ,0.03263 
-0.13233 ,0.03263 
-0.12131 ,0.03264 
0.03305 ,0.03264 
-0.11806 ,0.03264 
-0.09326 ,0.03264 
-0.13030 ,0.03264 
-0.13217 ,0.03264 
-0.01298 ,0.03264 
-0.10256 ,0.03264 
0.04152 ,0.03264 
0.07957 ,0.03264 
-0.14840 ,0.03264 
-0.13105 ,0.03264 
0.07727 ,0.03264 
0.00088 ,0.03265 
-0.12679 ,0.03265 
-0.08669 ,0.03265 
-0.05209 ,0.03265 
-0.08521 ,0.03265 
-0.04774 ,0.03265 
-0.10523 ,0.03265 
-0.10075 ,0.03265 
-0.06765 ,0.03265 
-0.15220 ,0.03265 
-0.10383 ,0.03265 
-0.14880 ,0.03265 
0.00768 ,0.03265 
0.02013 ,0.03265 
-0.15178 ,0.03265 
0.00697 ,0.03265 
0.09045 ,0.03265 
-0.02793 ,0.03265 
-0.09233 ,0.03266 
-0.13849 ,0.03266 
0.03385 ,0.03266 
-0.09308 ,0.03266 
-0.09615 ,0.03266 
-0.10362 ,0.03266 
-0.10434 ,0.03266 
-0.11926 ,0.03266 
-0.11888 ,0.03266 
-0.07770 ,0.03266 
-0.03368 ,0.03266 
-0.10354 ,0.03266 
0.01630 ,0.03266 
-0.14109 ,0.03266 
-0.06698 ,0.03267 
-0.12791 ,0.03267 
-0.10228 ,0.03267 
-0.05066 ,0.03267 
0.01837 ,0.03267 
-0.08386 ,0.03267 
-0.08252 ,0.03267 
0.04569 ,0.03267 
-0.10736 ,0.03267 
-0.13738 ,0.03267 
0.07303 ,0.03267 
-0.14291 ,0.03267 
-0.12604 ,0.03267 
-0.06455 ,0.03267 
-0.11781 ,0.03267 
0.03916 ,0.03267 
-0.02901 ,0.03267 
-0.12461 ,0.03267 
-0.12760 ,0.03268 
-0.14843 ,0.03268 
0.09227 ,0.03268 
0.01888 ,0.03268 
-0.13655 ,0.03268 
-0.15717 ,0.03268 
-0.09341 ,0.03268 
-0.06514 ,0.03268 
-0.13891 ,0.03268 
0.02270 ,0.03268 
-0.11653 ,0.03268 
-0.02452 ,0.03268 
-0.12671 ,0.03268 
-0.12895 ,0.03268 
-0.07020 ,0.03268 
-0.10255 ,0.03268 
-0.06920 ,0.03269 
-0.06630 ,0.03269 
-0.00546 ,0.03269 
-0.07733 ,0.03269 
-0.05203 ,0.03269 
-0.00161 ,0.03269 
-0.12841 ,0.03269 
-0.09057 ,0.03269 
-0.14894 ,0.03269 
-0.06901 ,0.03269 
0.03545 ,0.03269 
-0.15532 ,0.03270 
-0.03250 ,0.03270 
-0.13401 ,0.03270 
-0.06578 ,0.03270 
-0.14536 ,0.03270 
-0.05268 ,0.03270 
-0.08244 ,0.03270 
-0.11361 ,0.03270 
-0.05309 ,0.03270 
-0.03067 ,0.03270 
-0.13746 ,0.03270 
-0.06220 ,0.03270 
-0.13632 ,0.03271 
-0.10997 ,0.03271 
-0.03373 ,0.03271 
-0.11956 ,0.03271 
-0.04208 ,0.03271 
-0.13436 ,0.03271 
-0.05793 ,0.03271 
-0.03980 ,0.03271 
-0.11495 ,0.03271 
-0.00486 ,0.03271 
-0.10517 ,0.03271 
-0.13622 ,0.03271 
-0.11123 ,0.03271 
-0.03202 ,0.03271 
-0.10122 ,0.03271 
0.10061 ,0.03272 
-0.08835 ,0.03272 
-0.06271 ,0.03272 
-0.06718 ,0.03272 
0.09234 ,0.03272 
-0.13867 ,0.03272 
-0.08272 ,0.03272 
-0.07036 ,0.03272 
0.01498 ,0.03272 
-0.14909 ,0.03272 
-0.08166 ,0.03272 
-0.00009 ,0.03272 
-0.03932 ,0.03273 
-0.08870 ,0.03273 
-0.12338 ,0.03273 
-0.08031 ,0.03273 
-0.06262 ,0.03273 
-0.10810 ,0.03273 
-0.13684 ,0.03273 
-0.12945 ,0.03273 
-0.01944 ,0.03273 
-0.02862 ,0.03273 
-0.12240 ,0.03273 
-0.15572 ,0.03273 
-0.09884 ,0.03273 
-0.08693 ,0.03273 
-0.10158 ,0.03273 
-0.05765 ,0.03273 
-0.12511 ,0.03273 
-0.11526 ,0.03274 
-0.11608 ,0.03274 
-0.09955 ,0.03274 
-0.05666 ,0.03274 
-0.14275 ,0.03274 
-0.12475 ,0.03274 
-0.13345 ,0.03274 
-0.14264 ,0.03274 
-0.04610 ,0.03274 
-0.12897 ,0.03274 
-0.10770 ,0.03274 
-0.13437 ,0.03274 
-0.13798 ,0.03274 
-0.09847 ,0.03274 
-0.06487 ,0.03275 
-0.01565 ,0.03275 
-0.06567 ,0.03275 
-0.12869 ,0.03275 
-0.10365 ,0.03275 
-0.12939 ,0.03275 
-0.04815 ,0.03275 
0.04880 ,0.03275 
-0.04510 ,0.03275 
0.08225 ,0.03275 
-0.06388 ,0.03275 
-0.14208 ,0.03275 
-0.05723 ,0.03276 
-0.12520 ,0.03276 
0.07819 ,0.03276 
-0.03029 ,0.03276 
0.00449 ,0.03276 
0.03885 ,0.03276 
0.08799 ,0.03276 
-0.04036 ,0.03276 
-0.07922 ,0.03276 
0.02379 ,0.03276 
-0.11844 ,0.03276 
-0.13686 ,0.03276 
-0.12892 ,0.03277 
0.04231 ,0.03277 
-0.12825 ,0.03277 
-0.00046 ,0.03277 
0.00684 ,0.03277 
-0.03043 ,0.03277 
-0.12510 ,0.03277 
0.02896 ,0.03277 
-0.00074 ,0.03277 
-0.07528 ,0.03277 
-0.09443 ,0.03277 
-0.05918 ,0.03278 
-0.11858 ,0.03278 
-0.12448 ,0.03278 
-0.11028 ,0.03278 
-0.10406 ,0.03278 
-0.12352 ,0.03278 
-0.06999 ,0.03278 
-0.07833 ,0.03278 
0.00201 ,0.03278 
-0.13037 ,0.03278 
-0.07910 ,0.03278 
-0.03648 ,0.03278 
-0.09889 ,0.03279 
0.07502 ,0.03279 
-0.08411 ,0.03279 
-0.12652 ,0.03279 
0.07762 ,0.03279 
-0.03507 ,0.03279 
-0.02450 ,0.03279 
0.01604 ,0.03279 
-0.11725 ,0.03279 
-0.03438 ,0.03279 
-0.07864 ,0.03280 
-0.06125 ,0.03280 
-0.09247 ,0.03280 
-0.12377 ,0.03280 
-0.12167 ,0.03280 
-0.07975 ,0.03280 
-0.11831 ,0.03280 
-0.06960 ,0.03280 
0.06650 ,0.03280 
-0.02422 ,0.03280 
0.01157 ,0.03280 
-0.06163 ,0.03281 
-0.10816 ,0.03281 
-0.13552 ,0.03281 
-0.06328 ,0.03281 
-0.00639 ,0.03281 
-0.02495 ,0.03281 
-0.08933 ,0.03281 
-0.01844 ,0.03281 
-0.00607 ,0.03281 
-0.11599 ,0.03281 
-0.07298 ,0.03281 
-0.14504 ,0.03281 
-0.02507 ,0.03281 
-0.07620 ,0.03281 
-0.15982 ,0.03281 
-0.12216 ,0.03281 
0.04743 ,0.03281 
-0.09903 ,0.03281 
-0.10586 ,0.03281 
-0.16009 ,0.03281 
0.01916 ,0.03281 
-0.12913 ,0.03281 
-0.03162 ,0.03282 
-0.10522 ,0.03282 
-0.09537 ,0.03282 
-0.01210 ,0.03282 
-0.09756 ,0.03282 
-0.12923 ,0.03282 
-0.09457 ,0.03282 
-0.06846 ,0.03282 
-0.05436 ,0.03282 
-0.12877 ,0.03282 
-0.08435 ,0.03282 
-0.10953 ,0.03282 
-0.00753 ,0.03282 
-0.10282 ,0.03282 
0.01463 ,0.03282 
-0.12332 ,0.03282 
-0.13207 ,0.03282 
-0.05860 ,0.03283 
-0.09161 ,0.03283 
-0.09590 ,0.03283 
-0.07205 ,0.03283 
-0.08063 ,0.03283 
-0.07718 ,0.03283 
-0.13458 ,0.03283 
-0.15524 ,0.03283 
-0.10260 ,0.03283 
-0.13224 ,0.03283 
-0.10682 ,0.03283 
0.00065 ,0.03283 
-0.10421 ,0.03283 
0.07704 ,0.03283 
-0.11796 ,0.03284 
-0.03826 ,0.03284 
-0.12301 ,0.03284 
-0.12302 ,0.03284 
-0.09813 ,0.03284 
-0.14674 ,0.03284 
-0.15055 ,0.03284 
0.00106 ,0.03284 
-0.07808 ,0.03284 
-0.11223 ,0.03284 
-0.08405 ,0.03284 
-0.07955 ,0.03284 
-0.08808 ,0.03284 
-0.02386 ,0.03284 
-0.13178 ,0.03284 
0.02781 ,0.03284 
-0.02834 ,0.03284 
-0.01441 ,0.03285 
-0.11419 ,0.03285 
-0.16074 ,0.03285 
-0.02925 ,0.03285 
-0.08727 ,0.03285 
-0.10304 ,0.03285 
0.07359 ,0.03285 
-0.07877 ,0.03285 
-0.04842 ,0.03285 
-0.02689 ,0.03285 
-0.14412 ,0.03285 
-0.14625 ,0.03285 
-0.14839 ,0.03285 
-0.04197 ,0.03285 
-0.07984 ,0.03286 
-0.10162 ,0.03286 
-0.03655 ,0.03286 
-0.14522 ,0.03286 
-0.10228 ,0.03286 
-0.08378 ,0.03286 
0.01882 ,0.03286 
-0.12196 ,0.03286 
-0.09355 ,0.03286 
0.01043 ,0.03286 
-0.15598 ,0.03286 
-0.10082 ,0.03287 
-0.02258 ,0.03287 
-0.09360 ,0.03287 
-0.12105 ,0.03287 
-0.08662 ,0.03287 
-0.09632 ,0.03287 
-0.07452 ,0.03287 
-0.11264 ,0.03287 
-0.06690 ,0.03287 
0.03140 ,0.03287 
-0.12304 ,0.03287 
0.01582 ,0.03287 
-0.10583 ,0.03287 
0.04121 ,0.03288 
-0.06779 ,0.03288 
-0.09811 ,0.03288 
-0.09114 ,0.03288 
0.07476 ,0.03288 
-0.07971 ,0.03288 
-0.14927 ,0.03288 
-0.11059 ,0.03288 
0.03568 ,0.03289 
-0.06517 ,0.03289 
0.03007 ,0.03289 
0.01601 ,0.03289 
-0.12260 ,0.03289 
-0.12333 ,0.03289 
-0.10135 ,0.03289 
-0.09825 ,0.03289 
-0.11966 ,0.03289 
-0.05030 ,0.03289 
-0.11043 ,0.03289 
-0.08710 ,0.03289 
-0.05915 ,0.03289 
-0.05329 ,0.03289 
-0.05976 ,0.03289 
0.01685 ,0.03289 
-0.08194 ,0.03289 
-0.06855 ,0.03289 
-0.05223 ,0.03290 
-0.11372 ,0.03290 
-0.10852 ,0.03290 
-0.05756 ,0.03290 
-0.10880 ,0.03290 
-0.13487 ,0.03290 
-0.14393 ,0.03290 
-0.02274 ,0.03290 
-0.07617 ,0.03291 
-0.08333 ,0.03291 
0.00383 ,0.03291 
-0.09895 ,0.03291 
0.01296 ,0.03291 
-0.12872 ,0.03291 
-0.05683 ,0.03291 
-0.11903 ,0.03291 
0.05050 ,0.03291 
-0.07630 ,0.03292 
-0.14958 ,0.03292 
-0.03577 ,0.03292 
-0.12749 ,0.03292 
-0.10059 ,0.03292 
-0.13100 ,0.03292 
-0.01486 ,0.03292 
-0.15314 ,0.03292 
-0.14205 ,0.03292 
-0.06945 ,0.03292 
-0.06312 ,0.03293 
0.02589 ,0.03293 
-0.03644 ,0.03293 
-0.12316 ,0.03293 
-0.01124 ,0.03293 
-0.15845 ,0.03293 
-0.05255 ,0.03293 
-0.12095 ,0.03293 
-0.09009 ,0.03293 
-0.02258 ,0.03293 
-0.14849 ,0.03293 
-0.12951 ,0.03293 
-0.11259 ,0.03293 
-0.02275 ,0.03293 
-0.14782 ,0.03293 
-0.11652 ,0.03293 
-0.11704 ,0.03293 
0.00537 ,0.03293 
-0.14660 ,0.03293 
-0.15171 ,0.03293 
-0.05320 ,0.03294 
-0.06291 ,0.03294 
-0.07797 ,0.03294 
-0.09337 ,0.03294 
0.09900 ,0.03294 
-0.09604 ,0.03294 
-0.01381 ,0.03294 
0.01621 ,0.03294 
-0.12778 ,0.03294 
-0.03661 ,0.03294 
-0.12430 ,0.03294 
-0.01131 ,0.03294 
-0.06374 ,0.03295 
-0.07806 ,0.03295 
-0.12310 ,0.03295 
-0.09449 ,0.03295 
-0.13108 ,0.03295 
-0.05789 ,0.03295 
0.02860 ,0.03295 
0.05953 ,0.03295 
-0.04574 ,0.03295 
0.01194 ,0.03295 
-0.16918 ,0.03295 
0.02615 ,0.03295 
-0.07985 ,0.03295 
-0.14260 ,0.03296 
-0.13445 ,0.03296 
-0.11142 ,0.03296 
-0.00116 ,0.03296 
0.02771 ,0.03296 
-0.07278 ,0.03296 
-0.08019 ,0.03296 
-0.13759 ,0.03296 
-0.12980 ,0.03296 
-0.07602 ,0.03296 
-0.07216 ,0.03296 
-0.10518 ,0.03296 
-0.01403 ,0.03297 
0.01095 ,0.03297 
-0.15995 ,0.03297 
-0.08925 ,0.03297 
-0.03424 ,0.03297 
0.02908 ,0.03297 
-0.09319 ,0.03297 
-0.09353 ,0.03297 
-0.12774 ,0.03297 
-0.03883 ,0.03297 
-0.11186 ,0.03297 
-0.11495 ,0.03297 
0.05286 ,0.03297 
-0.07708 ,0.03297 
-0.05970 ,0.03297 
-0.04931 ,0.03297 
-0.14098 ,0.03297 
-0.11285 ,0.03298 
0.05248 ,0.03298 
0.00848 ,0.03298 
-0.10847 ,0.03298 
-0.01409 ,0.03298 
-0.12256 ,0.03298 
-0.10070 ,0.03299 
-0.10931 ,0.03299 
-0.06697 ,0.03300 
-0.08139 ,0.03300 
0.05040 ,0.03300 
-0.08776 ,0.03300 
-0.10255 ,0.03300 
-0.11337 ,0.03300 
-0.09493 ,0.03300 
-0.07978 ,0.03300 
-0.12729 ,0.03300 
-0.07151 ,0.03300 
-0.06132 ,0.03300 
-0.09826 ,0.03300 
-0.10198 ,0.03300 
-0.13615 ,0.03300 
-0.11391 ,0.03300 
-0.14512 ,0.03300 
-0.09747 ,0.03301 
-0.13174 ,0.03301 
0.06537 ,0.03301 
0.00989 ,0.03301 
-0.09400 ,0.03301 
-0.08722 ,0.03301 
-0.12108 ,0.03301 
-0.07099 ,0.03301 
-0.07684 ,0.03301 
0.08846 ,0.03301 
-0.13283 ,0.03301 
-0.13446 ,0.03301 
-0.06241 ,0.03301 
-0.16098 ,0.03301 
0.01870 ,0.03301 
-0.10997 ,0.03301 
-0.05890 ,0.03302 
-0.01733 ,0.03302 
-0.12390 ,0.03302 
-0.14265 ,0.03302 
-0.12140 ,0.03302 
-0.16827 ,0.03302 
-0.06216 ,0.03302 
-0.09138 ,0.03302 
0.00397 ,0.03302 
-0.07970 ,0.03302 
-0.08613 ,0.03302 
-0.13509 ,0.03302 
-0.06542 ,0.03303 
-0.08663 ,0.03303 
-0.11712 ,0.03303 
-0.07795 ,0.03303 
0.01051 ,0.03303 
-0.04005 ,0.03303 
-0.07822 ,0.03303 
-0.12989 ,0.03303 
-0.12430 ,0.03303 
-0.14447 ,0.03303 
-0.10081 ,0.03303 
-0.00691 ,0.03304 
-0.09899 ,0.03304 
-0.09644 ,0.03304 
-0.09640 ,0.03304 
-0.11001 ,0.03304 
0.09851 ,0.03304 
-0.14713 ,0.03304 
-0.13139 ,0.03304 
-0.09948 ,0.03304 
-0.12706 ,0.03304 
-0.11014 ,0.03304 
-0.03456 ,0.03304 
-0.09864 ,0.03305 
-0.05954 ,0.03305 
-0.07243 ,0.03305 
-0.10912 ,0.03305 
-0.09386 ,0.03305 
-0.08067 ,0.03305 
0.00691 ,0.03305 
-0.12756 ,0.03305 
-0.01155 ,0.03305 
-0.12815 ,0.03305 
-0.01021 ,0.03305 
-0.13306 ,0.03306 
-0.10496 ,0.03306 
-0.01924 ,0.03306 
0.06233 ,0.03306 
-0.13481 ,0.03306 
-0.09872 ,0.03306 
0.02910 ,0.03306 
-0.12688 ,0.03306 
-0.09517 ,0.03306 
-0.01117 ,0.03306 
-0.07367 ,0.03306 
-0.12050 ,0.03306 
0.02870 ,0.03306 
-0.04547 ,0.03306 
-0.11118 ,0.03307 
0.02318 ,0.03307 
0.00557 ,0.03307 
-0.12526 ,0.03307 
0.04447 ,0.03307 
-0.05820 ,0.03307 
-0.13097 ,0.03308 
0.00009 ,0.03308 
-0.04121 ,0.03308 
-0.02609 ,0.03308 
-0.09338 ,0.03308 
-0.11649 ,0.03308 
-0.05547 ,0.03308 
-0.07068 ,0.03308 
-0.12562 ,0.03308 
-0.00917 ,0.03308 
-0.00123 ,0.03308 
-0.00211 ,0.03308 
0.03893 ,0.03309 
-0.03154 ,0.03309 
-0.15748 ,0.03309 
0.01638 ,0.03309 
-0.07372 ,0.03309 
-0.08502 ,0.03309 
-0.04951 ,0.03309 
-0.04551 ,0.03309 
-0.15050 ,0.03309 
-0.09864 ,0.03310 
-0.02342 ,0.03310 
0.03077 ,0.03310 
-0.15638 ,0.03310 
-0.00922 ,0.03310 
0.03185 ,0.03310 
-0.11605 ,0.03310 
-0.12798 ,0.03310 
-0.09260 ,0.03310 
-0.03857 ,0.03310 
-0.09393 ,0.03310 
-0.10009 ,0.03310 
-0.06774 ,0.03311 
-0.14828 ,0.03311 
-0.11819 ,0.03311 
-0.06850 ,0.03311 
-0.09210 ,0.03311 
-0.11327 ,0.03311 
-0.13728 ,0.03311 
-0.11758 ,0.03311 
-0.10671 ,0.03311 
-0.13367 ,0.03311 
-0.07996 ,0.03311 
-0.14189 ,0.03311 
-0.02330 ,0.03312 
-0.05995 ,0.03312 
-0.04326 ,0.03312 
-0.14871 ,0.03312 
-0.03853 ,0.03312 
-0.10175 ,0.03312 
0.01000 ,0.03312 
-0.13980 ,0.03312 
-0.13334 ,0.03312 
-0.03553 ,0.03313 
-0.01740 ,0.03313 
-0.08745 ,0.03313 
-0.14355 ,0.03313 
-0.13592 ,0.03313 
-0.11753 ,0.03313 
0.00254 ,0.03313 
0.01946 ,0.03313 
-0.13930 ,0.03313 
-0.16802 ,0.03313 
-0.14534 ,0.03313 
-0.09079 ,0.03313 
-0.02983 ,0.03313 
-0.03485 ,0.03314 
0.00088 ,0.03314 
-0.10479 ,0.03314 
-0.00669 ,0.03314 
-0.13972 ,0.03314 
-0.05647 ,0.03314 
0.04756 ,0.03314 
-0.11349 ,0.03314 
-0.10981 ,0.03314 
-0.12179 ,0.03314 
-0.14959 ,0.03315 
-0.14663 ,0.03315 
-0.09539 ,0.03315 
-0.12302 ,0.03315 
-0.10777 ,0.03315 
-0.10944 ,0.03315 
-0.08586 ,0.03315 
-0.06548 ,0.03315 
-0.00741 ,0.03315 
0.08858 ,0.03315 
-0.11322 ,0.03315 
-0.07935 ,0.03315 
-0.08072 ,0.03315 
-0.13593 ,0.03315 
-0.12613 ,0.03315 
-0.13978 ,0.03315 
-0.09392 ,0.03316 
0.00148 ,0.03316 
0.03104 ,0.03316 
-0.01322 ,0.03316 
-0.11202 ,0.03316 
-0.10626 ,0.03316 
0.02000 ,0.03316 
0.03952 ,0.03316 
-0.12503 ,0.03316 
-0.08327 ,0.03316 
-0.09476 ,0.03317 
-0.02303 ,0.03317 
-0.14629 ,0.03317 
-0.02004 ,0.03317 
-0.12538 ,0.03317 
-0.10106 ,0.03317 
-0.15332 ,0.03317 
-0.04655 ,0.03317 
-0.10183 ,0.03317 
-0.12877 ,0.03317 
-0.14225 ,0.03317 
-0.06699 ,0.03318 
-0.06163 ,0.03318 
-0.05962 ,0.03318 
-0.01389 ,0.03318 
-0.02039 ,0.03318 
-0.09094 ,0.03318 
-0.10578 ,0.03318 
0.04032 ,0.03318 
-0.10945 ,0.03318 
0.07203 ,0.03318 
-0.14584 ,0.03318 
-0.11506 ,0.03318 
-0.11735 ,0.03319 
-0.01924 ,0.03319 
-0.01956 ,0.03319 
-0.14108 ,0.03319 
-0.13599 ,0.03319 
-0.08808 ,0.03319 
-0.10108 ,0.03319 
-0.04971 ,0.03319 
-0.09692 ,0.03319 
-0.07962 ,0.03319 
-0.08588 ,0.03319 
-0.10079 ,0.03319 
-0.09942 ,0.03319 
-0.06322 ,0.03319 
-0.03299 ,0.03319 
-0.08176 ,0.03319 
-0.07452 ,0.03319 
-0.12227 ,0.03319 
-0.07068 ,0.03320 
-0.11802 ,0.03320 
0.03432 ,0.03320 
0.01902 ,0.03320 
-0.04946 ,0.03320 
-0.09083 ,0.03320 
-0.10362 ,0.03320 
0.01451 ,0.03320 
-0.07495 ,0.03320 
0.03429 ,0.03320 
-0.01481 ,0.03320 
-0.02969 ,0.03320 
-0.07698 ,0.03320 
-0.13222 ,0.03320 
-0.01836 ,0.03320 
-0.08093 ,0.03320 
-0.05255 ,0.03320 
-0.10178 ,0.03320 
-0.13773 ,0.03320 
-0.08057 ,0.03320 
-0.06449 ,0.03321 
-0.08442 ,0.03321 
-0.14118 ,0.03321 
-0.03245 ,0.03321 
-0.10057 ,0.03321 
-0.13742 ,0.03321 
-0.15836 ,0.03321 
-0.09188 ,0.03321 
-0.16008 ,0.03321 
-0.11482 ,0.03321 
-0.11697 ,0.03321 
-0.15614 ,0.03322 
-0.10214 ,0.03322 
-0.13255 ,0.03322 
-0.13145 ,0.03322 
-0.04496 ,0.03322 
-0.10505 ,0.03322 
-0.00841 ,0.03322 
-0.14343 ,0.03322 
0.03922 ,0.03322 
-0.14896 ,0.03322 
0.03175 ,0.03322 
-0.09735 ,0.03322 
-0.01619 ,0.03323 
-0.07197 ,0.03323 
-0.10217 ,0.03323 
-0.08557 ,0.03323 
-0.06956 ,0.03323 
-0.06651 ,0.03323 
-0.00221 ,0.03323 
-0.12165 ,0.03323 
-0.04533 ,0.03323 
-0.14427 ,0.03323 
-0.12600 ,0.03323 
-0.02636 ,0.03323 
-0.09820 ,0.03323 
0.04973 ,0.03323 
-0.11689 ,0.03323 
-0.10691 ,0.03323 
0.06038 ,0.03323 
-0.11668 ,0.03323 
-0.12421 ,0.03323 
-0.14049 ,0.03324 
-0.01497 ,0.03324 
-0.11726 ,0.03324 
-0.08387 ,0.03324 
0.03758 ,0.03324 
-0.11826 ,0.03324 
-0.13574 ,0.03324 
-0.12376 ,0.03324 
-0.13069 ,0.03324 
-0.06958 ,0.03324 
-0.08861 ,0.03324 
-0.07637 ,0.03324 
-0.10811 ,0.03324 
-0.01290 ,0.03324 
0.06725 ,0.03325 
-0.06446 ,0.03325 
-0.01956 ,0.03325 
0.05033 ,0.03325 
-0.15934 ,0.03325 
-0.11980 ,0.03325 
0.04706 ,0.03325 
-0.02129 ,0.03325 
0.04139 ,0.03325 
-0.13961 ,0.03325 
-0.07868 ,0.03325 
0.10453 ,0.03325 
-0.09636 ,0.03325 
-0.01112 ,0.03326 
-0.07676 ,0.03326 
-0.03241 ,0.03326 
-0.13737 ,0.03326 
0.03355 ,0.03326 
-0.08321 ,0.03326 
-0.02254 ,0.03326 
-0.11269 ,0.03326 
0.05394 ,0.03326 
-0.10933 ,0.03326 
-0.13783 ,0.03326 
-0.12760 ,0.03326 
-0.13204 ,0.03326 
0.02118 ,0.03326 
-0.13022 ,0.03326 
-0.04486 ,0.03326 
0.02658 ,0.03326 
-0.15281 ,0.03326 
0.06015 ,0.03326 
-0.09320 ,0.03326 
0.00779 ,0.03327 
0.01281 ,0.03327 
-0.02709 ,0.03327 
-0.10519 ,0.03327 
-0.11882 ,0.03327 
-0.11801 ,0.03327 
-0.10037 ,0.03327 
-0.10243 ,0.03327 
-0.12135 ,0.03327 
-0.16125 ,0.03327 
-0.07796 ,0.03327 
-0.13614 ,0.03327 
-0.10438 ,0.03327 
0.00856 ,0.03327 
-0.07033 ,0.03327 
0.00087 ,0.03328 
-0.10515 ,0.03328 
0.02241 ,0.03328 
-0.03081 ,0.03328 
-0.08501 ,0.03328 
-0.05902 ,0.03328 
-0.07958 ,0.03328 
-0.10505 ,0.03328 
-0.10905 ,0.03328 
-0.09512 ,0.03328 
-0.11282 ,0.03328 
-0.12628 ,0.03329 
-0.03417 ,0.03329 
0.03571 ,0.03329 
-0.02374 ,0.03329 
-0.05634 ,0.03329 
-0.10060 ,0.03329 
0.04348 ,0.03329 
-0.01013 ,0.03329 
-0.14265 ,0.03329 
0.01983 ,0.03329 
-0.14342 ,0.03329 
-0.12309 ,0.03329 
0.02401 ,0.03330 
-0.06561 ,0.03330 
-0.10360 ,0.03330 
-0.15537 ,0.03330 
-0.12855 ,0.03330 
-0.12087 ,0.03330 
-0.11587 ,0.03330 
-0.12078 ,0.03330 
0.05711 ,0.03330 
-0.00206 ,0.03330 
-0.09809 ,0.03330 
-0.11205 ,0.03330 
-0.07549 ,0.03330 
-0.11685 ,0.03330 
-0.00269 ,0.03330 
-0.16124 ,0.03330 
-0.10690 ,0.03331 
-0.14236 ,0.03331 
-0.11198 ,0.03331 
-0.05569 ,0.03331 
0.02477 ,0.03331 
0.01837 ,0.03331 
-0.14093 ,0.03331 
-0.09511 ,0.03331 
-0.13107 ,0.03331 
-0.10806 ,0.03331 
-0.08503 ,0.03331 
-0.07962 ,0.03331 
-0.07078 ,0.03331 
-0.12674 ,0.03331 
-0.12527 ,0.03332 
0.05356 ,0.03332 
-0.14612 ,0.03332 
-0.10413 ,0.03332 
0.05317 ,0.03332 
-0.01679 ,0.03332 
-0.12662 ,0.03332 
-0.10100 ,0.03332 
-0.11862 ,0.03332 
-0.11892 ,0.03332 
-0.14788 ,0.03332 
-0.10526 ,0.03332 
-0.06960 ,0.03332 
-0.03372 ,0.03332 
-0.12129 ,0.03332 
-0.15514 ,0.03333 
-0.09952 ,0.03333 
-0.11837 ,0.03333 
-0.13734 ,0.03333 
-0.02485 ,0.03333 
-0.07351 ,0.03333 
0.04834 ,0.03333 
0.06631 ,0.03333 
-0.07599 ,0.03333 
-0.04280 ,0.03333 
-0.09079 ,0.03333 
-0.13695 ,0.03333 
-0.12709 ,0.03333 
-0.13842 ,0.03333 
0.02430 ,0.03333 
-0.07237 ,0.03334 
-0.14952 ,0.03334 
-0.12342 ,0.03334 
0.01749 ,0.03334 
-0.08909 ,0.03334 
-0.11968 ,0.03334 
-0.13774 ,0.03334 
-0.09869 ,0.03334 
0.05443 ,0.03334 
-0.06530 ,0.03334 
-0.12808 ,0.03334 
0.02591 ,0.03334 
-0.05690 ,0.03335 
-0.08139 ,0.03335 
-0.12736 ,0.03335 
-0.04189 ,0.03335 
-0.09149 ,0.03335 
-0.11592 ,0.03335 
-0.05689 ,0.03335 
-0.07206 ,0.03335 
0.01252 ,0.03335 
-0.12358 ,0.03335 
0.12113 ,0.03335 
-0.06356 ,0.03335 
-0.07773 ,0.03335 
-0.15106 ,0.03335 
-0.02196 ,0.03335 
-0.13673 ,0.03336 
-0.07579 ,0.03336 
0.01548 ,0.03336 
0.04048 ,0.03336 
-0.03899 ,0.03336 
0.02286 ,0.03336 
-0.11717 ,0.03336 
-0.15796 ,0.03336 
-0.13798 ,0.03336 
-0.07951 ,0.03336 
-0.15003 ,0.03336 
-0.11347 ,0.03336 
-0.09853 ,0.03336 
-0.10867 ,0.03336 
-0.07750 ,0.03336 
-0.09825 ,0.03336 
-0.11435 ,0.03336 
-0.00862 ,0.03336 
0.01808 ,0.03337 
-0.12274 ,0.03337 
-0.07962 ,0.03337 
-0.07298 ,0.03337 
-0.11708 ,0.03337 
-0.03480 ,0.03337 
-0.16032 ,0.03337 
-0.07717 ,0.03337 
-0.08584 ,0.03337 
-0.12715 ,0.03337 
-0.07162 ,0.03337 
-0.12284 ,0.03337 
-0.11085 ,0.03337 
0.02797 ,0.03337 
-0.14646 ,0.03337 
-0.13361 ,0.03337 
-0.09011 ,0.03337 
-0.03104 ,0.03337 
-0.05923 ,0.03337 
-0.12423 ,0.03337 
-0.00762 ,0.03338 
-0.05703 ,0.03338 
-0.10486 ,0.03338 
-0.13176 ,0.03338 
-0.13010 ,0.03338 
-0.09728 ,0.03338 
-0.10832 ,0.03338 
-0.12078 ,0.03338 
-0.09756 ,0.03338 
-0.05476 ,0.03338 
-0.11472 ,0.03338 
-0.00791 ,0.03338 
-0.13412 ,0.03338 
-0.10342 ,0.03338 
-0.10958 ,0.03338 
-0.12029 ,0.03339 
-0.13257 ,0.03339 
-0.07354 ,0.03339 
0.04796 ,0.03339 
-0.01809 ,0.03339 
-0.11725 ,0.03339 
-0.08700 ,0.03339 
-0.13275 ,0.03339 
-0.02088 ,0.03339 
0.00302 ,0.03339 
-0.11620 ,0.03339 
-0.16291 ,0.03339 
-0.08953 ,0.03339 
-0.10774 ,0.03339 
-0.13933 ,0.03339 
-0.15974 ,0.03339 
-0.08264 ,0.03340 
-0.13931 ,0.03340 
-0.14500 ,0.03340 
-0.14687 ,0.03340 
-0.13019 ,0.03340 
-0.06060 ,0.03340 
-0.11278 ,0.03340 
-0.04405 ,0.03340 
-0.07327 ,0.03340 
-0.06276 ,0.03340 
-0.05085 ,0.03340 
-0.12575 ,0.03340 
-0.05670 ,0.03341 
-0.03211 ,0.03341 
-0.11527 ,0.03341 
0.03654 ,0.03341 
-0.02165 ,0.03341 
-0.09770 ,0.03341 
-0.06236 ,0.03341 
-0.07213 ,0.03341 
-0.03994 ,0.03341 
-0.09893 ,0.03341 
-0.10444 ,0.03341 
-0.12991 ,0.03341 
-0.00993 ,0.03341 
-0.05979 ,0.03341 
-0.16140 ,0.03341 
-0.10624 ,0.03342 
0.01901 ,0.03342 
0.03448 ,0.03342 
-0.13275 ,0.03342 
0.01951 ,0.03342 
-0.15905 ,0.03342 
0.00371 ,0.03342 
-0.03654 ,0.03342 
0.00477 ,0.03342 
-0.12586 ,0.03342 
-0.12813 ,0.03342 
-0.08370 ,0.03342 
-0.07045 ,0.03342 
-0.16044 ,0.03342 
0.02150 ,0.03342 
-0.10441 ,0.03342 
-0.10894 ,0.03343 
-0.07890 ,0.03343 
-0.06249 ,0.03343 
-0.10601 ,0.03343 
-0.05269 ,0.03343 
0.00776 ,0.03343 
-0.04998 ,0.03343 
-0.13604 ,0.03343 
-0.04747 ,0.03343 
-0.05889 ,0.03343 
-0.05862 ,0.03343 
-0.12796 ,0.03344 
-0.09886 ,0.03344 
-0.12062 ,0.03344 
-0.04315 ,0.03344 
-0.10375 ,0.03344 
0.01530 ,0.03344 
-0.11974 ,0.03344 
0.03638 ,0.03344 
-0.12759 ,0.03344 
-0.00419 ,0.03344 
-0.00157 ,0.03344 
-0.04763 ,0.03344 
-0.08394 ,0.03344 
-0.06884 ,0.03344 
-0.11174 ,0.03344 
-0.16185 ,0.03344 
-0.06113 ,0.03345 
-0.09274 ,0.03345 
-0.09931 ,0.03345 
-0.07309 ,0.03345 
-0.04222 ,0.03345 
-0.11797 ,0.03345 
0.03097 ,0.03345 
0.02074 ,0.03345 
-0.10328 ,0.03345 
0.01952 ,0.03345 
-0.00890 ,0.03345 
-0.12261 ,0.03345 
-0.08452 ,0.03345 
0.01078 ,0.03346 
-0.04120 ,0.03346 
-0.08804 ,0.03346 
-0.12429 ,0.03346 
-0.04576 ,0.03346 
0.04134 ,0.03346 
-0.09690 ,0.03346 
-0.11785 ,0.03346 
-0.11666 ,0.03346 
-0.13323 ,0.03346 
-0.12437 ,0.03346 
-0.04652 ,0.03346 
0.03515 ,0.03346 
-0.13185 ,0.03347 
0.05622 ,0.03347 
0.02302 ,0.03347 
0.07180 ,0.03347 
-0.12774 ,0.03347 
-0.12103 ,0.03347 
-0.13100 ,0.03347 
-0.13757 ,0.03347 
-0.07358 ,0.03347 
-0.10400 ,0.03347 
-0.12138 ,0.03347 
-0.09944 ,0.03347 
-0.04926 ,0.03347 
-0.05598 ,0.03347 
-0.03505 ,0.03348 
-0.09320 ,0.03348 
-0.10958 ,0.03348 
-0.12946 ,0.03348 
-0.13655 ,0.03348 
-0.11971 ,0.03348 
-0.11689 ,0.03348 
-0.10138 ,0.03348 
-0.11473 ,0.03348 
-0.13027 ,0.03348 
-0.14379 ,0.03348 
-0.01725 ,0.03348 
-0.03717 ,0.03348 
-0.01784 ,0.03348 
0.08999 ,0.03348 
-0.02673 ,0.03348 
-0.08836 ,0.03348 
-0.08731 ,0.03348 
0.03261 ,0.03348 
-0.10964 ,0.03349 
-0.13383 ,0.03349 
-0.12205 ,0.03349 
-0.14304 ,0.03349 
0.02137 ,0.03349 
-0.12964 ,0.03349 
-0.14459 ,0.03349 
0.01529 ,0.03349 
-0.03868 ,0.03349 
-0.06402 ,0.03349 
-0.11082 ,0.03349 
0.01906 ,0.03349 
-0.15051 ,0.03349 
-0.02868 ,0.03349 
0.06217 ,0.03349 
-0.08022 ,0.03349 
0.02748 ,0.03349 
-0.11769 ,0.03349 
-0.07032 ,0.03349 
0.05770 ,0.03349 
0.00423 ,0.03349 
-0.04966 ,0.03350 
-0.10139 ,0.03350 
-0.12810 ,0.03350 
0.00852 ,0.03350 
-0.12437 ,0.03350 
0.06806 ,0.03350 
-0.03937 ,0.03350 
0.02012 ,0.03350 
-0.13673 ,0.03350 
-0.06727 ,0.03350 
-0.09532 ,0.03350 
0.02744 ,0.03350 
-0.01366 ,0.03350 
-0.12938 ,0.03351 
-0.05345 ,0.03351 
-0.05969 ,0.03351 
-0.11458 ,0.03351 
-0.07929 ,0.03351 
-0.15865 ,0.03351 
0.00135 ,0.03351 
-0.16030 ,0.03351 
-0.13218 ,0.03351 
-0.11173 ,0.03351 
-0.10699 ,0.03351 
-0.02541 ,0.03351 
0.04696 ,0.03351 
-0.13069 ,0.03351 
-0.13723 ,0.03352 
-0.05074 ,0.03352 
-0.11544 ,0.03352 
-0.09571 ,0.03352 
-0.07229 ,0.03352 
-0.06116 ,0.03352 
0.03579 ,0.03352 
-0.10394 ,0.03352 
-0.08799 ,0.03352 
-0.09217 ,0.03352 
0.00340 ,0.03352 
0.03037 ,0.03352 
-0.11252 ,0.03352 
0.04090 ,0.03352 
-0.06653 ,0.03352 
0.11195 ,0.03352 
-0.04948 ,0.03353 
-0.14153 ,0.03353 
-0.06770 ,0.03353 
-0.12704 ,0.03353 
-0.04322 ,0.03353 
0.10200 ,0.03353 
-0.10164 ,0.03353 
-0.14042 ,0.03353 
0.02299 ,0.03353 
0.09037 ,0.03353 
-0.02230 ,0.03353 
-0.12325 ,0.03353 
-0.00255 ,0.03353 
-0.11948 ,0.03353 
-0.10370 ,0.03354 
-0.14000 ,0.03354 
-0.11387 ,0.03354 
-0.03367 ,0.03354 
-0.12437 ,0.03354 
-0.07880 ,0.03354 
-0.08615 ,0.03354 
-0.07957 ,0.03354 
-0.03480 ,0.03354 
-0.12377 ,0.03354 
-0.02075 ,0.03354 
-0.06145 ,0.03354 
-0.04375 ,0.03354 
0.07317 ,0.03355 
-0.05970 ,0.03355 
-0.13790 ,0.03355 
0.07070 ,0.03355 
-0.05978 ,0.03355 
0.00173 ,0.03355 
-0.05427 ,0.03355 
-0.09281 ,0.03355 
-0.07452 ,0.03355 
-0.01530 ,0.03355 
-0.14082 ,0.03355 
-0.11156 ,0.03355 
-0.10727 ,0.03355 
-0.08856 ,0.03355 
0.06273 ,0.03355 
-0.08124 ,0.03355 
0.00105 ,0.03355 
-0.13115 ,0.03355 
0.05910 ,0.03355 
0.02060 ,0.03356 
-0.06359 ,0.03356 
-0.04863 ,0.03356 
0.03043 ,0.03356 
-0.11038 ,0.03356 
-0.09271 ,0.03356 
0.02577 ,0.03356 
-0.10419 ,0.03356 
0.05338 ,0.03356 
-0.06559 ,0.03356 
-0.12726 ,0.03356 
-0.08078 ,0.03356 
-0.07838 ,0.03357 
-0.13557 ,0.03357 
-0.10336 ,0.03357 
0.10992 ,0.03357 
-0.08898 ,0.03357 
-0.07265 ,0.03357 
0.00860 ,0.03357 
-0.03738 ,0.03357 
-0.10206 ,0.03357 
-0.11420 ,0.03357 
-0.00963 ,0.03357 
-0.06883 ,0.03357 
-0.11773 ,0.03357 
-0.06253 ,0.03357 
-0.16406 ,0.03357 
-0.04905 ,0.03357 
-0.02783 ,0.03357 
0.00091 ,0.03357 
-0.06402 ,0.03357 
-0.06034 ,0.03358 
-0.13913 ,0.03358 
-0.04779 ,0.03358 
-0.13925 ,0.03358 
-0.09575 ,0.03358 
-0.06243 ,0.03358 
0.04858 ,0.03358 
0.04616 ,0.03358 
-0.10699 ,0.03358 
-0.14999 ,0.03358 
-0.14224 ,0.03358 
-0.14694 ,0.03358 
-0.10849 ,0.03358 
-0.13832 ,0.03358 
-0.14909 ,0.03358 
0.03388 ,0.03358 
0.09646 ,0.03358 
0.03743 ,0.03358 
-0.15460 ,0.03359 
0.10975 ,0.03359 
-0.04134 ,0.03359 
-0.10129 ,0.03359 
-0.15049 ,0.03359 
-0.08204 ,0.03359 
-0.11707 ,0.03359 
0.00051 ,0.03359 
0.02477 ,0.03359 
-0.13377 ,0.03359 
-0.00162 ,0.03359 
-0.11387 ,0.03359 
-0.10131 ,0.03359 
0.06386 ,0.03359 
0.00105 ,0.03359 
-0.14562 ,0.03360 
-0.10031 ,0.03360 
-0.03328 ,0.03360 
-0.10395 ,0.03360 
-0.10975 ,0.03360 
-0.00371 ,0.03360 
-0.10747 ,0.03360 
-0.04978 ,0.03360 
-0.03727 ,0.03360 
-0.03309 ,0.03360 
-0.09211 ,0.03360 
-0.10329 ,0.03360 
-0.16204 ,0.03360 
0.00301 ,0.03361 
-0.13675 ,0.03361 
-0.04424 ,0.03361 
-0.13495 ,0.03361 
-0.16468 ,0.03361 
-0.08153 ,0.03361 
-0.02340 ,0.03361 
-0.05988 ,0.03361 
-0.03548 ,0.03361 
0.00151 ,0.03361 
-0.02749 ,0.03361 
-0.08290 ,0.03361 
-0.14245 ,0.03361 
-0.09393 ,0.03361 
-0.06268 ,0.03361 
-0.02821 ,0.03361 
-0.04476 ,0.03362 
0.05805 ,0.03362 
-0.04084 ,0.03362 
-0.06496 ,0.03362 
-0.08366 ,0.03362 
0.06354 ,0.03362 
-0.07757 ,0.03362 
-0.10847 ,0.03362 
0.03785 ,0.03362 
-0.06353 ,0.03362 
-0.03374 ,0.03363 
-0.08302 ,0.03363 
-0.08890 ,0.03363 
-0.08531 ,0.03363 
-0.11296 ,0.03363 
-0.08519 ,0.03363 
-0.07531 ,0.03363 
-0.11262 ,0.03363 
-0.06286 ,0.03363 
-0.06417 ,0.03363 
-0.09922 ,0.03363 
0.06919 ,0.03363 
-0.09816 ,0.03363 
-0.09473 ,0.03363 
-0.03105 ,0.03363 
-0.07302 ,0.03363 
-0.07906 ,0.03363 
-0.00299 ,0.03363 
-0.07411 ,0.03363 
-0.14320 ,0.03363 
-0.03181 ,0.03364 
0.09499 ,0.03364 
-0.06517 ,0.03364 
-0.14811 ,0.03364 
-0.09460 ,0.03364 
-0.05289 ,0.03364 
-0.12685 ,0.03364 
-0.00597 ,0.03364 
-0.13164 ,0.03364 
0.02476 ,0.03364 
-0.13967 ,0.03364 
-0.09698 ,0.03364 
-0.09989 ,0.03364 
-0.09123 ,0.03365 
-0.01448 ,0.03365 
0.09702 ,0.03365 
-0.06145 ,0.03365 
-0.08791 ,0.03365 
-0.02274 ,0.03365 
0.04758 ,0.03365 
